date,pm25,pm10,o3,o2,so2,co
2023-09-01,43.0,24.0,33.0,14.0, , 3
2023-09-02,61.0,19.0,34.0,18.0, , 3
2023-09-03,41.0,22.0,39.0,19.0, , 4
2023-09-04,49.0,25.0,44.0,23.0, , 4
2023-09-05,47.0,37.0,62.0,29.0, , 4
2023-09-06,59.0,28.0,57.0,30.0, , 4
2023-09-07,59.0,44.0,30.161506092116372,29.0, , 4
2023-09-08,81.0,55.0,29.276221032685854,35.0, 1, 4
2023-09-09,124.0,43.0,20.667713620453377,31.0, , 4
2023-09-10,79.0,38.0,42.0,18.0, , 3
2023-09-11,73.0,29.0,27.0,16.0, , 3
2023-09-12,66.0,17.0,30.0,13.0, , 2
2023-09-13,21.0,27.0,35.0,19.0, , 3
2023-09-14,42.0,37.0,40.0,19.0, , 3
2023-09-15,55.0,24.0,41.0,21.0, , 3
2023-09-16,56.0,28.0,41.0,13.0, , 3
2023-09-17,65.0,23.0,30.0,17.0, , 3
2023-09-18,47.0,21.0,27.0,8.0, , 2
2023-09-19,31.0,20.0,27.0,14.0, , 2
2023-09-20,31.0,16.0,25.0,20.0, , 3
2023-09-21,27.0,16.0,25.0,15.0, , 3
2023-09-22,32.0,17.0,23.0,16.0, , 3
2023-09-23,31.0,19.0,32.0,15.0, , 3
2023-09-24,39.0,20.0,22.0,17.0, , 3
2023-09-25,43.0,31.0,28.0,25.0, , 4
2023-09-26,61.0,29.0,31.0,22.0, , 4
2023-09-27,63.0,22.0,27.0,11.0, , 3
2023-09-28,49.0,23.339056571426998,27.953804896479316,16.650417522511372, , 
2023-08-01,26.0,13.0,28.0,10.0, , 3
2023-08-02,25.0,13.0,28.0,8.0, , 3
2023-08-03,24.0,13.0,25.0,9.0, , 3
2023-08-04,29.0,15.0,25.0,13.0, , 3
2023-08-05,43.0,7.0,33.0,10.0, , 2
2023-08-06,26.0,14.0,28.0,6.0, , 2
2023-08-07,26.0,13.0,27.0,7.0, , 2
2023-08-08,26.0,14.0,29.0,11.0, , 2
2023-08-09,33.0,17.0,35.0,14.0, 1, 3
2023-08-10,37.0,20.0,31.0,15.0, , 3
2023-08-11,51.0,16.0,29.0,11.0, , 3
2023-08-12,40.0,15.0,26.0,9.0, , 3
2023-08-13,33.0,16.0,38.0,12.0, , 3
2023-08-14,35.0,15.0,31.0,11.0, , 2
2023-08-15,31.0,16.0,33.0,17.0, , 3
2023-08-16,39.0,15.0,29.0,9.0, , 2
2023-08-17,34.0,16.0,33.0,11.0, , 3
2023-08-18,51.0,18.0,30.0,13.0, , 3
2023-08-19,51.0,16.0,25.0,10.0, , 2
2023-08-20,36.0,16.0,31.0,15.0, , 2
2023-08-21,38.0,17.0,27.0,13.0, , 2
2023-08-22,40.0,18.0,30.0,15.0, , 3
2023-08-23,45.0,21.0,28.0,23.0, , 3
2023-08-24,53.0,24.0,33.0,13.0, , 2
2023-08-25,57.0,17.0,27.0,12.0, , 3
2023-08-26,32.0,17.0,31.0,11.0, , 3
2023-08-27,32.0,16.0,30.0,13.0, , 3
2023-08-28,31.0,19.0,29.0,19.0, , 3
2023-08-29,33.0,18.0,27.0,16.0, , 3
2023-08-30,38.0,17.0,32.0,12.0, , 3
2023-08-31,29.0,21.0,18.0,18.0, , 3
2023-07-01,23.0,22.0,32.0,8.0, , 2
2023-07-02,47.0,20.0,30.0,3.0, , 2
2023-07-03,26.0,18.0,29.0,6.0, , 2
2023-07-04,26.0,15.0,28.0,9.0, , 2
2023-07-05,32.0,29.0,30.0,15.0, , 3
2023-07-06,36.0,25.0,55.0,21.0, , 3
2023-07-07,49.0,23.0,27.481814065566677,18.0, 1, 3
2023-07-08,61.0,27.0,50.0,22.0, , 3
2023-07-09,65.0,18.0,27.0,12.0, , 2
2023-07-10,44.0,31.0,30.0,15.0, , 3
2023-07-11,40.0,17.0,28.0,9.0, , 2
2023-07-12,31.0,17.0,34.0,11.0, , 2
2023-07-13,34.0,19.0,35.0,15.0, , 3
2023-07-14,44.0,14.0,27.0,9.0, , 3
2023-07-15,31.0,21.0,29.0,5.0, , 2
2023-07-16,37.0,37.0,29.0,8.0, , 2
2023-07-17,44.0,23.0,29.0,11.0, , 2
2023-07-18,40.0,16.0,33.0,10.0, , 3
2023-07-19,33.0,8.0,27.0,8.0, , 2
2023-07-20,24.0,15.0,30.0,11.0, , 1
2023-07-21,29.0,15.0,27.0,11.0, , 2
2023-07-22,40.0,11.0,27.0,7.0, , 3
2023-07-23,29.0,13.0,26.0,7.0, , 3
2023-07-24,25.0,14.0,27.0,7.0, , 2
2023-07-25,23.0,12.0,28.0,11.0, , 2
2023-07-26,28.0,9.0,19.0,11.0, , 3
2023-07-27,22.0,13.0,17.0,9.0, , 2
2023-07-28,26.0,12.0,29.0,11.0, , 2
2023-07-29,24.0,18.0,27.0,8.0, , 2
2023-07-30,38.0,10.0,28.0,7.0, , 3
2023-07-31,19.0,13.0,23.0,7.0, , 3
2023-04-01,34.0,11.0,30.0,8.0, , 1
2023-04-02,38.0,11.0,35.0,14.0, , 2
2023-04-03,37.0,19.0,38.0,22.0, , 2
2023-04-04,48.0,30.0,35.0,25.0, , 3
2023-04-05,66.0,31.0,25.0,24.0, , 3
2023-04-06,71.0,14.0,27.0,12.0, , 2
2023-04-07,41.0,18.0,28.0,14.0, , 3
2023-04-08,64.0,27.0,32.0,14.0, , 2
2023-04-09,83.0,22.0,28.0,12.0, , 2
2023-04-10,51.0,16.0,36.0,9.0, , 2
2023-04-11,29.0,16.0,38.0,12.0, , 2
2023-04-12,26.0,15.0,35.0,10.0, , 2
2023-04-13,31.0,21.0,37.0,22.0, , 2
2023-04-14,34.0,17.0,35.0,13.0, , 2
2023-04-15,43.0,20.0,26.0,10.0, , 2
2023-04-16,50.0,27.0,30.0,15.0, , 2
2023-04-17,73.0,24.0,30.0,13.0, , 2
2023-04-18,66.0,20.0,40.0,11.0, , 1
2023-04-19,52.0,18.0,34.0,14.0, , 2
2023-04-20,44.0,24.0,30.0,15.0, , 2
2023-04-21,72.0,22.0,28.0,20.0, , 3
2023-04-22,53.0,22.0,29.0,11.0, , 2
2023-04-23,17.0,13.0,33.0,7.0, , 1
2023-04-24,26.0,18.0,34.0,10.0, , 1
2023-04-25,33.0,17.0,36.0,19.0, , 2
2023-04-26,34.0,19.0,39.0,17.0, , 2
2023-04-27,44.0,19.0,30.0,15.0, , 2
2023-04-28,54.0,20.0,39.0,12.0, , 2
2023-04-29,58.0,16.0,35.0,15.0, , 2
2023-04-30,37.0,23.0,32.0,22.0, , 2
2023-05-01,44.0,18.0,37.0,12.0, , 2
2023-05-02,33.0,18.0,34.0,14.0, , 2
2023-05-03,42.0,23.0,42.0,14.0, , 2
2023-05-04,56.0,22.0,39.0,21.0, , 2
2023-05-05,42.0,23.0,33.0,19.0, , 3
2023-05-06,66.0,21.0,28.0,19.0, , 3
2023-05-07,61.0,35.0,23.0,22.0, , 3
2023-05-08,93.0,25.0,24.0,16.0, , 3
2023-05-09,50.0,18.0,25.0,18.0, , 2
2023-05-10,51.0,17.0,26.0,20.0, , 2
2023-05-11,45.0,19.0,35.0,14.0, , 2
2023-05-12,52.0,29.0,44.0,16.0, , 2
2023-05-13,69.0,25.0,36.0,12.0, , 2
2023-05-14,58.0,30.0,30.0,16.0, , 2
2023-05-15,60.0,22.0,29.0,10.0, , 2
2023-05-16,39.0,25.0,32.0,15.0, , 2
2023-05-17,29.0,19.0,33.0,7.0, , 2
2023-05-18,20.0,20.0,39.0,10.0, , 2
2023-05-19,40.0,20.0,36.0,12.0, , 2
2023-05-20,49.0,19.0,35.0,12.0, , 2
2023-05-21,46.0,27.0,42.0,15.0, , 3
2023-05-22,70.0,30.0,35.0,9.0, , 2
2023-05-23,49.0,28.0,32.0,16.0, , 2
2023-05-24,49.0,26.0,34.0,15.0, , 2
2023-05-25,51.0,29.0,34.0,13.0, , 2
2023-05-26,52.0,28.0,35.0,12.0, , 2
2023-05-27,48.0,25.0,37.0,12.0, , 2
2023-05-28,51.0,22.0,34.0,10.0, , 1
2023-05-29,36.0,20.0,34.0,13.0, , 1
2023-05-30,33.0,21.0,34.0,14.0, , 2
2023-05-31,33.0,21.0,32.0,12.0, , 2
2023-06-01,24.0,28.0,34.0,15.0, , 2
2023-06-02,28.0,25.0,37.0,15.0, , 2
2023-06-03,33.0,17.0,36.0,13.0, , 2
2023-06-04,36.0,27.0,33.0,14.0, , 2
2023-06-05,35.0,39.0,37.0,15.0, , 2
2023-06-06,48.0,31.0,36.0,14.0, , 2
2023-06-07,37.0,33.0,38.0,15.0, , 2
2023-06-08,39.0,29.0,55.0,13.0, , 2
2023-06-09,50.0,24.0,55.0,12.0, , 2
2023-06-10,48.0,29.0,60.0,18.0, , 3
2023-06-11,57.0,30.0,59.0,22.0, , 2
2023-06-12,58.0,29.0,51.0,15.0, , 2
2023-06-13,42.0,29.0,45.0,13.0, , 2
2023-06-14,31.0,24.0,46.0,18.0, , 2
2023-06-15,39.0,32.0,47.0,21.0, , 2
2023-06-16,40.0,34.0,52.0,22.0, , 2
2023-06-17,59.0,30.0,63.0,16.0, , 3
2023-06-18,64.0,25.0,41.0,11.0, , 3
2023-06-19,52.0,24.0,50.0,19.0, , 3
2023-06-20,44.0,22.0,38.0,13.0, , 3
2023-06-21,34.0,25.0,40.0,20.0, , 3
2023-06-22,45.0,23.0,36.0,13.0, , 2
2023-06-23,44.0,22.0,41.0,18.0, , 3
2023-06-24,46.0,20.0,27.688625936817584,15.0, , 3
2023-06-25,44.0,27.0,36.0,8.0, , 2
2023-06-26,32.0,25.0,29.0,11.0, , 2
2023-06-27,34.0,17.0,23.0,9.0, , 3
2023-06-28,43.0,21.0,21.0,6.0, , 3
2023-06-29,50.0,22.0,34.0,6.0, , 2
2023-06-30,32.0,18.0,22.0,7.0, , 2
2023-01-02,29.0,20.0,21.0,21.0, , 2
2023-01-03,54.0,15.0,27.0,8.0, , 2
2023-01-04,34.0,27.0,21.0,12.0, , 2
2023-01-05,53.0,18.0,25.0,15.0, , 2
2023-01-06,27.0,10.0,21.0,16.0, , 2
2023-01-07,29.0,11.0,25.0,18.0, , 2
2023-01-08,30.0,14.0,25.0,16.0, , 2
2023-01-09,28.0,21.0,24.0,17.0, , 2
2023-01-10,41.0,18.0,26.0,10.0, , 1
2023-01-11,35.0,19.0,30.0,7.0, , 1
2023-01-12,34.0,24.0,28.0,8.0, , 1
2023-01-13,43.0,19.0,29.0,13.0, , 1
2023-01-14,31.0,15.0,30.0,7.0, , 1
2023-01-15,28.0,13.0,30.0,19.0, , 2
2023-01-16,31.0,14.0,27.0,23.0, , 2
2023-01-17,27.0,15.0,29.0,21.0, , 2
2023-01-18,32.0,15.0,28.0,16.0, , 2
2023-01-19,35.0,22.0,15.0,22.0, 1, 3
2023-01-20,68.0,28.0,14.0,20.0, , 3
2023-01-21,79.0,18.0,21.0,17.0, , 2
2023-01-22,48.0,20.0,16.0,16.0, , 2
2023-01-23,55.0,22.0,17.0,16.0, , 2
2023-01-24,65.0,40.0,15.0,22.0, , 3
2023-01-25,110.0,32.0,28.0,25.0, 1, 3
2023-01-26,57.0,18.0,24.0,16.0, , 2
2023-01-27,30.0,18.0,25.0,19.0, , 2
2023-01-28,43.0,25.0,16.0,19.0, , 2
2023-01-29,61.0,25.0,26.0,9.0, , 1
2023-01-30,32.0,26.0,27.0,12.0, , 2
2023-01-31,38.0,27.0,27.0,6.0, , 1
2023-02-01,41.0,23.0,24.0,9.0, , 1
2023-02-02,36.0,22.0,26.0,11.0, , 2
2023-02-03,38.0,30.0,21.0,26.0, , 3
2023-02-04,57.0,28.0,29.0,12.0, , 1
2023-02-05,48.0,35.0,21.0,24.0, , 3
2023-02-06,54.0,33.0,13.0,23.0, , 4
2023-02-07,69.0,39.0,10.0,28.0, , 4
2023-02-08,84.0,34.0,11.0,30.0, , 4
2023-02-09,79.0,29.0,20.0,24.0, , 2
2023-02-10,54.0,26.0,19.0,16.0, , 2
2023-02-11,51.0,23.0,21.0,24.0, , 2
2023-02-12,60.0,34.0,17.0,23.0, , 3
2023-02-13,90.0,48.0,13.0,29.0, , 6
2023-02-14,117.0,54.0,7.0,31.0, 1, 6
2023-02-15,134.0,48.0,20.0,21.0, , 6
2023-02-16,103.0,24.0,22.0,12.0, , 4
2023-02-17,48.0,22.0,26.0,9.0, , 2
2023-02-18,46.0,16.0,28.0,12.0, , 2
2023-02-19,30.0,20.0,23.0,11.0, , 1
2023-02-20,39.0,26.0,16.0,17.0, , 2
2023-02-21,65.0,34.0,10.0,18.0, , 3
2023-02-22,91.0,36.0,24.0,21.0, , 2
2023-02-23,73.0,21.0,29.0,14.0, , 2
2023-02-24,37.0,22.0,31.0,14.0, , 2
2023-02-25,39.0,16.0,29.0,14.0, , 2
2023-02-26,30.0,19.0,28.0,23.0, , 2
2023-02-27,35.0,23.0,24.0,24.0, , 2
2023-02-28,43.0,32.0,24.0,23.0, , 3
2023-03-01,76.0,27.0,20.0,16.0, , 2
2023-03-02,71.0,25.0,30.0,22.0, , 2
2023-03-03,44.0,18.0,32.0,13.0, , 2
2023-03-04,32.0,12.0,32.0,18.0, , 2
2023-03-05,24.0,15.0,27.0,18.0, , 2
2023-03-06,31.0,12.0,29.0,18.0, , 2
2023-03-07,24.0,17.0,23.0,21.0, , 2
2023-03-08,49.0,16.0,27.0,14.0, , 2
2023-03-09,47.0,13.0,32.0,12.0, , 2
2023-03-10,26.0,18.0,30.0,27.0, , 3
2023-03-11,37.0,23.0,28.0,14.0, , 2
2023-03-12,46.0,24.0,32.0,7.0, , 1
2023-03-13,33.0,21.0,31.0,11.0, , 1
2023-03-14,33.0,18.0,28.0,21.0, , 2
2023-03-15,34.0,17.0,29.0,17.0, , 2
2023-03-16,42.0,24.0,20.0,25.0, , 3
2023-03-17,52.0,25.0,27.0,21.0, , 2
2023-03-18,63.0,22.0,24.0,16.0, , 2
2023-03-19,62.0,19.0,25.0,17.0, , 2
2023-03-20,50.0,18.0,27.0,15.0, , 2
2023-03-21,47.0,17.0,24.0,14.0, , 2
2023-03-22,36.0,17.0,33.0,10.0, , 2
2023-03-23,39.0,17.0,33.0,8.0, , 1
2023-03-24,34.0,21.0,33.0,8.0, , 1
2023-03-25,44.0,21.0,32.0,15.0, , 2
2023-03-26,41.0,17.0,31.0,11.0, , 1
2023-03-27,36.0,22.0,29.0,24.0, , 2
2023-03-28,48.0,21.0,25.0,22.0, , 3
2023-03-29,56.0,23.0,36.0,12.0, , 2
2023-03-30,54.0,20.0,27.0,18.0, , 2
2023-03-31,32.0,12.0,23.0,14.0, , 2
2022-10-01,30.0,19.0,24.0,13.0, , 2
2022-10-02,33.0,22.0,19.0,26.0, , 4
2022-10-03,46.0,22.0,20.0,20.0, , 3
2022-10-04,55.0,13.0,26.0,10.0, , 2
2022-10-05,27.0,18.0,23.0,12.0, , 2
2022-10-06,28.0,21.0,20.0,17.0, , 2
2022-10-07,39.0,17.0,22.0,13.0, , 2
2022-10-08,29.0,18.0,21.0,18.0, , 3
2022-10-09,47.0,25.0,21.0,18.0, , 2
2022-10-10,45.0,24.0,21.0,25.0, , 4
2022-10-11,49.0,29.0,15.0,27.0, 1, 5
2022-10-12,64.0,25.0,19.0,29.0, , 4
2022-10-13,55.0,20.0,15.0,24.0, , 4
2022-10-14,56.0,21.0,21.0,17.0, , 3
2022-10-15,52.0,16.0,23.0,15.0, , 3
2022-10-16,29.0,20.0,12.0,20.0, , 3
2022-10-17,42.0,26.0,22.0,23.0, , 4
2022-10-18,36.0,18.0,23.0,20.0, , 3
2022-10-19,29.0,23.0,13.0,17.0, , 4
2022-10-20,52.0,25.0,12.0,21.0, 1, 4
2022-10-21,53.0,20.0,23.0,19.0, , 3
2022-10-22,41.0,21.0,15.0,18.0, , 4
2022-10-23,44.0,17.0,29.0,14.0, , 3
2022-10-24,27.0,18.0,22.0,18.0, , 4
2022-10-25,38.0,17.0,19.0,17.0, , 3
2022-10-26,36.0,21.0,12.0,21.0, , 4
2022-10-27,38.0,29.0,22.0,16.0, , 3
2022-10-28,56.0,29.0,8.0,22.0, , 4
2022-10-29,62.0,34.0,13.0,20.0, , 4
2022-10-30,63.0,29.0,8.0,21.0, , 4
2022-10-31,60.0,21.0,23.0,8.0, , 2
2022-11-01,36.0,16.0,24.0,11.0, , 2
2022-11-02,36.0,18.0,26.0,16.0, , 2
2022-11-03,36.0,17.0,24.0,24.0, , 3
2022-11-04,34.0,15.0,14.0,18.0, , 3
2022-11-05,40.0,12.0,17.0,11.0, , 2
2022-11-06,33.0,14.0,19.0,13.0, , 2
2022-11-07,37.0,14.0,22.0,16.0, , 2
2022-11-08,36.0,14.0,22.0,14.0, , 2
2022-11-09,33.0,20.0,17.0,18.0, , 2
2022-11-10,38.0,22.0,12.0,18.0, , 3
2022-11-11,62.0,29.0,8.0,21.0, , 5
2022-11-12,76.0,26.0,9.0,20.0, , 6
2022-11-13,74.0,31.0,4.0,17.0, , 4
2022-11-14,81.0,25.0,18.0,16.0, , 3
2022-11-15,58.0,15.0,16.0,18.0, , 3
2022-11-16,40.0,12.0,22.0,15.0, , 2
2022-11-17,28.0,15.0,16.0,18.0, , 3
2022-11-18,43.0,17.0,13.0,11.0, , 2
2022-11-19,55.0,26.0,6.0,19.0, , 4
2022-11-20,72.0,25.0,11.0,21.0, , 4
2022-11-21,65.0,14.0,16.0,15.0, , 2
2022-11-22,34.0,16.0,18.0,17.0, , 3
2022-11-23,42.0,17.0,20.0,19.0, , 3
2022-11-24,42.0,20.0,18.0,22.0, , 3
2022-11-25,42.0,24.0,10.0,22.0, 1, 4
2022-11-26,57.0,17.0,14.0,11.0, , 3
2022-11-27,40.0,24.0,8.0,24.0, , 4
2022-11-28,69.0,31.0,10.0,30.0, , 4
2022-11-29,73.0,31.0,4.0,20.0, , 5
2022-11-30,63.0,39.0,10.0,18.0, , 4
2022-12-01,89.0,33.0,16.0,13.0, , 3
2022-12-02,90.0,27.0,16.0,9.0, , 2
2022-12-03,79.0,30.0,9.0,8.0, , 3
2022-12-04,82.0,23.0,9.0,12.0, , 3
2022-12-05,55.0,18.0,20.0,25.0, , 4
2022-12-06,40.0,16.0,23.0,24.0, , 3
2022-12-07,36.0,15.0,24.0,27.0, , 3
2022-12-08,37.0,26.0,11.0,30.0, , 4
2022-12-09,77.0,33.0,3.0,24.0, , 4
2022-12-10,93.0,27.0,17.0,17.0, , 3
2022-12-11,76.0,34.0,8.0,23.0, 1, 5
2022-12-12,86.0,39.0,1.0,29.0, , 5
2022-12-13,89.0,37.0,7.0,30.0, 1, 5
2022-12-14,77.0,28.0,14.0,36.0, , 5
2022-12-15,60.0,30.0,18.0,32.0, 1, 5
2022-12-16,53.0,42.0,7.0,21.0, , 3
2022-12-17,116.0,38.0,8.0,19.0, , 3
2022-12-18,89.0,19.0,13.0,18.0, , 3
2022-12-19,52.0,14.0,14.0,21.0, , 3
2022-12-20,43.0,20.0,14.0,24.0, , 3
2022-12-21,58.0,19.0,15.0,22.0, , 3
2022-12-22,63.0,17.0,21.0,24.0, , 3
2022-12-23,51.0,28.0,23.0,15.0, , 2
2022-12-24,58.0,23.0,14.0,20.0, , 3
2022-12-25,60.0,15.0,27.0,10.0, , 1
2022-12-26,35.0,17.0,28.0,14.0, , 2
2022-12-27,28.0,12.0,22.0,9.0, , 2
2022-12-28,27.0,14.0,27.0,9.0, , 1
2022-12-29,29.0,17.0,26.0,12.0, , 1
2022-12-30,36.0,16.0,26.0,11.0, , 1
2022-12-31,37.0,37.0,27.0,12.0, , 1
2023-01-01,67.0,16.0,25.0,16.0, , 2
2022-07-01,33.0,18.0,36.0,16.0, , 2
2022-07-02,33.0,17.0,28.0,13.0, , 2
2022-07-03,29.0,16.0,29.0,13.0, , 2
2022-07-04,29.0,18.0,26.0,13.0, , 1
2022-07-05,30.0,16.0,28.0,13.0, , 1
2022-07-06,27.0,21.0,22.0,8.0, , 1
2022-07-07,33.0,24.0,27.0,14.0, , 2
2022-07-08,43.0,18.0,21.0,10.0, , 1
2022-07-09,29.0,16.0,26.0,8.0, , 1
2022-07-10,28.0,16.0,20.0,11.0, , 2
2022-07-11,24.0,20.0,38.0,20.0, 1, 2
2022-07-12,48.0,23.0,37.0,16.0, 1, 2
2022-07-13,50.0,23.0,23.0,13.0, , 1
2022-07-14,32.0,20.0,26.0,12.0, , 1
2022-07-15,26.0,18.0,27.0,7.0, , 1
2022-07-16,26.0,18.0,35.0,14.0, , 1
2022-07-17,34.0,36.0,31.636583799385757,26.0, 1, 3
2022-07-18,56.0,48.0,28.681582063806733,41.0, 1, 4
2022-07-19,68.0,39.0,44.0,16.0, , 3
2022-07-20,67.0,28.0,32.0,13.0, , 2
2022-07-21,46.0,19.0,23.0,12.0, , 2
2022-07-22,26.0,17.0,37.0,17.0, , 2
2022-07-23,30.0,21.0,42.0,15.0, , 2
2022-07-24,53.0,23.0,27.0,15.0, , 2
2022-07-25,50.0,21.0,24.0,9.0, , 2
2022-07-26,28.0,22.0,25.0,14.0, , 1
2022-07-27,27.0,20.0,31.0,10.0, , 1
2022-07-28,27.0,20.0,36.0,9.0, , 1
2022-07-29,39.0,22.0,37.0,14.0, , 2
2022-07-30,37.0,21.0,21.0,14.0, , 2
2022-07-31,45.0,18.0,27.0,12.0, , 2
2022-08-01,31.0,22.0,26.0,12.0, , 2
2022-08-02,44.0,29.0,21.0,10.0, , 2
2022-08-03,48.0,26.0,31.0,17.0, , 2
2022-08-04,43.0,24.0,25.0,7.0, , 1
2022-08-05,30.0,16.0,29.0,11.0, , 1
2022-08-06,26.0,23.0,33.0,16.0, , 2
2022-08-07,41.0,23.0,26.0,15.0, , 2
2022-08-08,40.0,16.0,26.0,14.0, , 1
2022-08-09,36.0,19.0,39.0,13.0, , 1
2022-08-10,40.0,24.0,48.0,16.0, , 2
2022-08-11,48.0,27.0,58.0,18.0, , 2
2022-08-12,52.0,30.0,56.0,22.0, , 2
2022-08-13,49.0,27.0,59.0,17.0, , 3
2022-08-14,61.0,29.0,49.0,20.0, , 3
2022-08-15,65.0,33.0,54.0,19.0, , 3
2022-08-16,81.0,35.0,37.0,23.0, , 3
2022-08-17,70.0,22.0,37.0,20.0, , 2
2022-08-18,40.0,22.0,23.0,14.0, , 2
2022-08-19,46.0,21.0,31.0,13.0, , 2
2022-08-20,38.0,21.0,29.0,12.0, , 2
2022-08-21,40.0,22.0,40.0,17.0, , 2
2022-08-22,44.0,28.0,36.0,18.0, , 2
2022-08-23,52.0,21.0,30.0,20.0, 1, 2
2022-08-24,54.0,35.0,61.0,24.0, , 2
2022-08-25,73.0,23.0,30.0,10.0, , 1
2022-08-26,33.0,22.0,27.0,13.0, , 1
2022-08-27,34.0,18.0,27.0,13.0, , 1
2022-08-28,30.0,21.0,29.0,19.0, , 1
2022-08-29,31.0,17.0,29.0,16.0, , 1
2022-08-30,32.0,21.0,32.0,15.0, , 1
2022-08-31,27.0,17.0,35.0,16.0, , 2
2022-09-01,35.0,22.0,41.0,20.0, , 2
2022-09-02,40.0,21.0,47.0,19.0, , 2
2022-09-03,41.0,30.0,44.0,25.0, , 3
2022-09-04,75.0,37.0,45.0,27.0, , 3
2022-09-05,58.0,23.0,34.0,21.0, , 2
2022-09-06,43.0,18.0,31.0,18.0, , 3
2022-09-07,35.0,16.0,24.0,19.0, , 2
2022-09-08,35.0,14.0,20.0,17.0, , 2
2022-09-09,32.0,13.0,30.0,15.0, , 2
2022-09-10,40.0,19.0,33.0,21.0, , 3
2022-09-11,49.0,22.0,38.0,22.0, , 3
2022-09-12,56.0,21.0,27.0,20.0, , 2
2022-09-13,37.0,19.0,28.0,24.0, , 2
2022-09-14,25.0,18.0,27.0,13.0, , 1
2022-09-15,24.0,15.0,25.0,14.0, , 2
2022-09-16,26.0,17.0,24.0,7.0, , 1
2022-09-17,26.0,14.0,23.0,10.0, , 2
2022-09-18,24.0,21.0,24.0,13.0, , 1
2022-09-19,36.0,25.0,24.0,19.0, , 2
2022-09-20,35.0,21.0,27.0,27.0, , 4
2022-09-21,35.0,26.0,28.0,28.0, , 5
2022-09-22,54.0,26.0,20.0,31.0, , 4
2022-09-23,62.0,19.0,21.0,14.0, , 2
2022-09-24,38.0,12.0,24.0,18.0, , 2
2022-09-25,24.0,12.0,23.0,15.0, , 2
2022-09-26,22.0,15.0,22.0,22.0, , 3
2022-09-27,24.0,12.0,20.0,24.0, , 3
2022-09-28,23.0,19.0,20.0,26.0, , 4
2022-09-29,44.0,18.0,21.0,22.0, , 4
2022-09-30,49.0,14.0,24.0,12.0, , 2
2022-04-01,32.0,18.0,35.0,16.0, , 2
2022-04-02,42.0,17.0,35.0,21.0, , 2
2022-04-03,35.0,18.0,30.0,13.0, , 2
2022-04-04,27.0,16.0,23.0,15.0, , 2
2022-04-05,31.0,21.0,29.0,12.0, , 2
2022-04-06,38.0,20.0,32.0,8.0, , 2
2022-04-07,43.0,19.0,32.0,13.0, , 2
2022-04-08,39.0,18.0,33.0,12.0, , 2
2022-04-09,27.0,18.0,35.0,18.0, , 2
2022-04-10,31.0,29.0,37.0,27.0, 1, 3
2022-04-11,64.0,27.0,39.0,28.0, 1, 3
2022-04-12,63.0,23.0,29.0,26.0, , 2
2022-04-13,46.0,24.0,31.0,24.0, 2, 3
2022-04-14,58.0,19.0,32.0,19.0, , 2
2022-04-15,49.0,20.0,34.0,13.0, , 2
2022-04-16,56.0,21.0,37.0,15.0, , 2
2022-04-17,58.0,25.0,40.0,20.0, , 3
2022-04-18,59.0,31.0,36.0,27.0, , 3
2022-04-19,63.0,22.0,36.0,24.0, , 2
2022-04-20,50.0,22.0,37.0,15.0, , 2
2022-04-21,51.0,26.0,35.0,12.0, , 2
2022-04-22,56.0,25.0,36.0,8.0, , 2
2022-04-23,61.0,21.0,34.0,8.0, , 2
2022-04-24,45.0,24.0,31.0,19.0, , 2
2022-04-25,55.0,20.0,36.0,16.0, , 2
2022-04-26,42.0,22.0,35.0,18.0, , 2
2022-04-27,43.0,23.0,35.0,19.0, , 2
2022-04-28,49.0,21.0,34.0,14.0, , 2
2022-04-29,41.0,20.0,33.0,14.0, , 2
2022-04-30,45.0,22.0,36.0,22.0, , 2
2022-05-01,61.0,21.0,37.0,19.0, , 2
2022-05-02,45.0,28.0,33.0,23.0, , 2
2022-05-03,65.0,27.0,33.0,22.0, 1, 2
2022-05-04,49.0,37.0,24.0,25.0, 1, 3
2022-05-05,70.0,25.0,36.0,22.0, , 3
2022-05-06,57.0,29.0,28.0,21.0, , 2
2022-05-07,64.0,21.0,36.0,8.0, , 2
2022-05-08,45.0,25.0,40.0,6.0, 1, 3
2022-05-09,54.0,31.0,31.0,16.0, 1, 2
2022-05-10,56.0,24.0,31.0,16.0, , 2
2022-05-11,43.0,22.0,30.0,14.0, , 1
2022-05-12,31.0,22.0,35.0,12.0, , 1
2022-05-13,36.0,28.0,38.0,16.0, , 2
2022-05-14,57.0,28.0,45.0,15.0, , 2
2022-05-15,52.0,26.0,33.0,20.0, , 2
2022-05-16,51.0,25.0,34.0,23.0, , 2
2022-05-17,43.0,33.0,35.0,21.0, , 3
2022-05-18,54.0,29.0,28.0,25.0, , 3
2022-05-19,59.0,24.0,32.0,21.0, , 3
2022-05-20,54.0,21.0,26.0,12.0, , 2
2022-05-21,45.0,22.0,40.0,17.0, , 3
2022-05-22,49.0,29.0,29.0,20.0, , 3
2022-05-23,58.0,18.0,30.0,14.0, , 2
2022-05-24,33.0,19.0,29.0,15.0, , 2
2022-05-25,39.0,22.0,28.0,11.0, , 2
2022-05-26,46.0,22.0,30.0,10.0, , 2
2022-05-27,44.0,20.0,29.0,9.0, , 1
2022-05-28,34.0,17.0,28.0,10.0, , 1
2022-05-29,35.0,18.0,30.0,20.0, , 2
2022-05-30,33.0,32.0,33.0,23.0, , 3
2022-05-31,50.0,16.0,35.0,15.0, , 2
2022-06-01,30.0,20.0,34.0,20.0, , 2
2022-06-02,36.0,19.0,41.0,15.0, , 2
2022-06-03,36.0,18.0,34.0,7.0, , 1
2022-06-04,40.0,20.0,27.0,13.0, , 2
2022-06-05,59.0,19.0,28.0,9.0, , 1
2022-06-06,40.0,18.0,33.0,10.0, , 2
2022-06-07,41.0,20.0,24.0,19.0, , 2
2022-06-08,45.0,20.0,26.0,12.0, , 2
2022-06-09,37.0,21.0,23.0,14.0, , 2
2022-06-10,43.0,24.0,30.0,11.0, , 2
2022-06-11,50.0,23.0,30.0,11.0, , 2
2022-06-12,53.0,23.0,29.0,11.0, , 2
2022-06-13,40.0,21.0,38.0,21.0, , 2
2022-06-14,37.0,22.0,42.0,18.0, , 2
2022-06-15,44.0,23.0,54.0,19.0, , 2
2022-06-16,40.0,30.0,29.12353175022063,25.0, 1, 2
2022-06-17,64.0,29.0,41.0,15.0, , 2
2022-06-18,55.0,20.0,27.0,8.0, , 1
2022-06-19,32.0,20.0,26.0,10.0, , 1
2022-06-20,34.0,23.0,31.0,19.0, , 2
2022-06-21,37.0,21.0,35.0,19.0, , 2
2022-06-22,36.0,26.0,63.0,20.0, , 2
2022-06-23,52.0,28.0,39.0,20.0, , 3
2022-06-24,55.0,19.0,25.0,18.0, , 2
2022-06-25,48.0,19.0,30.0,13.0, , 2
2022-06-26,49.0,23.0,24.0,22.0, , 2
2022-06-27,45.0,20.0,40.0,15.0, , 2
2022-06-28,38.0,25.0,43.0,20.0, 1, 2
2022-06-29,48.0,27.0,31.0,18.0, 1, 2
2022-06-30,51.0,16.0,26.0,14.0, , 2
2022-01-03,27.0,24.0,24.0,16.0, , 2
2022-01-04,30.0,23.0,28.0,8.0, , 2
2022-01-05,46.0,27.0,26.0,27.0, , 3
2022-01-06,59.0,19.0,25.0,20.0, , 2
2022-01-07,48.0,17.0,25.0,18.0, , 2
2022-01-08,38.0,21.0,28.0,20.0, , 2
2022-01-09,42.0,32.0,4.0,36.0, , 5
2022-01-10,82.0,29.0,8.0,29.0, , 3
2022-01-11,77.0,27.0,7.0,53.0, , 5
2022-01-12,60.0,21.0,5.0,25.0, , 3
2022-01-13,59.0,24.0,19.0,26.0, , 3
2022-01-14,61.0,24.0,14.0,19.0, , 3
2022-01-15,69.0,37.0,27.0,18.0, , 3
2022-01-16,78.0,30.0,26.0,15.0, , 2
2022-01-17,52.0,30.0,14.0,28.0, , 3
2022-01-18,54.0,29.0,27.0,20.0, , 3
2022-01-19,69.0,26.0,30.0,12.0, , 2
2022-01-20,41.0,23.0,28.0,18.0, , 2
2022-01-21,40.0,21.0,24.0,14.0, , 3
2022-01-22,36.0,24.0,23.0,22.0, , 3
2022-01-23,52.0,36.0,21.0,18.0, , 3
2022-01-24,95.0,40.0,16.0,21.0, , 3
2022-01-25,95.0,43.0,18.0,21.0, , 2
2022-01-26,89.0,27.0,29.0,12.0, , 2
2022-01-27,51.0,29.0,29.0,20.0, , 2
2022-01-28,53.0,24.0,30.0,9.0, , 2
2022-01-29,44.0,32.0,30.0,12.0, , 2
2022-01-30,46.0,31.0,30.0,5.0, , 2
2022-01-31,74.0,29.0,28.0,14.0, 1, 2
2022-02-01,46.0,34.0,28.0,19.0, 1, 2
2022-02-02,55.0,22.0,20.0,22.0, , 2
2022-02-03,41.0,17.0,29.0,14.0, , 2
2022-02-04,33.0,21.0,30.0,10.0, , 2
2022-02-05,36.0,19.0,32.0,6.0, , 2
2022-02-06,35.0,28.0,29.0,14.0, , 2
2022-02-07,49.0,22.0,28.0,15.0, , 2
2022-02-08,40.0,20.0,24.0,18.0, , 2
2022-02-09,42.0,19.0,25.0,22.0, , 2
2022-02-10,40.0,26.0,28.0,17.0, , 3
2022-02-11,51.0,30.0,23.0,26.0, 1, 3
2022-02-12,63.0,23.0,27.0,16.0, , 2
2022-02-13,54.0,22.0,30.0,14.0, , 2
2022-02-14,25.0,18.0,27.0,14.0, , 2
2022-02-15,30.0,17.0,25.0,10.0, , 2
2022-02-16,34.0,26.0,32.0,10.0, , 2
2022-02-17,62.0,28.0,32.0,11.0, , 2
2022-02-18,69.0,24.0,30.0,9.0, , 2
2022-02-19,52.0,22.0,38.0,17.0, , 2
2022-02-20,52.0,27.0,33.0,13.0, , 2
2022-02-21,37.0,36.0,31.0,21.0, , 2
2022-02-22,52.0,27.0,30.0,19.0, , 2
2022-02-23,50.0,20.0,28.0,14.0, , 2
2022-02-24,39.0,24.0,30.0,11.0, , 2
2022-02-25,43.0,28.0,28.0,30.0, , 3
2022-02-26,60.0,24.0,27.0,14.0, , 2
2022-02-27,55.0,24.0,24.0,22.0, 1, 2
2022-02-28,59.0,40.0,11.0,31.0, 1, 4
2022-03-01,99.0,40.0,20.0,22.0, , 4
2022-03-02,97.0,59.0,25.0,25.0, , 3
2022-03-03,73.0,30.0,22.0,20.0, , 3
2022-03-04,72.0,33.0,19.0,18.0, , 3
2022-03-05,83.0,27.0,30.0,15.0, , 2
2022-03-06,56.0,22.0,29.0,22.0, , 2
2022-03-07,52.0,30.0,29.0,18.0, , 2
2022-03-08,58.0,37.0,30.0,26.0, , 3
2022-03-09,83.0,45.0,34.0,29.0, , 3
2022-03-10,91.0,42.0,30.0,18.0, , 3
2022-03-11,68.0,28.0,31.0,17.0, , 2
2022-03-12,54.0,20.0,34.0,17.0, , 2
2022-03-13,55.0,22.0,29.0,22.0, , 2
2022-03-14,46.0,34.0,25.0,31.0, , 3
2022-03-15,69.0,33.0,25.0,22.0, , 3
2022-03-16,64.0,25.0,28.0,17.0, , 2
2022-03-17,45.0,30.0,31.0,27.0, , 3
2022-03-18,62.0,22.0,29.0,12.0, , 2
2022-03-19,49.0,30.0,30.0,15.0, , 3
2022-03-20,89.0,49.0,35.0,28.0, , 3
2022-03-21,108.0,54.0,33.0,30.0, , 5
2022-03-22,114.0,56.0,38.0,34.0, , 4
2022-03-23,111.0,45.5481952584323,41.0,33.0, , 4
2022-03-24,126.0,59.0,42.0,31.0, , 3
2022-03-25,126.0,56.0,46.0,29.0, , 3
2022-03-26,107.0,25.0,34.0,12.0, , 2
2022-03-27,40.0,24.0,25.0,20.0, , 2
2022-03-28,53.0,30.0,37.0,16.0, , 2
2022-03-29,72.0,29.0,32.0,20.0, , 2
2022-03-30,44.0,17.0,30.0,19.0, , 2
2022-03-31,31.0,14.0,32.0,14.0, , 2
2021-12-06,72.0,27.0,15.0,15.0, , 3
2021-12-07,43.0,21.0,22.0,21.0, , 3
2021-12-08,37.0,21.0,22.0,16.0, , 2
2021-12-09,57.0,23.0,12.0,22.0, , 3
2021-12-10,50.0,24.0,17.0,22.0, , 4
2021-12-11,65.0,26.0,13.0,27.0, , 4
2021-12-12,57.0,22.0,15.0,16.0, , 3
2021-12-13,51.0,20.0,17.0,21.0, 2, 3
2021-12-14,59.0,22.0,9.0,21.0, , 3
2021-12-15,53.0,24.0,17.0,23.0, , 2
2021-12-16,66.0,31.0,8.0,30.0, , 5
2021-12-17,51.0,20.0,20.0,25.0, , 3
2021-12-18,31.0,12.0,21.0,18.0, , 2
2021-12-19,29.0,14.0,24.0,11.0, , 2
2021-12-20,50.0,27.0,26.0,30.0, , 3
2021-12-21,67.0,30.0,8.0,32.0, , 5
2021-12-22,88.0,37.0,1.0,29.0, , 6
2021-12-23,95.0,38.0,3.0,22.0, , 4
2021-12-24,35.0,24.0,18.0,16.0, , 3
2021-12-25,51.0,14.0,24.0,7.0, , 2
2021-12-26,52.0,17.0,19.0,12.0, , 3
2021-12-27,60.0,23.0,8.0,16.0, , 4
2021-12-28,35.0,20.0,25.0,13.0, , 2
2021-12-29,34.0,19.0,22.0,17.0, , 3
2021-12-30,41.0,21.0,20.0,9.0, , 2
2021-12-31,39.0,20.0,20.0,10.0, , 2
2022-01-01,81.0,41.0,14.0,14.0, , 2
2022-01-02,43.0,20.0,30.0,10.0, , 2
2021-07-01,56.0,22.0,31.0,15.0, , 2
2021-07-02,47.0,24.0,40.0,19.0, , 3
2021-07-03,66.0,24.0,20.0,15.0, , 3
2021-07-04,53.0,18.0,25.0,13.0, , 2
2021-07-05,47.0,19.0,26.0,9.0, , 2
2021-07-06,34.0,18.0,26.0,15.0, , 2
2021-07-07,43.0,19.0,30.0,17.0, , 2
2021-07-08,44.0,21.0,31.0,16.0, , 2
2021-07-09,56.0,27.0,32.0,19.0, , 3
2021-07-10,75.0,22.0,32.0,17.0, , 3
2021-07-11,66.0,24.0,35.0,20.0, , 3
2021-07-12,69.0,31.0,30.0,16.0, , 2
2021-07-13,77.0,30.0,33.0,9.0, , 2
2021-07-14,59.0,27.0,29.0,11.0, , 2
2021-07-15,59.0,33.0,23.0,10.0, , 1
2021-07-16,55.0,29.0,24.0,9.0, , 2
2021-07-17,43.0,19.0,22.0,7.0, , 2
2021-07-18,40.0,20.0,27.0,15.0, , 3
2021-07-19,41.0,21.0,33.0,15.0, , 3
2021-07-20,48.0,26.0,43.0,17.0, , 3
2021-07-21,58.0,25.0,32.0,14.0, , 2
2021-07-22,51.0,22.0,26.0,14.0, , 2
2021-07-23,47.0,25.0,27.0,14.0, , 3
2021-07-24,69.0,38.0,37.0,13.0, , 3
2021-07-25,77.0,26.0,32.0,16.0, , 2
2021-07-26,49.0,28.0,30.0,16.0, , 2
2021-07-27,67.0,22.0,25.0,13.0, , 2
2021-07-28,50.0,20.0,26.0,10.0, , 1
2021-07-29,36.0,23.0,24.0,14.0, , 2
2021-07-30,47.0,17.0,32.0,10.0, , 2
2021-07-31,36.0,20.0,25.0,14.0, , 2
2021-08-01,43.0,18.0,26.0,12.0, , 2
2021-08-02,41.0,19.0,31.0,21.0, , 3
2021-08-03,32.0,20.0,35.0,18.0, , 3
2021-08-04,38.0,23.0,46.0,19.0, , 4
2021-08-05,59.0,21.0,26.0,12.0, , 3
2021-08-06,42.0,17.0,25.0,11.0, , 3
2021-08-07,31.0,17.0,26.0,9.0, , 2
2021-08-08,38.0,21.0,21.0,10.0, , 2
2021-08-09,45.0,19.0,25.0,12.0, , 3
2021-08-10,39.0,21.0,33.0,20.0, , 3
2021-08-11,56.0,22.0,24.0,19.0, , 3
2021-08-12,58.0,21.0,24.0,15.0, , 3
2021-08-13,51.0,28.0,25.0,13.0, , 3
2021-08-14,49.0,19.0,29.0,15.0, , 3
2021-08-15,44.0,24.0,27.0,8.0, , 2
2021-08-16,43.0,20.0,27.0,15.0, 1, 3
2021-08-17,32.0,15.0,25.0,14.0, , 3
2021-08-18,29.0,17.0,24.0,15.0, , 3
2021-08-19,39.0,20.0,25.0,16.0, , 3
2021-08-20,51.0,24.0,29.0,18.0, , 4
2021-08-21,65.0,19.0,26.0,12.0, , 3
2021-08-22,47.0,17.0,32.0,15.0, , 3
2021-08-23,42.0,17.0,32.0,17.0, , 3
2021-08-24,39.0,19.0,29.0,14.0, , 3
2021-08-25,42.0,21.0,24.0,10.0, , 2
2021-08-26,34.0,20.0,24.0,14.0, , 3
2021-08-27,31.0,19.0,25.0,10.0, 2, 3
2021-08-28,36.0,20.0,25.0,9.0, 1, 3
2021-08-29,31.0,23.0,29.0,14.0, , 3
2021-08-30,46.0,31.0,28.0,17.0, 1, 3
2021-08-31,42.0,28.0,29.0,20.0, , 3
2021-09-01,28.0,24.0,30.0,22.0, , 3
2021-09-02,32.0,26.0,32.0,22.0, , 3
2021-09-03,41.0,23.0,31.0,14.0, , 3
2021-09-04,41.0,22.0,34.0,15.0, , 3
2021-09-05,50.0,27.0,37.0,26.0, , 4
2021-09-06,64.0,33.0,51.0,34.0, , 4
2021-09-07,67.0,31.0,51.0,29.0, , 4
2021-09-08,65.0,33.0,36.0,27.0, , 4
2021-09-09,61.0,28.0,27.0,23.0, , 4
2021-09-10,54.0,21.0,25.0,15.0, , 3
2021-09-11,50.0,21.0,28.0,12.0, 1, 3
2021-09-12,38.0,17.0,30.0,18.0, , 3
2021-09-13,29.0,21.0,29.0,20.0, , 3
2021-09-14,47.0,28.0,30.0,18.0, , 3
2021-09-15,58.0,19.0,35.0,16.0, , 3
2021-09-16,36.0,34.0,29.0,25.0, , 4
2021-09-17,74.0,22.0,32.0,22.0, , 5
2021-09-18,56.0,17.0,23.0,10.0, , 3
2021-09-19,41.0,18.0,28.0,15.0, , 3
2021-09-20,41.0,22.0,30.0,25.0, , 4
2021-09-21,43.0,27.0,31.0,27.0, , 4
2021-09-22,54.0,28.0,26.0,16.0, , 3
2021-09-23,62.0,22.0,31.0,17.0, , 3
2021-09-24,20.0,33.0,20.0,20.0, , 4
2021-09-25,65.0,27.0,31.0,24.0, 1, 4
2021-09-26,73.0,24.0,28.0,17.0, , 3
2021-09-27,48.0,21.0,26.0,23.0, , 3
2021-09-28,41.0,17.0,24.0,15.0, , 3
2021-04-01,85.0,28.0,32.0,16.0, , 2
2021-04-02,48.0,33.0,37.0,15.0, 1, 2
2021-04-03,58.0,26.0,35.0,9.0, , 2
2021-04-04,42.0,24.0,32.0,6.0, , 2
2021-04-05,48.0,18.0,31.0,8.0, 1, 2
2021-04-06,35.0,19.0,31.0,10.0, 1, 2
2021-04-07,41.0,21.0,33.0,18.0, 1, 2
2021-04-08,37.0,24.0,30.0,17.0, , 3
2021-04-09,48.0,16.0,32.0,12.0, , 2
2021-04-10,34.0,11.0,33.0,8.0, , 2
2021-04-11,27.0,14.0,33.0,18.0, , 2
2021-04-12,32.0,19.0,34.0,17.0, , 2
2021-04-13,38.0,24.0,33.0,28.0, , 3
2021-04-14,45.0,30.0,36.0,25.0, 1, 2
2021-04-15,49.0,29.0,36.0,23.0, 1, 2
2021-04-16,58.0,37.0,35.0,15.0, 1, 2
2021-04-17,67.0,26.0,34.0,17.0, 1, 3
2021-04-18,59.0,39.0,35.0,23.0, 1, 3
2021-04-19,84.0,42.0,38.0,29.0, 1, 3
2021-04-20,84.0,44.0,36.0,23.0, 1, 3
2021-04-21,84.0,34.0,32.0,19.0, , 2
2021-04-22,51.0,26.0,37.0,20.0, 1, 3
2021-04-23,49.0,20.0,36.0,16.0, 1, 2
2021-04-24,41.0,19.0,35.0,10.0, 1, 2
2021-04-25,41.0,23.0,36.0,19.0, 1, 2
2021-04-26,46.0,19.0,40.0,10.0, 1, 2
2021-04-27,45.0,30.0,39.0,22.0, 1, 3
2021-04-28,58.0,28.0,36.0,15.0, , 2
2021-04-29,64.0,32.0,32.0,26.0, , 3
2021-04-30,61.0,21.0,39.0,15.0, , 2
2021-05-01,49.0,16.0,34.0,10.0, , 2
2021-05-02,34.0,23.0,37.0,19.0, , 2
2021-05-03,60.0,20.0,34.0,10.0, , 2
2021-05-04,37.0,21.0,32.0,9.0, , 2
2021-05-05,40.0,19.0,30.0,17.0, , 3
2021-05-06,42.0,16.0,34.0,14.0, , 2
2021-05-07,39.0,22.0,26.0,18.0, , 3
2021-05-08,58.0,19.0,34.0,19.0, , 3
2021-05-09,52.0,19.0,31.0,18.0, , 3
2021-05-10,42.0,26.0,24.0,29.0, , 4
2021-05-11,58.0,23.0,35.0,20.0, , 2
2021-05-12,55.0,21.0,39.0,15.0, , 3
2021-05-13,46.0,20.0,32.0,18.0, , 3
2021-05-14,49.0,20.0,31.0,16.0, , 3
2021-05-15,51.0,19.0,31.0,13.0, , 2
2021-05-16,42.0,18.0,33.0,16.0, , 3
2021-05-17,39.0,19.0,34.0,16.0, , 2
2021-05-18,45.0,19.0,31.0,21.0, , 3
2021-05-19,44.0,22.0,33.0,19.0, , 3
2021-05-20,50.0,28.0,33.0,9.0, , 2
2021-05-21,39.0,23.0,32.0,8.0, , 2
2021-05-22,30.0,18.0,35.0,14.0, , 2
2021-05-23,38.0,14.0,31.0,13.0, , 2
2021-05-24,28.0,16.0,32.0,15.0, , 2
2021-05-25,35.0,18.0,33.0,14.0, , 2
2021-05-26,34.0,21.0,30.0,11.0, , 2
2021-05-27,41.0,20.0,33.0,19.0, , 2
2021-05-28,45.0,18.0,36.0,14.0, , 2
2021-05-29,47.0,21.0,37.0,9.0, , 2
2021-05-30,56.0,24.0,37.0,15.0, , 3
2021-05-31,57.0,24.0,47.0,21.0, , 3
2021-06-01,49.0,25.0,58.0,20.0, , 6
2021-06-02,60.0,30.0,45.0,21.0, , 3
2021-06-03,73.0,34.0,50.0,24.0, , 3
2021-06-04,73.0,31.0,38.0,12.0, , 3
2021-06-05,82.0,20.0,35.0,9.0, , 2
2021-06-06,40.0,21.0,42.0,18.0, , 2
2021-06-07,45.0,21.0,46.0,19.0, , 3
2021-06-08,50.0,26.0,40.0,19.0, , 3
2021-06-09,48.0,22.0,31.0,19.0, , 3
2021-06-10,52.0,22.0,28.0,15.0, , 3
2021-06-11,60.0,19.0,27.0,10.0, , 2
2021-06-12,43.0,22.0,35.0,12.0, , 2
2021-06-13,50.0,28.0,57.0,18.0, , 3
2021-06-14,62.0,24.0,36.0,12.0, , 2
2021-06-15,42.0,29.0,57.0,20.0, , 3
2021-06-16,50.0,40.0,54.0,25.0, , 4
2021-06-17,73.0,36.0,46.0,20.0, , 4
2021-06-18,73.0,29.0,26.0,14.0, , 3
2021-06-19,56.0,22.0,35.0,10.0, , 2
2021-06-20,35.0,20.0,30.0,17.0, , 2
2021-06-21,29.0,24.0,29.0,12.0, , 2
2021-06-22,44.0,23.0,30.0,15.0, , 2
2021-06-23,33.0,21.0,33.0,20.0, , 3
2021-06-24,44.0,26.0,22.0,21.0, , 3
2021-06-25,69.0,22.0,35.0,13.0, , 3
2021-06-26,66.0,29.0,38.0,9.0, , 3
2021-06-27,74.0,24.0,28.0,21.0, , 3
2021-06-28,62.0,29.0,22.0,15.0, , 3
2021-06-29,49.0,20.0,24.0,13.0, , 2
2021-06-30,38.0,27.0,26.0,12.0, , 2
2021-01-04,38.0,12.0,12.0,11.0, , 2
2021-01-05,32.0,17.0,11.0,16.0, , 3
2021-01-06,41.0,14.0,16.0,14.0, , 3
2021-01-07,31.0,19.0,10.0,21.0, , 5
2021-01-08,37.0,21.0,23.0,29.0, , 4
2021-01-09,51.0,21.0,18.0,23.0, , 4
2021-01-10,53.0,21.0,23.0,15.0, , 2
2021-01-11,55.0,20.0,27.0,15.0, , 2
2021-01-12,30.0,21.0,28.0,15.0, , 2
2021-01-13,35.0,22.0,17.0,19.0, , 3
2021-01-14,40.0,28.0,14.0,24.0, , 4
2021-01-15,60.0,25.0,12.0,17.0, , 4
2021-01-16,66.0,27.0,24.0,14.0, , 3
2021-01-17,60.0,22.0,21.0,15.0, , 2
2021-01-18,39.0,25.0,24.0,10.0, , 2
2021-01-19,41.0,18.0,26.0,12.0, , 2
2021-01-20,42.0,17.0,28.0,11.0, , 2
2021-01-21,32.0,20.0,25.0,17.0, , 2
2021-01-22,32.0,22.0,22.0,23.0, , 3
2021-01-23,49.0,17.0,24.0,21.0, , 3
2021-01-24,37.0,49.0,27.0,23.0, , 3
2021-01-25,72.0,31.0,27.0,20.0, , 2
2021-01-26,42.0,22.0,19.0,18.0, , 2
2021-01-27,53.0,18.0,14.0,22.0, , 3
2021-01-28,37.0,19.0,24.0,17.0, , 3
2021-01-29,45.0,16.0,21.0,9.0, , 2
2021-01-30,42.0,21.0,16.0,14.0, , 3
2021-01-31,64.0,29.0,12.0,21.0, , 4
2021-02-01,81.0,29.0,19.0,24.0, , 4
2021-02-02,72.0,23.0,23.0,22.0, , 3
2021-02-03,38.0,26.0,19.0,22.0, , 4
2021-02-04,57.0,30.0,9.0,23.0, , 5
2021-02-05,77.0,28.0,22.0,11.0, , 3
2021-02-06,76.0,21.0,28.0,3.0, , 2
2021-02-07,52.0,23.0,29.0,13.0, , 2
2021-02-08,45.0,19.0,25.0,17.0, , 2
2021-02-09,38.0,18.0,25.0,20.0, , 2
2021-02-10,44.0,28.0,28.0,33.0, , 3
2021-02-11,61.0,26.0,26.0,20.0, , 3
2021-02-12,65.0,24.0,28.0,16.0, , 3
2021-02-13,60.0,23.0,25.0,12.0, , 3
2021-02-14,54.0,22.0,23.0,20.0, , 4
2021-02-15,57.0,26.0,20.0,20.0, 1, 4
2021-02-16,62.0,24.0,28.0,18.0, , 3
2021-02-17,46.0,21.0,25.0,18.0, , 3
2021-02-18,39.0,22.0,22.0,20.0, , 3
2021-02-19,45.0,29.0,25.0,13.0, , 2
2021-02-20,56.0,32.0,26.0,21.0, , 5
2021-02-21,60.0,30.0,21.0,24.0, , 4
2021-02-22,58.0,49.0,20.0,22.0, , 4
2021-02-23,71.0,34.0,25.0,21.0, , 3
2021-02-24,54.0,49.0,20.0,25.0, , 3
2021-02-25,69.0,30.0,25.0,20.0, , 3
2021-02-26,55.0,30.0,20.0,24.0, , 3
2021-02-27,69.0,25.0,24.0,19.0, , 3
2021-02-28,62.0,21.0,21.0,15.0, , 2
2021-03-01,63.0,37.0,10.0,22.0, , 5
2021-03-02,94.0,50.0,20.0,26.0, , 6
2021-03-03,125.0,39.0,31.0,20.0, , 3
2021-03-04,69.0,28.0,31.0,22.0, , 3
2021-03-05,49.0,24.0,33.0,27.0, , 3
2021-03-06,47.0,24.0,29.0,18.0, , 3
2021-03-07,65.0,36.0,27.0,20.0, , 3
2021-03-08,72.0,28.0,22.0,15.0, , 3
2021-03-09,57.0,28.0,28.0,19.0, , 4
2021-03-10,78.0,28.0,30.0,7.0, , 3
2021-03-11,60.0,23.0,30.0,11.0, , 3
2021-03-12,37.0,23.0,32.0,7.0, , 3
2021-03-13,35.0,21.0,28.0,9.0, , 3
2021-03-14,35.0,25.0,31.0,9.0, , 3
2021-03-15,41.0,28.0,29.0,16.0, , 3
2021-03-16,38.0,16.0,28.0,19.0, , 3
2021-03-17,31.0,25.0,28.0,24.0, , 3
2021-03-18,47.0,21.0,30.0,20.0, , 3
2021-03-19,38.0,25.0,28.0,18.0, , 3
2021-03-20,46.0,22.0,33.0,10.0, , 3
2021-03-21,43.0,26.0,33.0,19.0, , 3
2021-03-22,41.0,32.0,27.0,27.0, , 4
2021-03-23,77.0,44.0,32.0,27.0, , 4
2021-03-24,96.0,45.0,30.0,26.0, , 4
2021-03-25,89.0,24.0,37.0,20.0, 1, 3
2021-03-26,55.0,19.0,31.0,11.0, , 2
2021-03-27,40.0,23.0,32.0,9.0, , 3
2021-03-28,46.0,23.0,32.0,14.0, , 2
2021-03-29,49.0,33.0,41.0,36.0, 1, 4
2021-03-30,71.0,52.0,41.0,46.0, 1, 5
2021-03-31,108.0,52.0,32.0,27.0, 1, 3
2020-10-01,43.0,18.0,18.0,16.0, , 3
2020-10-02,46.0,26.0,16.0,14.0, , 4
2020-10-03,62.0,16.0,22.0,9.0, , 3
2020-10-04,26.0,13.0,20.0,14.0, , 3
2020-10-05,30.0,15.0,19.0,17.0, , 3
2020-10-06,31.0,17.0,22.0,16.0, , 3
2020-10-07,37.0,20.0,24.0,17.0, , 2
2020-10-08,38.0,20.0,24.0,22.0, , 3
2020-10-09,35.0,18.0,23.0,16.0, , 3
2020-10-10,31.0,16.0,26.0,14.0, , 3
2020-10-11,34.0,23.0,23.0,24.0, , 3
2020-10-12,40.0,21.0,15.0,19.0, , 3
2020-10-13,44.0,21.0,22.0,20.0, , 3
2020-10-14,44.0,17.0,21.0,21.0, , 3
2020-10-15,37.0,17.0,23.0,26.0, , 4
2020-10-16,42.0,25.0,18.0,25.0, , 4
2020-10-17,61.0,25.0,25.0,18.0, , 4
2020-10-18,52.0,18.0,16.0,25.0, , 4
2020-10-19,50.0,24.0,14.0,18.0, , 3
2020-10-20,54.0,22.0,24.0,12.0, , 3
2020-10-21,42.0,17.0,21.0,15.0, , 3
2020-10-22,39.0,24.0,22.0,22.0, , 4
2020-10-23,56.0,17.0,20.0,12.0, , 2
2020-10-24,33.0,13.0,26.0,11.0, , 1
2020-10-25,26.0,15.0,20.0,14.0, , 1
2020-10-26,34.0,18.0,18.0,14.0, , 2
2020-10-27,37.0,18.0,21.0,14.0, , 2
2020-10-28,35.0,19.0,23.0,14.0, , 2
2020-10-29,38.0,24.0,25.0,11.0, , 2
2020-10-30,43.0,20.0,24.0,10.0, , 3
2020-10-31,42.0,22.0,20.0,13.0, , 3
2020-11-01,43.0,15.0,27.0,9.0, , 2
2020-11-02,33.0,24.0,25.0,15.0, , 3
2020-11-03,38.0,21.0,22.0,22.0, , 4
2020-11-04,41.0,23.0,15.0,31.0, , 5
2020-11-05,57.0,35.0,12.0,27.0, , 4
2020-11-06,74.0,31.0,5.0,20.0, , 5
2020-11-07,73.0,33.0,3.0,19.0, , 7
2020-11-08,80.0,37.0,10.0,27.0, , 6
2020-11-09,68.0,41.0,1.0,24.0, , 6
2020-11-10,89.0,35.0,10.0,20.0, , 4
2020-11-11,75.0,22.0,22.0,18.0, , 3
2020-11-12,42.0,26.0,14.0,24.0, , 3
2020-11-13,57.0,22.0,18.0,22.0, , 4
2020-11-14,54.0,19.0,27.0,18.0, , 3
2020-11-15,40.0,20.0,26.0,20.0, , 3
2020-11-16,36.0,18.0,21.0,14.0, , 3
2020-11-17,40.0,21.0,17.0,18.0, , 3
2020-11-18,51.0,22.0,28.0,13.0, , 3
2020-11-19,37.0,22.0,25.0,24.0, , 3
2020-11-20,40.0,20.0,21.0,15.0, , 3
2020-11-21,50.0,20.0,22.0,15.0, , 3
2020-11-22,37.0,21.0,18.0,27.0, , 5
2020-11-23,40.0,28.0,9.0,22.0, , 3
2020-11-24,70.0,26.0,6.0,19.0, , 4
2020-11-25,69.0,32.0,15.0,31.0, , 4
2020-11-26,51.0,26.0,19.0,19.0, , 4
2020-11-27,62.0,36.0,11.0,16.0, , 4
2020-11-28,90.0,31.0,11.0,14.0, , 4
2020-11-29,80.0,49.0,18.0,21.0, , 4
2020-11-30,119.0,27.0,24.0,15.0, , 3
2020-12-01,35.0,24.0,29.404388072874145,19.0, , 5
2020-12-02,56.0,19.0,11.0,19.0, , 3
2020-12-03,54.0,13.0,19.0,14.0, , 3
2020-12-04,28.0,19.0,15.0,21.0, , 4
2020-12-05,48.0,27.0,10.0,19.0, , 4
2020-12-06,78.0,27.0,15.0,24.0, , 4
2020-12-07,62.0,34.0,4.0,26.0, , 5
2020-12-08,87.0,31.0,3.0,23.0, , 5
2020-12-09,84.0,29.0,3.0,21.0, , 4
2020-12-10,70.0,26.0,5.0,20.0, , 4
2020-12-11,62.0,26.0,2.0,19.0, , 5
2020-12-12,70.0,21.0,20.0,17.0, , 4
2020-12-13,58.0,16.0,18.0,17.0, , 3
2020-12-14,38.0,19.0,9.0,22.0, , 4
2020-12-15,58.0,22.0,8.0,22.0, , 3
2020-12-16,61.0,18.0,14.0,20.0, , 3
2020-12-17,49.0,20.0,15.0,18.0, , 3
2020-12-18,47.0,17.0,14.0,15.0, , 2
2020-12-19,46.0,19.0,17.0,15.0, , 3
2020-12-20,50.0,18.0,17.0,15.0, , 2
2020-12-21,40.0,16.0,22.0,17.0, , 3
2020-12-22,35.0,21.0,20.0,22.0, , 4
2020-12-23,50.0,16.0,25.0,14.0, , 2
2020-12-24,31.0,18.0,26.0,16.0, , 2
2020-12-25,36.0,17.0,22.0,12.0, , 2
2020-12-26,41.0,12.0,25.0,10.0, , 2
2020-12-27,39.0,20.0,18.0,19.0, , 3
2020-12-28,54.0,20.0,19.0,25.0, , 4
2020-12-29,53.0,13.0,19.0,21.0, , 3
2020-12-30,32.0,26.0,14.0,25.0, , 4
2020-12-31,71.0,31.008954131168224,11.0,28.0, , 7
2021-01-01,58.452970437050936,26.0,8.0,24.0, , 5
2021-01-02,58.0,26.0,15.0,11.0, , 3
2021-01-03,71.0,18.0,16.0,11.0, , 2
2020-07-01,28.0,19.0,26.0,10.0, , 2
2020-07-02,38.0,21.0,26.0,10.0, , 2
2020-07-03,42.0,18.0,22.0,5.0, , 2
2020-07-04,34.0,18.0,27.0,5.0, , 2
2020-07-05,40.0,23.0,22.0,7.0, , 2
2020-07-06,42.0,20.0,25.0,14.0, , 2
2020-07-07,35.0,15.0,18.0,21.0, , 3
2020-07-08,22.0,17.0,9.0,10.0, , 3
2020-07-09,18.0,12.0,24.0,11.0, , 2
2020-07-10,16.0,15.0,27.0,13.0, , 3
2020-07-11,28.0,18.0,26.0,14.0, , 3
2020-07-12,31.0,19.0,39.0,15.0, , 3
2020-07-13,38.0,20.0,22.0,17.0, , 3
2020-07-14,35.0,17.0,32.0,12.0, , 2
2020-07-15,33.0,16.0,21.0,11.0, , 2
2020-07-16,35.0,24.0,19.0,14.0, , 3
2020-07-17,44.0,27.0,32.0,19.0, , 4
2020-07-18,64.0,23.0,23.0,15.0, , 3
2020-07-19,50.0,20.0,24.0,9.0, , 2
2020-07-20,34.0,18.0,26.0,11.0, , 2
2020-07-21,31.0,15.0,23.0,15.0, , 3
2020-07-22,29.0,19.0,37.0,18.0, , 3
2020-07-23,39.0,19.0,24.0,12.0, , 2
2020-07-24,38.0,16.0,15.0,11.0, , 3
2020-07-25,39.0,13.0,22.0,7.0, , 2
2020-07-26,32.0,18.0,22.0,15.0, , 3
2020-07-27,39.0,25.0,24.0,10.0, , 2
2020-07-28,37.0,27.0,25.0,9.0, , 2
2020-07-29,30.0,29.0,44.0,20.0, , 3
2020-07-30,50.0,27.0,57.0,23.0, , 3
2020-07-31,59.0,26.0,29.0,14.0, , 3
2020-08-01,54.0,20.0,27.0,10.0, , 2
2020-08-02,40.0,18.0,24.0,20.0, , 3
2020-08-03,36.0,20.0,31.0,15.0, , 2
2020-08-04,38.0,24.0,45.0,19.0, 1, 3
2020-08-05,44.0,26.0,46.0,29.0, , 4
2020-08-06,51.0,35.0,27.44885407765105,32.0, , 4
2020-08-07,69.0,38.0,26.5839976621631,30.0, , 4
2020-08-08,77.0,36.0,56.0,18.0, , 4
2020-08-09,83.0,31.0,25.07852293036011,20.0, , 3
2020-08-10,67.0,34.0,27.394292036226823,23.0, , 4
2020-08-11,82.0,37.0,25.327577776098884,27.0, , 4
2020-08-12,78.0,34.0,25.13377036580313,26.0, , 4
2020-08-13,76.0,41.0,49.0,22.0, , 3
2020-08-14,108.0,32.0,47.0,14.0, , 3
2020-08-15,85.0,25.0,49.0,14.0, , 3
2020-08-16,70.0,27.0,33.0,22.0, , 4
2020-08-17,66.0,21.0,26.0,17.0, , 3
2020-08-18,50.0,19.0,35.0,21.0, , 3
2020-08-19,46.0,19.0,26.0,17.0, , 3
2020-08-20,43.0,22.0,30.0,18.0, , 3
2020-08-21,58.0,26.0,29.0,10.0, , 2
2020-08-22,53.0,23.0,24.0,7.0, , 2
2020-08-23,41.0,18.0,25.0,12.0, , 2
2020-08-24,37.0,20.0,23.0,15.0, , 3
2020-08-25,39.0,21.0,25.0,7.0, , 2
2020-08-26,36.0,25.0,22.0,21.0, , 4
2020-08-27,52.0,21.0,20.0,16.0, , 3
2020-08-28,43.0,17.0,26.0,15.0, , 3
2020-08-29,34.0,20.0,25.0,12.0, , 3
2020-08-30,39.0,16.0,27.0,17.0, , 2
2020-08-31,30.0,19.0,25.0,24.0, , 3
2020-09-01,28.0,22.0,32.0,27.0, , 4
2020-09-02,25.0,23.0,19.0,23.0, , 3
2020-09-03,53.0,21.0,23.0,19.0, , 3
2020-09-04,43.0,16.0,21.0,14.0, , 2
2020-09-05,37.0,18.0,24.0,14.0, , 2
2020-09-06,35.0,19.0,26.0,20.0, , 3
2020-09-07,38.0,21.0,14.0,15.0, , 3
2020-09-08,39.0,22.0,16.0,13.0, , 3
2020-09-09,47.0,23.0,25.0,25.0, , 4
2020-09-10,46.0,27.0,30.0,27.0, , 4
2020-09-11,54.0,24.0,23.0,17.0, , 3
2020-09-12,48.0,22.0,23.0,15.0, , 3
2020-09-13,48.0,34.0,41.0,29.0, , 5
2020-09-14,71.0,48.0,47.0,43.0, , 6
2020-09-15,96.0,48.0,39.0,23.0, , 4
2020-09-16,90.0,24.0,24.0,14.0, , 2
2020-09-17,33.0,21.0,28.0,14.0, , 2
2020-09-18,34.0,23.0,30.0,13.0, , 3
2020-09-19,39.0,25.0,36.0,13.0, , 3
2020-09-20,50.0,33.0,39.0,28.0, , 4
2020-09-21,73.0,44.0,38.0,37.0, , 5
2020-09-22,92.0,36.0,24.0,22.0, , 4
2020-09-23,74.0,17.0,26.0,15.0, , 2
2020-09-24,25.0,15.0,24.0,15.0, , 3
2020-09-25,25.0,19.0,25.0,14.0, , 3
2020-09-26,33.0,19.0,22.0,9.0, , 3
2020-09-27,29.0,30.0,8.0,18.0, , 5
2020-09-28,60.0,21.0,23.0,20.0, , 4
2020-09-29,37.0,26.0,14.0,21.0, , 5
2020-09-30,62.0,19.0,16.0,17.0, , 4
2020-04-01,47.0,18.0,30.0,14.0, , 2
2020-04-02,45.0,24.0,35.0,16.0, , 3
2020-04-03,40.0,23.0,36.0,21.0, , 3
2020-04-04,51.0,24.0,40.0,12.0, , 3
2020-04-05,62.0,27.0,30.0,15.0, , 2
2020-04-06,60.0,30.0,37.0,20.0, , 3
2020-04-07,60.0,38.0,41.0,26.0, , 3
2020-04-08,80.0,46.0,40.0,23.0, , 3
2020-04-09,83.0,23.0,27.0,14.0, , 2
2020-04-10,39.0,22.0,33.0,17.0, , 3
2020-04-11,47.0,36.0,41.0,27.0, 1, 5
2020-04-12,89.0,29.0,31.0,6.0, , 2
2020-04-13,43.0,23.0,33.0,15.0, , 2
2020-04-14,36.0,29.0,31.0,25.0, , 3
2020-04-15,59.0,33.0,36.0,19.0, , 3
2020-04-16,66.0,23.0,30.0,12.0, , 2
2020-04-17,37.0,26.0,27.0,12.0, , 3
2020-04-18,50.0,21.0,34.0,8.0, , 2
2020-04-19,36.0,28.0,35.0,13.0, , 2
2020-04-20,35.0,38.0,38.0,11.0, , 2
2020-04-21,44.0,31.0,40.0,13.0, , 2
2020-04-22,44.0,33.0,48.0,22.0, , 3
2020-04-23,59.0,37.0,37.0,17.0, , 3
2020-04-24,64.0,18.0,35.0,10.0, , 2
2020-04-25,31.0,21.0,36.0,14.0, 1, 3
2020-04-26,53.0,29.0,42.0,19.0, 1, 3
2020-04-27,73.0,24.0,30.0,20.0, , 2
2020-04-28,42.0,18.0,28.0,16.0, , 3
2020-04-29,47.0,16.0,31.0,15.0, , 2
2020-04-30,29.0,14.0,31.0,12.0, , 2
2020-05-01,35.0,16.0,32.0,10.0, , 2
2020-05-02,39.0,19.0,32.0,15.0, , 2
2020-05-03,49.0,17.0,34.0,13.0, , 2
2020-05-04,40.0,15.0,36.0,9.0, , 2
2020-05-05,30.0,18.0,36.0,17.0, , 2
2020-05-06,36.0,28.0,43.0,25.0, , 3
2020-05-07,59.0,37.0,48.0,32.0, 1, 4
2020-05-08,81.0,35.0,47.0,19.0, , 3
2020-05-09,73.0,26.0,34.0,7.0, , 2
2020-05-10,57.0,23.0,27.0,9.0, , 2
2020-05-11,34.0,20.0,33.0,12.0, , 3
2020-05-12,35.0,14.0,28.0,16.0, , 2
2020-05-13,30.0,23.0,33.0,16.0, , 2
2020-05-14,26.0,21.0,32.0,18.0, , 2
2020-05-15,41.0,15.0,33.0,13.0, , 2
2020-05-16,35.0,18.0,35.0,15.0, , 2
2020-05-17,43.0,22.0,32.0,15.0, , 2
2020-05-18,55.0,27.0,30.0,21.0, 1, 3
2020-05-19,47.0,21.0,33.0,18.0, , 3
2020-05-20,53.0,22.0,44.0,18.0, , 3
2020-05-21,38.0,28.0,31.0,19.0, , 3
2020-05-22,55.0,31.0,31.0,7.0, , 2
2020-05-23,56.0,28.0,25.0,7.0, , 2
2020-05-24,48.0,23.0,27.0,13.0, , 3
2020-05-25,43.0,23.0,35.0,19.0, , 3
2020-05-26,50.0,26.0,29.0,15.0, , 2
2020-05-27,46.0,17.0,29.0,17.0, , 2
2020-05-28,33.0,23.0,36.0,18.0, , 2
2020-05-29,37.0,19.0,42.0,11.0, , 2
2020-05-30,40.0,18.0,33.0,10.0, , 2
2020-05-31,46.0,22.0,35.0,14.0, , 2
2020-06-01,39.0,31.0,42.0,25.0, 1, 4
2020-06-02,61.0,27.0,34.0,19.0, , 3
2020-06-03,54.0,23.0,32.0,11.0, , 2
2020-06-04,28.0,11.0,26.0,12.0, , 2
2020-06-05,23.0,15.0,26.0,8.0, , 2
2020-06-06,31.0,13.0,26.0,6.0, , 2
2020-06-07,26.0,13.0,26.0,13.0, , 2
2020-06-08,28.0,23.0,30.0,18.0, , 2
2020-06-09,31.0,21.0,28.0,22.0, , 2
2020-06-10,37.0,18.0,28.0,19.0, , 3
2020-06-11,46.0,22.0,39.0,16.0, , 3
2020-06-12,53.0,19.0,43.0,14.0, , 3
2020-06-13,34.0,33.0,31.0,17.0, , 3
2020-06-14,87.0,23.0,34.0,19.0, , 2
2020-06-15,45.0,29.0,33.0,32.0, , 3
2020-06-16,60.0,23.0,36.0,17.0, , 2
2020-06-17,34.0,17.0,37.0,17.0, , 3
2020-06-18,25.0,21.0,33.0,18.0, , 4
2020-06-19,37.0,19.0,27.0,10.0, , 4
2020-06-20,32.0,19.0,29.0,11.0, , 4
2020-06-21,44.0,32.0,26.0,14.0, , 3
2020-06-22,51.0,27.0,42.0,22.0, 1, 3
2020-06-23,56.0,28.0,51.0,21.0, , 3
2020-06-24,61.0,23.0,47.0,19.0, , 3
2020-06-25,57.0,28.0,63.0,20.0, , 3
2020-06-26,58.0,23.0,30.0,13.0, , 3
2020-06-27,57.0,19.0,29.0,6.0, , 2
2020-06-28,33.0,25.0,27.0,9.0, , 2
2020-06-29,48.0,23.0,22.0,9.0, , 2
2020-06-30,34.0,18.0,24.0,10.0, , 2
2020-01-01,60.262133450098744,27.0,7.0,18.0, , 3
2020-01-02,84.0,20.0,22.0,15.0, , 2
2020-01-03,44.0,24.0,22.0,13.0, , 2
2020-01-04,46.0,16.0,21.0,20.0, , 2
2020-01-05,39.0,20.0,16.0,21.0, , 2
2020-01-06,58.0,27.0,13.0,22.0, , 3
2020-01-07,57.0,17.0,18.0,18.0, , 2
2020-01-08,47.0,17.0,12.0,18.0, , 2
2020-01-09,45.0,19.0,24.0,19.0, , 2
2020-01-10,35.0,18.0,20.0,18.0, , 2
2020-01-11,45.0,16.0,24.0,12.0, , 2
2020-01-12,38.0,21.0,18.0,21.0, , 2
2020-01-13,48.0,9.0,23.0,13.0, , 2
2020-01-14,30.0,12.0,25.0,15.0, , 2
2020-01-15,31.0,19.0,17.0,22.0, , 3
2020-01-16,49.0,17.0,27.0,17.0, , 2
2020-01-17,43.0,17.0,22.0,20.0, , 2
2020-01-18,34.0,33.0,25.0,19.0, , 2
2020-01-19,69.0,26.0,8.0,35.0, , 4
2020-01-20,48.0,34.0,27.51663285706713,32.0, , 4
2020-01-21,88.0,34.0,5.0,32.0, , 4
2020-01-22,84.0,25.0,4.0,31.0, , 4
2020-01-23,62.0,42.0,4.0,28.0, , 4
2020-01-24,106.0,37.0,6.0,21.0, , 3
2020-01-25,95.0,31.0,12.0,16.0, , 3
2020-01-26,79.0,16.0,15.0,17.0, , 3
2020-01-27,39.0,9.0,26.0,11.0, , 1
2020-01-28,16.0,18.0,25.0,11.0, , 1
2020-01-29,33.0,20.0,25.0,15.0, , 2
2020-01-30,45.0,15.0,18.0,14.0, , 2
2020-01-31,35.0,16.0,29.0,10.0, , 2
2020-02-01,37.0,21.0,25.0,15.0, , 2
2020-02-02,43.0,27.0,25.0,14.0, , 2
2020-02-03,61.0,20.0,26.0,17.0, , 2
2020-02-04,36.0,29.0,23.0,28.0, , 3
2020-02-05,44.0,32.0,18.0,28.0, , 4
2020-02-06,56.0,35.0,11.0,28.0, , 4
2020-02-07,85.0,25.0,11.0,22.0, , 4
2020-02-08,67.0,13.0,32.0,7.0, , 2
2020-02-09,37.0,25.0,30.0,6.0, , 2
2020-02-10,48.0,20.0,30.0,7.0, , 2
2020-02-11,51.0,20.0,29.0,12.0, , 2
2020-02-12,37.0,21.0,24.0,22.0, , 5
2020-02-13,40.0,19.0,22.0,19.0, , 3
2020-02-14,41.0,21.0,26.0,12.0, , 3
2020-02-15,47.0,15.0,33.0,6.0, , 2
2020-02-16,25.0,25.0,31.0,9.0, , 2
2020-02-17,44.0,22.0,28.0,9.0, , 2
2020-02-18,42.0,23.0,28.0,12.0, , 2
2020-02-19,41.0,19.0,29.0,15.0, , 2
2020-02-20,36.0,23.0,27.0,11.0, , 2
2020-02-21,46.0,27.0,31.0,8.0, , 2
2020-02-22,52.0,22.0,29.0,9.0, , 2
2020-02-23,44.0,20.0,27.0,16.0, , 2
2020-02-24,42.0,15.0,28.0,15.0, , 2
2020-02-25,27.0,15.0,28.0,17.0, , 3
2020-02-26,25.0,19.0,29.0,25.0, , 3
2020-02-27,36.0,21.0,25.0,22.0, , 3
2020-02-28,50.0,31.0,30.0,10.0, , 3
2020-02-29,56.0,18.0,29.0,10.0, , 2
2020-03-01,32.0,18.0,22.0,24.0, , 4
2020-03-02,34.0,17.0,27.0,22.0, , 3
2020-03-03,29.0,21.0,27.0,25.0, , 4
2020-03-04,48.0,22.0,18.0,21.0, , 4
2020-03-05,56.0,30.0,27.0,18.0, , 4
2020-03-06,78.0,21.0,27.0,22.0, , 4
2020-03-07,47.0,18.0,25.0,12.0, , 3
2020-03-08,46.0,19.0,25.0,17.0, , 3
2020-03-09,42.0,16.0,26.0,10.0, , 3
2020-03-10,38.0,15.0,29.0,14.0, , 3
2020-03-11,32.0,18.0,32.0,9.0, , 3
2020-03-12,35.0,21.0,28.0,12.0, , 3
2020-03-13,38.0,22.0,27.0,18.0, , 4
2020-03-14,52.0,15.0,27.0,14.0, , 3
2020-03-15,46.0,19.0,26.0,19.0, , 3
2020-03-16,53.0,23.0,25.0,18.0, , 3
2020-03-17,51.0,20.0,26.0,15.0, , 3
2020-03-18,40.0,20.0,26.0,19.0, , 3
2020-03-19,41.0,21.0,28.0,16.0, , 3
2020-03-20,38.0,17.0,26.0,8.0, , 2
2020-03-21,37.0,12.0,31.0,7.0, , 2
2020-03-22,36.0,22.0,27.0,19.0, , 3
2020-03-23,51.0,25.0,29.0,18.0, , 4
2020-03-24,61.0,31.0,32.0,20.0, , 4
2020-03-25,69.0,34.0,36.0,17.0, , 3
2020-03-26,81.0,42.0,35.0,18.0, , 4
2020-03-27,103.0,41.0,35.0,9.0, , 3
2020-03-28,73.0,24.0,31.0,4.0, , 3
2020-03-29,39.0,20.672110632845737,28.713314871248553,15.475569974186275, , 
2019-10-01,30.0,14.0,22.0,17.0, , 2
2019-10-02,21.0,16.0,17.0,25.0, , 4
2019-10-03,32.0,13.0,13.0,20.0, , 3
2019-10-04,40.0,16.0,19.0,21.0, , 4
2019-10-05,46.0,13.0,15.0,13.0, , 3
2019-10-06,46.0,19.0,12.0,13.0, , 3
2019-10-07,61.0,20.0,20.0,20.0, , 4
2019-10-08,44.0,15.0,21.0,20.0, , 3
2019-10-09,28.0,17.0,19.0,18.0, , 3
2019-10-10,37.0,15.0,18.0,14.0, , 3
2019-10-11,37.0,9.0,27.0,20.0, , 3
2019-10-12,28.0,18.0,24.0,14.0, , 3
2019-10-13,44.0,21.0,20.0,22.0, , 4
2019-10-14,38.0,17.0,16.0,26.0, , 4
2019-10-15,45.0,15.0,13.0,20.0, , 3
2019-10-16,37.0,23.0,19.0,25.0, , 4
2019-10-17,35.0,14.0,24.0,16.0, , 3
2019-10-18,35.0,14.0,20.0,17.0, , 3
2019-10-19,34.0,22.0,12.0,23.0, , 4
2019-10-20,59.0,17.0,16.0,21.0, , 4
2019-10-21,52.0,24.0,11.0,24.0, , 5
2019-10-22,61.0,25.0,8.0,25.0, , 5
2019-10-23,69.0,26.0,20.0,18.0, , 4
2019-10-24,66.0,17.0,16.0,16.0, , 3
2019-10-25,42.0,12.0,22.0,10.0, , 2
2019-10-26,33.0,16.0,24.0,13.0, 1, 2
2019-10-27,31.0,22.0,21.0,30.0, , 4
2019-10-28,37.0,19.0,27.0,29.0, , 3
2019-10-29,35.0,22.0,16.0,24.0, , 3
2019-10-30,61.0,28.0,14.0,26.0, , 3
2019-10-31,68.0,25.0,4.0,22.0, , 4
2019-11-01,71.0,12.0,23.0,13.0, , 3
2019-11-02,34.0,11.0,15.0,18.0, , 3
2019-11-03,33.0,18.0,12.0,25.0, , 4
2019-11-04,56.0,18.0,6.0,26.0, , 4
2019-11-05,50.0,20.0,18.0,28.0, , 3
2019-11-06,33.0,18.0,13.0,23.0, , 4
2019-11-07,49.0,20.0,10.0,26.0, 1, 4
2019-11-08,53.0,17.0,21.0,19.0, , 3
2019-11-09,47.0,26.0,13.0,26.0, , 5
2019-11-10,74.0,19.0,15.0,22.0, , 4
2019-11-11,56.0,11.0,20.0,22.0, , 3
2019-11-12,31.0,14.0,14.0,28.0, , 4
2019-11-13,44.0,16.0,7.0,22.0, , 4
2019-11-14,54.0,29.0,9.0,18.0, , 3
2019-11-15,80.0,25.0,3.0,27.0, , 5
2019-11-16,69.0,28.0,8.0,21.0, , 4
2019-11-17,76.0,21.0,19.0,23.0, , 2
2019-11-18,47.0,16.0,22.0,32.0, , 4
2019-11-19,40.0,29.0,8.0,33.0, , 5
2019-11-20,74.0,30.0,11.0,20.0, , 4
2019-11-21,90.0,21.0,10.0,25.0, , 5
2019-11-22,56.0,21.0,6.0,15.0, , 4
2019-11-23,68.0,33.0,3.0,20.0, , 6
2019-11-24,87.0,25.0,3.0,19.0, , 5
2019-11-25,74.0,19.0,12.0,20.0, , 3
2019-11-26,53.0,12.0,15.0,19.0, , 3
2019-11-27,35.0,14.0,21.0,15.0, , 3
2019-11-28,30.0,25.0,22.0,24.0, , 2
2019-11-29,43.0,21.0,13.0,39.0, , 6
2019-11-30,50.0,22.0,12.0,31.0, , 5
2019-12-01,59.0,13.0,16.0,27.0, , 3
2019-12-02,26.0,14.0,14.0,19.0, , 3
2019-12-03,26.0,34.0,1.0,40.0, 1, 7
2019-12-04,78.0,32.0,1.0,27.0, , 5
2019-12-05,89.0,20.0,14.0,17.0, , 3
2019-12-06,58.0,18.0,22.0,14.0, , 2
2019-12-07,41.0,17.0,28.0,10.0, , 2
2019-12-08,39.0,21.0,27.0,16.0, , 2
2019-12-09,37.0,21.0,22.0,19.0, , 2
2019-12-10,49.0,22.0,17.0,27.0, , 4
2019-12-11,47.0,17.0,19.0,21.0, , 3
2019-12-12,43.0,13.0,21.0,22.0, , 3
2019-12-13,35.0,18.0,30.0,15.0, , 2
2019-12-14,38.0,19.0,31.0,13.0, , 2
2019-12-15,42.0,20.0,18.0,28.0, , 3
2019-12-16,55.0,17.0,15.0,23.0, , 3
2019-12-17,53.0,19.0,19.0,25.0, , 3
2019-12-18,54.0,22.0,12.0,20.0, , 3
2019-12-19,52.0,11.0,22.0,18.0, , 3
2019-12-20,28.0,12.0,20.0,15.0, , 2
2019-12-21,29.0,13.0,20.0,12.0, , 2
2019-12-22,33.0,17.0,21.0,16.0, , 2
2019-12-23,35.0,22.0,24.0,16.0, , 2
2019-12-24,44.0,16.0,22.0,14.0, , 2
2019-12-25,35.0,21.0,12.0,21.0, , 3
2019-12-26,58.0,19.0,15.0,19.0, , 3
2019-12-27,61.0,30.0,6.0,22.0, , 4
2019-12-28,84.0,30.0,4.0,22.0, 1, 4
2019-12-29,83.0,32.40667276260327,25.371470982263915,20.6448991868167, , 
2019-07-01,43.0,14.0,25.0,13.0, , 2
2019-07-02,31.0,16.0,27.0,15.0, , 2
2019-07-03,35.0,19.0,30.0,17.0, , 2
2019-07-04,34.0,19.0,31.0,15.0, 1, 3
2019-07-05,50.0,18.0,21.0,14.0, 1, 3
2019-07-06,45.0,12.0,22.0,5.0, , 1
2019-07-07,19.0,11.0,22.0,9.0, , 1
2019-07-08,11.0,17.0,24.0,15.0, , 2
2019-07-09,28.0,22.0,18.0,26.0, , 4
2019-07-10,50.0,33.0,28.0,25.0, , 4
2019-07-11,91.0,23.0,21.0,19.0, , 3
2019-07-12,60.0,13.0,25.0,8.0, , 2
2019-07-13,39.0,11.0,23.0,5.0, , 2
2019-07-14,28.0,14.0,20.0,10.0, , 3
2019-07-15,31.0,13.0,19.0,14.0, 1, 3
2019-07-16,35.0,21.0,28.0,24.0, , 3
2019-07-17,51.0,25.0,27.0,22.0, , 4
2019-07-18,58.0,22.0,26.0,18.0, , 4
2019-07-19,52.0,17.0,26.0,17.0, , 3
2019-07-20,47.0,14.0,25.0,10.0, , 2
2019-07-21,40.0,14.0,22.0,16.0, , 3
2019-07-22,37.0,21.0,65.0,24.0, 1, 4
2019-07-23,57.0,32.0,26.46075917026729,29.0, , 4
2019-07-24,70.0,41.0,24.77586717572643,40.0, , 5
2019-07-25,87.0,38.0,24.727570806288732,28.0, 1, 4
2019-07-26,84.0,31.0,54.0,19.0, , 3
2019-07-27,71.0,31.0,33.0,16.0, 1, 4
2019-07-28,76.0,18.0,30.0,18.0, , 3
2019-07-29,45.0,26.0,43.0,23.0, , 3
2019-07-30,51.0,17.0,23.0,13.0, , 3
2019-07-31,46.0,19.0,32.0,14.0, , 3
2019-08-01,48.0,18.0,29.0,15.0, , 3
2019-08-02,48.0,17.0,28.0,12.0, 1, 2
2019-08-03,35.0,17.0,37.0,21.0, , 4
2019-08-04,45.0,19.0,28.0,17.0, , 3
2019-08-05,51.0,20.0,28.0,14.0, , 3
2019-08-06,43.0,17.0,26.0,12.0, , 3
2019-08-07,40.0,18.0,29.0,13.0, , 3
2019-08-08,37.0,19.0,21.0,20.0, , 3
2019-08-09,53.0,24.0,27.0,9.0, , 2
2019-08-10,50.0,25.0,25.0,6.0, , 2
2019-08-11,51.0,19.0,24.0,6.0, , 3
2019-08-12,39.0,13.0,28.0,12.0, , 3
2019-08-13,34.0,16.0,26.0,19.0, , 3
2019-08-14,48.0,15.0,23.0,11.0, , 3
2019-08-15,40.0,20.0,25.0,22.0, , 4
2019-08-16,45.0,14.0,18.0,13.0, , 3
2019-08-17,38.0,17.0,27.0,12.0, , 3
2019-08-18,42.0,23.0,28.0,13.0, , 3
2019-08-19,44.0,17.0,34.0,15.0, , 3
2019-08-20,41.0,24.0,34.0,24.0, , 4
2019-08-21,53.0,28.0,37.0,30.0, , 4
2019-08-22,61.0,24.0,39.0,29.0, , 4
2019-08-23,56.0,30.0,63.0,28.0, , 4
2019-08-24,69.0,30.0,23.406423119737692,32.0, 1, 4
2019-08-25,79.0,35.0,23.73136632189876,32.0, , 4
2019-08-26,84.0,37.0,23.728576182914896,32.0, 1, 4
2019-08-27,95.0,31.0,41.0,32.0, , 4
2019-08-28,108.0,9.0,31.0,15.0, , 3
2019-08-29,32.0,21.0,29.0,21.0, , 4
2019-08-30,55.0,33.0,48.0,27.0, 1, 5
2019-08-31,77.0,13.0,26.0,10.0, , 2
2019-09-01,34.0,15.0,29.0,16.0, , 3
2019-09-02,30.0,17.0,29.0,15.0, , 3
2019-09-03,32.0,18.0,19.0,17.0, , 3
2019-09-04,39.0,18.0,24.0,11.0, , 2
2019-09-05,31.0,19.0,22.0,21.0, , 3
2019-09-06,37.0,15.0,22.0,17.0, , 3
2019-09-07,36.0,20.0,26.0,14.0, , 2
2019-09-08,38.0,14.0,23.0,23.0, , 4
2019-09-09,27.0,21.0,25.0,26.0, , 4
2019-09-10,46.0,16.0,15.0,17.0, , 3
2019-09-11,51.0,19.0,20.0,16.0, , 4
2019-09-12,45.0,20.0,22.0,7.0, , 2
2019-09-13,40.0,17.0,28.0,11.0, , 3
2019-09-14,35.0,21.0,27.0,14.0, , 3
2019-09-15,49.0,17.0,21.0,14.0, , 3
2019-09-16,31.0,30.0,22.0,20.0, , 3
2019-09-17,39.0,32.0,23.0,22.0, , 3
2019-09-18,36.0,19.0,24.0,24.0, , 3
2019-09-19,30.0,20.0,25.0,27.0, , 4
2019-09-20,39.0,19.0,28.0,22.0, , 3
2019-09-21,41.0,21.0,34.0,23.0, , 4
2019-09-22,46.0,20.0,22.0,19.0, , 4
2019-09-23,46.0,16.0,16.0,18.0, 1, 3
2019-09-24,29.0,18.0,14.0,18.0, 1, 4
2019-09-25,43.0,16.0,15.0,18.0, , 4
2019-09-26,44.0,19.0,19.0,14.0, , 3
2019-09-27,40.0,17.0,24.0,12.0, , 3
2019-09-28,36.0,14.0,22.0,9.0, , 2
2019-09-29,34.0,15.0,24.0,15.0, , 3
2019-09-30,35.0,14.0,21.0,18.0, , 3
2019-04-01,45.0,38.0,24.0,31.0, 1, 4
2019-04-02,90.0,17.0,28.0,28.0, , 4
2019-04-03,47.0,21.0,23.0,32.0, , 4
2019-04-04,59.0,23.0,36.0,30.0, , 3
2019-04-05,55.0,36.0,24.0,17.0, , 4
2019-04-06,100.0,44.0,43.0,20.0, , 4
2019-04-07,122.0,41.0,39.0,27.0, , 4
2019-04-08,98.0,26.0,39.0,19.0, , 3
2019-04-09,68.0,17.0,33.0,19.0, , 3
2019-04-10,44.0,22.0,34.0,24.0, , 3
2019-04-11,53.0,18.0,34.0,15.0, , 3
2019-04-12,50.0,15.0,35.0,8.0, , 3
2019-04-13,47.0,21.0,34.0,12.0, , 3
2019-04-14,64.0,30.0,29.0,25.0, , 4
2019-04-15,76.0,27.0,31.0,20.0, , 3
2019-04-16,67.0,29.0,27.0,36.0, , 5
2019-04-17,73.0,33.0,46.0,25.0, , 3
2019-04-18,73.0,33.0,46.0,28.0, , 3
2019-04-19,70.0,35.0,60.0,23.0, , 3
2019-04-20,82.0,54.0,60.0,20.0, 1, 4
2019-04-21,131.0,39.0,59.0,24.0, 1, 4
2019-04-22,101.0,33.0,47.0,21.0, , 3
2019-04-23,64.0,46.0,40.0,21.0, , 4
2019-04-24,69.0,12.0,28.0,19.0, , 3
2019-04-25,44.0,14.0,31.0,21.0, , 3
2019-04-26,49.0,14.0,29.0,15.0, , 3
2019-04-27,46.0,11.0,21.0,18.0, , 3
2019-04-28,38.0,18.0,35.0,21.0, , 3
2019-04-29,47.0,21.0,36.0,21.0, , 3
2019-04-30,50.0,25.0,37.0,21.0, 1, 3
2019-05-01,60.0,28.0,30.0,21.0, , 3
2019-05-02,71.0,20.0,34.0,16.0, , 3
2019-05-03,35.0,16.0,30.0,11.0, , 2
2019-05-04,32.0,19.0,34.0,9.0, , 2
2019-05-05,42.0,19.0,26.0,21.0, , 3
2019-05-06,45.0,22.0,28.0,27.0, , 4
2019-05-07,50.0,24.0,28.0,23.0, , 4
2019-05-08,58.0,19.0,29.0,21.0, , 3
2019-05-09,51.0,18.0,34.0,18.0, 1, 3
2019-05-10,44.0,16.0,38.0,13.0, , 2
2019-05-11,41.0,13.0,35.0,12.0, , 2
2019-05-12,36.0,16.0,30.0,10.0, , 2
2019-05-13,40.0,18.0,38.0,22.0, , 2
2019-05-14,44.0,20.0,38.0,15.0, , 2
2019-05-15,42.0,17.0,35.0,17.0, , 2
2019-05-16,42.0,17.0,26.0,18.0, , 3
2019-05-17,53.0,32.0,29.0,19.0, , 4
2019-05-18,88.0,34.0,33.0,8.0, , 3
2019-05-19,100.0,23.0,30.0,12.0, , 3
2019-05-20,66.0,21.0,34.0,11.0, , 3
2019-05-21,57.0,21.0,34.0,16.0, , 3
2019-05-22,55.0,24.0,43.0,28.0, 1, 4
2019-05-23,60.0,28.0,30.0,27.0, 1, 4
2019-05-24,63.0,18.0,29.0,14.0, 1, 3
2019-05-25,50.0,26.0,25.0,14.0, , 3
2019-05-26,58.0,15.0,27.0,12.0, , 3
2019-05-27,43.0,16.0,32.0,24.0, , 3
2019-05-28,37.0,18.0,36.0,23.0, , 3
2019-05-29,45.0,14.0,26.0,12.0, , 3
2019-05-30,43.0,14.0,25.0,12.0, , 3
2019-05-31,44.0,15.0,30.0,16.0, , 3
2019-06-01,45.0,19.0,46.0,21.0, , 3
2019-06-02,58.0,15.0,28.0,14.0, , 3
2019-06-03,50.0,22.0,38.0,26.0, 1, 3
2019-06-04,58.0,18.0,26.0,22.0, , 4
2019-06-05,59.0,11.0,32.0,15.0, , 3
2019-06-06,20.0,19.0,35.0,24.0, , 4
2019-06-07,32.0,17.0,28.0,7.0, , 2
2019-06-08,50.0,22.0,29.0,13.0, , 3
2019-06-09,56.0,18.0,35.0,13.0, , 3
2019-06-10,59.0,13.0,34.0,17.0, , 3
2019-06-11,45.0,14.0,27.0,32.0, , 4
2019-06-12,44.0,12.0,27.0,20.0, , 3
2019-06-13,33.0,17.0,30.0,24.0, 1, 3
2019-06-14,46.0,13.0,34.0,17.0, , 3
2019-06-15,44.0,16.0,23.0,16.0, , 3
2019-06-16,49.0,16.0,24.0,21.0, 1, 3
2019-06-17,45.0,31.0,35.0,32.0, 2, 3
2019-06-18,59.0,17.0,37.0,24.0, , 3
2019-06-19,37.0,43.0,35.0,17.0, , 3
2019-06-20,50.0,18.0,31.0,16.0, , 3
2019-06-21,43.0,19.0,38.0,18.0, , 2
2019-06-22,48.0,20.0,48.0,15.0, , 3
2019-06-23,70.0,31.0,46.0,30.0, , 4
2019-06-24,63.0,35.0,26.122338390168977,31.0, , 5
2019-06-25,83.0,32.0,47.0,19.0, , 3
2019-06-26,73.0,19.0,30.0,12.0, , 2
2019-06-27,40.0,26.0,32.0,15.0, , 2
2019-06-28,50.0,26.0,26.740456981919923,24.0, , 4
2019-06-29,61.0,26.0,38.0,22.0, , 3
2019-06-30,63.0,16.0,28.0,11.0, , 2
2019-01-01,76.0,28.0,29.0,19.0, , 2
2019-01-02,51.0,25.0,23.0,31.0, , 3
2019-01-03,45.0,20.0,21.0,18.0, , 2
2019-01-04,41.0,14.0,25.0,12.0, , 2
2019-01-05,35.0,15.0,22.0,18.0, , 2
2019-01-06,42.0,23.0,19.0,18.0, , 3
2019-01-07,60.0,24.0,29.0,9.0, 1, 2
2019-01-08,60.0,22.0,28.0,16.0, , 2
2019-01-09,47.0,27.0,17.0,35.0, , 4
2019-01-10,48.0,17.0,22.0,20.0, , 2
2019-01-11,35.0,17.0,23.0,13.0, 1, 2
2019-01-12,40.0,17.0,25.0,10.0, , 2
2019-01-13,42.0,19.0,26.0,17.0, , 2
2019-01-14,47.0,19.0,20.0,19.0, , 2
2019-01-15,44.0,17.0,23.0,18.0, , 2
2019-01-16,49.0,16.0,25.0,17.0, , 2
2019-01-17,41.0,26.0,15.0,41.0, , 4
2019-01-18,55.0,27.0,11.0,26.0, , 4
2019-01-19,78.0,26.0,13.0,28.0, 1, 5
2019-01-20,72.0,41.0,4.0,41.0, , 8
2019-01-21,104.0,45.0,6.0,26.0, 1, 4
2019-01-22,116.0,31.0,16.0,24.0, , 3
2019-01-23,91.0,46.0,9.0,28.0, , 5
2019-01-24,127.0,43.0,12.0,27.0, , 4
2019-01-25,114.0,13.0,22.0,14.0, , 2
2019-01-26,39.0,10.0,25.0,11.0, , 2
2019-01-27,34.0,15.0,22.0,15.0, , 2
2019-01-28,37.0,18.0,21.0,30.0, , 4
2019-01-29,44.0,23.0,14.0,28.0, , 5
2019-01-30,59.0,26.0,18.0,31.0, , 4
2019-01-31,61.0,34.0,12.0,27.0, , 4
2019-02-01,72.0,48.0,6.0,23.0, , 5
2019-02-02,120.0,19.0,19.0,25.0, , 4
2019-02-03,59.0,18.0,14.0,23.0, 1, 3
2019-02-04,53.0,35.0,9.0,26.0, , 4
2019-02-05,90.0,20.0,9.0,27.0, 1, 4
2019-02-06,67.0,17.0,27.0,14.0, , 2
2019-02-07,49.0,14.0,22.0,18.0, , 3
2019-02-08,45.0,22.0,30.0,9.0, , 2
2019-02-09,50.0,9.0,26.0,16.0, , 3
2019-02-10,34.0,23.0,24.0,21.0, 1, 3
2019-02-11,47.0,22.0,20.0,24.0, 1, 3
2019-02-12,48.0,29.0,15.0,27.0, 1, 4
2019-02-13,70.0,36.0,10.0,35.0, 2, 6
2019-02-14,90.0,34.0,9.0,41.0, 4, 6
2019-02-15,74.0,42.0,13.0,35.0, 2, 6
2019-02-16,103.0,41.0,21.0,30.0, 1, 5
2019-02-17,112.0,38.0,18.0,32.0, 1, 5
2019-02-18,84.0,21.0,23.0,13.0, , 3
2019-02-19,49.0,25.0,27.0,20.0, 1, 4
2019-02-20,56.0,30.0,14.0,26.0, , 4
2019-02-21,78.0,34.0,8.0,29.0, , 5
2019-02-22,80.0,29.0,13.0,22.0, , 5
2019-02-23,82.0,31.0,20.0,32.0, 2, 6
2019-02-24,84.0,49.0,12.0,42.0, 2, 7
2019-02-25,96.0,56.0,13.0,47.0, 3, 10
2019-02-26,112.0,46.0,13.0,42.0, 4, 7
2019-02-27,104.0,45.0,24.0,31.0, , 4
2019-02-28,111.0,31.0,26.0,20.0, , 3
2019-03-01,74.0,26.0,25.0,18.0, , 4
2019-03-02,72.0,12.0,26.0,10.0, , 3
2019-03-03,37.0,13.0,30.0,10.0, 1, 2
2019-03-04,37.0,17.0,29.0,18.0, , 3
2019-03-05,42.0,15.0,18.0,13.0, , 4
2019-03-06,48.0,15.0,30.0,10.0, , 3
2019-03-07,44.0,21.0,32.0,16.0, , 3
2019-03-08,52.0,19.0,34.0,13.0, , 2
2019-03-09,46.0,13.0,30.0,19.0, , 3
2019-03-10,39.0,20.0,32.0,12.0, , 3
2019-03-11,50.0,21.0,30.0,20.0, , 3
2019-03-12,49.0,23.0,31.0,14.0, , 2
2019-03-13,56.0,19.0,32.0,14.0, , 3
2019-03-14,45.0,18.0,30.0,17.0, , 3
2019-03-15,40.0,18.0,34.0,12.0, , 2
2019-03-16,48.0,12.0,34.0,12.0, , 2
2019-03-17,28.0,23.0,32.0,19.0, 1, 3
2019-03-18,47.0,30.0,24.0,32.0, , 5
2019-03-19,67.0,27.0,26.0,25.0, , 4
2019-03-20,69.0,23.0,20.0,27.0, , 4
2019-03-21,59.0,49.0,20.0,25.0, , 4
2019-03-22,132.0,31.0,30.0,23.0, , 3
2019-03-23,80.0,25.0,32.0,23.0, 1, 3
2019-03-24,55.0,34.0,35.0,13.0, , 3
2019-03-25,55.0,30.0,35.0,18.0, , 3
2019-03-26,50.0,27.0,25.0,24.0, 2, 4
2019-03-27,61.0,31.0,18.0,34.0, , 4
2019-03-28,66.0,51.0,22.0,39.0, 1, 6
2019-03-29,117.0,56.0,29.0,32.0, 3, 5
2019-03-30,139.0,25.0,37.0,14.0, , 2
2019-03-31,59.0,19.0,34.0,23.0, , 3
2018-10-01,36.0,22.0,25.0,19.0, , 2
2018-10-02,43.0,30.0,26.0,20.0, , 2
2018-10-03,50.0,26.0,11.0,24.0, , 4
2018-10-04,58.0,43.0,18.0,33.0, 1, 6
2018-10-05,88.0,43.0,19.0,31.0, 1, 7
2018-10-06,90.0,15.0,29.0,18.0, , 3
2018-10-07,31.0,22.0,19.0,30.0, , 4
2018-10-08,49.0,29.0,19.0,33.0, 1, 4
2018-10-09,64.0,44.0,26.0,36.0, 1, 5
2018-10-10,104.0,29.0,20.0,28.0, , 4
2018-10-11,63.0,18.0,22.0,23.0, , 3
2018-10-12,42.0,21.0,30.0,22.0, , 3
2018-10-13,52.0,20.0,31.0,21.0, , 3
2018-10-14,55.0,25.0,21.0,31.0, , 4
2018-10-15,60.0,43.0,14.0,41.0, 1, 7
2018-10-16,87.0,33.0,23.0,28.0, , 3
2018-10-17,70.0,23.0,24.0,28.0, , 2
2018-10-18,46.0,25.0,25.0,31.0, , 3
2018-10-19,51.0,36.0,19.0,37.0, , 5
2018-10-20,69.0,41.0,18.0,31.0, 2, 4
2018-10-21,90.0,26.0,24.0,27.0, , 2
2018-10-22,51.0,31.0,21.0,14.0, , 2
2018-10-23,52.0,19.0,17.0,13.0, , 2
2018-10-24,36.0,18.0,19.0,22.0, , 2
2018-10-25,37.0,15.0,23.0,22.0, , 2
2018-10-26,42.0,12.0,20.0,27.0, , 2
2018-10-27,33.0,8.0,22.0,12.0, , 1
2018-10-28,21.0,13.0,17.0,17.0, , 2
2018-10-29,34.0,11.0,17.0,13.0, , 3
2018-10-30,34.0,20.0,14.0,24.0, , 4
2018-10-31,49.0,17.0,9.0,26.0, , 3
2018-11-01,51.0,15.0,21.0,27.0, , 3
2018-11-02,40.0,25.0,11.0,31.0, , 4
2018-11-03,65.0,33.0,6.0,26.0, , 5
2018-11-04,88.0,34.0,2.0,19.0, , 4
2018-11-05,90.0,30.0,4.0,29.0, , 5
2018-11-06,71.0,15.0,15.0,23.0, , 3
2018-11-07,51.0,26.0,15.0,30.0, , 4
2018-11-08,50.0,29.0,11.0,26.0, , 4
2018-11-09,68.0,13.0,15.0,18.0, , 3
2018-11-10,45.0,12.0,19.0,16.0, , 2
2018-11-11,41.0,18.0,7.0,30.0, , 4
2018-11-12,61.0,23.0,21.0,23.0, , 3
2018-11-13,56.0,26.0,9.0,28.0, 1, 4
2018-11-14,57.0,27.0,3.0,30.0, , 4
2018-11-15,69.0,33.0,1.0,26.0, , 4
2018-11-16,88.0,32.0,9.0,20.0, , 3
2018-11-17,86.0,26.0,17.0,16.0, , 2
2018-11-18,81.0,13.0,16.0,15.0, , 1
2018-11-19,35.0,20.0,17.0,13.0, , 2
2018-11-20,64.0,31.0,9.0,19.0, , 3
2018-11-21,93.0,42.0,3.0,17.0, , 4
2018-11-22,113.0,37.0,22.54525451428911,22.0, , 5
2018-11-23,100.0,30.0,6.0,16.0, , 3
2018-11-24,88.0,34.0,5.0,14.0, , 3
2018-11-25,99.0,35.0,7.0,15.0, , 3
2018-11-26,99.0,35.0,6.0,23.0, , 4
2018-11-27,91.0,21.0,9.0,19.0, , 3
2018-11-28,65.0,14.0,13.0,22.0, , 3
2018-11-29,42.0,19.0,17.0,24.0, , 3
2018-11-30,46.0,18.0,17.0,19.0, 1, 3
2018-12-01,51.0,11.0,21.0,12.0, 1, 2
2018-12-02,38.0,22.0,23.0,14.0, , 2
2018-12-03,55.0,25.0,17.0,36.0, , 4
2018-12-04,52.0,25.0,6.0,29.0, , 4
2018-12-05,63.0,19.0,26.0,19.0, , 2
2018-12-06,54.0,12.0,26.0,15.0, , 2
2018-12-07,39.0,20.0,32.0,8.0, , 1
2018-12-08,45.0,19.0,32.0,8.0, , 1
2018-12-09,42.0,19.0,29.0,14.0, , 2
2018-12-10,46.0,24.0,22.0,31.0, , 3
2018-12-11,48.0,26.0,14.0,31.0, , 5
2018-12-12,60.0,18.0,10.0,19.0, , 2
2018-12-13,62.0,22.0,5.0,19.0, , 3
2018-12-14,69.0,30.0,11.0,17.0, , 3
2018-12-15,81.0,30.0,9.0,19.0, , 4
2018-12-16,88.0,20.0,14.0,27.0, , 3
2018-12-17,56.0,25.0,14.0,24.0, , 3
2018-12-18,60.0,17.0,13.0,25.0, , 3
2018-12-19,51.0,18.0,19.0,25.0, , 2
2018-12-20,52.0,15.0,24.0,15.0, , 2
2018-12-21,42.0,17.0,24.0,15.0, , 2
2018-12-22,38.0,18.0,21.0,24.0, , 2
2018-12-23,42.0,16.0,20.0,24.0, , 3
2018-12-24,45.0,18.0,21.0,20.0, , 2
2018-12-25,49.0,32.0,8.0,23.0, , 4
2018-12-26,83.0,40.0,1.0,34.0, 2, 7
2018-12-27,103.0,44.0,23.519659566698916,32.0, , 8
2018-12-28,110.0,25.0,27.0,18.0, , 2
2018-12-29,60.0,21.0,26.0,17.0, , 2
2018-12-30,42.0,21.472194414420116,28.48546187881778,15.828024238683803, , 
2018-07-01,47.0,19.0,42.0,22.0, , 2
2018-07-02,37.0,18.0,39.0,22.0, , 2
2018-07-03,39.0,22.0,36.0,22.0, , 2
2018-07-04,45.0,17.0,23.0,16.0, , 2
2018-07-05,41.0,25.0,34.0,24.0, , 2
2018-07-06,53.0,21.0,32.0,20.0, 1, 2
2018-07-07,40.0,19.0,32.0,14.0, , 2
2018-07-08,48.0,27.0,24.0,19.0, , 2
2018-07-09,48.0,32.0,29.0,14.0, , 2
2018-07-10,48.0,36.0,31.0,21.0, , 2
2018-07-11,59.0,33.0,28.0,15.0, , 2
2018-07-12,62.0,25.0,30.0,21.0, , 2
2018-07-13,51.0,15.0,32.0,20.0, , 2
2018-07-14,49.0,15.0,43.0,19.0, , 2
2018-07-15,40.0,28.0,57.0,29.0, 1, 3
2018-07-16,53.0,26.0,42.0,22.0, 1, 3
2018-07-17,63.0,25.0,32.0,22.0, 2, 3
2018-07-18,52.0,31.0,35.0,21.0, , 2
2018-07-19,63.0,24.0,40.0,22.0, , 2
2018-07-20,48.0,22.0,43.0,15.0, 1, 2
2018-07-21,50.0,21.0,44.0,20.0, 1, 3
2018-07-22,64.0,30.0,33.0,28.0, 2, 3
2018-07-23,61.0,40.0,53.0,28.0, 1, 4
2018-07-24,63.0,29.0,49.0,32.0, , 3
2018-07-25,85.0,37.0,24.39588881515904,29.0, , 3
2018-07-26,87.0,37.0,21.463420468487655,39.0, 1, 4
2018-07-27,77.0,30.0,40.0,20.0, , 3
2018-07-28,61.0,23.0,36.0,19.0, 1, 2
2018-07-29,48.0,20.0,29.0,19.0, 1, 3
2018-07-30,56.0,19.0,30.0,19.0, , 3
2018-07-31,61.0,22.0,28.0,24.0, 1, 3
2018-08-01,46.0,29.0,41.0,28.0, 3, 3
2018-08-02,59.0,31.0,48.0,32.0, 1, 3
2018-08-03,58.0,18.0,30.0,16.0, , 2
2018-08-04,40.0,13.0,32.0,11.0, 1, 2
2018-08-05,31.0,25.0,49.0,24.0, 1, 3
2018-08-06,47.0,34.0,27.11601357552047,34.0, 1, 4
2018-08-07,65.0,28.0,43.0,18.0, , 3
2018-08-08,49.0,23.0,31.0,26.0, , 3
2018-08-09,51.0,15.0,26.0,15.0, , 2
2018-08-10,39.0,12.0,29.0,14.0, , 2
2018-08-11,31.0,16.0,34.0,20.0, 4, 3
2018-08-12,46.0,18.0,27.0,22.0, , 3
2018-08-13,54.0,14.0,31.0,13.0, , 2
2018-08-14,31.0,25.0,22.0,19.0, , 3
2018-08-15,53.0,17.0,26.0,16.0, , 3
2018-08-16,42.0,19.0,26.0,17.0, , 3
2018-08-17,42.0,20.0,23.0,16.0, , 3
2018-08-18,43.0,24.0,22.0,12.0, 1, 3
2018-08-19,52.0,17.0,20.0,13.0, , 2
2018-08-20,36.0,22.0,24.0,23.0, 1, 3
2018-08-21,49.0,23.0,31.0,22.0, 1, 4
2018-08-22,63.0,27.0,16.0,20.0, 1, 3
2018-08-23,61.0,17.0,23.0,15.0, , 3
2018-08-24,41.0,10.0,21.0,16.0, , 2
2018-08-25,32.0,14.0,30.0,18.0, 1, 3
2018-08-26,42.0,14.0,23.0,14.0, , 3
2018-08-27,35.0,20.0,23.0,25.0, 1, 5
2018-08-28,46.0,36.0,24.0,28.0, , 5
2018-08-29,79.0,20.0,25.0,15.0, , 2
2018-08-30,38.0,22.0,21.0,27.0, , 3
2018-08-31,41.0,19.0,32.0,26.0, , 3
2018-09-01,44.0,17.0,37.0,21.0, , 3
2018-09-02,42.0,23.0,29.0,25.0, , 3
2018-09-03,53.0,36.0,32.0,26.0, , 4
2018-09-04,83.0,34.0,20.0,31.0, , 4
2018-09-05,79.0,23.0,24.0,25.0, , 3
2018-09-06,57.0,15.0,25.0,21.0, , 3
2018-09-07,37.0,15.0,25.0,18.0, , 3
2018-09-08,31.0,18.0,32.0,20.0, 1, 3
2018-09-09,44.0,20.0,27.0,20.0, , 3
2018-09-10,43.0,27.0,25.0,16.0, , 3
2018-09-11,50.0,14.0,23.0,25.0, , 3
2018-09-12,35.0,27.0,24.0,29.0, , 4
2018-09-13,51.0,20.0,27.0,32.0, 1, 4
2018-09-14,46.0,17.0,28.0,20.0, , 3
2018-09-15,33.0,22.0,29.0,26.0, 1, 4
2018-09-16,49.0,25.0,31.0,34.0, 1, 4
2018-09-17,60.0,32.0,30.0,25.0, 1, 3
2018-09-18,60.0,25.0,26.0,18.0, 1, 3
2018-09-19,52.0,28.0,24.0,22.0, , 4
2018-09-20,54.0,21.0,26.0,15.0, , 2
2018-09-21,38.0,15.0,23.0,18.0, , 3
2018-09-22,35.0,17.0,21.0,20.0, , 3
2018-09-23,51.0,19.0,26.0,18.0, , 2
2018-09-24,36.0,18.0,21.0,34.0, 1, 5
2018-09-25,45.0,27.0,25.0,30.0, 1, 4
2018-09-26,62.0,31.0,25.0,37.0, 1, 5
2018-09-27,65.0,27.0,24.0,26.0, , 3
2018-09-28,40.0,27.0,25.0,30.0, , 5
2018-09-29,49.0,24.0,28.0,22.0, 1, 5
2018-09-30,56.0,17.0,25.0,17.0, , 2
2018-04-01,90.0,30.0,28.0,23.0, , 4
2018-04-02,82.0,17.0,28.0,25.0, 1, 4
2018-04-03,54.0,16.0,28.0,29.0, , 4
2018-04-04,48.0,20.0,31.0,18.0, , 2
2018-04-05,43.0,26.0,31.0,30.0, 1, 4
2018-04-06,56.0,22.0,35.0,28.0, 1, 4
2018-04-07,57.0,38.0,35.0,31.0, , 4
2018-04-08,85.0,43.0,24.0,20.0, , 3
2018-04-09,100.0,49.0,31.0,25.0, , 4
2018-04-10,113.0,46.0,24.0,22.0, , 3
2018-04-11,108.0,43.0,15.0,23.0, , 4
2018-04-12,104.0,45.0,20.0,31.0, , 5
2018-04-13,105.0,40.0,30.0,28.0, , 3
2018-04-14,110.0,41.0,26.0,29.0, , 4
2018-04-15,113.0,21.0,34.0,24.0, , 3
2018-04-16,65.0,43.0,40.0,30.0, 1, 3
2018-04-17,67.0,49.0,46.0,39.0, 2, 4
2018-04-18,76.0,55.0,43.0,42.0, 1, 4
2018-04-19,97.0,50.56223769502241,49.0,51.0, 4, 5
2018-04-20,137.0,30.0,38.0,22.0, , 3
2018-04-21,80.0,35.0,52.0,18.0, 1, 3
2018-04-22,79.0,24.0,34.0,16.0, , 2
2018-04-23,54.0,24.0,29.0,17.0, , 3
2018-04-24,56.0,15.0,33.0,14.0, , 2
2018-04-25,45.0,26.0,33.0,17.0, , 2
2018-04-26,45.0,24.0,35.0,22.0, 2, 3
2018-04-27,55.0,23.0,26.0,22.0, , 3
2018-04-28,62.0,27.0,28.0,20.0, , 3
2018-04-29,78.0,19.0,32.0,26.0, , 3
2018-04-30,47.0,17.0,36.0,22.0, , 2
2018-05-01,38.0,23.0,38.0,26.0, 1, 3
2018-05-02,58.0,20.0,34.0,23.0, 2, 3
2018-05-03,49.0,21.0,41.0,35.0, , 3
2018-05-04,52.0,22.0,44.0,17.0, , 2
2018-05-05,60.0,24.0,51.0,24.0, 1, 3
2018-05-06,64.0,50.0,49.0,34.0, 1, 4
2018-05-07,76.0,50.0,65.0,40.0, 1, 4
2018-05-08,79.0,45.02504389196516,47.0,48.0, 4, 5
2018-05-09,126.0,26.0,32.0,21.0, , 2
2018-05-10,69.0,24.0,40.0,29.0, , 3
2018-05-11,61.0,26.0,50.0,28.0, , 3
2018-05-12,70.0,38.0,37.0,22.0, 1, 3
2018-05-13,98.0,40.0,54.0,24.0, , 3
2018-05-14,104.0,39.0,51.0,27.0, , 3
2018-05-15,84.0,45.0,38.0,18.0, 1, 2
2018-05-16,83.0,39.0,31.0,15.0, , 2
2018-05-17,57.0,31.0,31.0,14.0, , 2
2018-05-18,59.0,36.0,31.0,22.0, , 3
2018-05-19,73.0,38.0,43.0,21.0, , 3
2018-05-20,89.0,22.0,50.0,16.0, , 3
2018-05-21,65.0,31.0,42.0,35.0, , 4
2018-05-22,65.0,37.0,49.0,31.0, , 3
2018-05-23,85.0,27.0,47.0,25.0, , 3
2018-05-24,64.0,33.0,44.0,27.0, , 3
2018-05-25,88.0,31.0,63.0,21.0, , 3
2018-05-26,79.0,23.0,48.0,19.0, , 3
2018-05-27,65.0,34.0,60.0,31.0, 1, 4
2018-05-28,74.0,43.0,48.0,28.0, , 3
2018-05-29,112.0,47.0,37.0,31.0, , 4
2018-05-30,117.0,43.0,39.0,32.0, , 4
2018-05-31,112.0,41.0,42.0,30.0, 1, 4
2018-06-01,105.0,31.0,26.0,21.0, , 3
2018-06-02,88.0,28.0,34.0,18.0, 1, 3
2018-06-03,77.0,22.0,41.0,19.0, , 3
2018-06-04,67.0,26.0,35.0,22.0, , 2
2018-06-05,59.0,36.0,44.0,27.0, , 3
2018-06-06,73.0,37.0,60.0,34.0, 1, 3
2018-06-07,86.0,37.0,32.0,35.0, 1, 3
2018-06-08,91.0,25.0,39.0,17.0, , 2
2018-06-09,63.0,22.0,38.0,14.0, , 2
2018-06-10,58.0,17.0,26.0,23.0, , 2
2018-06-11,52.0,20.0,26.0,27.0, , 2
2018-06-12,45.0,20.0,27.0,18.0, , 2
2018-06-13,41.0,21.0,26.0,23.0, 1, 3
2018-06-14,54.0,36.0,33.0,26.0, 1, 3
2018-06-15,75.0,26.0,30.0,22.0, 1, 3
2018-06-16,65.0,18.0,27.0,13.0, , 2
2018-06-17,50.0,16.0,28.0,15.0, , 2
2018-06-18,47.0,17.0,21.0,16.0, , 3
2018-06-19,45.0,19.0,19.0,15.0, , 3
2018-06-20,55.0,31.0,23.0,10.0, , 2
2018-06-21,47.0,31.0,25.0,8.0, , 2
2018-06-22,52.0,23.0,33.0,12.0, , 2
2018-06-23,49.0,18.0,28.0,10.0, , 2
2018-06-24,41.0,21.0,24.0,13.0, , 2
2018-06-25,45.0,22.0,33.0,20.0, , 2
2018-06-26,53.0,25.0,36.0,23.0, , 2
2018-06-27,56.0,27.0,42.0,24.0, , 2
2018-06-28,72.0,27.0,37.0,22.0, , 2
2018-06-29,68.0,22.0,41.0,16.0, , 2
2018-06-30,51.0,22.0,40.0,17.0, , 2
2018-01-06,43.0,12.0,20.0,9.0, , 2
2018-01-07,34.0,16.0,17.0,15.0, , 3
2018-01-08,47.0,28.0,10.0,21.0, 1, 5
2018-01-09,72.0,25.0,3.0,25.0, 1, 4
2018-01-10,69.0,36.0,7.0,27.0, , 4
2018-01-11,87.0,31.0,3.0,22.0, , 5
2018-01-12,81.0,38.0,7.0,18.0, , 6
2018-01-13,98.0,30.0,10.0,15.0, , 4
2018-01-14,86.0,24.0,19.0,18.0, , 3
2018-01-15,71.0,15.0,28.0,17.0, , 2
2018-01-16,34.0,17.0,29.0,12.0, , 2
2018-01-17,50.0,17.0,28.0,20.0, , 3
2018-01-18,59.0,14.0,25.0,29.0, , 3
2018-01-19,36.0,20.0,22.0,33.0, 1, 4
2018-01-20,55.0,17.0,26.0,26.0, , 3
2018-01-21,38.0,22.0,22.0,23.0, 1, 3
2018-01-22,58.0,19.0,22.0,24.0, , 3
2018-01-23,55.0,8.0,27.0,14.0, , 2
2018-01-24,29.0,21.0,27.0,27.0, , 3
2018-01-25,55.0,36.0,5.0,32.0, 1, 4
2018-01-26,84.0,21.0,20.0,24.0, 1, 3
2018-01-27,66.0,17.0,23.0,13.0, 1, 2
2018-01-28,49.0,18.0,27.0,14.0, 1, 2
2018-01-29,47.0,24.0,22.0,27.0, 1, 3
2018-01-30,52.0,16.0,27.0,22.0, , 2
2018-01-31,48.0,16.0,25.0,21.0, , 3
2018-02-01,41.0,19.0,22.0,24.0, , 3
2018-02-02,39.0,16.0,17.0,28.0, 1, 4
2018-02-03,44.0,14.0,21.0,14.0, , 3
2018-02-04,45.0,20.0,19.0,18.0, , 3
2018-02-05,69.0,23.0,20.0,24.0, , 3
2018-02-06,69.0,30.0,21.0,38.0, 1, 4
2018-02-07,76.0,39.0,11.0,37.0, 1, 5
2018-02-08,97.0,35.0,15.0,28.0, 1, 4
2018-02-09,101.0,32.0,23.0,23.0, 1, 4
2018-02-10,88.0,13.0,29.0,13.0, , 3
2018-02-11,35.0,18.0,27.0,23.0, , 3
2018-02-12,38.0,22.0,23.0,27.0, 1, 3
2018-02-13,58.0,30.0,21.0,24.0, , 3
2018-02-14,64.0,20.0,21.0,26.0, , 3
2018-02-15,57.0,25.0,25.0,32.0, , 3
2018-02-16,51.0,44.0,15.0,35.0, 1, 6
2018-02-17,90.0,50.0,14.0,30.0, 2, 5
2018-02-18,125.0,47.0,10.0,32.0, 1, 5
2018-02-19,118.0,57.0,9.0,33.0, 1, 5
2018-02-20,100.16350239939918,56.0,23.0,31.0, 1, 5
2018-02-21,64.72115617875126,33.0,23.0,23.0, , 3
2018-02-22,94.0,31.0,24.0,21.0, , 3
2018-02-23,88.0,22.0,26.0,14.0, , 3
2018-02-24,71.0,12.0,28.0,11.0, , 2
2018-02-25,63.0,17.0,27.0,20.0, , 2
2018-02-26,59.0,16.0,28.0,24.0, , 3
2018-02-27,73.0,36.0,25.0,17.0, , 3
2018-02-28,87.0,58.0,27.0,14.0, , 3
2018-03-01,84.0,52.0,29.0,15.0, 1, 4
2018-03-02,117.0,39.372673708387254,21.0,20.0, 1, 5
2018-03-03,99.18425802463084,55.0,21.0,23.0, 1, 6
2018-03-04,138.0,25.0,25.0,30.0, 1, 5
2018-03-05,70.0,31.0,21.0,37.0, 1, 6
2018-03-06,76.0,37.0,18.0,36.0, 1, 6
2018-03-07,92.0,21.0,27.0,23.0, , 4
2018-03-08,58.0,27.0,24.0,32.0, , 4
2018-03-09,56.0,22.0,18.0,23.0, 1, 4
2018-03-10,65.0,22.0,17.0,22.0, , 4
2018-03-11,67.0,23.0,24.0,28.0, , 5
2018-03-12,52.0,18.0,23.0,25.0, , 4
2018-03-13,47.0,22.0,25.0,27.0, , 5
2018-03-14,64.0,25.0,18.0,21.0, , 4
2018-03-15,68.0,28.0,18.0,16.0, , 4
2018-03-16,88.0,24.0,29.0,8.0, , 2
2018-03-17,51.0,27.0,31.0,8.0, , 3
2018-03-18,57.0,24.0,31.0,20.0, , 3
2018-03-19,60.0,28.0,32.0,26.0, , 3
2018-03-20,53.0,30.0,30.0,32.0, , 3
2018-03-21,59.0,27.0,26.0,22.0, , 3
2018-03-22,64.0,30.0,27.0,28.0, , 4
2018-03-23,70.0,31.0,24.0,25.0, , 4
2018-03-24,79.0,47.0,20.0,21.0, , 4
2018-03-25,127.0,30.0,24.0,32.0, 1, 4
2018-03-26,73.0,27.0,25.0,28.0, , 4
2018-03-27,70.0,22.0,23.0,27.0, , 3
2018-03-28,62.0,20.0,32.0,28.0, , 3
2018-03-29,54.0,19.0,32.0,25.0, , 4
2018-03-30,54.0,22.0,31.0,30.0, , 4
2018-03-31,65.0,31.0,29.0,21.0, , 3
2017-04-01,60.0,26.0,32.0,26.0, 1, 3
2017-04-02,67.0,24.0,33.0,26.0, , 3
2017-04-03,64.0,40.0,25.0,35.0, 1, 4
2017-04-04,87.0,35.0,33.0,21.0, , 2
2017-04-05,74.0,34.0,32.0,20.0, , 2
2017-04-06,61.0,31.0,26.9326327642327,24.0, 1, 2
2017-04-07,60.0,24.0,31.0,28.0, 1, 2
2017-04-08,59.0,41.0,43.0,34.0, 2, 4
2017-04-09,106.0,32.0,32.0,19.0, , 2
2017-04-10,62.0,21.0,34.0,24.0, , 2
2017-04-11,51.0,27.0,26.0,21.0, , 2
2017-04-12,59.0,23.0,32.0,18.0, , 2
2017-04-13,49.0,21.0,34.0,34.0, , 3
2017-04-14,53.0,22.0,33.0,19.0, , 2
2017-04-15,48.0,20.0,33.0,24.0, , 2
2017-04-16,46.0,18.0,36.0,18.0, , 2
2017-04-17,42.0,19.0,34.0,25.0, , 2
2017-04-18,48.0,20.0,37.0,33.0, , 3
2017-04-19,55.0,29.0,35.0,40.0, 1, 3
2017-04-20,74.0,30.0,29.0,26.0, , 3
2017-04-21,72.0,24.0,34.0,13.0, , 2
2017-04-22,51.0,18.0,33.0,17.0, , 2
2017-04-23,44.0,21.0,23.0,26.0, 1, 2
2017-04-24,57.0,16.0,31.0,17.0, , 2
2017-04-25,34.0,21.0,27.0,30.0, , 3
2017-04-26,46.0,20.0,34.0,26.0, , 2
2017-04-27,46.0,15.0,30.0,24.0, , 2
2017-04-28,42.0,17.0,33.0,27.0, , 3
2017-04-29,50.0,22.0,42.0,19.0, 1, 2
2017-04-30,61.0,21.0,36.0,28.0, , 3
2017-05-01,54.0,33.0,28.0,28.0, , 3
2017-05-02,83.0,22.0,27.0,23.0, , 3
2017-05-03,64.0,22.0,26.0,22.0, , 2
2017-05-04,61.0,17.0,33.0,21.0, , 2
2017-05-05,50.0,26.0,29.0,16.0, , 3
2017-05-06,78.0,25.0,35.0,14.0, , 2
2017-05-07,71.0,23.0,35.0,18.0, , 2
2017-05-08,52.0,27.0,32.0,24.0, , 2
2017-05-09,57.0,23.0,26.0,31.0, , 3
2017-05-10,57.0,28.0,38.0,31.0, 1, 3
2017-05-11,71.0,21.0,31.0,27.0, 1, 4
2017-05-12,62.0,21.0,29.0,26.0, 1, 3
2017-05-13,69.0,26.0,34.0,24.0, 1, 2
2017-05-14,71.0,24.0,29.0,30.0, 1, 3
2017-05-15,62.0,21.0,38.0,31.0, 2, 3
2017-05-16,63.0,24.0,60.0,36.0, , 4
2017-05-17,60.0,24.0,31.0,26.0, 1, 3
2017-05-18,67.0,15.0,32.0,23.0, , 2
2017-05-19,52.0,20.0,34.0,28.0, 1, 3
2017-05-20,60.0,20.0,36.0,25.0, 2, 3
2017-05-21,61.0,25.0,48.0,30.0, 1, 3
2017-05-22,65.0,33.0,26.0,31.0, 2, 3
2017-05-23,71.0,28.0,29.0,24.0, 3, 3
2017-05-24,60.0,19.0,32.0,20.0, , 2
2017-05-25,59.0,16.0,36.0,22.0, , 3
2017-05-26,49.0,20.0,60.0,24.0, 1, 3
2017-05-27,61.0,16.0,36.0,22.0, 1, 2
2017-05-28,52.0,27.0,37.0,20.0, 1, 3
2017-05-29,81.0,27.0,33.0,22.0, , 2
2017-05-30,76.0,22.0,29.0,20.0, 1, 2
2017-05-31,55.0,23.0,36.0,29.0, 1, 3
2017-06-01,56.0,34.0,52.0,33.0, 1, 3
2017-06-02,67.0,27.0,39.0,27.0, 1, 3
2017-06-03,71.0,18.0,32.0,18.0, , 2
2017-06-04,55.0,18.0,34.0,18.0, 1, 2
2017-06-05,51.0,17.0,28.0,16.0, , 2
2017-06-06,42.0,21.0,29.0,14.0, , 2
2017-06-07,53.0,22.0,29.0,20.0, , 2
2017-06-08,56.0,21.0,30.0,26.0, , 3
2017-06-09,53.0,29.0,39.0,23.0, 1, 3
2017-06-10,65.0,19.0,45.0,24.0, 1, 2
2017-06-11,57.0,20.0,29.0,16.0, , 2
2017-06-12,51.0,18.0,29.0,17.0, , 2
2017-06-13,52.0,19.0,37.0,26.0, 1, 3
2017-06-14,55.0,25.0,51.0,31.0, 1, 3
2017-06-15,64.0,27.0,26.0,16.0, , 2
2017-06-16,51.0,21.0,26.0,19.0, 2, 3
2017-06-17,55.0,24.0,33.0,23.0, 1, 3
2017-06-18,69.0,21.0,21.0,26.0, 1, 3
2017-06-19,62.0,26.80608629158263,26.966441929279313,18.177719335333997, , 
2017-01-02,52.0,19.0,22.0,21.0, , 2
2017-01-03,43.0,31.0,27.0,14.0, , 2
2017-01-04,57.0,24.0,23.0,30.0, , 3
2017-01-05,49.0,32.0,13.0,28.0, 2, 4
2017-01-06,81.0,35.0,10.0,26.0, 2, 4
2017-01-07,95.0,22.0,20.0,34.0, , 4
2017-01-08,52.0,31.0,6.0,29.0, 1, 5
2017-01-09,84.0,24.0,16.0,33.0, , 4
2017-01-10,50.0,30.0,25.0,18.0, 1, 2
2017-01-11,57.0,25.0,25.0,22.0, , 2
2017-01-12,46.0,21.0,28.0,18.0, , 2
2017-01-13,48.0,22.0,29.0,18.0, , 2
2017-01-14,43.0,24.0,20.0,37.0, , 5
2017-01-15,52.0,26.0,16.0,37.0, , 4
2017-01-16,64.0,41.0,14.0,36.0, , 6
2017-01-17,104.0,47.0,1.0,40.0, , 7
2017-01-18,124.0,51.0,5.0,42.0, 1, 7
2017-01-19,119.0,39.0,7.0,41.0, 1, 5
2017-01-20,92.0,28.0,12.0,25.0, , 4
2017-01-21,80.0,53.0,2.0,43.0, 1, 8
2017-01-22,137.0,59.0,1.0,43.0, 1, 9
2017-01-23,74.53081584707884,36.0,6.0,41.0, 1, 7
2017-01-24,87.0,51.0,10.0,30.0, 1, 5
2017-01-25,129.0,46.0,8.0,32.0, 1, 5
2017-01-26,113.0,44.0,6.0,36.0, 1, 5
2017-01-27,103.0,28.0,14.0,32.0, 1, 4
2017-01-28,73.0,26.0,14.0,24.0, 1, 3
2017-01-29,74.0,18.0,21.0,26.0, , 3
2017-01-30,54.0,27.0,17.0,30.0, , 4
2017-01-31,70.0,29.0,8.0,26.0, 1, 4
2017-02-01,79.0,26.0,7.0,24.0, , 4
2017-02-02,71.0,25.0,16.0,31.0, 1, 4
2017-02-03,59.0,21.0,18.0,27.0, , 4
2017-02-04,52.0,28.0,14.0,30.0, , 4
2017-02-05,78.0,35.0,8.0,28.0, , 5
2017-02-06,90.0,37.0,5.0,21.0, , 5
2017-02-07,100.0,43.0,10.0,18.0, , 3
2017-02-08,114.0,48.0,13.0,19.0, , 3
2017-02-09,128.0,57.0,8.0,20.0, , 4
2017-02-10,53.627245273806395,23.298892089369346,10.0,19.0, 1, 5
2017-02-11,106.49628759088323,59.0,17.0,14.0, 1, 5
2017-02-12,103.4731170536746,57.0,17.0,25.0, 1, 5
2017-02-13,99.83469035716267,55.0,19.0,33.0, 2, 6
2017-02-14,97.61917120348012,51.0,6.0,41.0, 3, 7
2017-02-15,115.0,27.0,19.0,30.0, 1, 3
2017-02-16,66.0,28.0,18.0,21.0, , 3
2017-02-17,59.0,31.0,16.0,30.0, 1, 4
2017-02-18,91.0,35.0,19.0,25.0, 1, 3
2017-02-19,95.0,19.0,13.0,22.0, , 3
2017-02-20,60.0,24.0,24.0,23.0, 2, 3
2017-02-21,52.0,17.0,27.0,20.0, , 2
2017-02-22,46.0,15.0,30.0,14.0, , 2
2017-02-23,62.0,24.0,32.0,23.0, , 3
2017-02-24,45.0,21.0,27.0,27.0, 1, 3
2017-02-25,62.0,21.0,26.0,17.0, , 3
2017-02-26,59.0,13.0,30.0,22.0, , 3
2017-02-27,37.0,14.0,34.0,23.0, , 3
2017-02-28,37.0,20.0,25.0,28.0, , 3
2017-03-01,51.0,21.0,30.0,22.0, , 2
2017-03-02,50.0,31.0,17.0,34.0, 1, 4
2017-03-03,63.0,19.0,23.0,29.0, 1, 3
2017-03-04,53.0,19.0,30.0,19.0, 1, 3
2017-03-05,48.0,34.0,24.0,34.0, 1, 4
2017-03-06,68.0,31.0,19.0,26.0, 1, 3
2017-03-07,78.0,23.0,20.0,28.0, 1, 4
2017-03-08,61.0,28.0,28.0,25.0, 1, 3
2017-03-09,56.0,30.0,27.0,40.0, 1, 4
2017-03-10,61.0,38.0,15.0,35.0, 2, 5
2017-03-11,86.0,27.0,21.0,27.0, 1, 4
2017-03-12,69.0,37.0,18.0,30.0, , 4
2017-03-13,79.0,31.0,22.9426591027785,30.0, , 3
2017-03-14,76.0,34.0,26.0,30.0, , 3
2017-03-15,67.0,48.0,25.0,42.0, 3, 4
2017-03-16,98.0,24.0,27.0,21.0, , 2
2017-03-17,56.0,18.0,28.0,20.0, , 3
2017-03-18,44.0,22.0,28.0,15.0, 1, 2
2017-03-19,57.0,22.0,28.0,20.0, , 2
2017-03-20,48.0,20.0,31.0,22.0, 1, 2
2017-03-21,46.0,28.0,27.0,32.0, 1, 3
2017-03-22,62.0,29.0,24.0,25.0, , 3
2017-03-23,74.0,29.0,28.0,20.0, 1, 3
2017-03-24,78.0,20.0,32.0,22.0, , 2
2017-03-25,60.0,20.0,27.0,18.0, , 2
2017-03-26,62.0,35.0,24.0,31.0, 1, 4
2017-03-27,89.0,43.0,33.0,48.0, 1, 7
2017-03-28,96.0,24.0,33.0,23.0, , 3
2017-03-29,58.0,26.0,34.0,33.0, 2, 4
2017-03-30,63.0,25.0,30.0,29.0, 1, 3
2017-03-31,56.0,24.0,32.0,34.0, , 3
2016-10-01,60.0,16.0,25.0,17.0, , 2
2016-10-02,47.0,21.0,23.0,27.0, , 2
2016-10-03,45.0,16.0,18.0,20.0, , 2
2016-10-04,52.0,19.0,21.0,20.0, , 2
2016-10-05,44.0,17.0,18.0,23.0, , 2
2016-10-06,42.0,21.0,15.0,22.0, , 2
2016-10-07,38.0,18.0,22.0,21.0, , 2
2016-10-08,53.0,20.0,19.0,23.0, , 3
2016-10-09,52.0,24.0,20.0,31.0, , 4
2016-10-10,56.0,25.0,11.0,28.0, , 4
2016-10-11,58.0,20.0,11.0,15.0, , 2
2016-10-12,60.0,26.0,10.0,14.0, , 3
2016-10-13,61.0,28.0,8.0,17.0, , 3
2016-10-14,77.0,36.0,11.0,20.0, , 4
2016-10-15,87.0,25.0,19.0,20.0, , 3
2016-10-16,69.0,27.0,14.0,30.0, , 4
2016-10-17,69.0,24.0,20.0,26.0, , 3
2016-10-18,56.0,20.0,22.0,23.0, , 2
2016-10-19,62.0,26.0,14.0,19.0, 1, 3
2016-10-20,46.0,31.0,14.0,25.0, , 4
2016-10-21,71.0,27.0,13.0,20.0, , 4
2016-10-22,72.0,35.0,15.0,34.0, , 7
2016-10-23,94.0,33.0,5.0,17.0, , 4
2016-10-24,89.0,41.0,9.0,25.0, , 4
2016-10-25,96.0,50.0,5.0,28.0, , 5
2016-10-26,120.0,37.0,9.0,29.0, , 4
2016-10-27,89.0,24.0,17.0,22.0, , 2
2016-10-28,53.0,37.0,19.0,33.0, , 5
2016-10-29,64.0,41.0,6.0,36.0, , 8
2016-10-30,92.0,49.0,8.0,35.0, , 8
2016-10-31,103.0,34.0,16.0,33.0, , 5
2016-11-01,78.0,25.0,17.0,24.0, , 3
2016-11-02,43.0,28.0,4.0,40.0, , 6
2016-11-03,57.0,33.0,7.0,26.0, 1, 3
2016-11-04,74.0,21.0,21.0,25.0, , 3
2016-11-05,59.0,19.0,19.0,28.0, , 3
2016-11-06,40.0,19.0,11.0,24.0, , 3
2016-11-07,50.0,31.0,5.0,33.0, , 5
2016-11-08,72.0,26.0,6.0,27.0, , 4
2016-11-09,71.0,21.0,22.29972376446168,24.0, , 4
2016-11-10,81.0,40.0,9.0,28.0, , 5
2016-11-11,106.0,45.0,6.0,23.0, , 4
2016-11-12,121.0,35.0,3.0,21.0, , 4
2016-11-13,99.0,39.0,24.531658651027904,24.0, 1, 5
2016-11-14,48.85866524662946,19.0,4.0,20.0, , 3
2016-11-15,64.0,17.0,21.0,24.0, , 2
2016-11-16,48.0,18.0,25.0,29.0, , 2
2016-11-17,46.0,14.0,22.0,26.0, , 2
2016-11-18,41.0,15.0,15.0,23.0, , 2
2016-11-19,52.0,14.0,20.0,14.0, , 1
2016-11-20,43.0,16.0,20.0,22.0, , 2
2016-11-21,48.0,17.0,22.0,23.0, , 3
2016-11-22,47.0,34.0,6.0,30.0, , 5
2016-11-23,86.0,15.0,18.0,20.0, , 2
2016-11-24,46.0,17.0,14.0,22.0, , 2
2016-11-25,60.0,35.0,2.0,30.0, , 6
2016-11-26,91.0,31.0,19.0,28.0, , 3
2016-11-27,62.0,23.0,18.0,30.0, , 3
2016-11-28,55.0,38.0,8.0,40.0, 1, 6
2016-11-29,91.0,29.0,13.0,39.0, 1, 4
2016-11-30,74.0,30.0,14.0,24.0, , 2
2016-12-01,65.0,29.0,22.0,34.0, , 3
2016-12-02,57.0,43.0,13.0,44.0, , 7
2016-12-03,79.0,31.0,10.0,29.0, , 5
2016-12-04,84.0,43.0,2.0,40.0, 1, 8
2016-12-05,103.0,57.0,25.68291800279356,40.0, 2, 9
2016-12-06,141.0,37.0,1.0,32.0, 2, 5
2016-12-07,102.0,31.0,5.0,31.0, 2, 4
2016-12-08,91.0,48.0,9.0,23.0, 1, 3
2016-12-09,104.0,40.0,2.0,28.0, , 4
2016-12-10,105.0,23.0,24.0,15.0, , 1
2016-12-11,53.0,33.0,9.0,34.0, , 5
2016-12-12,80.0,38.0,8.0,25.0, 1, 4
2016-12-13,104.0,45.0,25.584269081861784,25.0, 1, 5
2016-12-14,110.0,34.0,1.0,25.0, , 4
2016-12-15,94.0,36.0,3.0,27.0, , 4
2016-12-16,96.0,39.0,9.0,27.0, , 4
2016-12-17,100.0,31.0,10.0,27.0, , 4
2016-12-18,76.0,42.0,8.0,28.0, , 5
2016-12-19,104.0,36.0,1.0,28.0, , 5
2016-12-20,94.0,32.0,5.0,24.0, , 3
2016-12-21,90.0,30.0,4.0,28.0, 2, 4
2016-12-22,84.0,30.0,17.0,27.0, 1, 3
2016-12-23,79.0,28.0,26.0,15.0, , 2
2016-12-24,57.0,25.0,27.0,10.0, , 1
2016-12-25,50.0,23.0,28.0,8.0, , 1
2016-12-26,51.0,35.0,25.0,21.0, , 2
2016-12-27,58.0,27.0,8.0,33.0, , 5
2016-12-28,68.0,38.0,2.0,32.0, , 4
2016-12-29,101.0,41.0,22.260237264614133,34.0, , 5
2016-12-30,113.0,48.0,24.84754604221858,27.0, 1, 4
2016-12-31,126.0,41.6231699826105,5.0,25.0, 1, 4
2017-01-01,55.811030202456664,27.0,22.0,28.0, , 3
2016-07-01,46.0,21.0,27.0,21.0, , 1
2016-07-02,47.0,19.0,24.0,20.0, , 2
2016-07-03,49.0,27.0,28.0,26.0, 1, 3
2016-07-04,61.0,22.0,27.0,18.0, , 2
2016-07-05,54.0,18.0,25.0,18.0, 1, 2
2016-07-06,50.0,21.0,36.0,30.0, 1, 3
2016-07-07,59.0,23.0,21.0,28.0, , 2
2016-07-08,59.0,24.0,24.0,25.0, 1, 2
2016-07-09,58.0,14.0,27.0,20.0, 1, 2
2016-07-10,46.0,22.0,25.0,15.0, , 2
2016-07-11,49.0,18.0,24.0,18.0, , 2
2016-07-12,50.0,20.0,24.0,22.0, 1, 2
2016-07-13,51.0,22.0,23.0,16.0, , 2
2016-07-14,45.0,19.0,29.0,21.0, , 2
2016-07-15,53.0,17.0,19.0,18.0, , 2
2016-07-16,53.0,15.0,23.0,15.0, , 2
2016-07-17,48.0,23.0,35.0,22.0, 2, 3
2016-07-18,67.0,36.0,24.588325437417204,36.0, 1, 4
2016-07-19,72.0,30.0,62.0,30.0, 1, 3
2016-07-20,66.0,38.0,40.0,25.0, , 2
2016-07-21,80.0,38.0,41.0,29.0, , 3
2016-07-22,90.0,25.0,35.0,17.0, , 3
2016-07-23,74.0,31.0,35.0,19.0, , 2
2016-07-24,82.0,17.0,25.0,19.0, , 2
2016-07-25,52.0,24.0,29.0,22.0, 1, 3
2016-07-26,58.0,20.0,22.0,20.0, 1, 3
2016-07-27,54.0,22.0,21.0,21.0, , 3
2016-07-28,62.0,18.0,23.0,21.0, , 2
2016-07-29,50.0,17.0,26.0,20.0, , 2
2016-07-30,39.0,14.0,24.0,16.0, 1, 2
2016-07-31,44.0,17.0,27.0,21.0, , 2
2016-08-01,48.0,23.0,19.0,21.0, , 3
2016-08-02,49.0,12.0,17.0,14.0, , 2
2016-08-03,30.0,22.0,26.0,16.0, , 2
2016-08-04,49.0,20.0,26.0,18.0, 1, 3
2016-08-05,48.0,22.0,27.0,19.0, 1, 3
2016-08-06,57.0,21.0,17.0,23.0, 1, 2
2016-08-07,57.0,23.0,25.0,14.0, , 2
2016-08-08,51.0,23.0,21.0,19.0, , 2
2016-08-09,52.0,19.0,19.0,16.0, , 2
2016-08-10,45.0,17.0,14.0,21.0, , 2
2016-08-11,41.0,20.0,16.0,16.0, , 2
2016-08-12,48.0,22.0,22.0,19.0, , 2
2016-08-13,48.0,17.0,21.0,18.0, , 3
2016-08-14,44.0,16.0,25.0,20.0, , 3
2016-08-15,42.0,14.0,27.0,18.0, , 2
2016-08-16,42.0,20.0,32.0,20.0, , 2
2016-08-17,49.0,22.0,35.0,25.0, 1, 3
2016-08-18,59.0,36.0,35.0,29.0, 1, 4
2016-08-19,92.0,22.0,27.0,17.0, , 2
2016-08-20,57.0,18.0,24.0,14.0, , 2
2016-08-21,40.0,27.0,24.0,19.0, , 2
2016-08-22,53.0,27.0,32.0,31.0, 1, 4
2016-08-23,64.0,34.0,60.0,38.0, 1, 5
2016-08-24,83.0,40.0,19.7857403798975,51.0, , 6
2016-08-25,86.0,41.0,34.0,31.0, , 4
2016-08-26,91.0,20.0,35.0,17.0, , 3
2016-08-27,61.0,34.0,28.0,24.0, , 3
2016-08-28,83.0,20.0,28.0,18.0, , 2
2016-08-29,45.0,25.0,28.0,33.0, 1, 4
2016-08-30,61.0,36.0,40.0,36.0, 1, 4
2016-08-31,81.0,35.0,24.0,23.0, 2, 3
2016-09-01,70.0,27.0,21.0,28.0, , 3
2016-09-02,62.0,19.0,21.0,24.0, 1, 2
2016-09-03,47.0,16.0,24.0,14.0, , 2
2016-09-04,36.0,21.0,25.0,20.0, 1, 3
2016-09-05,44.0,24.0,13.0,26.0, 2, 5
2016-09-06,65.0,35.0,43.0,37.0, 1, 6
2016-09-07,83.0,32.0,41.0,40.0, 1, 4
2016-09-08,77.0,30.0,18.0,32.0, 1, 4
2016-09-09,58.0,29.0,34.0,33.0, 1, 3
2016-09-10,61.0,18.0,18.0,21.0, , 3
2016-09-11,43.0,38.0,33.0,32.0, 1, 5
2016-09-12,87.0,41.0,58.0,48.0, 1, 5
2016-09-13,94.0,48.0,51.0,48.0, 1, 5
2016-09-14,96.0,51.0,46.0,40.0, 1, 4
2016-09-15,110.0,25.0,26.0,23.0, , 3
2016-09-16,64.0,26.0,21.0,23.0, , 3
2016-09-17,71.0,21.0,27.0,18.0, , 2
2016-09-18,53.0,24.0,21.0,29.0, 1, 4
2016-09-19,52.0,29.0,30.0,34.0, , 4
2016-09-20,55.0,37.0,30.0,29.0, 1, 3
2016-09-21,67.0,42.0,21.0,40.0, 1, 5
2016-09-22,90.0,30.0,28.0,32.0, , 3
2016-09-23,73.0,25.0,37.0,36.0, 1, 4
2016-09-24,65.0,24.0,30.0,27.0, 1, 3
2016-09-25,66.0,28.0,18.0,32.0, 1, 5
2016-09-26,56.0,35.0,17.0,35.0, 2, 5
2016-09-27,66.0,29.0,24.0,19.0, , 2
2016-09-28,60.0,28.0,19.0,21.0, 1, 3
2016-09-29,62.0,21.0,22.0,32.0, , 3
2016-09-30,51.0,23.0,20.0,27.0, 1, 3
2016-04-01,59.0,38.0,24.0,33.0, 1, 4
2016-04-02,92.0,33.0,28.0,23.0, 1, 4
2016-04-03,84.0,25.0,26.0,31.0, , 3
2016-04-04,72.0,26.0,29.0,36.0, , 3
2016-04-05,67.0,28.0,32.0,26.0, , 2
2016-04-06,62.0,19.0,26.0,22.0, , 2
2016-04-07,48.0,21.0,29.0,30.0, , 3
2016-04-08,54.0,32.0,33.0,30.0, 1, 3
2016-04-09,86.0,19.0,33.0,23.0, , 2
2016-04-10,59.0,33.0,32.0,23.0, , 3
2016-04-11,81.0,20.0,31.0,28.0, 1, 2
2016-04-12,60.0,29.0,24.0,35.0, 3, 3
2016-04-13,75.0,39.0,28.0,41.0, 1, 4
2016-04-14,103.0,27.0,29.0,36.0, , 3
2016-04-15,69.0,18.0,33.0,19.0, , 2
2016-04-16,42.0,14.0,32.0,19.0, , 2
2016-04-17,36.0,19.0,31.0,28.0, , 2
2016-04-18,52.0,28.0,28.0,17.0, , 2
2016-04-19,54.0,32.0,32.0,30.0, , 2
2016-04-20,58.0,28.0,31.0,27.0, 1, 2
2016-04-21,59.0,24.0,29.0,30.0, , 2
2016-04-22,54.0,16.0,31.0,15.0, , 2
2016-04-23,36.0,15.0,30.0,12.0, , 2
2016-04-24,34.0,19.0,29.0,27.0, , 2
2016-04-25,41.0,16.0,31.0,17.0, , 2
2016-04-26,38.0,16.0,35.0,14.0, , 2
2016-04-27,39.0,19.0,30.0,35.0, , 3
2016-04-28,50.0,19.0,28.0,26.0, , 2
2016-04-29,53.0,23.0,34.0,21.0, , 2
2016-04-30,45.0,21.0,36.0,22.0, , 2
2016-05-01,60.0,25.0,30.0,36.0, 1, 4
2016-05-02,64.0,22.0,31.0,16.0, , 2
2016-05-03,53.0,33.0,37.0,36.0, 2, 3
2016-05-04,73.0,24.0,43.0,26.0, , 3
2016-05-05,64.0,35.0,45.0,32.0, , 3
2016-05-06,73.0,52.0,62.0,39.0, 1, 5
2016-05-07,80.0,24.0,55.0,20.0, 1, 3
2016-05-08,63.0,34.0,49.0,26.0, , 3
2016-05-09,64.0,32.0,38.0,31.0, , 3
2016-05-10,65.0,30.0,49.0,31.0, , 3
2016-05-11,78.0,32.0,53.0,25.0, , 2
2016-05-12,74.0,29.0,37.0,26.0, , 2
2016-05-13,61.0,26.0,34.0,10.0, , 1
2016-05-14,45.0,16.0,34.0,11.0, , 1
2016-05-15,48.0,12.0,31.0,18.0, , 2
2016-05-16,42.0,22.0,40.0,30.0, , 2
2016-05-17,62.0,25.0,29.0,35.0, 1, 3
2016-05-18,70.0,31.0,35.0,31.0, , 3
2016-05-19,91.0,21.0,29.0,24.0, , 2
2016-05-20,65.0,26.0,28.0,24.0, 1, 2
2016-05-21,70.0,18.0,20.0,23.0, , 3
2016-05-22,64.0,18.0,27.0,18.0, , 2
2016-05-23,65.0,31.0,25.0,16.0, , 2
2016-05-24,56.0,21.0,23.0,23.0, , 2
2016-05-25,54.0,35.0,34.0,34.0, 1, 4
2016-05-26,89.0,35.0,37.0,28.0, , 3
2016-05-27,97.0,39.0,41.0,20.0, , 3
2016-05-28,104.0,33.0,34.0,18.0, , 3
2016-05-29,93.0,30.0,29.0,17.0, , 2
2016-05-30,86.0,26.0,37.0,23.0, , 3
2016-05-31,71.0,40.0,34.0,21.0, , 3
2016-06-01,104.0,38.0,31.0,18.0, , 2
2016-06-02,79.0,40.0,22.0,28.0, , 4
2016-06-03,90.0,48.0,45.0,26.0, , 3
2016-06-04,119.0,24.0,32.0,13.0, , 2
2016-06-05,70.0,35.0,35.0,24.0, 1, 2
2016-06-06,72.0,30.0,34.0,26.0, , 3
2016-06-07,66.0,28.0,29.0,20.0, , 2
2016-06-08,63.0,38.0,45.0,19.0, , 2
2016-06-09,67.0,33.0,36.0,25.0, , 2
2016-06-10,66.0,24.0,35.0,23.0, , 2
2016-06-11,69.0,25.0,38.0,23.0, , 2
2016-06-12,66.0,18.0,30.0,21.0, , 2
2016-06-13,57.0,23.0,22.0,23.0, , 2
2016-06-14,60.0,25.0,16.0,26.0, , 3
2016-06-15,61.0,26.0,22.0,27.0, , 3
2016-06-16,62.0,28.0,32.0,22.0, , 2
2016-06-17,68.0,20.0,29.0,16.0, , 2
2016-06-18,50.0,26.0,34.0,13.0, , 1
2016-06-19,61.0,29.0,23.0,19.0, , 2
2016-06-20,57.0,26.0,15.0,22.0, , 3
2016-06-21,67.0,20.0,27.0,25.0, , 3
2016-06-22,58.0,20.0,27.0,32.0, , 3
2016-06-23,57.0,27.0,30.0,24.0, , 2
2016-06-24,80.0,25.0,28.0,22.0, , 2
2016-06-25,61.0,17.0,30.0,16.0, , 2
2016-06-26,51.0,22.0,25.0,18.0, , 2
2016-06-27,53.0,27.0,29.0,29.0, 1, 3
2016-06-28,66.0,19.0,24.0,21.0, , 2
2016-06-29,53.0,16.0,21.0,23.0, , 2
2016-06-30,41.0,15.0,19.0,21.0, , 2
2016-01-04,59.0,29.0,16.0,26.0, , 4
2016-01-05,66.0,25.89882430685149,1.0,21.0, , 7
2016-01-06,62.22278878397249,31.0,21.0,19.0, , 4
2016-01-07,86.0,31.0,30.0,25.0, 1, 3
2016-01-08,55.0,26.0,17.0,23.0, 1, 3
2016-01-09,68.0,14.0,28.0,18.0, 1, 2
2016-01-10,41.0,18.0,22.0,28.0, , 3
2016-01-11,54.0,31.0,20.0,23.0, , 2
2016-01-12,50.0,34.0,21.0,28.0, , 3
2016-01-13,52.0,38.0,19.0,29.0, 1, 3
2016-01-14,63.0,37.0,17.0,31.0, , 3
2016-01-15,77.0,19.0,28.0,20.0, , 3
2016-01-16,47.0,26.0,26.0,25.0, , 3
2016-01-17,50.0,41.0,11.0,35.0, , 4
2016-01-18,80.0,52.0,1.0,42.0, 1, 6
2016-01-19,102.0,30.0,15.0,45.0, 1, 5
2016-01-20,60.0,40.0,1.0,41.0, , 6
2016-01-21,106.0,42.0,6.0,31.0, , 4
2016-01-22,105.0,38.0,17.0,27.0, , 3
2016-01-23,67.0,26.0,15.0,20.0, 1, 3
2016-01-24,74.0,31.0,9.0,24.0, 2, 4
2016-01-25,72.0,36.0,24.0,23.0, , 2
2016-01-26,64.0,13.0,27.0,17.0, , 2
2016-01-27,54.0,22.0,27.0,25.0, 1, 2
2016-01-28,50.0,19.0,26.0,14.0, , 2
2016-01-29,60.0,15.0,28.0,14.0, , 2
2016-01-30,50.0,18.0,28.0,19.0, , 2
2016-01-31,41.0,23.0,30.0,12.0, , 1
2016-02-01,63.0,31.0,30.0,10.0, , 2
2016-02-02,57.0,21.0,28.0,18.0, 1, 2
2016-02-03,48.0,20.0,22.0,29.0, 1, 3
2016-02-04,49.0,21.0,13.0,29.0, , 3
2016-02-05,62.0,17.0,23.0,19.0, , 3
2016-02-06,53.0,12.0,25.0,14.0, 1, 2
2016-02-07,39.0,24.0,28.0,15.0, 1, 2
2016-02-08,70.0,23.0,29.0,25.0, , 3
2016-02-09,53.0,48.0,26.0,24.0, , 3
2016-02-10,47.0,28.0,24.0,32.0, , 4
2016-02-11,47.0,32.0,11.0,34.0, , 5
2016-02-12,86.0,32.0,10.0,22.0, , 4
2016-02-13,94.0,28.0,24.0,16.0, , 3
2016-02-14,83.0,26.0,26.0,28.0, 1, 3
2016-02-15,66.0,33.0,17.0,45.0, 1, 7
2016-02-16,68.0,38.0,9.0,32.0, , 5
2016-02-17,96.0,38.0,6.0,34.0, 1, 5
2016-02-18,111.0,30.0,20.0,38.0, 1, 5
2016-02-19,82.0,16.0,25.0,17.0, , 2
2016-02-20,46.0,18.0,28.0,12.0, , 1
2016-02-21,44.0,22.0,28.0,23.0, , 2
2016-02-22,44.0,19.0,24.0,30.0, , 3
2016-02-23,46.0,19.0,22.0,40.0, , 4
2016-02-24,49.0,16.0,26.0,31.0, , 4
2016-02-25,44.0,35.0,21.0,41.0, 1, 5
2016-02-26,72.0,30.0,25.0,26.0, , 4
2016-02-27,85.0,23.0,29.0,24.0, , 3
2016-02-28,64.0,22.0,28.0,34.0, , 3
2016-02-29,64.0,36.0,14.0,30.0, 1, 4
2016-03-01,97.0,18.0,28.0,26.0, 1, 3
2016-03-02,50.0,26.0,26.0,36.0, 2, 4
2016-03-03,47.0,21.0,17.0,35.0, 1, 5
2016-03-04,61.0,30.0,20.0,49.0, 1, 6
2016-03-05,75.0,32.0,19.0,34.0, 1, 5
2016-03-06,88.0,16.0,28.0,31.0, 1, 3
2016-03-07,43.0,20.0,27.0,36.0, 1, 4
2016-03-08,51.0,29.0,24.0,24.0, , 4
2016-03-09,77.0,44.0,21.0,32.0, 2, 4
2016-03-10,115.0,51.0,13.0,27.0, , 4
2016-03-11,137.0,42.0,20.0,26.0, 1, 4
2016-03-12,106.0,27.0,26.0,17.0, , 3
2016-03-13,79.0,35.0,24.0,24.0, , 3
2016-03-14,90.0,30.0,16.0,32.0, , 3
2016-03-15,81.0,26.0,25.0,23.0, , 3
2016-03-16,77.0,37.0,27.0,30.0, , 3
2016-03-17,92.0,24.0,25.0,28.0, 1, 3
2016-03-18,56.0,25.0,31.0,20.0, 2, 3
2016-03-19,50.0,21.0,31.0,15.0, , 2
2016-03-20,47.0,31.0,28.0,24.0, , 3
2016-03-21,66.0,27.0,25.0,24.0, 1, 3
2016-03-22,63.0,17.0,25.0,26.0, , 3
2016-03-23,40.0,39.0,20.0,29.0, , 3
2016-03-24,102.0,23.0,28.0,27.0, , 3
2016-03-25,51.0,23.0,15.0,32.0, , 4
2016-03-26,77.0,18.0,29.0,19.0, , 3
2016-03-27,45.0,16.0,31.0,13.0, , 2
2016-03-28,50.0,18.0,32.0,21.0, , 2
2016-03-29,42.0,20.0,29.0,26.0, , 3
2016-03-30,46.0,33.0,27.0,39.0, 1, 4
2016-03-31,67.0,29.0,31.0,32.0, , 3
2015-10-01,64.0,38.0,22.0,29.0, , 3
2015-10-02,87.0,49.0,12.0,28.0, 1, 4
2015-10-03,121.0,57.0,22.0,34.0, 1, 5
2015-10-04,83.74965319519362,43.0,11.0,30.0, , 6
2015-10-05,98.0,26.0,9.0,25.0, , 4
2015-10-06,67.0,21.0,8.0,22.0, , 3
2015-10-07,54.0,24.0,21.0,25.0, , 2
2015-10-08,50.0,31.0,22.0,31.0, , 3
2015-10-09,68.0,33.0,22.0,19.0, , 2
2015-10-10,80.0,33.0,24.0,15.0, , 2
2015-10-11,74.0,33.0,20.0,24.0, 1, 3
2015-10-12,91.0,43.0,22.0,25.0, , 3
2015-10-13,102.0,28.0,18.0,27.0, , 3
2015-10-14,74.0,35.0,15.0,26.0, , 4
2015-10-15,92.0,40.0,17.0,27.0, , 4
2015-10-16,105.0,25.0,16.0,27.0, , 4
2015-10-17,68.0,31.0,8.0,27.0, , 5
2015-10-18,89.0,37.0,14.0,29.0, , 4
2015-10-19,100.0,24.0,21.0,35.0, , 3
2015-10-20,68.0,25.0,13.0,33.0, , 4
2015-10-21,74.0,21.0,24.0,23.0, 3, 2
2015-10-22,59.0,36.0,13.0,39.0, 5, 5
2015-10-23,101.0,29.0,15.0,27.0, 6, 3
2015-10-24,82.0,25.0,27.0,25.0, 3, 4
2015-10-25,63.0,35.0,11.0,26.0, , 4
2015-10-26,84.0,44.0,4.0,25.0, , 5
2015-10-27,102.0,45.0,1.0,28.0, 1, 5
2015-10-28,111.0,38.0,11.0,33.0, 4, 4
2015-10-29,101.0,38.0,5.0,29.0, 1, 5
2015-10-30,92.0,45.0,4.0,22.0, 1, 5
2015-10-31,116.0,50.0,25.91037079502374,24.0, 1, 7
2015-11-01,131.0,44.0,1.0,27.0, 2, 8
2015-11-02,124.0,49.0,2.0,34.0, , 7
2015-11-03,121.0,28.0,9.0,30.0, 1, 4
2015-11-04,78.0,37.0,6.0,25.0, 1, 4
2015-11-05,88.0,17.0,16.0,22.0, , 2
2015-11-06,59.0,17.0,21.0,15.0, , 1
2015-11-07,61.0,24.0,21.0,22.0, , 2
2015-11-08,72.0,26.0,28.0,18.0, , 1
2015-11-09,69.0,30.0,27.0,14.0, 2, 1
2015-11-10,80.0,31.0,23.0,21.0, 2, 2
2015-11-11,67.0,24.0,22.0,28.0, , 2
2015-11-12,54.0,26.0,29.0,22.0, , 2
2015-11-13,60.0,21.0,30.0,17.0, , 1
2015-11-14,39.0,25.0,23.0,13.0, , 1
2015-11-15,56.0,22.0,27.0,21.0, , 2
2015-11-16,45.0,21.0,27.0,21.0, , 2
2015-11-17,50.0,26.0,28.0,15.0, , 1
2015-11-18,60.0,23.0,28.0,21.0, , 1
2015-11-19,48.0,20.0,26.0,24.0, , 1
2015-11-20,37.0,15.0,26.0,22.0, , 2
2015-11-21,33.0,15.0,26.0,22.0, , 2
2015-11-22,32.0,22.0,20.0,35.0, , 4
2015-11-23,46.0,24.0,12.0,26.0, , 3
2015-11-24,63.0,21.0,14.0,32.0, , 3
2015-11-25,45.0,26.0,17.0,41.0, , 4
2015-11-26,48.0,32.0,10.0,30.0, 1, 3
2015-11-27,73.0,20.0,28.0,18.0, , 1
2015-11-28,44.0,28.0,29.0,13.0, , 1
2015-11-29,54.0,29.0,28.0,19.0, , 1
2015-11-30,50.0,23.0,26.0,29.0, , 3
2015-12-01,48.0,23.0,27.0,26.0, 1, 2
2015-12-02,51.0,27.0,14.0,28.0, 2, 3
2015-12-03,68.0,24.0,24.0,23.0, , 2
2015-12-04,57.0,23.0,20.0,14.0, 1, 2
2015-12-05,58.0,20.0,24.0,14.0, 1, 2
2015-12-06,59.0,33.0,13.0,25.0, 1, 3
2015-12-07,81.0,28.0,19.0,25.0, , 3
2015-12-08,73.0,30.0,24.0,28.0, , 2
2015-12-09,53.0,25.0,12.0,22.0, 1, 2
2015-12-10,63.0,23.0,25.0,25.0, , 2
2015-12-11,60.0,25.0,27.0,28.0, , 2
2015-12-12,60.0,20.0,25.0,26.0, , 3
2015-12-13,50.0,38.0,4.0,28.0, , 4
2015-12-14,98.0,48.0,26.305670638548058,29.0, 1, 5
2015-12-15,120.0,26.0,24.0,24.0, , 2
2015-12-16,67.0,37.0,17.0,23.0, 1, 3
2015-12-17,71.0,32.0,15.0,26.0, 1, 2
2015-12-18,67.0,32.0,14.0,20.0, 1, 2
2015-12-19,78.0,27.0,18.0,18.0, 1, 2
2015-12-20,71.0,15.0,26.0,18.0, , 1
2015-12-21,40.0,17.0,20.0,16.0, , 1
2015-12-22,54.0,24.0,25.0,20.0, , 2
2015-12-23,55.0,23.0,27.0,19.0, 1, 2
2015-12-24,60.0,29.0,28.0,16.0, , 1
2015-12-25,58.0,17.0,23.0,11.0, 1, 1
2015-12-26,58.0,44.0,19.0,16.0, , 2
2015-12-27,79.0,55.0,8.0,24.0, 1, 3
2015-12-28,85.0,27.0,6.0,25.0, , 3
2015-12-29,69.0,22.0,16.0,18.0, , 2
2015-12-30,58.0,25.73930791615013,27.270245919187005,17.70778031600396, , 
2016-01-02,69.0,15.0,21.0,15.0, , 2
2016-01-03,44.0,20.0,20.0,24.0, , 4
2015-07-01,69.0,38.0,56.0,43.0, 2, 3
2015-07-02,79.0,31.33989438717077,25.67527497217161,20.17496016748666, , 
2015-07-08,41.0,20.0,25.0,12.0, , 1
2015-07-09,37.0,23.0,42.0,29.0, 1, 2
2015-07-10,55.0,30.0,52.0,24.0, 3, 3
2015-07-11,72.0,23.0,25.0,13.0, , 2
2015-07-12,48.0,22.0,23.0,17.0, , 2
2015-07-13,47.0,17.0,30.0,14.0, , 2
2015-07-14,36.0,21.0,24.0,22.0, , 3
2015-07-15,54.0,21.0,41.0,26.0, 2, 3
2015-07-16,51.0,32.0,33.0,19.0, , 2
2015-07-17,56.0,19.0,33.0,21.0, , 2
2015-07-18,42.0,18.0,35.0,26.0, , 2
2015-07-19,50.0,23.0,26.0,31.0, , 3
2015-07-20,56.0,15.0,31.0,16.0, , 2
2015-07-21,38.0,21.0,31.0,20.0, , 2
2015-07-22,44.0,17.0,31.0,16.0, 1, 2
2015-07-23,38.0,36.0,43.0,29.0, 2, 3
2015-07-24,60.0,30.0,35.0,14.0, , 2
2015-07-25,72.0,23.0,31.0,21.0, 1, 2
2015-07-26,45.0,19.0,27.0,15.0, 1, 2
2015-07-27,44.0,19.0,26.0,17.0, , 2
2015-07-28,38.0,14.0,26.0,16.0, , 1
2015-07-29,34.0,21.0,27.0,12.0, 1, 1
2015-07-30,33.0,27.0,32.0,27.0, 1, 2
2015-07-31,45.0,22.0,44.0,24.0, 1, 2
2015-08-01,52.0,35.0,64.0,36.0, 1, 3
2015-08-02,77.0,26.0,46.0,31.0, 1, 3
2015-08-03,61.0,24.0,31.0,23.0, , 2
2015-08-04,52.0,30.0,45.0,25.0, 1, 3
2015-08-05,58.0,32.0,34.0,29.0, 1, 3
2015-08-06,59.0,28.0,31.0,24.0, 2, 3
2015-08-07,57.0,23.0,32.0,13.0, , 1
2015-08-08,55.0,22.0,41.0,17.0, 1, 2
2015-08-09,48.0,28.0,39.0,29.0, 1, 3
2015-08-10,64.0,28.0,23.0,20.0, 2, 3
2015-08-11,62.0,26.0,26.0,21.0, , 2
2015-08-12,53.0,29.0,46.0,18.0, , 2
2015-08-13,61.0,46.0,42.0,30.0, 1, 4
2015-08-14,62.0,22.0,29.0,20.0, , 2
2015-08-15,47.0,21.0,25.0,12.0, , 1
2015-08-16,48.0,16.0,26.0,18.0, , 2
2015-08-17,38.0,17.0,24.0,22.0, , 3
2015-08-18,36.0,32.0,30.0,31.0, 1, 4
2015-08-19,75.0,34.0,41.0,34.0, 1, 4
2015-08-20,81.0,28.0,33.0,40.0, 1, 6
2015-08-21,73.0,37.0,57.0,36.0, 1, 5
2015-08-22,87.0,35.0,50.0,24.0, 1, 4
2015-08-23,79.0,21.0,30.0,26.0, 1, 4
2015-08-24,60.0,18.0,28.0,18.0, , 2
2015-08-25,44.0,17.0,25.0,19.0, , 4
2015-08-26,45.0,17.0,20.0,24.0, , 4
2015-08-27,43.0,17.0,18.0,20.0, , 2
2015-08-28,42.0,27.0,23.0,28.0, 2, 3
2015-08-29,55.0,26.0,36.0,19.0, 1, 3
2015-08-30,66.0,30.0,26.0,32.0, , 11
2015-08-31,80.0,18.0,30.0,18.0, , 15
2015-09-01,40.0,17.0,29.0,23.0, 1, 2
2015-09-02,37.0,19.0,25.0,33.0, , 5
2015-09-03,40.0,17.0,25.0,26.0, , 5
2015-09-04,41.0,22.0,27.0,15.0, , 2
2015-09-05,40.0,21.0,28.0,10.0, , 1
2015-09-06,40.0,16.0,24.0,20.0, , 2
2015-09-07,43.0,20.0,26.0,25.0, , 3
2015-09-08,44.0,27.0,28.0,26.0, , 3
2015-09-09,57.0,20.0,28.0,24.0, , 3
2015-09-10,51.0,26.0,29.0,27.0, , 3
2015-09-11,64.0,33.0,23.0,27.0, 1, 4
2015-09-12,81.0,23.0,26.0,23.0, , 3
2015-09-13,53.0,22.0,20.0,23.0, , 3
2015-09-14,61.0,18.0,21.0,20.0, , 2
2015-09-15,38.0,18.0,12.0,26.0, , 4
2015-09-16,45.0,19.0,22.0,26.0, , 3
2015-09-17,43.0,29.0,27.0,30.0, 1, 4
2015-09-18,63.0,22.0,31.0,23.0, , 3
2015-09-19,51.0,25.0,32.0,29.0, 1, 2
2015-09-20,53.0,38.0,29.0,30.0, 1, 3
2015-09-21,75.0,25.0,21.0,33.0, 1, 3
2015-09-22,66.0,22.0,24.0,30.0, 1, 3
2015-09-23,49.0,22.0,15.0,28.0, 1, 3
2015-09-24,53.0,27.0,22.0,28.0, , 4
2015-09-25,59.0,31.0,27.0,33.0, 1, 5
2015-09-26,65.0,23.0,27.0,24.0, , 2
2015-09-27,51.0,41.0,24.0,31.0, , 2
2015-09-28,58.0,33.0,24.0,27.0, , 4
2015-09-29,55.0,24.0,23.0,23.0, , 2
2015-09-30,51.0,34.0,28.0,28.0, , 2
2015-04-01,61.0,20.0,30.0,13.0, , 
2015-04-02,35.0,17.0,28.0,29.0, 1, 
2015-04-03,29.0,16.0,31.0,18.0, 1, 
2015-04-04,39.0,11.0,32.0,20.0, 1, 
2015-04-05,23.0,10.0,33.0,25.0, 1, 
2015-04-06,27.0,17.0,25.0,33.0, , 
2015-04-07,50.0,29.0,35.0,37.0, , 
2015-04-08,80.0,27.0,29.0,31.0, 1, 
2015-04-09,73.0,50.0,34.0,42.0, 4, 6
2015-04-10,90.0,44.0,34.0,32.0, 1, 3
2015-04-14,67.0,31.0,39.0,33.0, 1, 3
2015-04-15,67.0,19.0,32.0,26.0, 1, 2
2015-04-16,45.0,15.0,35.0,24.0, 1, 2
2015-04-17,30.0,17.0,35.0,21.0, 1, 2
2015-04-19,48.0,25.0,37.0,30.0, , 3
2015-04-20,62.0,25.0,34.0,28.0, 1, 2
2015-04-21,53.0,19.0,34.0,24.0, , 2
2015-04-22,65.0,16.0,37.0,26.0, 1, 2
2015-05-05,61.0,18.0,35.0,23.0, 1, 2
2015-05-06,61.0,18.0,35.0,21.0, , 2
2015-06-12,106.0,28.0,45.0,25.0, 1, 2
2015-06-13,65.0,32.0,41.0,22.0, , 2
2015-06-14,61.0,50.0,33.0,23.0, , 2
2015-06-15,53.0,17.0,31.0,30.0, 1, 2
2015-06-16,61.0,25.0,33.0,30.0, 1, 3
2015-06-17,49.0,24.0,30.0,15.0, , 2
2015-06-18,117.0,18.0,28.0,16.0, , 2
2015-06-19,35.0,16.0,28.0,18.0, 1, 2
2015-06-20,36.0,23.0,24.0,20.0, 1, 2
2015-06-21,63.0,14.0,27.0,22.0, 1, 2
2015-06-22,38.0,21.0,28.0,16.0, , 2
2015-06-23,45.0,21.0,34.0,23.0, 1, 2
2015-06-24,50.0,24.0,34.0,29.0, 2, 3
2015-06-25,58.0,23.0,37.0,36.0, 1, 4
2015-06-26,54.0,24.0,31.0,19.0, 3, 2
2015-06-27,61.0,31.0,34.0,28.0, 2, 3
2015-06-28,67.0,23.0,26.0,24.0, 2, 2
2015-06-29,57.0,23.0,43.0,29.0, 1, 3
2015-06-30,57.0,30.0,23.132778703034887,39.0, 2, 3
2015-01-01,54.24022621477194,27.0,27.0,14.0, , 
2015-01-02,78.0,23.0,28.0,25.0, , 
2015-01-03,37.0,24.0,30.0,25.0, , 
2015-01-04,38.0,29.0,15.0,33.0, 1, 
2015-01-05,66.0,31.0,7.0,33.0, 1, 
2015-01-06,80.0,23.0,21.0,31.0, , 
2015-01-07,62.0,19.0,23.0,24.0, , 
2015-01-08,54.0,19.0,26.0,18.0, , 
2015-01-09,41.0,18.0,29.0,9.0, , 
2015-01-10,53.0,21.0,29.0,10.0, , 
2015-01-11,50.0,21.0,28.0,17.0, , 
2015-01-12,47.0,11.0,25.0,25.0, , 
2015-01-13,39.0,11.0,27.0,26.0, , 
2015-01-14,20.0,11.0,28.0,23.0, , 
2015-01-15,21.0,10.0,28.0,9.0, , 
2015-01-16,30.0,19.0,22.0,29.0, 1, 
2015-01-17,44.0,22.0,14.0,25.0, , 
2015-01-18,58.0,22.0,6.0,44.0, , 
2015-01-19,66.0,27.0,7.0,37.0, 1, 
2015-01-20,71.0,39.0,4.0,32.0, 1, 
2015-01-21,99.0,39.0,9.0,24.0, 1, 
2015-01-22,101.0,39.0,6.0,37.0, , 
2015-01-23,101.0,46.0,27.0,25.0, 1, 
2015-01-24,117.0,28.0,21.0,40.0, , 
2015-01-25,54.0,25.0,27.0,22.0, , 
2015-01-26,53.0,25.0,28.0,25.0, , 
2015-01-27,45.0,21.0,26.0,20.0, , 
2015-01-28,53.0,14.0,27.0,27.0, , 
2015-01-29,41.0,13.0,25.0,45.0, , 
2015-01-30,29.0,16.0,23.0,42.0, , 
2015-01-31,37.0,16.0,25.0,31.0, , 
2015-02-01,44.0,14.0,28.0,29.0, , 
2015-02-02,30.0,16.0,22.0,43.0, , 
2015-02-03,31.0,19.0,20.0,43.0, , 
2015-02-04,48.0,17.0,16.0,31.0, , 
2015-02-05,44.0,20.0,15.0,24.0, 1, 
2015-02-06,58.0,29.0,25.0,29.0, , 
2015-02-07,81.0,31.0,30.0,17.0, , 
2015-02-08,59.0,30.0,26.0,20.0, , 
2015-02-09,49.0,16.0,27.0,35.0, , 
2015-02-10,36.0,24.0,25.0,30.0, , 
2015-02-11,67.0,46.0,3.0,35.0, , 
2015-02-12,114.0,53.0,9.0,33.0, 1, 
2015-02-13,136.0,39.0,14.0,27.0, , 
2015-02-14,100.0,42.0,16.0,23.0, , 
2015-02-15,96.0,40.51752250216177,9.0,38.0, 2, 
2015-02-16,103.88090248594285,59.0,26.0,31.0, , 
2015-02-17,64.12383410552721,31.0,15.0,39.0, 2, 
2015-02-18,64.0,41.0,18.0,27.0, 1, 
2015-02-19,91.0,33.0,18.0,28.0, , 
2015-02-20,90.0,15.0,28.0,31.0, , 
2015-02-21,48.0,17.0,25.0,32.0, 1, 
2015-02-22,39.0,17.0,28.0,22.0, , 
2015-02-23,48.0,17.0,28.0,22.0, , 
2015-02-24,32.0,21.0,22.0,33.0, 1, 
2015-02-25,41.0,25.0,14.0,30.0, , 
2015-02-26,68.0,22.0,31.0,25.0, , 
2015-02-27,55.0,23.0,28.0,28.0, 1, 
2015-02-28,51.0,18.0,31.0,16.0, , 
2015-03-01,42.0,19.0,32.0,19.0, , 
2015-03-02,33.0,19.0,26.0,27.0, , 
2015-03-03,28.0,19.0,31.0,17.0, , 
2015-03-04,26.0,25.0,25.0,33.0, , 
2015-03-05,38.0,23.0,27.0,37.0, 1, 
2015-03-06,43.0,30.0,24.0,28.0, 1, 
2015-03-07,66.0,33.0,29.0,27.0, 1, 
2015-03-08,82.0,25.0,25.0,32.0, , 
2015-03-09,64.0,27.0,28.0,24.0, , 
2015-03-10,64.0,30.0,23.0,38.0, , 
2015-03-11,51.0,30.0,25.0,34.0, 1, 
2015-03-12,57.0,29.0,22.0,23.0, , 
2015-03-13,68.0,27.0,24.0,18.0, , 
2015-03-14,66.0,32.0,17.0,12.0, , 
2015-03-15,76.0,43.0,18.0,27.0, , 
2015-03-16,82.0,38.17998459652158,20.0,37.0, 2, 
2015-03-17,138.0,45.47849898633679,22.0,23.0, 1, 
2015-03-18,57.6501675744619,29.907251824957736,28.0,28.0, , 
2015-03-19,93.81421241346936,54.0,34.0,37.0, , 
2015-03-20,123.0,35.0,30.0,16.0, , 
2015-03-21,83.0,13.0,30.0,16.0, , 
2015-03-22,29.0,24.0,17.0,31.0, , 
2015-03-23,57.0,44.0,16.0,39.0, 1, 
2015-03-24,97.0,37.0,25.0,29.0, 1, 
2015-03-25,97.0,22.0,22.0,33.0, 1, 
2015-03-26,62.0,22.0,30.0,23.0, , 
2015-03-27,47.0,26.0,25.0,27.0, , 
2015-03-28,60.0,19.0,30.0,14.0, , 
2015-03-29,50.0,21.0,33.0,14.0, , 
2015-03-30,38.0,31.0,34.0,11.0, , 
2015-03-31,47.0,44.0,32.0,14.0, , 
2014-10-24,54.0,24.0,15.0,29.0, , 
2014-10-25,56.0,19.0,23.0,29.0, , 
2014-10-26,46.0,20.0,21.0,28.0, 1, 
2014-10-27,48.0,21.0,21.0,32.0, 1, 
2014-10-28,70.0,29.0,3.0,26.0, , 
2014-10-29,85.0,36.0,23.0,28.0, 1, 
2014-10-30,69.0,32.0,7.0,25.0, 1, 
2014-10-31,92.0,40.0,2.0,32.0, 1, 
2014-11-01,82.0,42.0,10.0,28.0, 2, 
2014-11-02,62.0,29.0,22.0,21.0, 1, 
2014-11-03,32.0,13.0,24.0,23.0, , 
2014-11-04,40.0,20.0,20.0,35.0, 1, 
2014-11-05,75.0,36.0,2.0,36.0, 1, 
2014-11-06,102.0,41.0,3.0,36.0, , 
2014-11-07,80.0,25.0,15.0,26.0, 1, 
2014-11-08,43.0,17.0,19.0,23.0, 1, 
2014-11-09,41.0,20.0,14.0,18.0, , 
2014-11-10,56.0,23.0,15.0,30.0, 2, 
2014-11-11,61.0,27.0,10.0,29.0, 1, 
2014-11-12,61.0,23.0,3.0,33.0, , 
2014-11-13,65.0,32.0,4.0,41.0, , 
2014-11-14,70.0,30.0,4.0,26.0, 1, 
2014-11-15,71.0,40.0,9.0,24.0, , 
2014-11-16,70.0,27.0,16.0,31.0, , 
2014-11-17,61.0,21.0,12.0,28.0, , 
2014-11-18,62.0,30.0,8.0,20.0, , 
2014-11-19,83.0,33.0,7.0,24.0, , 
2014-11-20,77.0,33.0,6.0,23.0, , 
2014-11-21,85.0,31.0,7.0,23.0, 1, 
2014-11-22,73.0,28.0,3.0,27.0, , 
2014-11-23,78.0,30.0,10.0,25.0, , 
2014-11-24,53.0,24.0,24.0,41.0, , 
2014-11-25,54.0,30.0,9.0,39.0, , 
2014-11-26,70.0,30.0,9.0,24.0, , 
2014-11-27,77.0,34.0,25.266537785651426,26.0, , 
2014-11-28,85.0,36.0,2.0,19.0, 1, 
2014-11-29,97.0,40.0,4.0,17.0, , 
2014-11-30,119.0,49.0,1.0,18.0, , 
2014-12-01,94.0,42.0,6.0,18.0, , 
2014-12-02,111.0,48.0,4.0,22.0, , 
2014-12-03,107.0,42.0,10.0,20.0, , 
2014-12-04,113.0,50.0,5.0,22.0, , 
2014-12-05,125.0,49.0,1.0,27.0, 1, 
2014-12-06,77.0,28.0,21.0,38.0, , 
2014-12-07,54.0,22.0,20.0,30.0, 1, 
2014-12-08,44.0,19.0,24.0,34.0, , 
2014-12-09,46.0,24.0,14.0,48.0, 2, 
2014-12-10,49.0,20.0,27.0,23.0, 1, 
2014-12-11,28.0,19.0,27.0,20.0, , 
2014-12-12,21.0,14.0,27.0,24.0, , 
2014-12-13,35.0,16.0,24.0,37.0, 1, 
2014-12-14,56.0,23.0,9.0,31.0, 1, 
2014-12-15,64.0,20.0,23.0,34.0, , 
2014-12-16,51.0,21.0,23.0,35.0, , 
2014-12-17,49.0,18.0,15.0,28.0, , 
2014-12-18,33.0,15.0,22.0,21.0, , 
2014-12-19,28.0,16.0,27.0,17.0, , 
2014-12-20,32.0,21.0,29.0,12.0, , 
2014-12-21,38.0,22.0,29.0,20.0, 1, 
2014-12-22,38.0,18.0,27.0,12.0, , 
2014-12-23,47.0,19.0,25.0,15.0, , 
2014-12-24,25.0,15.0,27.0,16.0, , 
2014-12-25,28.0,21.0,27.0,17.0, 1, 
2014-12-26,36.0,21.0,18.0,35.0, , 
2014-12-27,56.0,17.0,19.0,12.0, , 
2014-12-28,43.0,16.0,21.0,19.0, , 
2021-10-01,39.11935792475897,16.0,21.0,16.0, , 3
2021-10-02,34.830498895715216,14.0,25.0,14.0, , 3
2021-10-03,34.830498895715216,14.0,25.0,14.0, , 3
2021-10-04,38.80921726130529,16.0,22.0,14.0, , 3
2021-10-05,38.80921726130529,16.0,22.0,14.0, , 3
2021-10-06,37.918996611776876,16.0,25.0,16.0, , 3
2021-10-07,51.203409466384564,24.0,22.0,30.0, , 4
2021-10-08,53.897767961356706,25.0,18.0,21.0, , 4
2021-10-09,75.13675896387755,39.0,19.0,19.0, , 4
2021-10-10,75.81950888637093,41.0,27.0,20.0, , 6
2021-10-11,47.77462008124475,22.0,23.0,20.0, , 2
2021-10-12,42.55174318586937,19.0,25.0,19.0, , 2
2021-10-13,43.81600238607099,20.0,26.0,24.0, , 2
2021-10-14,38.22411210762648,16.0,24.0,17.0, , 2
2021-10-15,48.40352245172677,23.0,26.0,18.0, , 2
2021-10-16,57.950434549374464,28.0,20.0,28.0, , 4
2021-10-17,54.207908624810386,25.0,17.0,23.0, , 3
2021-10-18,60.62109649795971,28.0,11.0,22.0, , 3
2021-10-19,53.533779745891664,24.0,14.0,16.0, , 3
2021-10-20,48.3733714461023,23.0,26.0,12.0, , 2
2021-10-21,43.14546938312283,20.0,28.0,10.0, , 2
2021-10-22,44.68971824115366,21.0,28.0,11.0, , 2
2021-10-23,51.19335913117641,24.0,22.0,28.0, , 4
2021-10-24,50.804245077690965,23.0,18.0,18.0, , 3
2021-10-25,56.90369641141602,25.0,8.0,22.0, , 4
2021-10-26,49.91402442816255,23.0,21.0,20.0, , 3
2021-10-27,47.41565703338378,21.0,19.0,16.0, , 2
2021-10-28,49.875252378963424,22.0,16.0,20.0, , 3
2021-10-29,46.2102705527976,21.0,23.0,15.0, , 2
2021-10-30,40.958671943431256,17.0,20.0,16.0, , 2
2021-10-31,41.89268980976287,18.0,22.0,15.0, , 2
2021-11-01,41.6026498167255,18.0,23.0,17.0, , 2
2021-11-02,43.74850862288089,18.0,16.0,26.0, , 4
2021-11-03,53.57038521075371,23.0,9.0,31.0, , 6
2021-11-04,49.95422576899518,23.0,21.0,28.0, , 6
2021-11-05,41.93791631819958,18.0,22.0,24.0, , 3
2021-11-06,43.78082621284244,20.0,26.0,17.0, , 2
2021-11-07,48.363321110894134,23.0,26.0,10.0, , 2
2021-11-08,56.396135356135474,27.0,20.0,25.0, , 3
2021-11-09,67.09818225832855,32.0,10.0,26.0, , 3
2021-11-10,73.86530801173477,36.0,8.0,28.0, , 4
2021-11-11,83.35191809813351,41.0,2.0,26.0, , 5
2021-11-12,79.6869362719677,40.0,9.0,21.0, , 4
2021-11-13,50.170317539604866,22.0,15.0,19.0, , 3
2021-11-14,50.39645964542271,21.0,9.0,12.0, , 3
2021-11-15,54.75783760526065,25.0,15.0,13.0, , 3
2021-11-16,76.93227576574661,39.0,13.0,18.0, , 4
2021-11-17,63.47699764896595,32.0,22.0,22.0, , 3
2021-11-18,57.915258376145914,28.0,20.0,21.0, , 2
2021-11-19,51.738262944022594,24.0,20.0,17.0, , 2
2021-11-20,42.836758011302656,19.0,24.0,16.0, , 2
2021-11-21,41.56747364349695,18.0,23.0,10.0, , 2
2021-11-22,53.322713142886045,25.0,20.0,26.0, , 3
2021-11-23,46.565637724687996,21.0,22.0,26.0, , 4
2021-11-24,47.43216182782952,20.0,14.0,27.0, , 3
2021-11-25,61.018831595019805,30.0,20.0,26.0, , 4
2021-11-26,39.749689586874496,16.0,19.0,22.0, , 3
2021-11-27,30.237953662455354,11.0,25.0,19.0, , 2
2021-11-28,42.51799630427432,18.0,20.0,20.0, , 3
2021-11-29,36.99502908065341,15.0,23.0,19.0, , 2
2021-11-30,36.035885376301394,14.0,21.0,15.0, , 2
2021-12-01,39.12797896833363,17.0,26.0,10.0, , 2
2021-12-02,37.3489669609103,16.0,27.0,22.0, , 2
2021-12-03,44.02347311310602,18.0,15.0,21.0, , 2
2021-12-04,47.77462008124475,22.0,23.0,20.0, , 3
2021-12-05,40.96369711103533,17.0,20.0,17.0, , 2
2021-09-29,43.7420541636433,19.0,21.0,17.0, , 3
2021-09-30,44.03711932428475,19.0,20.0,16.0, , 3
2020-03-31,52.50501142415182,27.0,33.0,27.0, , 2
2019-12-31,54.68603278253475,23.830817069999522,9.0,20.0, , 3
2018-12-31,81.34607198596242,45.0,29.0,14.0, , 2
2018-01-05,43.14832796638984,18.0,18.0,26.0, 1, 3
2016-01-01,54.43405073062823,24.0,11.0,16.0, , 3
2015-07-07,40.99744399263038,18.0,25.0,16.0, , 2
2015-04-11,45.132679846650475,23.0,37.0,24.0, 1, 2
2015-04-12,40.761251551604374,19.0,31.0,21.0, 1, 2
2015-04-13,51.60114456344466,26.0,31.0,34.0, 1, 3
2015-04-18,38.97578508494347,19.0,37.0,24.0, 1, 2
2015-04-23,60.06903666331172,34.0,44.0,45.0, 2, 4
2015-04-24,39.886106404888196,19.0,34.0,26.0, 1, 2
2015-04-25,35.21458778159658,15.0,29.0,23.0, , 2
2015-04-26,30.551690201879616,12.0,29.0,14.0, 1, 2
2015-04-27,38.90829132175337,17.0,27.0,26.0, , 2
2015-04-28,38.32318616807456,17.0,29.0,29.0, 1, 3
2015-04-29,34.34446780248447,15.0,32.0,29.0, , 2
2015-04-30,36.79760868882654,17.0,34.0,24.0, , 2
2015-05-01,27.891078588502523,12.0,38.0,22.0, 1, 2
2015-05-02,32.71622038681781,13.0,27.0,19.0, 1, 2
2015-05-03,38.331807211649206,18.0,34.0,23.0, 1, 2
2015-05-04,40.8237201471904,21.0,41.0,18.0, , 2
2015-05-07,45.1728811874831,23.0,37.0,32.0, 1, 4
2015-05-08,40.1897926091043,20.0,38.0,19.0, , 2
2015-05-09,33.76798369238032,16.0,39.0,26.0, 2, 2
2015-05-10,39.301001251209385,19.0,36.0,29.0, 1, 3
2015-05-11,37.74167689036632,18.0,36.0,25.0, 1, 2
2015-05-12,35.54842499143715,16.0,33.0,22.0, 2, 2
2015-05-13,27.51201487022524,11.0,34.0,14.0, , 2
2015-05-14,35.28208154478668,17.0,39.0,21.0, , 2
2015-05-15,26.656970393925377,11.0,37.0,23.0, 1, 2
2015-05-16,39.60611674705899,19.0,35.0,30.0, , 2
2015-05-17,36.488897317006355,16.0,30.0,30.0, 1, 2
2015-05-18,34.314316796860005,15.0,32.0,23.0, , 2
2015-05-19,32.77509310643325,14.0,32.0,23.0, 1, 2
2015-05-20,34.02930197142672,15.0,33.0,26.0, 2, 2
2015-05-21,48.21255651913748,24.0,32.0,32.0, 2, 3
2015-05-22,42.31914662081394,21.0,36.0,17.0, 1, 2
2015-05-23,35.59222220824036,17.0,38.0,23.0, 2, 2
2015-05-24,34.55913028146066,15.0,31.0,12.0, , 1
2015-05-25,41.316205699658724,19.0,29.0,12.0, , 1
2015-05-26,36.20245319993957,17.0,36.0,25.0, 1, 2
2015-05-27,33.7040858051608,15.0,34.0,21.0, 1, 2
2015-05-28,40.80647806004109,19.0,31.0,30.0, 1, 3
2015-05-29,29.037592349473258,11.0,29.0,19.0, , 1
2015-05-30,28.07485276915066,9.0,22.0,22.0, 1, 2
2015-05-31,35.229663284408815,15.0,29.0,26.0, , 3
2015-06-01,33.31640104330886,13.0,25.0,19.0, 1, 2
2015-06-02,49.67640269550304,25.0,32.0,17.0, 1, 2
2015-06-03,36.26132591955501,18.0,41.0,29.0, 1, 3
2015-06-04,41.335604807510805,24.0,55.0,37.0, 1, 4
2015-06-05,33.41404581212343,15.0,35.0,23.0, 1, 2
2015-06-06,40.43603538533846,19.0,32.0,16.0, 1, 1
2015-06-07,36.1486056479282,16.0,31.0,22.0, 1, 2
2015-06-08,38.94203820334842,18.0,32.0,25.0, 2, 2
2015-06-09,40.51500877537022,20.0,37.0,24.0, , 2
2015-06-10,28.278763350354467,14.0,47.0,24.0, , 2
2015-06-11,34.27198460182965,21.0,63.0,28.0, 1, 3
2014-12-31,93.00366671653694,50.0,16.0,26.0, 1, 
2014-10-01,70.88450539969584,36.0,18.0,32.0, , 
2014-10-02,55.22735434041135,26.0,19.0,39.0, , 
2014-10-03,49.10780233626997,24.0,29.0,31.0, , 
2014-10-04,68.4234807624827,36.0,26.0,20.0, , 
2014-10-05,41.35640704049135,19.0,29.0,20.0, , 
2014-10-06,42.24303181404919,18.0,21.0,25.0, , 
2014-10-07,42.88700968734344,19.0,24.0,26.0, , 
2014-10-08,35.45220951425608,13.0,18.0,26.0, 1, 
2014-10-09,38.87454444015832,16.0,22.0,27.0, 1, 
2014-10-10,61.988025634579984,31.0,22.0,32.0, 1, 
2014-10-11,62.23067253484356,29.0,11.0,36.0, , 
2014-10-12,49.05395478425861,23.0,24.0,28.0, , 
2014-10-13,45.59787297676132,19.0,15.0,28.0, , 
2014-10-14,39.440978215054315,15.0,15.0,28.0, , 
2014-10-15,40.79785701646643,18.0,26.0,36.0, , 
2014-10-16,46.91095456137023,21.0,21.0,35.0, , 
2014-10-17,58.02581206343564,28.0,20.0,43.0, , 
2014-10-18,66.04221310012821,32.42434433469554,12.0,34.0, 2, 
2014-10-19,47.81482142207738,22.0,23.0,28.0, 1, 
2014-10-20,48.72873861799269,23.0,25.0,23.0, , 
2014-10-21,39.468270637411784,17.0,25.0,18.0, , 
2014-10-22,47.79329146002756,23.0,28.0,16.0, , 
2014-10-23,60.733816769586525,30.0,21.0,29.0, , 
2014-07-01,37.712955176375345,17.0,31.0,27.0, , 
2014-07-02,33.010583984895035,18.0,52.0,39.0, 2, 
2014-07-03,38.00731877445257,22.0,56.0,47.0, 2, 
2014-07-04,46.35816699765297,23.0,33.0,29.0, 1, 
2014-07-05,45.940331230176554,21.0,24.0,21.0, , 
2014-07-06,36.43002459739091,15.0,25.0,26.0, , 
2014-07-07,42.27175352804016,19.0,26.0,23.0, , 
2014-07-08,44.10461308747485,21.0,30.0,14.0, , 
2014-07-09,38.73456747631339,20.0,43.0,28.0, , 
2014-07-10,65.53170187568368,37.0,41.0,34.0, 1, 
2014-07-11,64.63000159931362,38.0,49.0,26.0, , 
2014-07-12,64.87121920794368,37.0,43.0,22.0, , 
2014-07-13,58.592983131035226,30.0,28.0,21.0, , 
2014-07-14,39.49339647543218,17.0,25.0,23.0, 1, 
2014-07-15,44.55259986057574,23.0,39.0,28.0, 2, 
2014-07-16,41.596923086557204,23.0,49.0,37.0, 1, 
2014-07-17,59.91925958451846,30.0,23.811969542920878,35.0, 1, 
2014-07-18,63.0073750828373,32.0,23.796322025575684,36.0, , 
2014-07-19,59.7186946590254,34.0,45.0,35.0, , 
2014-07-20,48.57009027536495,26.0,41.0,28.0, , 
2014-07-21,49.48903263888433,27.0,43.0,24.0, , 
2014-07-22,52.272414859096386,29.0,44.0,25.0, , 
2014-07-23,41.79291418675058,22.0,43.0,24.0, , 
2014-07-24,42.045611422222315,20.0,32.0,30.0, , 
2014-07-25,39.01455713414259,20.0,42.0,24.0, , 
2014-07-26,44.55117056894224,24.0,44.0,20.0, , 
2014-07-27,55.28336847675979,29.0,34.0,27.0, , 
2014-07-28,42.01546041659784,20.0,32.0,24.0, , 
2014-07-29,40.40731367134749,18.0,27.0,18.0, , 
2014-07-30,33.53179125135432,17.0,45.0,31.0, 1, 
2014-07-31,49.205447105084545,26.0,39.0,35.0, 2, 
2014-08-01,50.46325184604859,28.0,45.0,31.0, , 
2014-08-02,59.31090922675716,32.0,36.0,29.0, , 
2014-08-03,49.701528533523444,25.0,32.0,22.0, , 
2014-08-04,37.11779968748837,17.0,33.0,28.0, 2, 
2014-08-05,42.90208519015568,19.0,24.0,29.0, 1, 
2014-08-06,44.77874196639358,22.0,33.0,21.0, , 
2014-08-07,51.56094322261203,26.0,31.0,26.0, , 
2014-08-08,49.3813375348616,25.0,33.0,18.0, , 
2014-08-09,41.08503842623679,20.0,35.0,18.0, , 
2014-08-10,41.34635670528319,19.0,29.0,18.0, , 
2014-08-11,39.87103090207596,19.0,34.0,23.0, , 
2014-08-12,41.681623206757266,19.0,28.0,25.0, 1, 
2014-08-13,41.371482543303586,19.0,29.0,23.0, , 
2014-08-14,35.52975361265434,15.0,28.0,26.0, , 
2014-08-15,32.744942100808785,14.0,32.0,17.0, , 
2014-08-16,34.91449745335105,15.0,30.0,23.0, , 
2014-08-17,36.39484842416236,15.0,25.0,19.0, , 
2014-08-18,42.27677869564424,19.0,26.0,24.0, , 
2014-08-19,39.18971027121608,16.0,21.0,30.0, , 
2014-08-20,30.347078058111585,12.0,30.0,33.0, , 
2014-08-21,39.19473543882016,16.0,21.0,31.0, , 
2014-08-22,32.17131657397163,13.0,29.0,30.0, , 
2014-08-23,31.56108558227242,13.0,31.0,28.0, 1, 
2014-08-24,32.47786136145473,12.0,23.0,39.0, 1, 
2014-08-25,33.08523376988693,14.0,31.0,25.0, , 
2014-08-26,44.253938823963715,22.0,35.0,36.0, , 
2014-08-27,46.85208184175478,20.0,16.0,31.0, 1, 
2014-08-28,44.475055762177476,21.0,29.0,28.0, , 
2014-08-29,48.41859795453901,23.0,26.0,21.0, , 
2014-08-30,45.33512540608143,21.0,26.0,20.0, , 
2014-08-31,39.53862298386889,17.0,25.0,32.0, , 
2014-09-01,40.10078022255205,18.0,27.96411547581632,14.425136360221984, , 
2014-09-02,41.73044559116455,20.0,33.0,27.0, , 
2014-09-03,49.06400511946677,23.0,24.0,30.0, , 
2014-09-04,54.37590574008206,27.0,27.0,41.0, 1, 
2014-09-05,86.39305845156075,49.0,33.0,32.0, , 
2014-09-06,89.48515204359298,52.0,38.0,27.0, , 
2014-09-07,61.09637569341807,32.0,30.0,26.0, , 
2014-09-08,49.04390444905045,23.0,24.0,26.0, , 
2014-09-09,45.685467410367735,21.0,25.0,30.0, 1, 
2014-09-10,46.963372821748095,23.0,31.0,30.0, 1, 
2014-09-11,63.009637934518025,34.0,34.0,33.0, , 
2014-09-12,50.011669196977124,25.0,31.0,24.0, , 
2014-09-13,50.88178917608923,25.0,28.0,18.0, , 
2014-09-14,47.55852831063507,23.0,29.0,29.0, , 
2014-09-15,44.1900409367442,21.0,30.0,31.0, , 
2014-09-16,63.03476377253841,34.0,34.0,38.0, , 
2014-09-17,71.36480976275827,40.0,37.0,37.0, 1, 
2014-09-18,77.45923592887927,42.0,27.0,40.0, , 
2014-09-19,63.33844997675452,35.0,38.0,31.0, , 
2014-09-20,66.29772262674364,36.0,33.0,15.0, 1, 
2014-09-21,47.488175964177955,23.0,29.0,15.0, 3, 
2014-09-22,60.48397811738178,30.0,22.0,39.0, 11, 
2014-09-23,71.82857360123562,37.0,20.0,33.0, 6, 
2014-09-24,86.94441672364451,48.0,26.0,30.0, , 
2014-09-25,53.32773831049013,25.0,20.0,27.0, , 
2014-09-26,44.78662571726467,20.0,23.0,38.0, 2, 
2014-09-27,50.28949227046925,23.0,20.0,35.0, , 
2014-09-28,55.44990057025862,24.0,8.0,39.0, 1, 
2014-09-29,62.34698868244095,32.0,26.0,36.0, , 
2014-09-30,73.38789796207868,38.0,20.0,37.0, , 
2014-04-01,72.3083879214095,38.29080095883634,19.0,43.0, 2, 
2014-04-02,66.24614514745782,32.35689859729122,11.0,34.0, 2, 
2014-04-03,71.17134586852062,36.02056864290255,12.0,40.0, 1, 
2014-04-04,66.8496456025184,36.56777546074159,29.0,39.0, 2, 
2014-04-05,91.81335573876301,50.0,20.0,28.0, 2, 
2014-04-06,62.54800495023841,31.0,20.0,24.0, 1, 
2014-04-07,47.823442465652036,23.0,28.0,22.0, , 
2014-04-08,38.92839199216968,17.0,27.0,30.0, 1, 
2014-04-09,52.12880628914154,24.0,19.0,35.0, 2, 
2014-04-10,70.5894402390544,36.0,19.0,33.0, 1, 
2014-04-11,69.10406410063901,36.0,24.0,36.0, 2, 
2014-04-12,51.19695500714698,25.0,27.0,21.0, 1, 
2014-04-13,53.635020390676814,27.0,29.0,13.0, , 
2014-04-14,65.69035021831144,34.0,25.0,29.0, , 
2014-04-15,54.32708335567477,26.0,22.0,39.0, 1, 
2014-04-16,58.06817998860535,30.0,30.0,36.0, 1, 
2014-04-17,62.58175183183346,32.0,25.0,23.0, 1, 
2014-04-18,49.942746142153524,24.0,26.0,18.0, 1, 
2014-04-19,43.524533101400124,21.0,32.0,18.0, 1, 
2014-04-20,95.20553965904077,53.0,24.0,23.0, 1, 
2014-04-21,85.16397542458768,48.0,32.0,34.0, 1, 
2014-04-22,74.30826961723157,38.0,17.0,41.0, 1, 
2014-04-23,85.32405305884892,44.0,11.0,37.0, 1, 
2014-04-24,90.91308475402643,50.0,23.0,28.0, , 
2014-04-25,84.46974587525263,47.0,29.0,23.0, 1, 
2014-04-26,63.5372996602149,32.0,22.0,34.0, , 
2014-04-27,50.879622591752145,23.0,18.0,33.0, 1, 
2014-04-28,50.5845574311107,23.0,19.0,34.0, , 
2014-04-29,75.58977090458251,41.0,28.0,34.0, , 
2014-04-30,85.81297846548601,49.0,35.0,36.0, 1, 
2014-05-01,79.83842859279363,43.0,24.0,28.0, 1, 
2014-05-02,55.74210714763305,26.0,17.0,22.0, , 
2014-05-03,38.97721437657697,18.0,32.0,32.0, , 
2014-05-04,38.668503004756786,17.0,28.0,38.0, 1, 
2014-05-05,51.30607940280322,26.0,32.0,35.0, 1, 
2014-05-06,61.10140086102214,32.0,30.0,27.0, 1, 
2014-05-07,49.687882322344706,24.0,27.0,27.0, , 
2014-05-08,46.923171480915464,23.0,31.0,22.0, 1, 
2014-05-09,49.40286749691142,24.0,28.0,30.0, 1, 
2014-05-10,64.44476239689261,34.0,29.0,20.0, , 
2014-05-11,46.58430910347081,22.0,27.0,22.0, , 
2014-05-12,40.423818465793225,17.0,22.0,29.0, , 
2014-05-13,53.36148519208518,26.0,25.0,26.0, , 
2014-05-14,46.89085389095391,21.0,21.0,31.0, , 
2014-05-15,51.83374112850009,24.0,20.0,36.0, 2, 
2014-05-16,54.90573405011601,27.0,25.0,27.0, 1, 
2014-05-17,51.86605871846163,26.0,30.0,27.0, 1, 
2014-05-18,54.02556373579576,27.0,28.0,31.0, 1, 
2014-05-19,50.41083358567072,26.0,35.0,36.0, 1, 
2014-05-20,52.521516218597554,26.0,28.0,38.0, 1, 
2014-05-21,49.75178020956423,25.0,32.0,32.0, 1, 
2014-05-22,47.55493243466449,22.0,24.0,36.0, 1, 
2014-05-23,46.009254285000154,22.0,29.0,27.0, 1, 
2014-05-24,50.29811331404392,24.0,25.0,29.0, 1, 
2014-05-25,46.91095456137023,21.0,21.0,35.0, , 
2014-05-26,53.42178720333412,26.0,25.0,38.0, , 
2014-05-27,56.672529137994104,26.0,14.0,28.0, , 
2014-05-28,63.66436770558465,30.0,11.0,15.0, , 
2014-05-29,32.11244385435619,12.0,24.0,26.0, , 
2014-05-30,40.403717795376906,17.0,22.0,25.0, 1, 
2014-05-31,44.81391813962213,22.0,33.0,28.0, 1, 
2014-06-01,53.47420546371198,28.0,35.0,33.0, 2, 
2014-06-02,53.46558442013733,27.0,30.0,39.0, 2, 
2014-06-03,70.27427440799663,36.0,20.0,30.0, , 
2014-06-04,50.92199051692185,25.0,28.0,26.0, 1, 
2014-06-05,40.182600857163145,18.0,28.0,33.0, 2, 
2014-06-06,45.74793600595376,23.0,35.0,27.0, 1, 
2014-06-07,57.47302449971838,30.0,32.0,37.0, , 
2014-06-08,50.0537403742018,27.0,41.0,16.94085445419977, 1, 
2014-06-09,34.99992530262039,15.0,30.0,40.0, 1, 
2014-06-10,49.000107232247245,22.0,19.0,25.0, 1, 
2014-06-11,45.49307218614494,23.0,36.0,36.0, 1, 
2014-06-12,56.50742633612879,30.0,35.0,24.0, 1, 
2014-06-13,50.90046055487204,26.0,33.0,14.0, 1, 
2014-06-14,40.11584438667662,19.0,33.0,12.0, , 
2014-06-15,39.206952358365385,18.0,31.0,18.0, , 
2014-06-16,40.75120121639622,19.0,31.0,19.0, , 
2014-06-17,53.91643934013952,26.0,23.0,17.0, , 
2014-06-18,49.59383342950071,23.0,22.0,16.0, , 
2014-06-19,37.570083899124064,15.0,21.0,14.0, , 
2014-06-20,37.9814652073629,18.0,35.0,13.0, 1, 
2014-06-21,39.42304412897508,17.0,25.0,9.0, , 
2014-06-22,40.732529837613406,18.0,26.0,23.0, , 
2014-06-23,34.90085124217232,14.0,25.0,28.0, 1, 
2014-06-24,39.842309188085,18.0,29.0,25.0, , 
2014-06-25,38.7797939847501,20.0,43.0,37.0, 1, 
2014-06-26,50.46970630528617,27.0,40.0,40.0, 2, 
2014-06-27,58.292892802789694,30.0,29.0,21.0, 1, 
2014-06-28,47.246958355547875,24.0,35.0,19.0, , 
2014-06-29,39.83225885287683,18.0,29.0,23.0, 1, 
2014-06-30,33.37024859532022,14.0,30.0,22.0, , 
2014-01-01,77.65114582931085,42.0,26.224114570794416,32.0, , 
2014-01-02,35.302869680758974,14.0,23.658701889244128,28.0, , 
2014-01-03,39.625173638468084,17.0,24.609797886760386,26.0, , 
2014-01-04,42.801823219578104,19.0,24.315702576976893,28.0, , 
2014-01-05,37.859780682330715,16.0,25.313741126528733,23.0, , 
2014-01-06,30.18375897792922,11.0,25.213636023672567,21.0, , 
2014-01-07,42.89035730236928,19.0,24.037254784538593,29.0, , 
2014-01-08,43.9474775961772,20.0,25.560893884276645,24.0, , 
2014-01-09,47.65533167403431,22.0,23.596111819863353,32.0, , 
2014-01-10,45.093131972776305,21.0,26.806085191576397,20.0, , 
2014-01-11,58.53839136881362,30.0,28.15332370093566,19.40898568715449, , 
2014-01-13,53.12857870802878,25.0,20.927386515681714,43.0, , 
2014-01-14,50.57166770645705,23.0,19.272347278397106,48.0, , 
2014-01-15,47.040881794182305,21.0,20.6802337579338,42.0, , 
2014-01-16,42.45297558809964,18.0,20.56448113773244,41.0, , 
2014-01-17,34.68841980090696,13.0,20.742823827314574,38.0, , 
2014-01-18,42.36444150530846,18.0,20.84292893017074,40.0, , 
2014-01-19,45.978472800688124,21.0,24.0216072671934,30.0, , 
2014-01-20,73.68297820276645,39.0,24.15922740352496,38.0, , 
2014-01-21,71.386380749882,38.0,26.533857397923104,29.0, , 
2014-01-22,58.24240071117228,29.0,24.237464990250924,33.0, , 
2014-01-23,64.50716579060112,33.0,23.92772216312224,36.0, , 
2014-01-24,49.31958579568284,24.0,28.05871958837599,16.917061023688237, , 
2014-01-30,86.8345550352847,44.0,6.0,39.0, 1, 
2014-01-31,95.49557965207812,53.0,23.0,21.0, 1, 
2014-02-01,58.225399039599594,28.0,19.0,23.0, 1, 
2014-02-02,50.1868223340506,21.0,10.0,30.0, 1, 
2014-02-03,59.455911358206166,28.0,15.0,29.0, 1, 
2014-02-04,53.90279312896078,25.0,18.0,22.0, , 
2014-02-05,37.94914761740135,16.0,25.0,22.0, 1, 
2014-02-06,44.39751166377923,19.0,19.0,28.0, , 
2014-02-07,38.83936826692977,16.0,22.0,20.0, 1, 
2014-02-08,33.92017757577048,14.0,28.0,12.0, , 
2014-02-09,38.29589374571708,15.0,19.0,39.0, 1, 
2014-02-10,43.51734134945896,19.0,22.0,32.0, 1, 
2014-02-11,46.57568805989615,21.0,22.0,28.0, 1, 
2014-02-12,44.45135921579059,20.0,24.0,31.0, , 
2014-02-13,41.96304215621998,18.0,22.0,29.0, 2, 
2014-02-14,43.17059522114323,20.0,28.0,15.0, 1, 
2014-02-15,43.18207484798489,19.0,23.0,25.0, , 
2014-02-16,50.52208883552468,21.0,9.0,37.0, 1, 
2014-02-17,62.525737695485006,29.0,10.0,35.0, 2, 
2014-02-18,57.61300146356331,26.0,11.0,36.0, 1, 
2014-02-19,56.03357643230393,25.0,11.0,28.0, 1, 
2014-02-20,50.30313848164799,24.0,25.0,30.0, , 
2014-02-21,44.74642437643203,20.0,23.0,30.0, , 
2014-02-22,46.478043291081576,19.0,12.0,24.0, 2, 
2014-02-23,49.53781929315227,20.0,7.0,28.0, 1, 
2014-02-24,44.40756199898738,19.0,19.0,30.0, , 
2014-02-25,45.37173087094348,20.0,21.0,35.0, 2, 
2014-02-26,56.697654976014505,26.0,14.0,33.0, 1, 
2014-02-27,54.21938825165205,24.0,12.0,33.0, 1, 
2014-02-28,59.1407455271484,28.0,16.0,26.0, 1, 
2014-03-01,51.23213118037553,25.0,27.0,28.0, 1, 
2014-03-02,47.85502276291001,22.0,23.0,36.0, 1, 
2014-03-03,50.280871226894604,22.0,15.0,41.0, 1, 
2014-03-04,55.8275349969024,26.0,17.0,39.0, 1, 
2014-03-05,67.52749765264663,33.0,14.0,44.0, 3, 
2014-03-06,83.88247413723674,45.0,21.0,41.0, 2, 
2014-03-07,91.7946843599802,49.0,15.0,32.0, 1, 
2014-03-08,78.30423006997097,42.0,24.0,29.0, 3, 
2014-03-09,90.60939854981032,49.0,19.0,35.0, 2, 
2014-03-10,94.27654696031323,52.0,22.0,25.0, , 
2014-03-11,81.58655230188891,41.0,8.0,33.0, , 
2014-03-12,82.8859876753191,42.0,9.0,45.0, 1, 
2014-03-13,62.86585057394315,30.828569392805008,15.0,31.0, 1, 
2014-03-14,49.7134091024634,23.711207432399732,25.0,18.0, 1, 
2014-03-15,94.90544933079524,53.0,25.0,23.0, , 
2014-03-16,64.39736930411884,32.0,19.0,26.0, , 
2014-03-17,53.95161551336807,26.0,23.0,24.0, , 
2014-03-18,59.19818895513035,30.0,26.0,22.0, , 
2014-03-19,58.328068976018244,30.0,29.0,28.0, 1, 
2014-03-20,63.27095621356442,33.0,28.0,33.0, , 
2014-03-21,46.29929427803752,22.0,28.0,25.0, 1, 
2014-03-22,40.452540179784194,18.0,27.0,27.0, , 
2014-03-23,40.13377847275586,17.0,23.0,31.0, , 
2014-03-24,45.9769366950386,20.0,19.0,36.0, 1, 
2014-03-25,58.65973960152175,29.0,23.0,42.0, , 
2014-03-26,51.149561914373194,23.0,17.0,27.0, , 
2014-03-27,69.61522103189014,35.0,17.0,26.0, 1, 
2014-03-28,73.06770696341685,38.0,21.0,33.0, 1, 
2014-03-29,91.56854225416234,50.0,21.0,39.0, 1, 
2014-03-30,78.6495469066532,42.0,23.0,38.0, 1, 
2014-03-31,99.04354376808233,56.0,27.0,47.0, 6, 
2014-01-29,55.422551892534514,22.655621779990607,1.0,18.932969908205187, 1, 
2013-12-31,59.94117423879125,30.97048602498947,25.463295162699502,30.0, , 
2014-01-12,69.82587086518429,37.45066936437018,23.35915538716269,41.0, , 
