date,pm25,pm10,o3,no2,so2,co
2023-09-01,25.0,13.0,26.0,7.0, , 
2023-09-02,36.0,21.0,38.0,6.0, 1, 
2023-09-03,66.0,26.0,42.0,12.0, 1, 
2023-09-04,53.0,27.0,38.0,17.0, , 
2023-09-05,44.0,30.0,49.0,19.0, , 
2023-09-06,50.0,34.0,51.0,21.0, , 
2023-09-07,99.0,41.0,53.0,21.0, , 
2023-09-08,66.0,46.0,60.0,14.0, , 
2023-09-09,110.0,26.0,52.0,15.0, 1, 
2023-09-10,59.0,28.0,39.0,13.0, , 
2023-09-11,59.0,23.0,30.0,10.0, , 
2023-09-12,62.0,17.0,27.0,5.0, 1, 
2023-09-13,38.0,19.0,32.41982335236207,9.170053907878037, , 
2023-09-14,37.0,33.0,40.07349069115274,13.437672380605683, , 
2023-09-15,46.0,20.0,33.131851690632104,9.29080978795863, , 
2023-09-16,50.0,16.0,31.02117425163722,7.986783599870096, , 
2023-09-17,52.0,20.0,33.254757676312984,9.153976009997603, , 
2023-09-18,35.0,18.0,31.8102166688261,8.935269879496587, , 
2023-09-19,28.0,12.0,28.3779042080252,7.275703782946012, , 
2023-09-20,24.0,8.0,26.103352121455817,6.154122632138845, , 
2023-09-21,22.0,10.0,27.15869084095326,6.806135726183112, , 
2023-09-22,23.0,10.0,27.179175171900074,6.783330096522941, , 
2023-09-23,28.0,11.0,27.82975051732967,6.972502865584048, , 
2023-09-24,30.0,14.0,29.515180251309896,7.836494358349594, , 
2023-09-25,31.0,28.0,37.20981625199419,12.058501571756898, , 
2023-09-26,51.0,26.0,36.523195489539376,10.99598714382955, , 
2023-09-27,51.0,17.0,31.589812273279563,8.267178887571887, , 
2023-09-28,43.0,19.25222122437602,32.65939959123955,9.132588487483392, , 
2023-08-01,28.0,8.0,25.0,4.0, , 
2023-08-02,21.0,9.0,25.0,5.0, , 
2023-08-03,21.0,11.0,28.0,7.0, , 
2023-08-04,28.0,11.0,24.0,7.0, , 
2023-08-05,31.0,9.0,28.0,2.0, , 
2023-08-06,28.0,12.0,28.0,6.0, , 
2023-08-07,31.0,11.0,24.0,7.0, 1, 
2023-08-08,26.0,10.0,30.0,7.0, 1, 
2023-08-09,28.0,16.0,39.0,11.0, 1, 
2023-08-10,34.0,23.0,35.0,13.0, , 
2023-08-11,47.0,10.0,29.0,4.0, , 
2023-08-12,30.0,11.0,27.0,5.0, , 
2023-08-13,29.0,13.0,35.0,9.0, , 
2023-08-14,32.0,13.0,30.0,6.0, , 
2023-08-15,34.0,18.0,34.0,7.0, , 
2023-08-16,40.0,22.0,23.0,6.0, , 
2023-08-17,48.0,33.0,39.0,7.0, , 
2023-08-18,79.0,19.0,28.0,6.0, , 
2023-08-19,51.0,13.0,36.0,8.0, , 
2023-08-20,31.0,14.0,34.0,10.0, , 
2023-08-21,32.0,20.0,30.0,12.0, , 
2023-08-22,39.0,22.0,40.0,12.0, , 
2023-08-23,47.0,23.0,24.0,14.0, , 
2023-08-24,48.0,22.0,24.0,11.0, , 
2023-08-25,58.0,10.0,24.0,5.0, , 
2023-08-26,25.0,8.0,28.0,6.0, , 
2023-08-27,23.0,12.0,27.0,9.0, , 
2023-08-28,31.0,14.0,27.0,12.0, , 
2023-08-29,38.0,14.0,26.0,10.0, , 
2023-08-30,36.0,12.0,25.0,7.0, , 
2023-08-31,28.0,10.0,20.0,9.0, , 
2023-07-01,26.0,22.0,34.0,4.0, , 
2023-07-02,55.0,20.0,29.0,6.0, , 
2023-07-03,36.0,20.0,27.0,7.0, , 
2023-07-04,39.0,12.0,25.0,4.0, , 
2023-07-05,27.0,14.0,33.0,8.0, , 
2023-07-06,29.0,24.0,43.0,13.0, , 
2023-07-07,42.0,24.0,48.0,14.0, , 
2023-07-08,57.0,25.0,36.0,11.0, , 
2023-07-09,63.0,12.0,36.0,10.0, , 
2023-07-10,28.0,26.0,35.0,11.0, , 
2023-07-11,42.0,12.0,28.0,5.0, , 
2023-07-12,22.0,12.0,31.0,6.0, , 
2023-07-13,25.0,15.0,36.0,8.0, , 
2023-07-14,32.0,18.0,27.0,4.0, , 
2023-07-15,29.0,12.0,23.0,3.0, 1, 
2023-07-16,29.0,13.0,27.0,5.0, 1, 
2023-07-17,37.0,11.0,36.0,8.0, 1, 
2023-07-18,26.0,13.0,26.0,9.0, 1, 
2023-07-19,33.0,14.0,29.0,9.0, , 
2023-07-20,34.0,14.0,32.0,8.0, , 
2023-07-21,46.0,16.0,28.0,5.0, 1, 
2023-07-22,39.0,12.0,22.0,3.0, , 
2023-07-23,30.0,10.0,24.0,6.0, , 
2023-07-24,19.0,10.0,29.0,6.0, , 
2023-07-25,24.0,13.0,31.0,6.0, 1, 
2023-07-26,34.0,7.0,20.0,4.0, , 
2023-07-27,19.0,8.0,20.0,4.0, , 
2023-07-28,20.0,8.0,26.0,4.0, , 
2023-07-29,18.0,12.0,26.0,3.0, , 
2023-07-30,29.0,10.0,18.0,4.0, , 
2023-07-31,27.0,11.0,25.0,4.0, , 
2023-04-01,21.0,10.0,25.0,5.0, , 
2023-04-02,38.0,21.0,30.0,14.0, , 
2023-04-03,48.0,23.0,33.0,13.0, , 
2023-04-04,45.0,38.0,35.0,24.0, , 
2023-04-05,70.0,21.0,24.0,18.0, , 
2023-04-06,58.0,11.0,31.0,8.0, , 
2023-04-07,34.0,18.0,29.0,7.0, , 
2023-04-08,54.0,28.0,32.0,13.0, , 
2023-04-09,79.0,13.0,29.0,8.0, , 
2023-04-10,42.0,15.0,32.0,8.0, , 
2023-04-11,29.0,10.0,34.0,8.0, , 
2023-04-12,26.0,12.0,33.0,8.0, , 
2023-04-13,28.0,17.0,32.0,15.0, , 
2023-04-14,30.0,15.0,37.0,9.0, , 
2023-04-15,46.0,15.0,26.0,8.0, , 
2023-04-16,44.0,29.0,32.0,8.0, , 
2023-04-17,75.0,31.0,25.0,8.0, , 
2023-04-18,69.0,30.0,40.0,7.0, , 
2023-04-19,59.0,21.0,33.0,9.0, , 
2023-04-20,44.0,21.0,35.0,9.0, , 
2023-04-21,57.0,22.0,17.0,16.0, , 
2023-04-22,68.0,13.0,29.0,7.0, , 
2023-04-23,41.0,14.0,35.0,7.0, , 
2023-04-24,42.0,14.0,35.0,8.0, , 
2023-04-25,31.0,22.0,35.0,14.0, , 
2023-04-26,44.0,28.0,39.0,13.0, 1, 
2023-04-27,62.0,19.0,20.0,10.0, , 
2023-04-28,46.0,22.0,33.0,6.0, , 
2023-04-29,66.0,18.0,38.0,10.0, , 
2023-04-30,56.0,21.0,33.0,9.0, 1, 
2023-05-01,63.0,22.0,34.0,8.0, 1, 
2023-05-02,57.0,25.0,36.0,9.0, 1, 
2023-05-03,52.0,33.0,41.0,13.0, 1, 
2023-05-04,59.0,19.0,29.0,11.0, , 
2023-05-05,46.0,14.0,30.0,10.0, , 
2023-05-06,41.0,13.0,19.0,10.0, , 
2023-05-07,44.0,28.0,19.0,10.0, , 
2023-05-08,76.0,13.0,16.0,10.0, , 
2023-05-09,38.0,18.0,20.0,9.0, , 
2023-05-10,48.0,18.0,26.0,10.0, , 
2023-05-11,48.0,16.0,27.0,9.0, , 
2023-05-12,47.0,22.0,41.0,10.0, , 
2023-05-13,61.0,33.0,36.0,6.0, , 
2023-05-14,82.0,30.0,31.0,9.0, , 
2023-05-15,76.0,12.0,30.0,5.0, , 
2023-05-16,29.0,18.0,34.0,8.0, , 
2023-05-17,39.0,17.0,38.0,5.0, , 
2023-05-18,44.0,21.0,40.0,6.0, 1, 
2023-05-19,51.0,18.0,38.0,4.0, , 
2023-05-20,47.0,20.0,35.0,4.0, , 
2023-05-21,60.0,41.0,29.0,10.0, , 
2023-05-22,94.0,24.0,31.0,5.0, , 
2023-05-23,52.0,20.0,31.0,9.0, 1, 
2023-05-24,44.0,21.0,34.0,7.0, 1, 
2023-05-25,48.0,32.0,39.0,5.0, , 
2023-05-26,48.0,22.0,48.0,4.0, 1, 
2023-05-27,51.0,23.0,46.0,6.0, , 
2023-05-28,59.0,18.0,36.0,1.0, , 
2023-05-29,42.0,26.0,38.0,5.0, , 
2023-05-30,43.0,31.0,44.0,6.0, , 
2023-05-31,52.0,24.0,38.0,6.0, , 
2023-06-01,109.0,24.0,38.0,3.0, , 
2023-06-02,44.0,23.0,42.0,4.0, , 
2023-06-03,48.0,15.0,44.0,3.0, 1, 
2023-06-04,42.0,22.0,42.0,6.0, , 
2023-06-05,46.0,23.0,47.0,5.0, , 
2023-06-06,46.0,25.0,43.0,6.0, , 
2023-06-07,54.0,28.0,51.0,7.0, , 
2023-06-08,59.0,28.0,56.0,9.0, , 
2023-06-09,58.0,26.0,64.0,8.0, 1, 
2023-06-10,64.0,22.0,49.0,6.0, , 
2023-06-11,60.0,28.0,66.0,14.0, , 
2023-06-12,57.0,33.0,72.0,10.0, 1, 
2023-06-13,61.0,33.0,55.0,9.0, 1, 
2023-06-14,56.0,34.0,52.0,12.0, 1, 
2023-06-15,55.0,28.0,71.0,11.0, 1, 
2023-06-16,54.0,23.0,68.0,11.0, 1, 
2023-06-17,55.0,22.0,43.0,8.0, , 
2023-06-18,60.0,17.0,39.0,7.0, , 
2023-06-19,40.0,21.0,37.0,10.0, , 
2023-06-20,40.0,15.0,38.0,10.0, , 
2023-06-21,38.0,24.0,26.0,14.0, , 
2023-06-22,62.0,26.0,42.0,11.0, , 
2023-06-23,62.0,13.0,41.0,8.0, , 
2023-06-24,35.0,20.0,55.0,9.0, , 
2023-06-25,58.0,16.0,35.0,7.0, , 
2023-06-26,34.0,18.0,34.0,7.0, , 
2023-06-27,37.0,20.0,25.0,9.0, , 
2023-06-28,44.0,25.0,27.0,8.0, , 
2023-06-29,61.0,17.0,33.0,9.0, , 
2023-06-30,36.0,10.0,24.0,5.0, , 
2023-02-26,26.0,22.0,24.0,12.0, 1, 
2023-02-27,36.0,22.0,24.0,15.0, 1, 
2023-02-28,53.0,29.0,24.0,18.0, 2, 
2023-03-01,64.0,32.0,18.0,18.0, 1, 
2023-03-02,70.0,23.0,20.0,10.0, , 
2023-03-03,64.0,13.0,28.0,6.0, , 
2023-03-04,37.0,10.0,25.0,8.0, , 
2023-03-05,35.0,24.0,23.0,10.0, , 
2023-03-06,67.0,10.0,22.0,10.0, , 
2023-03-07,37.0,12.0,20.0,14.0, , 
2023-03-08,41.0,19.0,25.0,17.0, , 
2023-03-09,54.0,8.0,27.0,9.0, , 
2023-03-10,26.0,17.0,27.0,15.0, , 
2023-03-11,41.0,18.0,29.0,7.0, , 
2023-03-12,46.0,13.0,23.0,5.0, , 
2023-03-13,33.0,10.0,27.0,10.0, , 
2023-03-14,28.0,13.0,27.0,13.0, , 
2023-03-15,36.0,17.0,30.0,11.0, , 
2023-03-16,29.0,23.0,27.0,16.0, , 
2023-03-17,44.0,15.0,30.0,10.0, , 
2023-03-18,42.0,10.0,24.0,6.0, , 
2023-03-19,33.0,21.0,24.0,14.0, , 
2023-03-20,49.0,18.0,25.0,15.0, , 
2023-03-21,43.0,16.0,25.0,10.0, , 
2023-03-22,34.0,11.0,31.0,7.0, , 
2023-03-23,28.0,12.0,28.0,5.0, , 
2023-03-24,24.0,11.0,31.0,4.0, , 
2023-03-25,30.0,10.0,29.0,4.0, , 
2023-03-26,28.0,10.0,32.0,7.0, , 
2023-03-27,23.0,24.0,30.0,19.0, , 
2023-03-28,39.0,18.0,24.0,13.0, , 
2023-03-29,43.0,13.0,30.0,7.0, , 
2023-03-30,29.0,9.0,28.0,6.0, , 
2023-03-31,25.0,6.0,27.0,5.0, , 
2022-10-01,34.0,13.0,29.048963884401616,7.442070922346947, , 
2022-10-02,33.0,22.0,33.961862769714614,10.19368480826478, , 
2022-10-03,48.0,28.0,37.55804987809,11.67080586753399, , 
2022-10-04,55.0,20.0,33.31621066915342,9.085559121017091, , 
2022-10-05,35.0,18.0,31.8102166688261,8.935269879496587, , 
2022-10-06,31.0,24.0,35.017201489212056,10.845697902309048, , 
2022-10-07,42.0,14.0,29.760992222671646,7.562826802427541, , 
2022-10-08,34.0,17.0,31.24157864718375,8.654874591794798, , 
2022-10-09,44.0,23.0,34.73534410082508,10.24602379936486, , 
2022-10-10,45.0,30.0,38.59290426664064,12.345624591238426, , 
2022-10-11,53.0,35.0,41.49754736769281,13.67918414076687, , 
2022-10-12,62.0,23.0,35.10406205786771,9.83552246548178, , 
2022-10-13,54.0,14.0,30.0068041940334,7.289159246505487, , 
2022-10-14,39.0,12.0,28.60323184844014,7.024841856684129, , 
2022-10-15,34.0,10.0,27.40450281231501,6.532468170261058, , 
2022-10-16,31.0,16.0,30.63197196364778,8.420090563413348, , 
2022-10-17,42.0,24.0,35.24252912962699,10.594835976047168, , 
2022-10-18,47.0,37.0,42.470948763403,14.422419753451823, , 
2022-10-19,58.0,26.0,36.66658580616706,10.836347736208353, , 
2022-10-20,47.0,20.0,33.15233602157892,9.26800415829846, , 
2022-10-21,33.0,14.0,29.576633244150337,7.76807746936908, , 
2022-10-22,31.0,14.0,29.535664582256707,7.813688728689423, , 
2022-10-23,35.0,16.0,30.71390928743503,8.328868044772662, , 
2022-10-24,29.0,14.0,29.494695920363085,7.859299988009765, , 
2022-10-25,27.0,18.0,31.6463420212516,9.117714916777956, , 
2022-10-26,34.0,25.0,35.62680817274803,11.080481930690496, , 
2022-10-27,43.0,32.0,39.64824298613809,12.997637685282694, , 
2022-10-28,56.0,29.0,38.27007821636004,11.791561747614583, , 
2022-10-29,58.0,25.0,36.11843211547153,10.53314681884639, , 
2022-10-30,57.0,28.0,37.74240885661132,11.46555520059245, , 
2022-10-31,58.0,15.0,30.636895208516187,7.501137645226764, , 
2022-11-01,34.0,17.0,31.24157864718375,8.654874591794798, , 
2022-11-02,31.0,17.0,31.180125654343314,8.72329148077531, , 
2022-11-03,35.0,10.0,27.424987143261824,6.509662540600888, , 
2022-11-04,26.0,14.783014445504541,29.854993037106734,8.165730701733349, , 
2022-07-01,28.0,13.0,28.926057898720735,7.578904700307973, , 
2022-07-02,32.0,9.0,26.81538045972585,6.274878512219439, , 
2022-07-03,26.0,16.0,30.529550308913716,8.534118711714203, , 
2022-07-04,34.0,17.0,31.24157864718375,8.654874591794798, , 
2022-07-05,38.0,20.0,32.9679770430576,9.47325482524, , 
2022-07-06,43.0,10.0,27.588861790836326,6.327217503319519, , 
2022-07-07,21.0,14.0,29.330821272788583,8.041745025291133, , 
2022-07-08,31.0,18.0,31.72827934503885,9.026492398137272, , 
2022-07-09,46.0,10.0,27.650314783676762,6.258800614339005, , 
2022-07-10,28.0,22.0,33.85944111498055,10.307712956565636, , 
2022-07-11,47.0,21.0,33.700489712274454,9.571205075660423, , 
2022-07-12,40.0,22.0,34.1052530863423,10.034045400643583, , 
2022-07-13,41.0,19.0,32.48127634520251,9.101637018897524, , 
2022-07-14,41.0,12.0,28.644200510333764,6.979230597363787, , 
2022-07-15,29.0,13.0,28.94654222966755,7.556099070647802, , 
2022-07-16,34.0,12.0,28.50081019370608,7.138870004984984, , 
2022-07-17,29.0,32.0,39.361462352882704,13.31691650052509, , 
2022-07-18,54.0,38.0,43.162492770726224,14.565981263192588, , 
2022-07-19,58.0,26.0,36.66658580616706,10.836347736208353, , 
2022-07-20,68.0,17.0,31.938045899375382,7.879483183348979, , 
2022-07-21,49.0,16.0,31.000689920690405,8.009589229530267, , 
2022-07-22,40.0,17.0,31.364484632864627,8.518040813833771, , 
2022-07-23,53.0,22.0,34.37154938865086,9.737572215061359, , 
2022-07-24,57.0,17.0,31.712718258960443,8.130345109610861, , 
2022-07-25,38.0,13.0,29.130901208188863,7.350848403706262, , 
2022-07-26,30.0,13.0,28.967026560614364,7.533293440987631, , 
2022-07-27,24.0,23.0,34.32565748188883,10.702136392568281, , 
2022-07-28,39.0,19.0,32.44030768330889,9.147248278217866, , 
2022-07-29,46.0,17.0,31.487390618545504,8.381207035872743, , 
2022-07-30,43.0,11.0,28.137015481531858,6.630418420681481, , 
2022-07-31,32.0,11.0,27.91168784111692,6.881280346943364, , 
2022-08-01,27.0,15.0,30.001880949164992,8.20811216469207, , 
2022-08-02,33.0,17.0,31.22109431623694,8.677680221454969, , 
2022-08-03,34.0,22.0,33.98234710066142,10.170879178604611, , 
2022-08-04,53.0,14.0,29.986319863086585,7.311964876165659, , 
2022-08-05,36.0,11.0,27.99362516490417,6.790057828302679, , 
2022-08-06,25.0,12.0,28.316451215184767,7.344120671926524, , 
2022-08-07,31.0,23.0,34.46904779851652,10.542496984947086, , 
2022-08-08,44.0,25.0,35.83165148221615,10.852425634088785, , 
2022-08-09,36.0,35.0,41.149313741597,14.06687984498978, , 
2022-08-10,49.0,39.0,43.6082248066877,14.983210328855407, , 
2022-08-11,68.0,51.0,50.57527138302355,18.188314373655704, , 
2022-08-12,66.0,21.0,34.089692000263895,9.13789811211717, , 
2022-08-13,47.0,19.0,32.60418233088338,8.964803240936497, , 
2022-08-14,49.0,17.0,31.54884361138594,8.31279014689223, , 
2022-08-15,47.0,28.0,37.53756554714319,11.693611497194162, , 
2022-08-16,60.0,26.0,36.707554468060685,10.79073647688801, , 
2022-08-17,69.0,31.0,39.63268190005967,12.101490396756283, , 
2022-08-18,81.0,16.0,31.656188510988407,7.279809080404792, , 
2022-08-19,45.0,15.0,30.370598906207622,7.797610830808989, , 
2022-08-20,36.0,13.0,29.089932546295238,7.396459663026604, , 
2022-08-21,29.0,28.0,37.16884759010057,12.104112831077241, , 
2022-08-22,46.0,23.0,34.77631276271871,10.200412540044518, , 
2022-08-23,47.0,28.0,37.53756554714319,11.693611497194162, , 
2022-08-24,56.0,39.0,43.75161512331539,14.823570921234207, , 
2022-08-25,63.0,11.0,28.54670210046811,6.17430582747806, , 
2022-08-26,26.0,13.0,28.885089236827113,7.624515959628315, , 
2022-08-27,30.0,17.0,31.1596413233965,8.746097110435482, , 
2022-08-28,30.0,30.0,38.285639302438454,12.687709036140994, , 
2022-08-29,36.0,35.0,41.149313741597,14.06687984498978, , 
2022-08-30,44.0,48.0,48.43918636821344,17.826046733413925, , 
2022-08-31,51.0,34.0,40.908425015103646,13.421594482725252, , 
2022-09-01,49.0,30.0,38.67484159042789,12.254402072597742, , 
2022-09-02,49.0,18.0,32.096997302081476,8.615991064254192, , 
2022-09-03,48.0,14.0,29.883898208352523,7.425993024466514, , 
2022-09-04,37.0,28.0,37.33272223767507,11.92166779379587, , 
2022-09-05,41.0,17.0,31.38496896381144,8.4952351841736, , 
2022-09-06,38.0,20.0,32.9679770430576,9.47325482524, , 
2022-09-07,46.0,15.0,30.391083237154433,7.774805201148817, , 
2022-09-08,35.0,12.0,28.52129452465289,7.116064375324814, , 
2022-09-09,29.0,14.0,29.494695920363085,7.859299988009765, , 
2022-09-10,40.0,17.0,31.364484632864627,8.518040813833771, , 
2022-09-11,51.0,18.0,32.1379659639751,8.57037980493385, , 
2022-09-12,42.0,24.0,35.24252912962699,10.594835976047168, , 
2022-09-13,52.0,13.0,29.41768184144424,7.031569588463867, , 
2022-09-14,39.0,20.0,32.988461374004416,9.450449195579829, , 
2022-09-15,47.0,9.0,27.12264542392804,5.9327940673168715, , 
2022-09-16,21.0,9.0,26.590052819310912,6.525740438481321, , 
2022-09-17,25.0,8.0,26.123836452402628,6.131317002478674, , 
2022-09-18,22.0,12.0,28.254998222344327,7.4125375609070385, , 
2022-09-19,25.0,13.0,28.8646049058803,7.647321589288486, , 
2022-09-20,26.0,29.0,37.65554828795567,12.475730637419716, , 
2022-09-21,50.0,32.0,39.791633302765774,12.837998277661496, , 
2022-09-22,52.0,31.0,39.28444827396386,12.489186100979193, , 
2022-09-23,63.0,17.0,31.835624244641316,7.9935113316498345, , 
2022-09-24,56.0,9.0,27.30700440244935,5.727543400375332, , 
2022-09-25,24.0,12.0,28.295966884237952,7.366926301586696, , 
2022-09-26,29.0,9.0,26.753927466885415,6.343295401199952, , 
2022-09-27,22.0,11.0,27.706844531648795,7.109336643545075, , 
2022-09-28,29.0,19.0,32.235464373840756,9.375304574819577, , 
2022-09-29,44.0,24.0,35.28349779152062,10.549224716726824, , 
2022-09-30,57.0,13.0,29.5201034961783,6.917541440163011, , 
2022-04-01,39.0,9.0,26.95877077635354,6.115239104598241, , 
2022-04-02,31.0,10.0,27.343049819474572,6.600885059241572, , 
2022-04-03,36.0,14.0,29.638086236990773,7.699660580388567, , 
2022-04-04,49.0,12.0,28.808075157908267,6.796785560082418, , 
2022-04-05,35.0,12.0,28.52129452465289,7.116064375324814, , 
2022-04-06,25.0,10.0,27.2201438337937,6.737718837202599, , 
2022-04-07,25.0,14.0,29.412758596575834,7.950522506650449, , 
2022-04-08,29.0,11.0,27.850234848276482,6.949697235923877, , 
2022-04-09,26.0,14.0,29.43324292752265,7.927716876990278, , 
2022-04-10,46.0,22.0,34.228159072023175,9.897211622682555, , 
2022-04-11,45.0,31.0,39.14105795733617,12.648825508600389, , 
2022-04-12,46.0,25.0,35.87262014410978,10.806814374768443, , 
2022-04-13,57.0,24.0,35.54979409382918,10.2527515311446, , 
2022-04-14,63.0,31.0,39.50977591437881,12.23832417471731, , 
2022-04-15,73.0,16.0,31.492313863413905,7.462254117686161, , 
2022-04-16,51.0,12.0,28.849043819801892,6.7511743007620755, , 
2022-04-17,37.0,11.0,28.01410949585098,6.767252198642509, , 
2022-04-18,27.0,43.0,45.35018428863996,16.69773785082702, , 
2022-04-19,82.0,44.0,47.02497618141018,15.746629136879573, , 
2022-04-20,50.0,41.0,44.72501651902558,15.56680653391916, , 
2022-04-21,51.0,41.0,44.74550084997239,15.544000904258988, , 
2022-04-22,61.0,30.0,38.92065356178964,11.980734516675689, , 
2022-04-23,62.0,18.0,32.36329360439004,8.319517878671968, , 
2022-04-24,53.0,19.0,32.72708831656426,8.82796946297547, , 
2022-04-25,52.0,16.0,31.062142913530842,7.9411723405497545, , 
2022-04-26,45.0,24.0,35.30398212246743,10.526419087066653, , 
2022-04-27,52.0,32.0,39.832601964659396,12.792387018341156, , 
2022-04-28,54.0,28.0,37.680955863770876,11.533972089572963, , 
2022-04-29,65.0,13.0,29.683978143752803,6.735096402881642, , 
2022-04-30,37.0,19.0,32.39933902141526,9.192859537538208, , 
2022-05-01,58.0,30.0,38.8592005689492,12.049151405656202, , 
2022-05-02,66.0,21.0,34.089692000263895,9.13789811211717, , 
2022-05-03,53.0,24.0,35.46785677004193,10.343974049785285, , 
2022-05-04,54.0,24.0,35.48834110098874,10.321168420125113, , 
2022-05-05,61.0,17.0,31.79465558274769,8.039122590970177, , 
2022-05-06,52.0,23.0,34.89921874839958,10.063578762083491, , 
2022-05-07,63.0,15.0,30.739316863250245,7.387109496925909, , 
2022-05-08,44.0,31.0,39.12057362638936,12.671631138260562, , 
2022-05-09,50.0,36.0,41.98424806554791,14.050801947109345, , 
2022-05-10,58.0,19.0,32.82950997129832,8.713941314674615, , 
2022-05-11,30.0,16.0,30.611487632700968,8.44289619307352, , 
2022-05-12,37.0,14.0,29.658570567937588,7.676854950728396, , 
2022-05-13,27.0,16.0,30.550034639860527,8.511313082054032, , 
2022-05-14,33.0,24.0,35.05817015110568,10.800086642988706, , 
2022-05-15,55.0,29.0,38.24959388541323,11.814367377274754, , 
2022-05-16,43.0,28.0,37.455628223355944,11.784834015834846, , 
2022-05-17,41.0,19.0,32.48127634520251,9.101637018897524, , 
2022-05-18,41.0,22.0,34.12573741728911,10.011239770983412, , 
2022-05-19,57.0,25.0,36.09794778452472,10.55595244850656, , 
2022-05-20,66.0,13.0,29.704462474699614,6.712290773221471, , 
2022-05-21,34.0,17.0,31.24157864718375,8.654874591794798, , 
2022-05-22,47.0,22.0,34.24864340296999,9.874405993022386, , 
2022-05-23,53.0,12.0,28.890012481695518,6.705563041441733, , 
2022-05-24,26.0,12.0,28.336935546131578,7.321315042266353, , 
2022-05-25,26.0,11.0,27.788781855436042,7.018114124904391, , 
2022-05-26,28.0,14.0,29.47421158941627,7.882105617669936, , 
2022-05-27,29.0,13.0,28.94654222966755,7.556099070647802, , 
2022-05-28,30.0,8.0,26.22625810713669,6.017288854177819, , 
2022-05-29,20.0,18.0,31.50295170462391,9.277354324399155, , 
2022-05-30,36.0,22.0,34.02331576255505,10.125267919284267, , 
2022-05-31,43.0,14.0,29.78147655361846,7.54002117276737, , 
2022-06-01,36.0,25.0,35.66777683464165,11.034870671370154, , 
2022-06-02,48.0,25.0,35.9135888060034,10.761203115448101, , 
2022-06-03,46.0,19.0,32.583697999936575,8.987608870596668, , 
2022-06-04,50.0,24.0,35.40640377720149,10.412390938765798, , 
2022-06-05,72.0,18.0,32.56813691385816,8.091461582070256, , 
2022-06-06,49.0,14.0,29.904382539299334,7.403187394806343, , 
2022-06-07,33.0,17.0,31.22109431623694,8.677680221454969, , 
2022-06-08,38.0,17.0,31.323515970971002,8.563652073154113, , 
2022-06-09,37.0,18.0,31.851185330719723,8.889658620176245, , 
2022-06-10,34.0,12.0,28.50081019370608,7.138870004984984, , 
2022-06-11,31.0,14.0,29.535664582256707,7.813688728689423, , 
2022-06-12,32.0,13.0,29.007995222507986,7.487682181667289, , 
2022-06-13,30.0,23.0,34.448563467569706,10.565302614607257, , 
2022-06-14,35.0,33.0,40.03252202925911,13.483283639926027, , 
2022-06-15,56.0,24.0,35.52930976288236,10.275557160804771, , 
2022-06-16,54.0,27.0,37.13280217307535,11.230771172211, , 
2022-06-17,51.0,27.0,37.07134918023491,11.299188061191515, , 
2022-06-18,60.0,15.0,30.67786387040981,7.455526385906422, , 
2022-06-19,38.0,16.0,30.775362280275466,8.26045115579215, , 
2022-06-20,41.0,28.0,37.414659561462315,11.830445275155189, , 
2022-06-21,50.0,35.0,41.436094374852374,13.747601029747383, , 
2022-06-22,56.0,28.0,37.721924525664505,11.48836083025262, , 
2022-06-23,51.0,13.0,29.397197510497428,7.054375218124037, , 
2022-06-24,38.0,10.0,27.48644013610226,6.441245651620374, , 
2022-06-25,27.0,14.0,29.453727258469456,7.904911247330108, , 
2022-06-26,40.0,17.0,31.364484632864627,8.518040813833771, , 
2022-06-27,36.0,15.0,30.18623992768631,8.00286149775053, , 
2022-06-28,31.0,27.0,36.661662561298655,11.755300654394935, , 
2022-06-29,50.0,13.0,29.376713179550613,7.077180847784209, , 
2022-06-30,32.0,13.0,29.007995222507986,7.487682181667289, , 
2022-01-03,36.0,7.0,25.80101040212203,5.57725415885483, , 
2022-01-04,25.0,13.0,28.8646049058803,7.647321589288486, , 
2022-01-05,30.0,17.0,31.1596413233965,8.746097110435482, , 
2022-01-06,40.0,10.0,27.527408797995886,6.395634392300032, , 
2022-01-07,34.0,10.0,27.40450281231501,6.532468170261058, , 
2022-01-08,37.0,13.0,29.110416877242052,7.373654033366433, , 
2022-01-09,34.0,21.0,33.434193409965886,9.867678261242647, , 
2022-01-10,64.0,23.0,35.14503071976134,9.789911206161438, , 
2022-01-11,54.0,22.0,34.39203371959768,9.714766585401186, , 
2022-01-12,70.0,25.0,36.36424408683328,10.259479262924337, , 
2022-01-13,73.0,35.0,41.90723398662906,13.22307154756345, , 
2022-01-14,90.0,32.0,40.61100654063827,11.925773091254653, , 
2022-01-15,86.0,29.0,38.88460814476442,11.10739285780945, , 
2022-01-16,87.0,24.0,36.16432402223356,9.568582641339466, , 
2022-01-17,65.0,31.0,39.55074457627242,12.192712915396967, , 
2022-01-18,64.0,29.0,38.43395286393454,11.609116710333215, , 
2022-01-19,75.0,10.0,28.244360381134328,5.597437354194043, , 
2022-01-20,23.0,14.0,29.37178993468221,7.996133765970792, , 
2022-01-21,39.0,22.0,34.08476875539549,10.056851030303754, , 
2022-01-22,62.0,22.0,34.55590836717217,9.53232154811982, , 
2022-01-23,65.0,24.0,35.71366874140368,10.070306493863232, , 
2022-01-24,63.0,36.0,42.25054436785648,13.754328761527121, , 
2022-01-25,96.0,39.0,44.57098836118789,13.911345734827364, , 
2022-01-26,106.0,19.0,33.81275785674533,7.619271090986402, , 
2022-01-27,60.0,23.0,35.063093395974086,9.881133724802122, , 
2022-01-28,65.0,12.0,29.135824453057268,6.43189548551968, , 
2022-01-29,39.0,16.0,30.79584661122228,8.237645526131978, , 
2022-01-30,38.0,15.0,30.22720858957993,7.957250238430188, , 
2022-01-31,32.0,11.0,27.91168784111692,6.881280346943364, , 
2022-02-01,29.0,10.0,27.302081157580947,6.646496318561915, , 
2022-02-02,28.0,16.0,30.570518970807342,8.488507452393861, , 
2022-02-03,39.0,12.0,28.60323184844014,7.024841856684129, , 
2022-02-04,34.0,12.0,28.50081019370608,7.138870004984984, , 
2022-02-05,30.0,8.0,26.22625810713669,6.017288854177819, , 
2022-02-06,22.0,15.0,29.899459294430933,8.322140312992925, , 
2022-02-07,26.0,12.0,28.336935546131578,7.321315042266353, , 
2022-02-08,30.0,15.0,30.063333942005432,8.139695275711556, , 
2022-02-09,35.0,17.0,31.262062978130565,8.632068962134625, , 
2022-02-10,49.0,19.0,32.645150992777005,8.919191981616155, , 
2022-02-11,37.0,24.0,35.14010747489293,10.708864124348022, , 
2022-02-12,51.0,15.0,30.493504891888495,7.660777052847963, , 
2022-02-13,42.0,14.0,29.760992222671646,7.562826802427541, , 
2022-02-14,29.0,14.0,29.494695920363085,7.859299988009765, , 
2022-02-15,33.0,9.0,26.835864790672662,6.2520728825592675, , 
2022-02-16,23.0,20.0,32.66071207885542,9.815339270142566, , 
2022-02-17,40.0,16.0,30.816330942169092,8.214839896471808, , 
2022-02-18,30.0,11.0,27.870719179223293,6.926891606263706, , 
2022-02-19,22.0,11.0,27.706844531648795,7.109336643545075, , 
2022-02-20,29.0,13.0,28.94654222966755,7.556099070647802, , 
2022-02-21,30.0,16.0,30.611487632700968,8.44289619307352, , 
2022-02-22,37.0,20.0,32.947492712110794,9.49606045490017, , 
2022-02-23,42.0,16.0,30.857299604062717,8.169228637151466, , 
2022-02-24,30.0,16.0,30.611487632700968,8.44289619307352, , 
2022-02-25,32.0,21.0,33.393224748072264,9.913289520562989, , 
2022-02-26,51.0,15.0,30.493504891888495,7.660777052847963, , 
2022-02-27,38.0,30.0,38.44951395001295,12.505263998859625, , 
2022-02-28,59.0,40.0,44.36122180685136,15.058354949615655, , 
2022-03-01,71.0,46.0,47.89595592238632,16.60389289786538, , 
2022-03-02,89.0,48.0,49.36098126082001,16.799793398706225, , 
2022-03-03,87.0,46.0,48.22370521753531,16.23900282330264, , 
2022-03-04,86.0,42.0,46.01060612380637,15.049004783514961, , 
2022-03-05,101.0,31.0,40.288180490357675,11.371710247630809, , 
2022-03-06,86.0,29.0,38.88460814476442,11.10739285780945, , 
2022-03-07,56.0,34.0,41.01084666983771,13.307566334424395, , 
2022-03-08,58.0,46.0,47.62965962007775,16.9003660834476, , 
2022-03-09,80.0,45.0,47.532161210212095,16.095441313561878, , 
2022-03-10,82.0,26.0,37.15820974889056,10.289012624364247, , 
2022-03-11,50.0,12.0,28.828559488855078,6.773979930422247, , 
2022-03-12,28.0,11.0,27.82975051732967,6.972502865584048, , 
2022-03-13,34.0,20.0,32.88603971927036,9.564477343880684, , 
2022-03-14,42.0,30.0,38.5314512738002,12.41404148021894, , 
2022-03-15,49.0,24.0,35.385919446254675,10.435196568425969, , 
2022-03-16,60.0,17.0,31.77417125180088,8.06192822063035, , 
2022-03-17,42.0,49.0,48.946371397015355,18.17485891009623, , 
2022-03-18,62.0,34.0,41.13375265551859,13.17073255646337, , 
2022-03-19,48.0,28.0,37.55804987809,11.67080586753399, , 
2022-03-20,79.0,40.0,44.77090842578761,14.602242356412235, , 
2022-03-21,87.0,32.0,40.54955354779783,11.994189980235166, , 
2022-03-22,68.0,38.0,43.44927340398161,14.246702447950192, , 
2022-03-23,81.0,63.0,57.41941197367853,21.53025219641703, , 
2022-03-24,112.0,55.0,53.66919670746544,18.397670338056024, , 
2022-03-25,105.0,40.0,45.303501030404746,14.009295985247784, , 
2022-03-26,86.0,24.0,36.14383969128674,9.591388270999637, , 
2022-03-27,71.0,38.0,43.51072639682204,14.17828555896968, , 
2022-03-28,77.0,56.0,53.500398815022535,19.499068293523976, , 
2022-03-29,104.0,34.0,41.99409455528472,12.212896110736182, , 
2022-03-30,72.0,13.0,29.82736846038049,6.575456995260445, , 
2022-03-31,41.0,10.0,27.547893128942697,6.372828762639862, , 
2021-10-01,31.0,9.0,26.794896128779037,6.29768414187961, , 
2021-10-02,25.0,5.0,24.479375380316025,5.221714250392786, , 
2021-10-03,18.0,12.0,28.173060898557075,7.503760079547723, , 
2021-10-04,25.0,9.0,26.671990143098164,6.434517919840636, , 
2021-10-05,20.0,8.0,26.021414797668566,6.24534515077953, , 
2021-10-06,23.0,18.0,31.564404697464347,9.20893743541864, , 
2021-10-07,35.0,29.0,37.83990726647698,12.270479970478178, , 
2021-10-08,64.0,28.0,37.88579917323901,11.305915792971252, , 
2021-10-09,75.0,41.0,45.237124792695894,14.99666579241488, , 
2021-10-10,107.0,19.0,33.833242187692136,7.596465461326231, , 
2021-10-11,37.0,16.0,30.754877949328655,8.283256785452322, , 
2021-10-12,38.0,20.0,32.9679770430576,9.47325482524, , 
2021-10-13,40.0,21.0,33.55709939564676,9.73084448328162, , 
2021-10-14,52.0,19.0,32.70660398561745,8.850775092635642, , 
2021-10-15,43.0,21.0,33.6185523884872,9.662427594301107, , 
2021-10-16,46.0,24.0,35.324466453414246,10.50361345740648, , 
2021-10-17,61.0,31.0,39.46880725248518,12.283935434037652, , 
2021-10-18,62.0,15.0,30.718832532303434,7.40991512658608, , 
2021-10-19,44.0,18.0,31.99457564734741,8.730019212555048, , 
2021-10-20,42.0,11.0,28.116531150585047,6.653224050341652, , 
2021-10-21,30.0,15.0,30.063333942005432,8.139695275711556, , 
2021-10-22,34.0,16.0,30.693424956488215,8.351673674432835, , 
2021-10-23,49.0,12.0,28.808075157908267,6.796785560082418, , 
2021-10-24,37.0,18.0,31.851185330719723,8.889658620176245, , 
2021-10-25,46.0,20.0,33.131851690632104,9.29080978795863, , 
2021-10-26,46.0,20.0,33.131851690632104,9.29080978795863, , 
2021-10-27,44.0,21.0,33.63903671943402,9.639621964640936, , 
2021-10-28,45.0,19.0,32.56321366898976,9.01041450025684, , 
2021-10-29,38.0,11.0,28.034593826797796,6.744446568982337, , 
2021-10-30,29.0,12.0,28.398388538972014,7.25289815328584, , 
2021-10-31,27.0,11.0,27.809266186382857,6.9953084952442195, , 
2021-11-01,24.0,16.0,30.48858164702009,8.579729971034546, , 
2021-11-02,35.0,25.0,35.64729250369484,11.057676301030325, , 
2021-11-03,58.0,24.0,35.57027842477599,10.229945901484427, , 
2021-11-04,68.0,9.0,27.552816373811105,5.453875844453279, , 
2021-11-05,25.0,14.0,29.412758596575834,7.950522506650449, , 
2021-11-06,46.0,14.0,29.842929546458898,7.471604283786856, , 
2021-11-07,37.0,28.0,37.33272223767507,11.92166779379587, , 
2021-11-08,52.0,39.0,43.66967779952814,14.914793439874893, , 
2021-11-09,67.0,45.0,47.265864907903534,16.3919144991441, , 
2021-11-10,81.0,34.0,41.522954943508026,12.737425592920118, , 
2021-11-11,82.0,32.0,40.44713189306377,12.108218128536022, , 
2021-11-12,78.0,12.0,29.402120755365832,6.1354222999374555, , 
2021-11-13,40.0,21.0,33.55709939564676,9.73084448328162, , 
2021-11-14,66.0,31.0,39.571228907219236,12.169907285736796, , 
2021-11-15,83.0,28.0,38.27500146122845,10.872608829428, , 
2021-11-16,77.0,27.0,37.60394178485204,10.706241690027063, , 
2021-11-17,67.0,26.0,36.85094478468837,10.631097069266813, , 
2021-11-18,56.0,22.0,34.4330023814913,9.669155326080846, , 
2021-11-19,60.0,20.0,33.41863232388748,8.971530972716236, , 
2021-11-20,59.0,11.0,28.46476477668086,6.265528346118744, , 
2021-11-21,40.0,13.0,29.17186987008249,7.30523714438592, , 
2021-11-22,29.0,37.0,42.10223080636038,14.832921087334903, , 
2021-11-23,77.0,42.0,45.82624714528505,15.254255450456503, , 
2021-11-24,97.0,31.0,40.20624316657043,11.462932766271491, , 
2021-11-25,80.0,12.0,29.443089417259458,6.089811040617113, , 
2021-11-26,37.0,10.0,27.46595580515545,6.464051281280546, , 
2021-11-27,37.0,15.0,30.20672425863312,7.980055868090358, , 
2021-11-28,53.0,12.0,28.890012481695518,6.705563041441733, , 
2021-11-29,41.0,11.0,28.096046819638232,6.676029680001824, , 
2021-11-30,39.0,7.0,25.862463394962468,5.508837269874316, , 
2021-12-01,21.0,8.0,26.041899128615377,6.222539521119359, , 
2021-12-02,27.0,14.0,29.453727258469456,7.904911247330108, , 
2021-12-03,40.0,9.0,26.979255107300354,6.09243347493807, , 
2021-12-04,29.0,12.0,28.398388538972014,7.25289815328584, , 
2021-12-05,38.0,23.0,34.61243811514421,10.382857577325886, , 
2021-12-06,65.0,13.0,29.683978143752803,6.735096402881642, , 
2021-12-07,31.0,17.0,31.180125654343314,8.72329148077531, , 
2021-12-08,38.0,13.0,29.130901208188863,7.350848403706262, , 
2021-12-09,35.0,9.0,26.876833452566288,6.206461623238925, , 
2021-12-10,32.0,15.0,30.104302603899058,8.094084016391214, , 
2021-12-11,46.0,12.0,28.74662216506783,6.865202449062931, , 
2021-12-12,42.0,20.0,33.04991436684486,9.382032306599315, , 
2021-12-13,47.0,21.0,33.700489712274454,9.571205075660423, , 
2021-12-14,55.0,23.0,34.96067174124002,9.99516187310298, , 
2021-12-15,65.0,46.0,47.77304993670543,16.74072667582641, , 
2021-12-16,83.0,42.0,45.949153130965925,15.117421672495475, , 
2021-12-17,104.0,21.0,34.86809657624277,8.27128418503067, , 
2021-12-18,64.0,10.0,28.01903274071939,5.848299280455925, , 
2021-12-19,38.0,25.0,35.70874549653528,10.989259412049812, , 
2021-12-20,41.0,45.0,46.733272303286405,16.98486087030855, , 
2021-12-21,91.0,35.0,42.275951943671686,12.812570213680369, , 
2021-12-22,83.0,32.0,40.467616224010584,12.08541249887585, , 
2021-12-23,88.0,21.0,34.540347281093766,8.636174259593407, , 
2021-12-24,62.0,18.0,32.36329360439004,8.319517878671968, , 
2021-12-25,62.0,16.0,31.266986222998966,7.713116043948043, , 
2021-12-26,58.0,18.0,32.28135628060279,8.41074039731265, , 
2021-12-27,66.0,15.0,30.800769856090685,7.318692607945396, , 
2021-12-28,48.0,10.0,27.691283445570384,6.213189355018663, , 
2021-12-29,33.0,7.0,25.739557409281595,5.645671047835343, , 
2021-12-30,21.0,11.0,27.68636020070198,7.132142273205247, , 
2021-12-31,32.0,13.0,29.007995222507986,7.487682181667289, , 
2022-01-01,40.0,11.0,28.07556248869142,6.698835309661995, , 
2022-01-02,34.0,14.0,29.597117575097148,7.745271839708909, , 
2021-07-01,35.0,18.0,31.8102166688261,8.935269879496587, , 
2021-07-02,55.0,19.0,32.768056978457885,8.782358203655129, , 
2021-07-03,55.0,11.0,28.382827452893608,6.356750864759428, , 
2021-07-04,35.0,13.0,29.069448215348427,7.4192652926867755, , 
2021-07-05,26.0,18.0,31.625857690304784,9.140520546438129, , 
2021-07-06,26.0,15.0,29.981396618218184,8.23091779435224, , 
2021-07-07,43.0,21.0,33.6185523884872,9.662427594301107, , 
2021-07-08,47.0,16.0,30.95972125879678,8.055200488850609, , 
2021-07-09,48.0,17.0,31.528359280439126,8.335595776552402, , 
2021-07-10,50.0,11.0,28.280405798159546,6.470779013060284, , 
2021-07-11,34.0,18.0,31.789732337879286,8.95807550915676, , 
2021-07-12,42.0,28.0,37.43514389240913,11.807639645495016, , 
2021-07-13,76.0,13.0,29.909305784167742,6.4842344766197595, , 
2021-07-14,44.0,15.0,30.350114575260807,7.82041646046916, , 
2021-07-15,44.0,15.0,30.350114575260807,7.82041646046916, , 
2021-07-16,40.0,14.0,29.720023560778024,7.608438061747883, , 
2021-07-17,38.0,14.0,29.679054898884395,7.654049321068226, , 
2021-07-18,37.0,15.0,30.20672425863312,7.980055868090358, , 
2021-07-19,43.0,19.0,32.52224500709613,9.056025759577182, , 
2021-07-20,54.0,19.0,32.74757264751107,8.8051638333153, , 
2021-07-21,57.0,27.0,37.194255165915784,11.162354283230487, , 
2021-07-22,76.0,18.0,32.65007423764541,8.000239063429571, , 
2021-07-23,39.0,18.0,31.89215399261335,8.844047360855903, , 
2021-07-24,54.0,10.0,27.81418943125126,6.076355577057637, , 
2021-07-25,32.0,13.0,29.007995222507986,7.487682181667289, , 
2021-07-26,37.0,17.0,31.303031640024187,8.586457702814284, , 
2021-07-27,45.0,14.0,29.822445215512086,7.4944099134470274, , 
2021-07-28,32.0,14.0,29.556148913203522,7.7908830990292515, , 
2021-07-29,30.0,14.0,29.515180251309896,7.836494358349594, , 
2021-07-30,29.0,10.0,27.302081157580947,6.646496318561915, , 
2021-07-31,27.0,12.0,28.35741987707839,7.298509412606182, , 
2021-08-01,36.0,10.0,27.445471474208635,6.486856910940716, , 
2021-08-02,28.0,13.0,28.926057898720735,7.578904700307973, , 
2021-08-03,41.0,39.0,43.4443501591132,15.165655366136775, , 
2021-08-04,61.0,24.0,35.631731417616436,10.161529012503916, , 
2021-08-05,64.0,10.0,28.01903274071939,5.848299280455925, , 
2021-08-06,23.0,9.0,26.631021481204538,6.480129179160978, , 
2021-08-07,21.0,9.0,26.590052819310912,6.525740438481321, , 
2021-08-08,22.0,11.0,27.706844531648795,7.109336643545075, , 
2021-08-09,23.0,9.0,26.631021481204538,6.480129179160978, , 
2021-08-10,23.0,17.0,31.01625100676881,8.90573651805668, , 
2021-08-11,42.0,24.0,35.24252912962699,10.594835976047168, , 
2021-08-12,51.0,18.0,32.1379659639751,8.57037980493385, , 
2021-08-13,44.0,16.0,30.898268265956343,8.123617377831124, , 
2021-08-14,40.0,18.0,31.91263832356016,8.821241731195732, , 
2021-08-15,44.0,13.0,29.25380719386974,7.214014625745236, , 
2021-08-16,35.0,18.0,31.8102166688261,8.935269879496587, , 
2021-08-17,48.0,16.0,30.980205589743594,8.03239485919044, , 
2021-08-18,43.0,12.0,28.68516917222739,6.933619338043444, , 
2021-08-19,28.0,12.0,28.3779042080252,7.275703782946012, , 
2021-08-20,30.0,17.0,31.1596413233965,8.746097110435482, , 
2021-08-21,38.0,11.0,28.034593826797796,6.744446568982337, , 
2021-08-22,36.0,17.0,31.28254730907738,8.609263332474455, , 
2021-08-23,47.0,25.0,35.89310447505659,10.784008745108272, , 
2021-08-24,44.0,22.0,34.187190410129546,9.942822882002899, , 
2021-08-25,53.0,11.0,28.341858790999986,6.402362124079771, , 
2021-08-26,23.0,13.0,28.823636243986677,7.692932848608828, , 
2021-08-27,29.0,12.0,28.398388538972014,7.25289815328584, , 
2021-08-28,35.0,10.0,27.424987143261824,6.509662540600888, , 
2021-08-29,28.0,15.0,30.022365280111806,8.185306535031899, , 
2021-08-30,44.0,21.0,33.63903671943402,9.639621964640936, , 
2021-08-31,51.0,23.0,34.87873441745277,10.086384391743664, , 
2021-09-01,32.0,38.0,42.711837489896354,15.067705115716352, , 
2021-09-02,60.0,46.0,47.670628281971375,16.854754824127262, , 
2021-09-03,74.0,32.0,40.283257245489274,12.29066316581739, , 
2021-09-04,83.0,29.0,38.823155151923984,11.175809746789962, , 
2021-09-05,77.0,57.0,54.048552505718064,19.80226921088594, , 
2021-09-06,82.0,51.0,50.86205201627892,17.86903555841331, , 
2021-09-07,78.0,39.0,44.20227040414526,14.321847068710444, , 
2021-09-08,72.0,24.0,35.85705905803137,9.910667086242032, , 
2021-09-09,54.0,16.0,31.10311157542447,7.8955610812294115, , 
2021-09-10,43.0,10.0,27.588861790836326,6.327217503319519, , 
2021-09-11,27.0,14.0,29.453727258469456,7.904911247330108, , 
2021-09-12,36.0,24.0,35.119623143946114,10.731669754008193, , 
2021-09-13,46.0,33.0,40.25784966967405,13.232421713664145, , 
2021-09-14,65.0,17.0,31.876592906534942,7.947900072329492, , 
2021-09-15,47.0,15.0,30.411567568101248,7.751999571488646, , 
2021-09-16,38.0,28.0,37.35320656862188,11.8988621641357, , 
2021-09-17,70.0,25.0,36.36424408683328,10.259479262924337, , 
2021-09-18,65.0,22.0,34.617361360012616,9.463904659139304, , 
2021-09-19,63.0,31.0,39.50977591437881,12.23832417471731, , 
2021-09-20,53.0,24.0,35.46785677004193,10.343974049785285, , 
2021-09-21,43.0,27.0,36.907474532660416,11.481633098472882, , 
2021-09-22,55.0,24.0,35.508825431935556,10.298362790464942, , 
2021-09-23,54.0,15.0,30.554957884728935,7.592360163867449, , 
2021-09-24,29.0,15.0,30.04284961105862,8.162500905371726, , 
2021-09-25,41.0,20.0,33.029430035898045,9.404837936259486, , 
2021-09-26,58.0,16.0,31.185048899211722,7.804338562588727, , 
2021-09-27,33.0,18.0,31.76924800693247,8.98088113881693, , 
2021-09-28,26.0,14.0,29.43324292752265,7.927716876990278, , 
2021-09-29,30.0,16.0,30.611487632700968,8.44289619307352, , 
2021-09-30,30.0,20.0,32.804102395483106,9.655699862521368, , 
2021-04-01,89.0,24.0,30.0,9.0, , 
2021-04-02,42.0,17.0,31.0,5.0, , 
2021-04-03,36.0,20.0,33.0,6.0, , 
2021-04-04,52.0,17.0,30.0,7.0, , 
2021-04-05,44.0,7.0,28.0,8.0, , 
2021-04-06,21.0,10.0,27.0,8.0, , 
2021-04-07,24.0,25.0,30.0,14.0, , 
2021-04-08,58.0,25.0,34.0,15.0, 1, 
2021-04-09,62.0,16.0,19.0,10.0, , 
2021-04-10,59.0,8.0,32.0,5.0, , 
2021-04-11,31.0,13.0,29.0,13.0, , 
2021-04-12,31.0,20.0,30.0,18.0, , 
2021-04-13,47.0,30.0,29.0,20.0, 1, 
2021-04-14,57.0,17.0,30.0,14.0, , 
2021-04-15,38.0,25.0,33.0,13.0, , 
2021-04-16,50.0,14.0,35.0,8.0, , 
2021-04-17,44.0,21.0,35.0,8.0, 1, 
2021-04-18,62.0,36.0,23.0,17.0, , 
2021-04-19,83.0,52.0,34.0,21.0, 1, 
2021-04-20,112.0,42.0,37.0,16.0, , 
2021-04-21,95.0,28.0,31.0,10.0, , 
2021-04-22,37.0,23.0,35.0,11.0, , 
2021-04-23,43.0,19.0,38.0,6.0, , 
2021-04-24,44.0,10.0,36.0,3.0, , 
2021-04-25,32.0,16.0,35.0,9.0, , 
2021-04-26,47.0,27.0,40.0,11.0, , 
2021-04-27,56.0,42.0,39.0,15.0, 1, 
2021-04-28,71.0,25.0,35.0,10.0, , 
2021-04-29,61.0,24.0,36.0,14.0, , 
2021-04-30,60.0,20.0,37.0,10.0, , 
2021-05-01,65.0,11.0,34.0,5.0, , 
2021-05-02,42.0,24.0,38.0,14.0, , 
2021-05-03,56.0,18.0,32.0,6.0, , 
2021-05-04,38.0,9.0,30.0,8.0, , 
2021-05-05,24.0,11.0,24.0,12.0, , 
2021-05-06,30.0,14.0,33.0,10.0, , 
2021-05-07,45.0,14.0,27.0,11.0, , 
2021-05-08,40.0,14.0,36.0,6.0, , 
2021-05-09,36.0,16.0,32.0,9.0, , 
2021-05-10,33.0,21.0,23.0,17.0, , 
2021-05-11,36.0,16.0,27.0,12.0, , 
2021-05-12,33.0,11.0,29.0,9.0, , 
2021-05-13,32.0,16.0,25.0,12.0, , 
2021-05-14,48.0,16.0,26.0,7.0, , 
2021-05-15,45.0,11.0,28.0,6.0, , 
2021-05-16,28.0,10.0,26.0,8.0, , 
2021-05-17,29.0,12.0,35.0,9.0, , 
2021-05-18,33.0,13.0,26.0,12.0, , 
2021-05-19,29.0,17.0,33.0,12.0, , 
2021-05-20,40.0,25.0,33.0,5.0, , 
2021-05-21,31.0,7.0,28.0,6.0, , 
2021-05-22,19.0,9.0,37.0,4.0, , 
2021-05-23,24.0,6.0,36.0,4.0, , 
2021-05-24,21.0,9.0,30.0,10.0, , 
2021-05-25,23.0,12.0,39.0,9.0, , 
2021-05-26,28.0,16.0,34.0,7.0, , 
2021-05-27,44.0,25.0,40.0,10.0, , 
2021-05-28,56.0,17.0,47.0,7.0, , 
2021-05-29,49.0,15.0,47.0,2.0, , 
2021-05-30,52.0,35.0,56.0,9.0, , 
2021-05-31,53.0,33.0,59.0,10.0, , 
2021-06-01,55.0,36.0,62.0,14.0, , 
2021-06-02,55.0,23.0,45.0,10.0, , 
2021-06-03,58.0,32.0,41.0,15.0, , 
2021-06-04,64.0,29.0,34.0,7.0, , 
2021-06-05,82.0,15.0,46.0,6.0, , 
2021-06-06,49.0,20.0,42.0,8.0, , 
2021-06-07,40.0,33.0,53.0,14.0, , 
2021-06-08,68.0,30.0,46.0,13.0, , 
2021-06-09,77.0,24.0,37.0,15.0, , 
2021-06-10,50.0,15.0,26.0,8.0, , 
2021-06-11,32.0,16.0,30.0,5.0, , 
2021-06-12,45.0,12.0,38.0,6.0, , 
2021-06-13,38.0,23.0,61.0,15.0, , 
2021-06-14,57.0,29.0,39.0,7.0, , 
2021-06-15,60.0,33.0,56.0,13.0, , 
2021-06-16,59.0,26.0,42.0,10.0, , 
2021-06-17,48.0,25.0,34.0,9.0, , 
2021-06-18,56.0,13.0,27.0,5.0, , 
2021-06-19,44.0,14.0,32.0,5.0, , 
2021-06-20,51.0,16.0,25.0,7.0, , 
2021-06-21,54.0,20.0,23.0,7.0, , 
2021-06-22,54.0,23.0,23.0,8.0, , 
2021-06-23,57.0,16.0,27.0,8.0, , 
2021-06-24,49.0,22.0,26.0,10.0, , 
2021-06-25,59.0,20.0,26.0,7.0, , 
2021-06-26,58.0,25.0,36.0,9.0, , 
2021-06-27,74.0,17.0,31.0,12.0, , 
2021-06-28,43.0,19.0,32.0,9.0, , 
2021-06-29,61.0,10.0,19.0,8.0, , 
2021-06-30,33.0,12.0,28.480325862759265,7.161675634645156, , 
2021-01-04,42.0,14.0,7.0,8.0, , 
2021-01-05,52.0,13.0,6.0,11.0, , 
2021-01-06,50.0,14.0,12.0,15.0, , 
2021-01-07,46.0,18.0,8.0,17.0, , 
2021-01-08,55.0,27.0,1.0,20.0, , 
2021-01-09,81.0,26.0,3.0,20.0, , 
2021-01-10,82.0,29.50510736413999,39.09303815660306,11.350673995968787, , 
2021-01-12,25.0,19.0,15.0,23.0, , 
2021-01-13,56.0,11.0,14.0,13.0, , 
2021-01-14,34.0,19.0,7.0,16.0, , 
2021-01-15,58.0,24.0,10.0,15.0, , 
2021-01-16,66.0,13.0,19.0,12.0, , 
2021-01-17,42.0,19.0,19.0,17.0, , 
2021-01-18,50.0,10.0,21.0,9.0, , 
2021-01-19,30.0,14.0,29.0,10.0, , 
2021-01-20,31.0,12.0,30.0,10.0, , 
2021-01-21,23.0,16.0,22.0,20.0, , 
2021-01-22,31.0,14.0,25.0,11.0, , 
2021-01-23,37.0,8.0,22.0,9.0, , 
2021-01-24,36.0,13.0,17.0,14.0, , 
2021-01-25,49.0,17.0,18.0,16.0, , 
2021-01-26,40.0,13.0,21.0,17.0, , 
2021-01-27,43.0,9.0,17.0,14.0, , 
2021-01-28,27.0,12.0,26.0,10.0, , 
2021-01-29,30.0,10.0,19.0,7.0, , 
2021-01-30,41.0,13.0,13.0,8.0, , 
2021-01-31,54.0,17.0,3.0,14.0, , 
2021-02-01,62.0,14.0,20.0,13.0, , 
2021-02-02,44.0,10.0,23.0,13.0, , 
2021-02-03,32.0,19.0,20.0,16.0, , 
2021-02-04,35.0,21.0,16.0,19.0, , 
2021-02-05,43.0,22.0,9.0,14.0, , 
2021-02-06,68.0,15.0,20.0,5.0, , 
2021-02-07,59.0,20.0,22.0,8.0, , 
2021-02-08,66.0,17.0,26.0,8.0, , 
2021-02-09,59.0,18.0,24.0,10.0, , 
2021-02-10,58.0,27.0,20.0,22.0, , 
2021-02-11,72.0,24.0,22.0,16.0, 1, 
2021-02-12,65.0,15.0,26.0,9.0, , 
2021-02-13,45.0,16.0,26.0,9.0, , 
2021-02-14,32.0,15.0,22.0,14.0, , 
2021-02-15,48.0,19.0,21.0,12.0, , 
2021-02-16,39.0,17.0,26.0,10.0, , 
2021-02-17,29.0,14.0,24.0,11.0, , 
2021-02-18,27.0,18.0,26.0,14.0, , 
2021-02-19,33.0,27.0,29.0,8.0, , 
2021-02-20,45.0,21.0,30.0,10.0, , 
2021-02-21,42.0,40.0,23.0,18.0, , 
2021-02-22,57.0,44.0,25.0,12.0, , 
2021-02-23,61.0,39.0,25.0,11.0, , 
2021-02-24,58.0,49.0,20.0,16.0, , 
2021-02-25,74.0,20.0,26.0,12.0, , 
2021-02-26,47.0,22.0,17.0,13.0, , 
2021-02-27,66.0,26.0,25.0,10.0, , 
2021-02-28,75.0,40.0,8.0,16.0, , 
2021-03-01,90.0,51.0,46.973847847987614,27.0, , 
2021-03-02,84.0,58.0,52.10595168239262,26.0, 1, 
2021-03-03,104.0,33.0,15.0,17.0, , 
2021-03-04,94.0,16.0,25.0,10.0, , 
2021-03-05,35.0,26.0,24.0,16.0, , 
2021-03-06,72.0,26.0,28.0,12.0, , 
2021-03-07,77.0,29.0,24.0,16.0, , 
2021-03-08,76.0,31.0,17.0,14.0, , 
2021-03-09,87.0,37.0,30.0,14.0, , 
2021-03-10,75.0,17.0,32.0,4.0, , 
2021-03-11,43.0,18.0,29.0,7.0, , 
2021-03-12,28.0,11.0,30.0,3.0, , 
2021-03-13,28.0,9.0,28.0,5.0, , 
2021-03-14,43.0,10.0,28.0,5.0, , 
2021-03-15,32.0,15.0,23.0,16.0, , 
2021-03-16,38.0,11.0,22.0,10.0, , 
2021-03-17,36.0,13.0,23.0,12.0, , 
2021-03-18,27.0,15.0,28.0,6.0, , 
2021-03-19,34.0,15.0,27.0,7.0, , 
2021-03-20,53.0,16.0,31.0,4.0, , 
2021-03-21,46.0,17.0,30.0,10.0, , 
2021-03-22,33.0,35.0,31.0,16.0, , 
2021-03-23,68.0,38.0,32.0,14.0, , 
2021-03-24,79.0,32.0,25.0,16.0, , 
2021-03-25,68.0,34.0,33.0,13.0, , 
2021-03-26,52.0,11.0,32.0,5.0, , 
2021-03-27,23.0,14.0,33.0,5.0, , 
2021-03-28,35.0,26.0,34.0,15.0, , 
2021-03-29,50.0,53.0,40.0,28.0, 1, 
2021-03-30,75.0,46.0,44.0,33.0, , 
2021-03-31,75.0,54.0,30.0,26.0, , 
2020-10-01,33.0,11.0,18.0,11.0, , 
2020-10-02,29.0,10.0,23.0,12.0, , 
2020-10-03,31.0,8.0,27.0,4.0, , 
2020-10-04,22.0,11.0,24.0,9.0, , 
2020-10-05,25.0,9.0,24.0,7.0, , 
2020-10-06,23.0,14.0,20.0,11.0, 1, 
2020-10-07,30.0,12.0,19.0,9.0, , 
2020-10-08,27.0,16.0,18.0,15.0, , 
2020-10-09,38.0,10.0,24.0,8.0, 1, 
2020-10-10,27.0,10.0,23.0,9.0, 2, 
2020-10-11,31.0,14.0,22.0,16.0, 2, 
2020-10-12,37.0,17.0,18.0,14.0, 1, 
2020-10-13,39.0,24.0,17.0,13.0, , 
2020-10-14,50.0,12.0,18.0,8.0, , 
2020-10-15,23.0,17.0,13.0,11.0, , 
2020-10-16,43.0,26.0,17.0,18.0, , 
2020-10-17,67.0,26.0,15.0,16.0, , 
2020-10-18,74.0,23.0,23.0,19.0, , 
2020-10-19,52.0,20.0,22.0,13.0, , 
2020-10-20,44.0,13.0,29.0,7.0, , 
2020-10-21,50.0,14.0,19.0,14.0, , 
2020-10-22,40.0,23.0,19.0,13.0, , 
2020-10-23,44.0,10.0,25.0,7.0, , 
2020-10-24,23.0,7.0,27.0,6.0, , 
2020-10-25,20.0,11.0,20.0,10.0, , 
2020-10-26,21.0,13.0,23.0,9.0, , 
2020-10-27,23.0,14.0,21.0,9.0, , 
2020-10-28,26.0,13.0,18.0,11.0, , 
2020-10-29,27.0,10.0,21.0,8.0, , 
2020-10-30,25.0,13.0,30.0,7.0, , 
2020-10-31,32.0,10.0,26.0,4.0, , 
2020-11-01,21.0,10.0,29.0,5.0, , 
2020-11-02,20.0,17.0,27.0,10.0, , 
2020-11-03,28.0,19.0,16.0,19.0, , 
2020-11-04,39.0,36.0,9.0,28.0, 6, 
2020-11-05,79.0,36.0,7.0,23.0, 5, 
2020-11-06,79.0,27.0,13.0,19.0, , 
2020-11-07,66.0,27.0,17.0,15.0, , 
2020-11-08,71.0,29.0,7.0,20.0, , 
2020-11-09,58.0,31.0,2.0,20.0, , 
2020-11-10,72.0,17.0,15.0,12.0, , 
2020-11-11,52.0,16.0,19.0,11.0, , 
2020-11-12,33.0,20.0,14.0,15.0, , 
2020-11-13,43.0,16.0,23.0,8.0, , 
2020-11-14,51.0,10.0,27.0,3.0, , 
2020-11-15,31.0,11.0,25.0,11.0, , 
2020-11-16,27.0,15.0,20.0,11.0, , 
2020-11-17,28.0,18.0,21.0,12.0, , 
2020-11-18,33.0,15.0,27.0,11.0, , 
2020-11-19,33.0,19.0,13.0,19.0, , 
2020-11-20,43.0,16.0,22.0,8.0, , 
2020-11-21,42.0,14.0,21.0,8.0, , 
2020-11-22,43.0,20.0,9.0,19.0, , 
2020-11-23,61.0,22.0,16.0,15.0, , 
2020-11-24,56.0,28.0,11.0,15.0, , 
2020-11-25,64.0,39.0,7.0,23.0, , 
2020-11-26,76.0,51.0,2.0,18.0, , 
2020-11-27,120.0,32.0,3.0,16.0, , 
2020-11-28,86.0,32.0,7.0,12.0, , 
2020-11-29,96.0,34.0,1.0,13.0, , 
2020-11-30,90.0,17.0,16.0,11.0, , 
2020-12-01,36.0,22.0,7.0,15.0, , 
2020-12-02,55.0,14.0,21.0,14.0, , 
2020-12-03,44.0,11.0,22.0,11.0, , 
2020-12-04,21.0,13.0,22.0,15.0, , 
2020-12-05,33.0,31.0,2.0,17.0, , 
2020-12-06,92.0,35.0,8.0,18.0, , 
2020-12-07,95.0,36.0,2.0,22.0, , 
2020-12-08,78.0,32.0,39.14671681681372,15.0, 1, 
2020-12-09,89.0,31.34536897896943,40.247793796540094,11.748791907748219, , 
2020-12-11,41.0,18.0,12.0,14.0, , 
2020-12-12,53.0,10.0,25.0,8.0, , 
2020-12-13,30.0,10.0,20.0,11.0, , 
2020-12-14,26.0,11.0,10.0,17.0, , 
2020-12-15,37.0,13.0,16.0,16.0, , 
2020-12-16,34.0,15.0,14.0,13.0, , 
2020-12-17,33.0,14.0,19.0,12.0, , 
2020-12-18,30.0,9.0,18.0,8.0, , 
2020-12-19,33.0,13.0,18.0,7.0, , 
2020-12-20,31.0,7.0,20.0,10.0, , 
2020-12-21,21.0,8.0,20.0,11.0, , 
2020-12-22,24.0,6.0,24.0,12.0, , 
2020-12-23,26.0,8.0,22.0,7.0, , 
2020-12-24,20.0,9.0,25.0,8.0, , 
2020-12-25,27.0,11.0,20.0,9.0, , 
2020-12-26,35.0,7.0,26.0,4.0, , 
2020-12-27,25.0,9.0,21.0,16.0, , 
2020-12-28,29.0,17.0,10.0,20.0, , 
2020-12-29,61.0,15.0,18.0,16.0, , 
2020-12-30,47.0,14.0,16.0,14.0, , 
2020-12-31,45.0,22.0,8.0,16.0, , 
2021-01-01,74.0,22.0,6.0,14.0, , 
2021-01-02,71.0,22.0,13.0,8.0, , 
2021-01-03,71.0,11.0,9.0,8.0, , 
2020-07-01,29.0,12.0,23.0,7.0, , 
2020-07-02,26.0,19.0,27.0,7.0, , 
2020-07-03,39.0,11.0,17.0,5.0, , 
2020-07-04,28.0,7.0,27.0,1.0, , 
2020-07-05,20.0,18.0,27.0,6.0, , 
2020-07-06,39.0,20.0,31.0,11.0, , 
2020-07-07,39.0,10.0,20.0,10.0, , 
2020-07-08,23.0,14.0,10.0,5.0, , 
2020-07-09,27.0,10.0,27.0,4.0, , 
2020-07-10,24.0,12.0,28.0,7.0, , 
2020-07-11,32.0,11.0,30.0,3.0, , 
2020-07-12,31.0,20.0,45.0,10.0, , 
2020-07-13,43.0,17.0,16.0,13.0, , 
2020-07-14,39.0,16.0,25.0,11.0, , 
2020-07-15,40.0,14.0,17.0,8.0, , 
2020-07-16,39.0,18.0,19.0,11.0, , 
2020-07-17,49.0,19.0,28.0,12.0, , 
2020-07-18,47.0,15.0,26.0,6.0, , 
2020-07-19,40.0,12.0,29.0,4.0, , 
2020-07-20,27.0,11.0,33.0,4.0, , 
2020-07-21,25.0,16.0,32.0,6.0, , 
2020-07-22,33.0,18.0,44.0,15.0, , 
2020-07-23,40.0,17.0,30.0,9.0, , 
2020-07-24,43.0,13.0,21.0,6.0, , 
2020-07-25,30.0,9.0,20.0,3.0, , 
2020-07-26,25.0,13.0,36.0,9.0, , 
2020-07-27,29.0,13.0,24.0,5.0, , 
2020-07-28,30.0,15.0,33.0,7.0, , 
2020-07-29,37.0,17.0,51.0,10.0, , 
2020-07-30,40.0,27.0,60.0,21.0, , 
2020-07-31,59.0,16.0,31.0,6.0, , 
2020-08-01,45.0,13.0,30.0,4.0, , 
2020-08-02,40.0,15.0,28.0,10.0, , 
2020-08-03,38.0,15.0,36.0,8.0, , 
2020-08-04,39.0,31.0,42.0,16.0, , 
2020-08-05,42.0,32.0,48.0,19.0, , 
2020-08-06,53.0,30.0,64.0,24.0, , 
2020-08-07,54.0,32.0,36.28282946987598,21.0, , 
2020-08-08,64.0,23.0,61.0,9.0, , 
2020-08-09,62.0,28.0,69.0,14.0, , 
2020-08-10,61.0,43.0,43.83742612404252,21.0, , 
2020-08-11,80.0,40.0,59.0,14.0, , 
2020-08-12,77.0,41.0,55.0,14.0, , 
2020-08-13,98.0,20.0,35.0,10.0, , 
2020-08-14,52.0,25.0,33.0,7.0, , 
2020-08-15,72.0,22.0,36.0,7.0, , 
2020-08-16,63.0,18.0,25.0,10.0, , 
2020-08-17,43.0,14.0,31.0,9.0, , 
2020-08-18,33.0,22.0,32.0,14.0, , 
2020-08-19,40.0,15.0,36.0,11.0, , 
2020-08-20,32.0,24.0,36.0,11.0, , 
2020-08-21,44.0,14.0,29.0,5.0, , 
2020-08-22,26.0,9.0,26.0,2.0, , 
2020-08-23,23.0,8.0,25.0,8.0, , 
2020-08-24,18.0,16.0,28.0,9.0, , 
2020-08-25,30.0,16.0,26.0,5.0, , 
2020-08-26,33.0,20.0,31.0,10.0, , 
2020-08-27,38.0,17.0,21.0,9.0, , 
2020-08-28,30.0,8.0,25.0,7.0, , 
2020-08-29,26.0,11.0,27.0,3.0, , 
2020-08-30,30.0,13.0,29.0,8.0, , 
2020-08-31,23.0,17.0,32.0,14.0, , 
2020-09-01,32.0,19.0,38.0,17.0, , 
2020-09-02,44.0,23.0,26.0,17.0, , 
2020-09-03,46.0,13.0,25.0,8.0, , 
2020-09-04,30.0,13.0,27.0,7.0, , 
2020-09-05,33.0,14.0,29.0,9.0, , 
2020-09-06,38.0,20.0,32.0,16.0, , 
2020-09-07,40.0,17.0,17.0,10.0, , 
2020-09-08,36.0,18.0,21.0,8.0, , 
2020-09-09,40.0,19.0,37.0,10.0, , 
2020-09-10,32.0,36.0,34.0,22.0, , 
2020-09-11,65.0,21.0,32.0,13.0, , 
2020-09-12,52.0,14.0,31.0,14.0, , 
2020-09-13,38.0,52.0,63.0,27.0, , 
2020-09-14,68.0,55.0,58.0,42.0, 1, 
2020-09-15,74.0,44.0,54.0,19.0, , 
2020-09-16,92.0,34.0,30.0,6.0, , 
2020-09-17,35.0,36.0,43.0,12.0, 1, 
2020-09-18,44.0,25.0,55.0,12.0, 1, 
2020-09-19,55.0,25.0,48.0,11.0, 1, 
2020-09-20,63.0,36.0,46.0,22.0, 1, 
2020-09-21,79.0,50.0,62.0,26.0, 1, 
2020-09-22,118.0,41.0,32.0,16.0, 1, 
2020-09-23,68.0,16.0,27.0,6.0, , 
2020-09-24,29.0,11.0,25.0,8.0, , 
2020-09-25,21.0,7.0,27.0,6.0, , 
2020-09-26,19.0,8.0,25.0,3.0, , 
2020-09-27,30.0,13.0,18.0,12.0, , 
2020-09-28,43.0,20.0,16.0,12.0, , 
2020-09-29,48.0,23.0,23.0,13.0, , 
2020-09-30,46.0,12.0,17.0,11.0, , 
2020-04-01,56.0,23.0,26.0,13.0, , 
2020-04-02,52.0,13.0,34.0,9.0, , 
2020-04-03,25.0,13.0,35.0,7.0, , 
2020-04-04,36.0,17.0,42.0,5.0, , 
2020-04-05,47.0,22.0,36.0,8.0, , 
2020-04-06,45.0,30.0,36.0,11.0, , 
2020-04-07,60.0,47.0,45.0,24.0, , 
2020-04-08,79.0,45.0,42.0,18.0, , 
2020-04-09,87.0,36.0,39.0,11.0, 1, 
2020-04-10,58.0,19.0,40.0,9.0, , 
2020-04-11,46.0,24.0,45.0,9.0, , 
2020-04-12,61.0,24.0,33.0,3.0, , 
2020-04-13,40.0,15.0,33.0,5.0, , 
2020-04-14,25.0,37.0,35.0,18.0, , 
2020-04-15,58.0,39.0,35.0,23.0, 1, 
2020-04-16,58.0,44.0,39.0,13.0, 1, 
2020-04-17,71.0,27.0,22.0,10.0, , 
2020-04-18,62.0,36.0,32.0,7.0, , 
2020-04-19,86.0,41.0,37.0,8.0, , 
2020-04-20,40.0,47.0,40.0,7.0, 1, 
2020-04-21,51.0,44.0,43.0,9.0, 1, 
2020-04-22,56.0,33.0,51.0,18.0, 1, 
2020-04-23,55.0,40.0,43.0,12.0, 1, 
2020-04-24,93.0,18.0,37.0,4.0, , 
2020-04-25,48.0,18.0,43.0,5.0, , 
2020-04-26,48.0,33.0,39.0,16.0, 1, 
2020-04-27,67.0,33.0,23.0,12.0, , 
2020-04-28,77.0,14.0,28.0,7.0, , 
2020-04-29,36.0,10.0,29.0,6.0, , 
2020-04-30,19.0,11.0,30.0,3.0, , 
2020-05-01,29.0,12.0,33.0,4.0, , 
2020-05-02,33.0,12.0,35.0,8.0, , 
2020-05-03,38.0,17.0,31.0,8.0, , 
2020-05-04,48.0,19.0,35.0,7.0, , 
2020-05-05,27.0,23.0,41.0,13.0, , 
2020-05-06,42.0,28.0,56.0,17.0, , 
2020-05-07,58.0,48.0,50.251477882570754,14.0, 1, 
2020-05-08,101.0,35.0,42.29996789777202,13.0, 1, 
2020-05-09,78.0,16.0,38.0,5.0, , 
2020-05-10,48.0,25.0,36.0,3.0, , 
2020-05-11,25.0,14.0,38.0,9.0, , 
2020-05-12,28.0,20.0,38.0,14.0, , 
2020-05-13,37.0,23.0,37.0,6.0, , 
2020-05-14,29.0,16.0,43.0,6.0, , 
2020-05-15,27.0,13.0,44.0,10.0, , 
2020-05-16,33.0,12.0,51.0,7.0, , 
2020-05-17,39.0,18.0,32.0,11.0, , 
2020-05-18,40.0,20.0,29.0,10.0, , 
2020-05-19,33.0,21.0,39.0,9.0, , 
2020-05-20,40.0,20.0,41.0,11.0, , 
2020-05-21,48.0,22.0,28.0,15.0, , 
2020-05-22,45.0,19.77801025718443,32.9893297740787,9.246336462277517, , 
2020-05-25,37.0,25.0,44.0,13.0, , 
2020-05-26,44.0,22.0,35.0,14.0, , 
2020-05-27,44.0,31.0,38.0,7.0, , 
2020-05-28,31.0,32.0,48.0,7.0, , 
2020-05-29,42.0,22.0,47.0,8.0, , 
2020-05-30,40.0,18.0,40.0,4.0, , 
2020-05-31,32.0,15.0,47.0,4.0, , 
2020-06-01,31.0,29.0,55.0,15.0, , 
2020-06-02,43.0,26.0,45.0,11.0, , 
2020-06-03,60.0,16.0,28.0,7.0, , 
2020-06-04,35.0,11.0,23.0,9.0, , 
2020-06-05,24.0,12.0,28.0,5.0, , 
2020-06-06,26.0,10.0,30.0,3.0, , 
2020-06-07,27.0,14.0,23.0,8.0, , 
2020-06-08,36.0,10.0,27.0,7.0, , 
2020-06-09,26.0,5.0,28.0,11.0, , 
2020-06-10,27.0,21.0,31.0,13.0, , 
2020-06-11,56.0,26.0,30.0,14.0, , 
2020-06-12,58.0,11.0,33.0,7.0, , 
2020-06-13,31.0,12.0,33.0,7.0, , 
2020-06-14,32.0,23.0,32.0,14.0, , 
2020-06-15,46.0,22.0,32.0,15.0, , 
2020-06-16,53.0,17.0,27.0,13.0, , 
2020-06-17,41.0,16.0,32.0,10.0, , 
2020-06-18,46.0,13.0,34.0,13.0, , 
2020-06-19,30.0,10.0,34.0,6.0, , 
2020-06-20,26.0,13.0,22.0,6.0, , 
2020-06-21,36.0,19.0,36.0,9.0, , 
2020-06-22,40.0,24.0,73.0,14.0, , 
2020-06-23,63.0,36.0,71.0,17.0, , 
2020-06-24,65.0,25.0,57.0,14.0, , 
2020-06-25,50.0,28.0,52.0,12.0, , 
2020-06-26,55.0,24.0,30.0,7.0, , 
2020-06-27,51.0,11.0,32.0,3.0, , 
2020-06-28,31.0,18.0,33.0,5.0, , 
2020-06-29,27.0,16.0,24.0,8.0, , 
2020-06-30,30.0,10.0,18.0,7.0, , 
2020-01-01,67.0,16.0,8.0,11.0, , 
2020-01-02,55.0,10.0,18.0,11.0, , 
2020-01-03,35.0,15.0,16.0,15.0, , 
2020-01-04,40.0,15.0,11.0,19.0, , 
2020-01-05,51.0,17.0,16.0,19.0, , 
2020-01-06,43.0,22.0,17.0,18.0, 1, 
2020-01-07,54.0,12.0,9.0,14.0, , 
2020-01-08,44.0,9.0,14.0,12.0, , 
2020-01-09,31.0,9.0,19.0,14.0, , 
2020-01-10,24.0,15.0,19.0,15.0, , 
2020-01-11,45.0,10.0,20.0,7.0, , 
2020-01-12,33.0,13.0,21.0,15.0, , 
2020-01-13,33.0,10.0,22.0,9.0, , 
2020-01-14,26.0,12.0,22.0,13.0, , 
2020-01-15,32.0,11.0,24.0,14.0, , 
2020-01-16,31.0,11.0,20.0,8.0, , 
2020-01-17,29.0,10.0,20.0,9.0, , 
2020-01-18,27.0,15.0,24.0,9.0, 1, 
2020-01-19,35.0,28.0,2.0,24.0, 1, 
2020-01-20,65.0,24.0,2.0,22.0, 1, 
2020-01-21,70.0,25.0,2.0,23.0, 1, 
2020-01-22,71.0,28.0,38.029189489866695,11.146276385350054, , 
2020-01-23,82.0,24.0,36.06190236749949,9.682610789640323, , 
2020-01-24,71.0,29.0,38.57734318056223,11.449477302712017, , 
2020-01-25,83.0,22.0,34.98607931705524,9.053403325256225, , 
2020-01-26,63.0,15.0,30.739316863250245,7.387109496925909, , 
2020-01-27,34.0,11.0,27.952656503010544,6.835669087623021, , 
2020-01-28,20.0,19.0,32.051105395319446,9.580555241761118, , 
2020-01-29,31.0,20.0,32.824586726429914,9.632894232861197, , 
2020-01-30,29.0,11.0,27.850234848276482,6.949697235923877, , 
2020-01-31,23.0,14.0,29.37178993468221,7.996133765970792, , 
2020-02-01,31.0,13.0,28.987510891561175,7.51048781132746, , 
2020-02-02,26.0,20.0,32.722165071695855,9.746922381162053, , 
2020-02-03,35.0,11.0,27.97314083395736,6.812863457962851, , 
2020-02-04,24.0,22.0,33.7775037911933,10.39893547520632, , 
2020-02-05,41.0,40.0,43.992503849808735,15.468856283498736, , 
2020-02-06,69.0,39.0,44.01791142562395,14.527097735651983, , 
2020-02-07,73.0,20.0,33.68492862619605,8.67505778713401, , 
2020-02-08,51.0,11.0,28.300890129106357,6.447973383400113, , 
2020-02-09,29.0,17.0,31.13915699244969,8.768902740095653, , 
2020-02-10,31.0,19.0,32.276433035734385,9.329693315499235, , 
2020-02-11,29.0,17.0,31.13915699244969,8.768902740095653, , 
2020-02-12,27.0,14.0,29.453727258469456,7.904911247330108, , 
2020-02-13,27.0,17.0,31.098188330556063,8.814513999415995, , 
2020-02-14,34.0,17.0,31.24157864718375,8.654874591794798, , 
2020-02-15,32.0,10.0,27.363534150421387,6.5780794295814005, , 
2020-02-16,28.0,13.0,28.926057898720735,7.578904700307973, , 
2020-02-17,24.0,16.0,30.48858164702009,8.579729971034546, , 
2020-02-18,31.0,15.0,30.083818272952243,8.116889646051385, , 
2020-02-19,32.0,16.0,30.652456294594593,8.397284933753177, , 
2020-02-20,33.0,18.0,31.76924800693247,8.98088113881693, , 
2020-02-21,35.0,11.0,27.97314083395736,6.812863457962851, , 
2020-02-22,26.0,10.0,27.24062816474051,6.714913207542428, , 
2020-02-23,21.0,10.0,27.138206510006448,6.828941355843283, , 
2020-02-24,26.0,11.0,27.788781855436042,7.018114124904391, , 
2020-02-25,23.0,8.0,26.082867790509003,6.176928261799016, , 
2020-02-26,24.0,10.0,27.199659502846885,6.76052446686277, , 
2020-02-27,29.0,14.0,29.494695920363085,7.859299988009765, , 
2020-02-28,42.0,18.989326707971816,32.49443449981997,9.075714500086335, , 
2020-03-15,30.0,30.0,19.0,20.0, , 
2020-03-16,62.0,30.0,25.0,20.0, , 
2020-03-17,57.0,29.0,31.0,17.0, , 
2020-03-18,57.0,41.0,11.0,21.0, 1, 
2020-03-19,81.0,32.0,28.0,6.0, , 
2020-03-20,52.0,11.0,24.0,2.0, , 
2020-03-21,37.0,10.0,31.0,2.0, , 
2020-03-22,25.0,14.0,31.0,6.0, , 
2020-03-23,29.0,21.0,32.0,12.0, , 
2020-03-24,47.0,31.0,33.0,16.0, 1, 
2020-03-25,59.0,34.0,33.0,12.0, 2, 
2020-03-26,66.0,43.0,31.0,15.0, 1, 
2020-03-27,81.0,42.0,38.0,6.0, 1, 
2020-03-28,83.0,14.0,31.0,2.0, , 
2020-03-29,23.0,13.99433089629192,29.360097762848,7.995108739542163, , 
2019-10-01,14.0,2.0,20.0,14.0, , 
2019-10-02,7.0,2.0,15.0,17.0, , 
2019-10-03,8.0,2.0,18.0,15.0, , 
2019-10-04,12.0,2.0,14.0,13.0, , 
2019-10-05,9.0,1.0,16.0,12.0, , 
2019-10-06,9.0,16.0,9.0,17.0, , 
2019-10-07,40.0,6.0,14.0,14.0, , 
2019-10-08,21.0,6.0,17.0,11.0, , 
2019-10-09,17.0,10.0,17.0,12.0, , 
2019-10-10,17.0,16.0,17.0,12.0, , 
2019-10-11,31.0,13.0,18.0,11.0, , 
2019-10-12,29.0,29.0,25.0,7.0, , 
2019-10-13,69.0,31.0,22.0,16.0, , 
2019-10-14,60.0,21.0,21.0,16.0, , 
2019-10-15,49.0,18.0,15.0,13.0, , 
2019-10-16,47.0,21.0,14.0,14.0, , 
2019-10-17,55.0,14.0,22.0,10.0, , 
2019-10-18,42.0,17.0,19.0,12.0, , 
2019-10-19,50.0,19.0,15.0,11.0, , 
2019-10-20,59.0,21.0,13.0,13.0, , 
2019-10-21,61.0,22.0,13.0,18.0, , 
2019-10-22,52.0,36.0,4.0,18.0, , 
2019-10-23,73.0,35.0,19.0,15.0, , 
2019-10-24,63.0,18.0,16.0,11.0, , 
2019-10-25,43.0,14.0,19.0,7.0, , 
2019-10-26,40.0,14.0,19.0,11.0, , 
2019-10-27,42.0,27.0,13.0,20.0, , 
2019-10-28,56.0,27.0,19.0,19.0, , 
2019-10-29,53.0,34.0,7.0,19.0, , 
2019-10-30,71.0,38.0,6.0,24.0, , 
2019-10-31,73.0,21.0,9.0,13.0, , 
2019-11-01,61.0,16.0,20.0,6.0, , 
2019-11-02,53.0,13.0,15.0,10.0, , 
2019-11-03,47.0,18.0,15.0,15.0, , 
2019-11-04,48.0,25.0,14.0,19.0, , 
2019-11-05,52.0,31.0,5.0,19.0, , 
2019-11-06,70.0,18.0,13.0,16.0, , 
2019-11-07,48.0,27.0,9.0,21.0, , 
2019-11-08,56.0,21.0,13.0,14.0, , 
2019-11-09,63.0,23.0,10.0,17.0, , 
2019-11-10,66.0,17.0,15.0,11.0, , 
2019-11-11,51.0,14.0,19.0,14.0, , 
2019-11-12,40.0,21.0,12.0,17.0, , 
2019-11-13,58.0,17.0,14.0,15.0, , 
2019-11-14,52.0,29.0,11.0,18.0, , 
2019-11-15,74.0,19.0,12.0,20.0, , 
2019-11-16,55.0,22.0,11.0,15.0, , 
2019-11-17,69.0,26.0,16.0,19.0, , 
2019-11-18,72.0,29.0,14.0,28.0, 1, 
2019-11-19,61.0,32.0,8.0,28.0, 1, 
2019-11-20,75.0,34.0,2.0,21.0, , 
2019-11-21,87.0,28.0,15.0,17.0, , 
2019-11-22,77.0,28.0,4.0,16.0, , 
2019-11-23,88.0,41.0,4.0,17.0, , 
2019-11-24,115.0,34.0,14.0,18.0, , 
2019-11-25,104.0,31.0,15.0,15.0, , 
2019-11-26,137.0,17.0,17.0,11.0, , 
2019-11-27,113.0,10.0,18.0,11.0, , 
2019-11-28,58.0,18.0,16.0,21.0, , 
2019-11-29,35.0,25.0,12.0,23.0, , 
2019-11-30,64.0,19.0,9.0,16.0, , 
2019-12-01,60.0,26.0,7.0,28.0, , 
2019-12-02,69.0,34.0,1.0,29.0, 1, 
2019-12-03,86.0,38.0,3.0,31.0, 1, 
2019-12-04,91.0,41.0,4.0,22.0, 1, 
2019-12-05,104.0,16.0,14.0,16.0, , 
2019-12-06,54.0,14.0,16.0,13.0, , 
2019-12-07,31.0,11.0,24.0,6.0, , 
2019-12-08,28.0,13.0,22.0,8.0, , 
2019-12-09,28.0,20.0,22.0,17.0, , 
2019-12-10,37.0,13.0,17.0,17.0, , 
2019-12-11,32.0,14.0,22.0,15.0, , 
2019-12-12,26.0,8.0,18.0,13.0, , 
2019-12-13,21.0,10.0,22.0,6.0, , 
2019-12-14,26.0,14.0,24.0,8.0, , 
2019-12-15,31.0,17.0,19.0,28.0, , 
2019-12-16,48.0,21.0,17.0,16.0, , 
2019-12-17,44.0,19.0,14.0,17.0, , 
2019-12-18,40.0,21.0,20.0,13.0, , 
2019-12-19,39.0,11.0,22.0,10.0, , 
2019-12-20,24.0,10.0,21.0,9.0, , 
2019-12-21,19.0,8.0,20.0,9.0, , 
2019-12-22,29.0,14.0,16.0,14.0, , 
2019-12-23,35.0,17.0,24.0,9.0, , 
2019-12-24,38.0,11.0,20.0,10.0, , 
2019-12-25,35.0,17.0,13.0,19.0, 1, 
2019-12-26,49.0,12.0,8.0,12.0, , 
2019-12-27,46.0,16.0,8.0,17.0, , 
2019-12-28,55.0,25.0,1.0,24.0, 1, 
2019-12-29,73.0,27.139056716502164,37.608352333826865,10.838808109395238, , 
2019-07-01,37.0,22.0,35.0,12.0, 1, 
2019-07-02,46.0,27.0,34.0,8.0, 1, 
2019-07-03,36.0,20.0,41.0,10.0, , 
2019-07-04,36.0,29.0,46.0,16.0, 1, 
2019-07-05,53.0,19.0,49.0,13.0, , 
2019-07-06,45.0,10.0,31.0,6.0, , 
2019-07-07,35.0,11.0,34.0,10.0, 1, 
2019-07-08,27.0,19.0,35.0,14.0, 1, 
2019-07-09,33.0,22.0,42.0,16.0, 1, 
2019-07-10,45.0,27.0,46.0,18.0, 1, 
2019-07-11,53.0,25.0,28.0,16.0, 1, 
2019-07-12,47.0,11.0,30.0,6.0, 1, 
2019-07-13,39.0,8.0,27.0,5.0, 1, 
2019-07-14,21.0,19.0,25.0,13.0, , 
2019-07-15,37.0,14.0,30.0,11.0, 1, 
2019-07-16,41.0,29.0,45.0,18.0, 1, 
2019-07-17,59.0,20.0,35.0,12.0, 1, 
2019-07-18,47.0,19.0,34.0,10.0, 1, 
2019-07-19,37.0,19.0,30.0,8.0, 1, 
2019-07-20,37.0,12.0,28.0,5.0, , 
2019-07-21,31.0,16.0,32.0,14.0, , 
2019-07-22,34.0,20.0,58.0,16.0, 1, 
2019-07-23,47.0,27.0,31.93846473880909,23.0, 1, 
2019-07-24,57.0,37.0,56.0,20.0, 1, 
2019-07-25,69.0,35.0,66.0,13.0, , 
2019-07-26,62.0,27.786197586547477,37.417263262712375,12.0, , 
2019-07-29,29.0,20.0,27.0,14.0, 1, 
2019-07-30,36.0,14.0,22.0,7.0, 1, 
2019-07-31,29.0,13.0,26.0,9.0, 1, 
2019-08-01,26.0,18.0,29.0,12.0, 1, 
2019-08-02,44.0,13.0,27.0,9.0, 1, 
2019-08-03,33.0,18.0,41.0,14.0, 1, 
2019-08-04,51.0,17.0,22.0,13.0, 1, 
2019-08-05,38.0,15.0,22.0,9.0, 1, 
2019-08-06,30.0,14.0,22.0,8.0, 1, 
2019-08-07,28.0,16.0,22.0,10.0, 1, 
2019-08-08,29.0,18.0,19.0,14.0, 1, 
2019-08-09,37.0,19.0,27.0,5.0, 1, 
2019-08-10,25.0,7.230254121470143,22.0,6.0, 1, 
2019-08-12,26.0,13.0,20.0,10.0, 1, 
2019-08-13,29.0,15.0,21.0,13.0, 1, 
2019-08-14,32.0,15.0,18.0,7.0, , 
2019-08-15,39.0,16.0,21.0,9.0, 1, 
2019-08-16,34.0,9.0,16.0,8.0, 1, 
2019-08-17,26.0,12.0,20.0,6.0, , 
2019-08-18,27.0,23.0,23.0,10.0, , 
2019-08-19,33.0,19.0,26.0,11.0, 1, 
2019-08-20,31.0,54.0,39.0,19.0, 1, 
2019-08-21,56.0,29.0,39.0,20.0, 1, 
2019-08-22,54.0,38.0,57.0,22.0, 1, 
2019-08-23,64.0,33.0,49.0,20.0, 1, 
2019-08-24,72.0,22.0,61.0,20.0, 1, 
2019-08-25,57.0,52.0,56.0,29.0, 1, 
2019-08-26,87.0,36.0,46.0,25.0, , 
2019-08-27,67.0,31.0,38.0,20.0, 1, 
2019-08-28,67.0,17.0,25.0,11.0, 1, 
2019-08-29,41.0,23.0,27.0,19.0, 1, 
2019-08-30,46.0,25.0,37.0,18.0, 1, 
2019-08-31,54.0,13.50385839328814,26.0,7.0, , 
2019-09-02,34.0,16.0,21.0,14.0, 2, 
2019-09-03,26.0,15.0,23.0,11.0, 1, 
2019-09-04,27.0,15.0,23.0,10.0, , 
2019-09-05,29.0,19.0,25.0,16.0, , 
2019-09-06,33.0,8.0,17.0,8.0, , 
2019-09-07,22.0,7.0,30.0,8.0, , 
2019-09-08,16.0,18.0,25.0,18.0, , 
2019-09-09,34.0,28.0,28.0,24.0, 2, 
2019-09-10,46.0,20.0,15.0,16.0, , 
2019-09-11,44.0,11.0,18.0,11.0, , 
2019-09-12,23.0,15.0,19.0,10.0, , 
2019-09-13,27.0,15.0,30.0,14.0, , 
2019-09-14,32.0,21.0,37.0,19.0, , 
2019-09-15,53.0,25.0,10.0,21.0, , 
2019-09-16,54.0,17.0,27.0,12.0, , 
2019-09-17,32.0,30.0,23.0,18.0, , 
2019-09-18,34.0,25.0,23.0,19.0, , 
2019-09-19,36.0,39.0,25.0,24.0, , 
2019-09-20,46.0,19.0,35.0,22.0, , 
2019-09-21,35.0,13.0,32.0,8.0, , 
2019-09-22,32.0,16.0,19.0,15.0, , 
2019-09-23,31.0,15.0,18.0,15.0, , 
2019-09-24,32.0,16.0,11.0,13.0, , 
2019-09-25,33.0,14.0,14.0,14.0, , 
2019-09-26,34.0,15.0,18.0,13.0, , 
2019-09-27,27.0,4.0,16.0,9.0, , 
2019-09-28,15.0,2.0,20.0,7.0, , 
2019-09-29,14.0,2.0,20.0,12.0, , 
2019-09-30,11.0,4.0,15.0,9.0, , 
2019-04-01,52.0,36.0,26.0,23.0, 1, 
2019-04-02,68.0,15.0,25.0,18.0, 1, 
2019-04-03,35.0,17.0,21.0,23.0, 1, 
2019-04-04,40.0,42.0,32.0,25.0, 1, 
2019-04-05,68.0,31.0,25.0,13.0, 1, 
2019-04-06,85.0,53.0,34.0,16.0, , 
2019-04-07,128.0,69.0,13.0,19.0, , 
2019-04-08,68.105136990722,54.0,6.0,24.0, 1, 
2019-04-09,138.0,30.0,34.0,11.0, 1, 
2019-04-10,64.0,23.0,30.0,11.0, 1, 
2019-04-11,54.0,31.0,32.0,15.0, 1, 
2019-04-12,56.0,17.0,36.0,10.0, 1, 
2019-04-13,45.0,26.0,31.0,10.0, , 
2019-04-14,77.0,33.0,31.0,17.0, 1, 
2019-04-15,73.0,37.0,29.0,21.0, 1, 
2019-04-16,71.0,43.0,24.0,21.0, 1, 
2019-04-17,101.0,43.0,45.0,23.0, 1, 
2019-04-18,79.0,34.0,46.0,26.0, 1, 
2019-04-19,60.0,28.0,61.0,21.0, 1, 
2019-04-20,64.0,35.0,67.0,14.0, , 
2019-04-21,85.0,27.0,59.0,15.0, 1, 
2019-04-22,62.0,41.0,33.0,18.0, , 
2019-04-23,49.0,33.0,30.0,14.0, 1, 
2019-04-24,43.0,13.0,24.0,14.0, 1, 
2019-04-25,26.0,15.0,28.0,14.0, , 
2019-04-26,34.0,13.0,29.0,9.0, , 
2019-04-27,28.0,9.0,26.0,9.0, , 
2019-04-28,26.0,27.0,30.0,18.0, , 
2019-04-29,67.0,29.0,46.0,12.0, , 
2019-04-30,69.0,38.0,39.0,15.0, , 
2019-05-01,99.0,42.0,17.0,22.0, , 
2019-05-02,110.0,19.0,29.0,14.0, , 
2019-05-03,48.0,10.0,33.0,6.0, , 
2019-05-04,26.0,11.0,39.0,7.0, , 
2019-05-05,26.0,20.0,21.0,23.0, , 
2019-05-06,46.0,29.0,28.0,24.0, 1, 
2019-05-07,57.0,16.0,18.0,20.0, 1, 
2019-05-08,37.0,16.0,26.0,15.0, , 
2019-05-09,32.0,18.0,30.0,15.0, , 
2019-05-10,48.0,21.0,42.0,9.0, , 
2019-05-11,59.0,9.0,37.0,7.0, 1, 
2019-05-12,28.0,24.0,36.0,11.0, 1, 
2019-05-13,34.0,26.0,32.0,11.0, 1, 
2019-05-14,35.0,32.0,39.0,9.0, 1, 
2019-05-15,48.0,34.0,39.0,18.0, 1, 
2019-05-16,49.0,42.0,21.0,14.0, 1, 
2019-05-17,62.0,36.0,31.0,18.0, , 
2019-05-18,77.0,56.0,31.0,14.0, 1, 
2019-05-19,122.0,20.0,24.0,13.0, 1, 
2019-05-20,58.0,35.0,33.0,9.0, , 
2019-05-21,59.0,31.0,27.0,15.0, , 
2019-05-22,73.0,27.0,41.0,19.0, 1, 
2019-05-23,53.0,23.0,38.0,23.0, 1, 
2019-05-24,56.0,23.0,28.0,17.0, , 
2019-05-25,70.0,16.0,22.0,11.0, , 
2019-05-26,50.0,17.0,26.0,12.0, 1, 
2019-05-27,43.0,14.0,23.0,13.0, 1, 
2019-05-28,39.0,24.0,31.0,18.0, 1, 
2019-05-29,57.0,12.0,21.0,6.0, 1, 
2019-05-30,45.0,15.0,23.0,11.0, 1, 
2019-05-31,37.0,17.0,34.0,17.0, 1, 
2019-06-01,46.0,20.0,34.0,16.0, , 
2019-06-02,51.0,22.0,22.0,14.0, , 
2019-06-03,48.0,26.0,30.0,15.0, 1, 
2019-06-04,140.0,22.0,19.0,14.0, , 
2019-06-05,57.0,14.0,25.0,12.0, , 
2019-06-06,46.0,11.0,32.0,13.0, , 
2019-06-07,25.0,19.0,26.0,6.0, , 
2019-06-08,47.0,14.0,29.0,8.0, 1, 
2019-06-09,39.0,15.0,29.0,12.0, , 
2019-06-10,54.0,15.0,30.0,14.0, , 
2019-06-11,41.0,14.0,25.0,16.0, 1, 
2019-06-12,45.0,14.0,25.0,14.0, , 
2019-06-13,31.0,17.0,37.0,20.0, 1, 
2019-06-14,47.0,16.0,26.0,13.0, , 
2019-06-15,51.0,10.0,20.0,10.0, , 
2019-06-16,34.0,24.0,27.0,16.0, 1, 
2019-06-17,49.0,33.0,43.0,23.0, , 
2019-06-18,59.0,23.0,29.0,21.0, , 
2019-06-19,58.0,21.0,26.0,12.0, , 
2019-06-20,43.0,15.0,29.0,11.0, 1, 
2019-06-21,32.0,20.0,46.0,14.0, 1, 
2019-06-22,53.0,19.0,41.0,10.0, 1, 
2019-06-23,56.0,24.0,42.0,15.0, , 
2019-06-24,56.0,37.0,39.0,24.0, , 
2019-06-25,70.0,43.0,53.0,10.0, , 
2019-06-26,98.0,21.0,42.0,7.0, , 
2019-06-27,45.0,27.0,43.0,9.0, , 
2019-06-28,47.0,25.0,54.0,17.0, 1, 
2019-06-29,52.0,22.0,37.0,12.0, 1, 
2019-06-30,52.0,15.0,32.0,11.0, , 
2019-01-01,48.0,16.0,25.0,11.0, , 
2019-01-02,34.0,13.0,18.0,19.0, , 
2019-01-03,36.0,23.0,13.0,19.0, , 
2019-01-04,64.0,15.0,14.0,11.0, , 
2019-01-05,47.0,24.0,13.0,15.0, , 
2019-01-06,68.0,35.0,9.0,22.0, , 
2019-01-07,86.0,13.0,25.0,10.0, , 
2019-01-08,30.0,11.0,24.0,13.0, , 
2019-01-09,23.0,17.0,16.0,25.0, , 
2019-01-10,36.0,15.0,17.0,18.0, , 
2019-01-11,44.0,16.0,13.0,14.0, , 
2019-01-12,49.0,9.0,19.0,8.0, , 
2019-01-13,33.0,14.0,22.0,14.0, , 
2019-01-14,29.0,22.0,14.0,20.0, , 
2019-01-15,51.0,20.0,18.0,14.0, , 
2019-01-16,46.0,11.0,20.0,14.0, , 
2019-01-17,35.0,24.0,12.0,29.0, , 
2019-01-18,59.0,23.0,12.0,23.0, , 
2019-01-19,67.0,26.0,8.0,25.0, , 
2019-01-20,78.0,56.0,1.0,38.0, 2, 
2019-01-21,131.0,33.0,9.0,20.0, 2, 
2019-01-22,89.0,28.0,12.0,20.0, 1, 
2019-01-23,83.0,39.0,9.0,23.0, 1, 
2019-01-24,102.0,34.0,3.0,24.0, , 
2019-01-25,97.0,17.0,16.0,16.0, , 
2019-01-26,54.0,7.0,25.0,8.0, , 
2019-01-27,22.0,8.0,22.0,12.0, , 
2019-01-28,22.0,24.0,16.0,22.0, , 
2019-01-29,46.0,19.0,10.0,23.0, , 
2019-01-30,59.0,22.0,10.0,27.0, , 
2019-01-31,66.0,21.0,12.0,30.0, 1, 
2019-02-01,59.0,23.0,4.0,22.0, , 
2019-02-02,75.0,16.0,15.0,17.0, 1, 
2019-02-03,52.0,14.0,15.0,19.0, 1, 
2019-02-04,42.0,20.0,14.0,21.0, 1, 
2019-02-05,53.0,19.0,15.0,20.0, , 
2019-02-06,52.0,15.0,23.0,11.0, , 
2019-02-07,29.0,13.0,22.0,13.0, , 
2019-02-08,28.0,11.0,25.0,9.0, , 
2019-02-09,26.0,7.0,24.0,7.0, , 
2019-02-10,21.0,18.0,16.0,14.0, , 
2019-02-11,38.0,34.0,6.0,26.0, 1, 
2019-02-12,70.0,33.0,13.0,25.0, , 
2019-02-13,67.0,55.0,9.0,38.0, 1, 
2019-02-14,80.0,71.0,11.0,44.0, 2, 
2019-02-15,82.0,43.0,17.0,32.0, 2, 
2019-02-16,87.0,36.0,24.0,28.0, 1, 
2019-02-17,82.0,57.0,16.0,36.0, 1, 
2019-02-18,79.0,30.0,21.0,22.0, 1, 
2019-02-19,56.0,39.0,17.0,25.0, , 
2019-02-20,69.0,43.0,18.0,24.0, 1, 
2019-02-21,88.0,40.0,7.0,20.0, , 
2019-02-22,95.0,27.0,14.0,19.0, 1, 
2019-02-23,74.0,26.0,6.0,26.0, 1, 
2019-02-24,65.0,57.0,11.0,37.0, 1, 
2019-02-25,82.0,69.0,11.0,41.0, 2, 
2019-02-26,93.0,63.0,13.0,36.0, 2, 
2019-02-27,98.0,46.0,19.0,23.0, 1, 
2019-02-28,99.0,27.0,21.0,14.0, , 
2019-03-01,63.0,26.0,18.0,14.0, , 
2019-03-02,60.0,14.0,22.0,8.0, , 
2019-03-03,37.0,13.0,27.0,9.0, , 
2019-03-04,23.0,15.0,25.0,13.0, , 
2019-03-05,31.0,18.0,19.0,14.0, , 
2019-03-06,38.0,11.0,25.0,9.0, , 
2019-03-07,28.0,15.0,23.0,12.0, , 
2019-03-08,32.0,17.0,27.0,7.0, , 
2019-03-09,37.0,13.0,27.0,6.0, , 
2019-03-10,30.0,15.0,22.0,13.0, , 
2019-03-11,27.0,29.0,35.697705691645545,17.0, , 
2019-03-12,46.0,14.0,28.307883322546108,11.0, 1, 
2019-03-13,30.0,14.0,28.0,10.0, 1, 
2019-03-14,33.0,15.0,23.0,10.0, , 
2019-03-15,37.0,9.0,30.0,6.0, , 
2019-03-16,24.0,8.0,35.0,5.0, , 
2019-03-17,24.0,23.0,26.0,18.0, 1, 
2019-03-18,35.0,34.0,20.0,30.0, 1, 
2019-03-19,62.0,29.0,19.0,24.0, , 
2019-03-20,57.0,43.0,23.0,26.0, 1, 
2019-03-21,78.0,45.0,21.0,25.0, 1, 
2019-03-22,87.0,44.0,21.0,14.0, 1, 
2019-03-23,114.0,15.0,31.0,9.0, 1, 
2019-03-24,38.0,20.0,37.0,9.0, 1, 
2019-03-25,39.0,23.0,33.0,15.0, , 
2019-03-26,45.0,30.0,26.0,19.0, 1, 
2019-03-27,59.0,41.0,18.0,26.0, 1, 
2019-03-28,75.0,46.0,25.0,31.0, 1, 
2019-03-29,83.0,36.0,24.0,29.0, 1, 
2019-03-30,71.0,43.0,32.0,14.0, 1, 
2019-03-31,98.0,32.0,27.0,16.0, 1, 
2018-10-01,34.0,17.0,10.0,17.0, 2, 
2018-10-02,40.0,21.0,20.0,17.0, 2, 
2018-10-03,41.0,25.0,16.0,23.0, 2, 
2018-10-04,47.0,37.0,23.0,30.0, 3, 
2018-10-05,66.0,31.0,29.0,28.0, 2, 
2018-10-06,65.0,15.0,25.0,8.0, 2, 
2018-10-07,33.0,31.0,18.0,28.0, 2, 
2018-10-08,57.0,47.0,10.0,36.0, 3, 
2018-10-09,76.0,45.0,16.0,27.0, 3, 
2018-10-10,84.0,24.0,25.0,19.0, 2, 
2018-10-11,46.0,20.0,21.0,15.0, 2, 
2018-10-12,37.0,22.0,25.0,17.0, 2, 
2018-10-13,45.0,22.0,30.0,12.0, , 
2018-10-14,45.0,47.0,28.0,27.0, 2, 
2018-10-15,64.0,59.0,22.0,44.0, 2, 
2018-10-16,87.0,39.0,17.0,23.0, 2, 
2018-10-17,76.0,39.0,13.0,15.0, 2, 
2018-10-18,53.0,32.0,10.0,16.0, , 
2018-10-19,61.0,30.0,19.0,21.0, 2, 
2018-10-20,68.0,38.0,8.0,26.0, 3, 
2018-10-21,88.0,26.0,17.0,20.0, 2, 
2018-10-22,53.0,27.0,11.0,20.0, , 
2018-10-23,47.0,22.0,12.0,14.0, , 
2018-10-24,42.0,26.0,18.0,16.0, 2, 
2018-10-25,59.0,24.0,18.0,14.0, 2, 
2018-10-26,51.0,10.0,17.0,13.0, 2, 
2018-10-27,32.0,11.0,16.0,9.0, 2, 
2018-10-28,36.0,18.0,8.0,12.0, 2, 
2018-10-29,42.0,8.0,14.0,12.0, 2, 
2018-10-30,27.0,16.0,9.0,19.0, , 
2018-10-31,43.0,11.0,12.0,14.0, 2, 
2018-11-01,38.0,18.0,15.0,22.0, 3, 
2018-11-02,52.0,22.0,16.0,26.0, , 
2018-11-03,61.0,29.0,9.0,21.0, , 
2018-11-04,84.0,38.0,1.0,21.0, 3, 
2018-11-05,85.0,28.0,18.0,24.0, 2, 
2018-11-06,53.0,15.0,19.0,13.0, 2, 
2018-11-07,25.0,23.0,15.0,24.0, 2, 
2018-11-08,41.0,32.0,9.0,25.0, 3, 
2018-11-09,58.0,9.0,17.0,11.0, 2, 
2018-11-10,28.0,9.0,20.0,9.0, , 
2018-11-11,27.0,11.0,9.0,21.0, , 
2018-11-12,33.0,20.0,14.0,16.0, 2, 
2018-11-13,44.0,28.0,12.0,26.0, 3, 
2018-11-14,50.0,34.0,4.0,27.0, 2, 
2018-11-15,62.0,21.0,1.0,16.0, 2, 
2018-11-16,58.0,21.0,10.0,18.0, 2, 
2018-11-17,65.0,21.0,12.0,17.0, 2, 
2018-11-18,69.0,27.0,14.0,15.0, 3, 
2018-11-19,48.0,25.0,14.0,14.0, 2, 
2018-11-20,59.0,36.0,2.0,23.0, 3, 
2018-11-21,81.0,33.0,1.0,20.0, 3, 
2018-11-22,84.0,38.0,2.0,26.0, 3, 
2018-11-23,89.0,33.0,37.33258921996689,21.0, 3, 
2018-11-24,91.0,27.0,1.0,13.0, 3, 
2018-11-25,83.0,32.0,39.63459423335847,14.0, 2, 
2018-11-26,93.0,43.0,6.0,18.0, 3, 
2018-11-27,103.0,13.0,14.0,15.0, 3, 
2018-11-28,43.0,14.0,15.0,15.0, 2, 
2018-11-29,36.0,25.0,14.0,18.0, , 
2018-11-30,44.0,14.0,16.0,14.0, 2, 
2018-12-01,39.0,6.0,15.0,8.0, , 
2018-12-02,22.0,13.0,22.0,13.0, , 
2018-12-03,33.0,25.0,18.0,25.0, 3, 
2018-12-04,43.0,27.0,10.0,25.0, 3, 
2018-12-05,53.0,18.0,18.0,15.0, 2, 
2018-12-06,47.0,10.0,20.0,12.0, , 
2018-12-07,31.0,12.0,26.0,7.0, 2, 
2018-12-08,30.0,11.0,28.0,6.0, 2, 
2018-12-09,29.0,17.0,17.0,19.0, 2, 
2018-12-10,37.0,34.0,7.0,31.0, 2, 
2018-12-11,68.0,46.0,1.0,39.0, 3, 
2018-12-12,105.0,20.0,5.0,22.0, 3, 
2018-12-13,61.0,25.0,2.0,19.0, 3, 
2018-12-14,74.0,26.0,10.0,14.0, 3, 
2018-12-15,70.0,16.0,11.0,14.0, 2, 
2018-12-16,58.0,18.0,13.0,18.0, 3, 
2018-12-17,46.0,20.0,16.0,15.0, 2, 
2018-12-18,38.0,17.0,15.0,19.0, , 
2018-12-19,39.0,14.0,17.0,15.0, 2, 
2018-12-20,35.0,14.0,23.0,9.0, 2, 
2018-12-21,33.0,18.0,23.0,11.0, , 
2018-12-22,39.0,16.0,15.0,13.0, 2, 
2018-12-23,42.0,17.0,17.0,19.0, 3, 
2018-12-24,38.0,29.0,6.0,23.0, 3, 
2018-12-25,81.0,34.0,1.0,27.0, 2, 
2018-12-26,86.0,48.0,1.0,34.0, 2, 
2018-12-27,104.0,37.0,41.95152337185115,17.0, 1, 
2018-12-28,101.0,29.0,2.0,18.0, 1, 
2018-12-29,84.0,20.0,6.0,17.0, , 
2018-12-30,59.0,23.45853348684329,35.298841053952785,10.042572285836375, , 
2018-07-01,35.0,35.0,61.0,13.0, 2, 
2018-07-02,47.0,31.0,69.0,14.0, 3, 
2018-07-03,49.0,32.0,67.0,15.0, 2, 
2018-07-04,61.0,22.0,41.0,14.0, 2, 
2018-07-05,52.0,22.0,56.0,13.0, 2, 
2018-07-06,55.0,24.0,50.0,9.0, 2, 
2018-07-07,57.0,15.0,40.0,6.0, 2, 
2018-07-08,34.0,18.0,30.0,12.0, 2, 
2018-07-09,44.0,16.0,20.0,7.0, 2, 
2018-07-10,31.0,21.0,30.0,8.0, , 
2018-07-11,45.0,24.0,33.0,9.0, 1, 
2018-07-12,55.0,23.0,36.0,11.0, 2, 
2018-07-13,50.0,16.0,39.0,6.0, 2, 
2018-07-14,40.0,14.0,47.0,8.0, 2, 
2018-07-15,34.0,23.0,55.0,17.0, 2, 
2018-07-16,46.0,19.0,34.0,15.0, 2, 
2018-07-17,45.0,22.0,35.0,17.0, 2, 
2018-07-18,43.0,23.0,51.0,19.0, 2, 
2018-07-19,53.0,21.0,39.0,18.0, 2, 
2018-07-20,45.0,19.0,48.0,8.0, 2, 
2018-07-21,50.0,16.0,51.0,10.0, 2, 
2018-07-22,42.0,22.0,59.0,18.0, , 
2018-07-23,53.0,30.0,64.0,21.0, 2, 
2018-07-24,63.0,23.0,73.0,13.0, 2, 
2018-07-25,49.0,38.0,75.0,21.0, 2, 
2018-07-26,69.0,49.0,55.0,30.0, 1, 
2018-07-27,62.0,17.883028294263607,33.0,7.0, 2, 
2018-07-28,43.0,16.0,30.0,8.0, 1, 
2018-07-29,35.0,16.0,21.0,11.0, 2, 
2018-07-30,30.0,18.0,29.0,13.0, 1, 
2018-07-31,29.0,22.0,45.0,15.0, 2, 
2018-08-01,36.0,22.0,57.0,17.0, 2, 
2018-08-02,46.0,33.0,38.18357566373777,18.0, 2, 
2018-08-03,66.0,26.0,50.0,13.0, 2, 
2018-08-04,54.0,21.0,33.0,5.0, 2, 
2018-08-05,33.0,30.0,58.0,17.0, 1, 
2018-08-06,47.0,38.0,60.0,27.0, 2, 
2018-08-07,63.0,45.0,30.0,11.0, , 
2018-08-08,43.0,21.0,18.0,20.0, 2, 
2018-08-09,46.0,20.0,25.0,9.0, 2, 
2018-08-10,32.0,11.0,28.0,9.0, 2, 
2018-08-11,30.0,11.0,34.0,13.0, 1, 
2018-08-12,28.0,14.0,17.0,13.0, 2, 
2018-08-13,37.0,19.0,21.0,13.0, 1, 
2018-08-14,44.0,14.0,19.0,8.0, 2, 
2018-08-15,37.0,19.0,31.0,15.0, 2, 
2018-08-16,46.0,16.0,22.0,10.0, 2, 
2018-08-17,41.0,16.0,22.0,13.0, 2, 
2018-08-18,38.0,18.0,22.0,7.0, 2, 
2018-08-19,45.0,16.0,11.0,10.0, 2, 
2018-08-20,41.0,55.0,25.0,16.0, 2, 
2018-08-21,56.0,26.454197226658888,21.0,17.0, 2, 
2018-08-22,68.0,19.0,25.0,13.0, , 
2018-08-23,43.0,14.0,19.0,10.0, , 
2018-08-24,29.0,9.0,20.0,7.0, 2, 
2018-08-25,20.0,9.0,24.0,9.0, , 
2018-08-26,25.0,14.0,20.0,11.0, 2, 
2018-08-27,32.0,17.0,19.0,15.0, , 
2018-08-28,30.0,36.0,13.0,27.0, 2, 
2018-08-29,69.0,15.0,24.0,10.0, 2, 
2018-08-30,35.0,22.0,22.0,16.0, 2, 
2018-08-31,36.0,22.0,32.0,17.0, 2, 
2018-09-01,51.0,18.0,39.0,14.0, 2, 
2018-09-02,50.0,23.0,21.0,19.0, 2, 
2018-09-03,56.0,45.0,38.0,13.0, 2, 
2018-09-04,98.0,59.0,24.0,19.0, 1, 
2018-09-05,136.0,34.0,30.0,12.0, 2, 
2018-09-06,68.0,17.0,22.0,13.0, 1, 
2018-09-07,41.0,14.0,24.0,13.0, , 
2018-09-08,34.0,15.0,32.0,18.0, 2, 
2018-09-09,40.0,21.0,24.0,17.0, 2, 
2018-09-10,42.0,18.0,25.0,13.0, 2, 
2018-09-11,37.0,17.0,14.0,13.0, 2, 
2018-09-12,41.0,15.0,21.0,10.0, 2, 
2018-09-13,38.0,37.0,24.0,22.0, 2, 
2018-09-14,55.0,14.0,23.0,12.0, 2, 
2018-09-15,33.0,16.0,30.0,18.0, 2, 
2018-09-16,41.0,35.0,36.0,36.0, 2, 
2018-09-17,58.0,32.0,30.0,18.0, 2, 
2018-09-18,53.0,27.0,24.0,15.0, 2, 
2018-09-19,45.0,27.0,24.0,16.0, , 
2018-09-20,45.0,18.0,25.0,10.0, , 
2018-09-21,32.0,13.0,19.0,11.0, 2, 
2018-09-22,28.0,6.0,17.0,8.0, , 
2018-09-23,24.0,11.0,19.0,16.0, 2, 
2018-09-24,26.0,28.0,21.0,27.0, 2, 
2018-09-25,46.0,32.0,20.0,31.0, 2, 
2018-09-26,56.0,41.0,24.0,35.0, 3, 
2018-09-27,71.0,33.0,19.0,19.0, 2, 
2018-09-28,47.0,17.0,18.0,17.0, 2, 
2018-09-29,38.0,24.0,25.0,19.0, 3, 
2018-09-30,60.0,14.0,23.0,16.0, 2, 
2018-04-01,62.0,15.0,25.0,13.0, 2, 
2018-04-02,46.0,15.0,28.0,15.0, 1, 
2018-04-03,39.0,14.0,27.0,17.0, 1, 
2018-04-04,31.0,12.0,28.0,12.0, 1, 
2018-04-05,28.0,20.0,27.0,17.0, , 
2018-04-06,42.0,24.0,28.0,23.0, , 
2018-04-07,50.0,33.0,32.0,17.0, , 
2018-04-08,73.0,50.0,14.0,22.0, 1, 
2018-04-09,116.0,29.0,26.0,18.0, 2, 
2018-04-10,61.0,22.0,22.0,23.0, 1, 
2018-04-11,49.0,48.0,7.0,17.0, 1, 
2018-04-12,122.0,37.0,20.0,24.0, 1, 
2018-04-13,79.0,41.0,25.0,18.0, 1, 
2018-04-14,105.0,15.0,28.0,11.0, , 
2018-04-15,48.0,20.0,23.0,17.0, 1, 
2018-04-16,42.0,34.0,28.0,27.0, 2, 
2018-04-17,55.0,60.0,32.0,34.0, 2, 
2018-04-18,69.0,42.0,47.0,30.0, , 
2018-04-19,63.0,44.0,43.0,31.0, 2, 
2018-04-20,74.0,59.0,58.0,12.0, 2, 
2018-04-21,136.0,35.0,37.0,16.0, 1, 
2018-04-22,74.0,22.0,28.0,11.0, 1, 
2018-04-23,47.0,18.0,25.0,12.0, , 
2018-04-24,37.0,13.0,30.0,11.0, 1, 
2018-04-25,25.0,18.0,30.0,11.0, , 
2018-04-26,31.0,26.0,36.0,23.0, , 
2018-04-27,39.0,16.0,27.0,11.0, 2, 
2018-04-28,34.0,25.0,13.0,14.0, , 
2018-04-29,75.0,14.0,24.0,11.0, , 
2018-04-30,34.0,14.0,30.0,7.0, , 
2018-05-01,42.0,23.0,33.0,17.0, , 
2018-05-02,39.0,17.0,34.0,12.0, 2, 
2018-05-03,45.0,30.0,40.0,17.0, 2, 
2018-05-04,59.0,24.0,49.0,12.0, 3, 
2018-05-05,55.0,25.0,46.0,18.0, 2, 
2018-05-06,60.0,38.0,51.0,25.0, 2, 
2018-05-07,55.0,50.0,56.0,31.0, , 
2018-05-08,69.0,44.0,36.0,18.0, 2, 
2018-05-09,102.0,17.0,28.0,8.0, 2, 
2018-05-10,45.0,23.0,34.0,20.0, 2, 
2018-05-11,54.0,25.0,41.0,20.0, 2, 
2018-05-12,47.0,20.0,29.0,9.0, 1, 
2018-05-13,62.0,44.0,28.0,12.0, 2, 
2018-05-14,102.0,49.0,51.0,14.0, 1, 
2018-05-15,102.0,40.0,30.0,14.0, , 
2018-05-16,85.0,25.0,28.0,8.0, 2, 
2018-05-17,38.0,27.0,27.0,11.0, 2, 
2018-05-18,50.0,25.0,24.0,14.0, , 
2018-05-19,61.0,30.0,43.0,11.0, 1, 
2018-05-20,75.0,19.0,43.0,9.0, 2, 
2018-05-21,54.0,53.0,35.0,19.0, 1, 
2018-05-22,60.0,34.0,36.0,23.0, 1, 
2018-05-23,87.0,30.0,37.0,22.0, 1, 
2018-05-24,69.0,34.0,41.0,23.0, 1, 
2018-05-25,81.0,40.0,49.0,12.0, 1, 
2018-05-26,101.0,20.0,36.0,12.0, 1, 
2018-05-27,56.0,27.0,54.0,14.0, 1, 
2018-05-28,57.0,33.0,33.0,15.0, 1, 
2018-05-29,79.0,25.0,32.0,17.0, 1, 
2018-05-30,49.0,62.0,34.0,20.0, 2, 
2018-05-31,61.0,31.497328703561873,18.0,21.0, 1, 
2018-06-01,75.0,36.0,22.0,10.0, 1, 
2018-06-02,44.0,17.0,37.0,11.0, 1, 
2018-06-03,53.0,47.0,42.0,10.0, 1, 
2018-06-04,89.0,31.0,26.0,9.0, 1, 
2018-06-05,68.0,38.0,55.0,13.0, 1, 
2018-06-06,69.0,31.0,34.0,19.0, , 
2018-06-07,66.0,51.0,30.0,14.0, 1, 
2018-06-08,123.0,40.0,44.0,11.0, 1, 
2018-06-09,93.0,41.0,46.0,6.0, , 
2018-06-10,68.0,36.0,32.0,8.0, , 
2018-06-11,51.0,29.0,24.0,8.0, , 
2018-06-12,57.0,15.0,26.0,11.0, 2, 
2018-06-13,31.0,30.0,23.0,20.0, 2, 
2018-06-14,51.0,24.0,35.0,16.0, 2, 
2018-06-15,46.0,19.0,29.0,13.0, 1, 
2018-06-16,43.0,14.0,24.0,8.0, 1, 
2018-06-17,32.0,17.0,26.0,13.0, 1, 
2018-06-18,33.0,14.0,17.0,12.0, 1, 
2018-06-19,28.0,13.0,20.0,10.0, 1, 
2018-06-20,31.0,15.0,24.0,7.0, 1, 
2018-06-21,26.0,18.0,25.0,8.0, 1, 
2018-06-22,28.0,18.0,37.0,8.0, 1, 
2018-06-23,36.0,18.0,32.0,6.0, 2, 
2018-06-24,47.0,17.0,25.0,9.0, 2, 
2018-06-25,42.0,25.0,40.0,10.0, 2, 
2018-06-26,45.0,32.0,41.0,9.0, 2, 
2018-06-27,59.0,37.0,50.0,13.0, , 
2018-06-28,55.0,27.0,50.0,9.0, 2, 
2018-06-29,45.0,26.0,62.0,6.0, 1, 
2018-06-30,56.0,18.0,46.0,6.0, 2, 
2018-01-01,26.0,13.0,22.0,14.0, , 
2018-01-02,29.0,16.0,26.0,6.0, 1, 
2018-01-03,33.0,17.0,27.0,12.0, 1, 
2018-01-04,36.0,15.0,25.0,13.0, , 
2018-01-05,32.0,20.0,10.0,18.0, 1, 
2018-01-06,54.0,14.0,13.0,3.0, 1, 
2018-01-07,52.0,18.0,8.0,13.0, 1, 
2018-01-08,55.0,36.0,4.0,22.0, 2, 
2018-01-09,80.0,14.0,9.0,20.0, 1, 
2018-01-10,44.0,31.0,1.0,25.0, 2, 
2018-01-11,76.0,45.0,46.22611464039801,19.0, 2, 
2018-01-12,112.0,27.0,3.0,15.0, 1, 
2018-01-13,79.0,24.0,5.0,14.0, , 
2018-01-14,73.0,18.0,19.0,15.0, , 
2018-01-15,53.0,14.0,24.0,14.0, 1, 
2018-01-16,27.0,14.0,25.0,13.0, , 
2018-01-17,26.0,12.0,23.0,12.0, 1, 
2018-01-18,24.0,15.0,17.0,20.0, , 
2018-01-19,35.0,10.0,20.0,12.0, 1, 
2018-01-20,36.0,19.0,20.0,17.0, 2, 
2018-01-21,60.0,15.0,11.0,21.0, , 
2018-01-22,38.0,22.0,14.0,21.0, , 
2018-01-23,44.0,12.0,22.0,11.0, 1, 
2018-01-24,26.0,18.0,23.0,22.0, , 
2018-01-25,37.0,29.0,8.0,23.0, 2, 
2018-01-26,60.0,25.0,15.0,17.0, 1, 
2018-01-27,68.0,11.0,19.0,9.0, , 
2018-01-28,42.0,11.0,18.0,14.0, , 
2018-01-29,25.0,29.0,8.0,27.0, 2, 
2018-01-30,57.0,9.0,18.0,14.0, 1, 
2018-01-31,28.0,16.0,14.0,20.0, 1, 
2018-02-01,32.0,11.0,13.0,18.0, 1, 
2018-02-02,33.0,19.0,6.0,22.0, , 
2018-02-03,56.0,11.0,17.0,7.0, , 
2018-02-04,40.0,22.0,7.0,15.0, 2, 
2018-02-05,63.0,32.0,6.0,18.0, 3, 
2018-02-06,77.0,31.0,13.0,19.0, 2, 
2018-02-07,77.0,48.0,5.0,37.0, 3, 
2018-02-08,100.0,30.0,11.0,22.0, 2, 
2018-02-09,76.0,17.0,20.0,15.0, 2, 
2018-02-10,48.0,7.0,23.0,9.0, 1, 
2018-02-11,21.0,18.0,20.0,18.0, 2, 
2018-02-12,34.0,20.0,19.0,21.0, , 
2018-02-13,38.0,23.0,15.0,21.0, 2, 
2018-02-14,52.0,15.0,18.0,21.0, 2, 
2018-02-15,40.0,35.0,14.0,32.0, 2, 
2018-02-16,60.0,33.0,11.0,28.0, 2, 
2018-02-17,77.0,39.0,16.0,28.0, 2, 
2018-02-18,92.0,40.0,10.0,26.0, 2, 
2018-02-19,82.0,41.0,5.0,26.0, 2, 
2018-02-20,106.0,52.0,20.0,20.0, , 
2018-02-21,130.0,43.0,19.0,15.0, 2, 
2018-02-22,86.0,31.0,19.0,16.0, 2, 
2018-02-23,68.0,23.0,24.0,10.0, , 
2018-02-24,59.0,11.0,26.0,6.0, 2, 
2018-02-25,36.0,29.0,20.0,13.0, , 
2018-02-26,46.0,30.0,24.0,16.0, 2, 
2018-02-27,49.0,53.0,24.0,19.0, , 
2018-02-28,68.0,44.0,21.0,11.0, 3, 
2018-03-01,76.0,45.0,17.0,17.0, 3, 
2018-03-02,105.0,53.0,17.0,22.0, 2, 
2018-03-03,31.18913117648613,19.0,20.0,19.0, , 
2018-03-04,60.0,19.0,21.0,23.0, , 
2018-03-05,40.0,32.0,21.0,30.0, , 
2018-03-06,57.0,21.0,18.0,25.0, 2, 
2018-03-07,55.0,16.0,21.0,19.0, , 
2018-03-08,40.0,26.0,15.0,24.0, 2, 
2018-03-09,49.0,15.0,16.0,18.0, 2, 
2018-03-10,47.0,13.0,23.0,13.0, , 
2018-03-11,40.0,16.0,21.0,19.0, , 
2018-03-12,32.0,13.0,15.0,17.0, , 
2018-03-13,35.0,33.0,25.0,24.0, 2, 
2018-03-14,58.0,19.0,18.0,17.0, 2, 
2018-03-15,50.0,39.0,22.0,21.0, , 
2018-03-16,54.0,21.0,19.0,7.0, , 
2018-03-17,65.0,21.0,25.0,6.0, 2, 
2018-03-18,58.0,32.0,23.0,15.0, 3, 
2018-03-19,56.0,23.0,28.0,17.0, 2, 
2018-03-20,43.0,27.0,22.0,25.0, , 
2018-03-21,59.0,19.0,16.0,22.0, , 
2018-03-22,55.0,26.0,20.0,19.0, 2, 
2018-03-23,55.0,20.0,30.0,12.0, , 
2018-03-24,57.0,38.0,21.0,22.0, 2, 
2018-03-25,100.0,35.0,24.0,23.0, , 
2018-03-26,86.0,36.0,37.16576411360805,26.0, 2, 
2018-03-27,69.0,18.0,27.355499746038813,20.0, 2, 
2018-03-28,46.0,24.0,32.498101533216634,17.0, 1, 
2018-03-29,47.0,16.0,24.0,18.0, 1, 
2018-03-30,32.0,12.0,24.0,17.0, , 
2018-03-31,36.0,20.0,29.0,7.0, , 
2017-10-01,27.0,20.0,20.0,11.0, 1, 
2017-10-02,37.0,17.0,20.0,17.0, 1, 
2017-10-03,31.0,19.0,21.0,16.0, , 
2017-10-04,35.0,16.0,25.0,13.0, 1, 
2017-10-05,30.0,12.0,10.0,16.0, 1, 
2017-10-06,27.0,11.0,26.50207304528243,10.0, , 
2017-10-07,28.0,8.0,24.90751994245439,9.0, , 
2017-10-08,28.0,16.0,28.172681886403645,14.0, , 
2017-10-09,46.0,11.0,27.137830483932113,9.0, , 
2017-10-10,32.0,13.0,27.91500672854844,10.0, , 
2017-10-11,26.0,13.0,28.286692699153583,9.0, , 
2017-10-12,27.0,16.0,27.72705590474603,15.0, , 
2017-10-13,38.0,17.0,28.523307045514183,15.0, , 
2017-10-14,46.0,18.0,31.463185224796145,10.0, , 
2017-10-15,48.0,30.0,37.904774788439006,14.0, , 
2017-10-16,59.0,38.0,39.54587568658454,23.0, 1, 
2017-10-17,60.0,35.0,3.0,25.0, , 
2017-10-18,68.0,40.0,13.0,27.0, 1, 
2017-10-19,65.0,17.0,20.0,13.0, 1, 
2017-10-20,32.0,20.0,22.0,11.0, 1, 
2017-10-21,28.0,10.0,22.0,9.0, , 
2017-10-22,23.0,16.0,12.0,18.0, 2, 
2017-10-23,36.0,13.0,7.0,16.0, 1, 
2017-10-24,37.0,20.0,6.0,20.0, 1, 
2017-10-25,45.0,26.0,6.0,21.0, 1, 
2017-10-26,55.0,16.0,19.0,15.0, , 
2017-10-27,39.0,15.0,13.0,14.0, 1, 
2017-10-28,41.0,14.0,24.0,7.0, 1, 
2017-10-29,32.0,16.0,17.0,23.0, 1, 
2017-10-30,35.0,27.0,8.0,22.0, , 
2017-10-31,59.0,24.0,10.0,19.0, 1, 
2017-11-01,61.0,36.0,8.0,21.0, 2, 
2017-11-02,80.0,43.0,5.0,28.0, 2, 
2017-11-03,94.0,22.0,11.0,19.0, 2, 
2017-11-04,58.0,12.0,16.0,15.0, 2, 
2017-11-05,39.0,22.0,13.0,27.0, 2, 
2017-11-06,45.0,45.0,6.0,40.0, 3, 
2017-11-07,83.0,44.0,1.0,25.0, 3, 
2017-11-08,105.0,44.0,4.0,17.0, 2, 
2017-11-09,101.0,17.0,11.0,16.0, 2, 
2017-11-10,47.0,16.0,10.0,19.0, 1, 
2017-11-11,47.0,14.0,21.0,14.0, 1, 
2017-11-12,43.0,11.0,18.0,19.0, 1, 
2017-11-13,27.0,24.0,29.687028479887793,23.0, 2, 
2017-11-14,57.0,27.0,34.21940894070606,18.0, 1, 
2017-11-15,68.0,26.0,32.35035132300961,21.0, , 
2017-11-16,65.0,28.0,9.0,29.0, 1, 
2017-11-17,57.0,23.0,12.0,24.0, 2, 
2017-11-18,59.0,13.0,18.0,15.0, , 
2017-11-19,31.0,19.0,7.0,20.0, 1, 
2017-11-20,54.0,15.0,11.0,15.0, 1, 
2017-11-21,41.0,26.0,36.31835218007125,11.224043440431261, , 
2017-11-22,59.0,25.0,14.0,18.0, , 
2017-11-23,38.0,18.0,14.0,24.0, 1, 
2017-11-24,41.0,12.0,15.0,17.0, 1, 
2017-11-25,37.0,14.0,13.0,15.0, , 
2017-11-26,40.0,10.0,15.0,15.0, , 
2017-11-27,33.0,14.0,16.0,22.0, 1, 
2017-11-28,36.0,22.0,3.0,25.0, , 
2017-11-29,61.0,12.0,10.0,25.0, 1, 
2017-11-30,41.0,27.0,8.0,25.0, 1, 
2017-12-01,80.0,36.0,1.0,21.0, 2, 
2017-12-02,100.0,24.0,2.0,15.0, , 
2017-12-03,76.0,32.0,2.0,25.0, , 
2017-12-04,83.0,37.0,2.0,24.0, , 
2017-12-05,75.0,34.0,6.0,22.0, , 
2017-12-06,72.0,19.0,16.0,15.0, 1, 
2017-12-07,51.0,16.0,14.0,19.0, , 
2017-12-08,36.0,15.0,12.0,17.0, , 
2017-12-09,42.0,11.0,21.0,8.0, , 
2017-12-10,35.0,11.0,8.0,17.0, , 
2017-12-11,42.0,16.0,15.0,23.0, 2, 
2017-12-12,48.0,12.0,15.0,17.0, 1, 
2017-12-13,38.0,9.0,25.0,15.0, , 
2017-12-14,27.0,16.0,18.0,22.0, 2, 
2017-12-15,45.0,16.0,11.0,22.0, 1, 
2017-12-16,47.0,21.0,6.0,21.0, 2, 
2017-12-17,64.0,18.0,17.0,13.0, 1, 
2017-12-18,38.0,29.0,2.0,26.0, 2, 
2017-12-19,69.0,26.0,1.0,24.0, , 
2017-12-20,71.0,22.0,29.226737996924918,22.0, , 
2017-12-21,67.0,26.0,4.0,19.0, , 
2017-12-22,74.0,15.0,13.0,14.0, 1, 
2017-12-23,48.0,6.0,18.0,7.0, , 
2017-12-24,20.0,6.0,20.0,7.0, 1, 
2017-12-25,20.0,10.0,19.0,11.0, 1, 
2017-12-26,27.0,21.0,25.0,12.0, , 
2017-12-27,23.0,14.0,19.0,15.0, , 
2017-12-28,36.0,12.0,16.0,16.0, , 
2017-12-29,41.0,16.0,23.0,9.0, , 
2017-12-30,36.0,17.41195960954658,31.504643951302505,8.734470575703961, , 
2017-07-01,50.0,14.0,29.92486687024615,7.380381765146172, , 
2017-07-02,39.0,25.0,25.0,16.0, , 
2017-07-03,48.0,18.0,29.0,15.0, , 
2017-07-04,39.0,26.0,39.0,19.0, , 
2017-07-05,60.0,27.0,26.0,19.0, , 
2017-07-06,53.0,27.0,42.0,19.0, , 
2017-07-07,58.0,20.0,33.0,12.0, , 
2017-07-08,51.0,12.0,44.0,5.0, 1, 
2017-07-09,32.0,18.0,23.0,15.0, , 
2017-07-10,41.0,17.0,18.0,11.0, , 
2017-07-11,39.0,11.0,25.0,9.0, , 
2017-07-12,28.0,18.0,33.0,13.0, , 
2017-07-13,33.0,20.0,22.0,16.0, , 
2017-07-14,46.0,16.0,25.0,13.0, , 
2017-07-15,40.0,15.0,16.0,7.0, , 
2017-07-16,42.0,12.0,37.0,10.0, , 
2017-07-17,30.0,14.0,54.0,12.0, , 
2017-07-18,18.0,21.0,31.0,18.0, , 
2017-07-19,12.0,10.0,21.0,11.0, , 
2017-07-20,12.0,8.0,30.0,9.0, , 
2017-07-21,12.0,10.0,21.0,11.0, , 
2017-07-22,23.0,6.0,21.0,5.0, , 
2017-07-23,12.0,7.0,26.0,11.0, , 
2017-07-24,18.0,7.0,29.0,9.0, , 
2017-07-25,6.0,10.0,32.0,10.0, , 
2017-07-26,11.0,9.0,23.0,10.0, , 
2017-07-27,11.0,7.0,19.0,9.0, , 
2017-07-28,10.0,9.0,20.0,8.0, , 
2017-07-29,12.0,6.0,27.0,6.0, , 
2017-07-30,10.0,12.0,21.0,17.0, 1, 
2017-07-31,23.0,20.0,19.0,19.0, , 
2017-08-01,36.0,20.0,15.0,23.0, , 
2017-08-02,40.0,16.0,27.0,13.0, , 
2017-08-03,32.0,13.0,21.0,9.0, , 
2017-08-04,21.0,10.0,27.138206510006448,6.828941355843283, , 
2017-08-05,26.0,11.0,27.788781855436042,7.018114124904391, , 
2017-08-06,29.0,19.0,32.0,16.0, , 
2017-08-07,38.0,26.0,23.0,19.0, , 
2017-08-08,63.0,16.0,21.0,12.0, , 
2017-08-09,33.0,18.0,11.0,21.0, , 
2017-08-10,44.0,24.0,29.0,14.0, , 
2017-08-11,63.0,9.0,20.0,6.0, , 
2017-08-12,27.0,14.0,26.0,6.0, , 
2017-08-13,39.0,18.0,27.0,17.0, 1, 
2017-08-14,42.0,16.0,27.0,17.0, , 
2017-08-15,45.0,22.0,22.0,20.0, , 
2017-08-16,46.0,19.0,12.0,18.0, , 
2017-08-17,38.0,13.0,19.0,15.0, 1, 
2017-08-18,31.0,10.0,22.0,8.0, 1, 
2017-08-19,18.0,11.0,24.0,8.0, 1, 
2017-08-20,26.0,16.0,17.0,22.0, 1, 
2017-08-21,31.0,21.0,30.0,19.0, , 
2017-08-22,42.0,29.0,29.0,19.0, , 
2017-08-23,50.0,20.0,18.0,13.0, 1, 
2017-08-24,38.0,32.0,28.0,23.0, , 
2017-08-25,46.0,30.0,40.0,17.0, , 
2017-08-26,67.0,36.0,41.0,14.0, , 
2017-08-27,92.0,49.0,41.0,28.0, , 
2017-08-28,78.0,41.0,33.0,36.0, , 
2017-08-29,81.0,33.0,13.0,19.0, , 
2017-08-30,84.0,11.0,29.714534730038977,4.0, , 
2017-08-31,34.0,14.0,17.0,17.0, , 
2017-09-01,37.0,15.0,32.0,13.0, 1, 
2017-09-02,45.0,20.0,29.0,18.0, , 
2017-09-03,57.0,30.0,12.0,24.0, , 
2017-09-04,54.0,23.0,12.0,17.0, , 
2017-09-05,47.0,10.0,11.0,11.0, , 
2017-09-06,21.0,13.468541863483509,29.03016758000884,7.881360764748039, , 
2017-09-10,29.0,14.0,18.0,11.0, 1, 
2017-09-11,25.0,13.0,18.0,12.0, , 
2017-09-12,27.0,16.0,23.0,7.0, 1, 
2017-09-13,26.0,9.0,18.0,12.0, 1, 
2017-09-14,21.0,16.0,11.0,21.0, 1, 
2017-09-15,40.0,16.0,21.0,17.0, 1, 
2017-09-16,45.0,13.0,29.0,14.0, 1, 
2017-09-17,42.0,15.0,14.0,18.0, 1, 
2017-09-18,41.0,13.0,26.0,17.0, , 
2017-09-19,36.0,21.0,17.0,19.0, 1, 
2017-09-20,51.0,23.0,19.0,24.0, 1, 
2017-09-21,46.0,31.0,10.0,28.0, 1, 
2017-09-22,66.0,24.0,27.0,19.0, 1, 
2017-09-23,60.0,25.0,31.0,17.0, 1, 
2017-09-24,71.0,46.0,19.0,22.0, 1, 
2017-09-25,94.0,37.0,12.0,20.0, 1, 
2017-09-26,82.0,43.0,10.0,31.0, 1, 
2017-09-27,86.0,24.0,13.0,22.0, 1, 
2017-09-28,53.0,30.0,15.0,21.0, , 
2017-09-29,54.0,17.0,14.0,16.0, , 
2017-09-30,39.0,13.0,19.0,10.0, , 
2017-04-01,57.0,19.0,32.0,14.0, , 
2017-04-02,50.0,33.0,21.0,19.0, , 
2017-04-03,77.0,36.0,27.0,24.0, 1, 
2017-04-04,76.0,31.0,32.0,11.0, , 
2017-04-05,73.0,22.0,24.0,13.0, 1, 
2017-04-06,45.0,38.0,22.0,22.0, , 
2017-04-07,77.0,35.0,29.0,15.0, , 
2017-04-08,89.0,49.0,38.0,25.0, 1, 
2017-04-09,116.0,26.0,22.0,16.0, 1, 
2017-04-10,56.0,29.0,35.56896547164138,18.0, , 
2017-04-11,57.0,30.0,37.56477739399921,15.0, , 
2017-04-12,57.0,19.0,24.0,13.0, , 
2017-04-13,37.0,28.0,16.0,28.0, 1, 
2017-04-14,59.0,16.0,27.0,14.0, , 
2017-04-15,44.0,15.0,31.0,14.0, , 
2017-04-16,36.0,11.0,33.0,8.0, , 
2017-04-17,28.0,12.0,27.0,16.0, , 
2017-04-18,26.0,19.0,32.0,11.0, , 
2017-04-19,36.0,35.0,23.0,27.0, 1, 
2017-04-20,70.0,41.0,13.0,28.0, , 
2017-04-21,83.0,17.0,31.0,10.0, 1, 
2017-04-22,38.0,12.0,32.0,9.0, 1, 
2017-04-23,26.0,23.0,22.0,23.0, 1, 
2017-04-24,47.0,13.0,24.0,10.0, 1, 
2017-04-25,26.0,16.0,22.0,17.0, , 
2017-04-26,40.0,18.0,22.0,18.0, , 
2017-04-27,36.0,17.0,28.0,17.0, , 
2017-04-28,38.0,20.0,32.0,17.0, , 
2017-04-29,49.0,22.0,42.0,10.0, , 
2017-04-30,40.0,11.0,31.0,10.0, , 
2017-05-01,20.0,31.0,17.0,24.0, , 
2017-05-02,66.0,19.0,19.0,14.0, , 
2017-05-03,53.0,26.0,21.0,14.0, , 
2017-05-04,67.0,22.0,19.0,11.0, , 
2017-05-05,53.0,26.0,34.0,11.0, , 
2017-05-06,68.0,27.0,32.0,10.0, , 
2017-05-07,71.0,19.0,27.0,14.0, , 
2017-05-08,39.0,23.0,30.0,11.0, , 
2017-05-09,37.0,30.0,36.0,16.0, , 
2017-05-10,55.0,35.0,23.0,25.0, , 
2017-05-11,65.0,20.0,15.0,20.0, , 
2017-05-12,44.0,15.0,23.0,13.0, , 
2017-05-13,37.0,17.0,25.0,16.0, , 
2017-05-14,37.0,22.0,24.0,19.0, , 
2017-05-15,33.0,23.0,23.0,20.0, , 
2017-05-16,36.0,41.0,35.0,27.0, , 
2017-05-17,54.0,24.0,23.0,12.0, , 
2017-05-18,52.0,19.0,15.0,17.0, , 
2017-05-19,46.0,11.0,25.0,12.0, , 
2017-05-20,29.0,15.0,32.0,14.0, , 
2017-05-21,38.0,28.0,32.0,23.0, , 
2017-05-22,48.0,23.0,27.0,19.0, , 
2017-05-23,51.0,23.0,25.0,15.0, , 
2017-05-24,47.0,17.0,32.0,7.0, 1, 
2017-05-25,45.0,19.0,36.0,13.0, 1, 
2017-05-26,37.0,18.0,38.0,10.0, , 
2017-05-27,39.0,16.0,41.0,8.0, , 
2017-05-28,36.0,34.0,40.0,16.0, , 
2017-05-29,71.0,19.0,22.0,13.0, , 
2017-05-30,43.0,17.0,24.0,11.0, , 
2017-05-31,39.0,26.0,47.0,13.0, , 
2017-06-01,47.0,25.0,42.0,18.0, , 
2017-06-02,51.0,21.0,25.0,13.0, 1, 
2017-06-03,55.0,12.0,27.0,7.0, , 
2017-06-04,27.0,13.0,27.0,11.0, , 
2017-06-05,31.0,14.0,23.0,9.0, , 
2017-06-06,24.0,19.0,22.0,7.0, , 
2017-06-07,32.0,20.0,22.0,13.0, 1, 
2017-06-08,34.0,16.0,22.0,14.0, , 
2017-06-09,38.0,14.0,31.0,10.0, , 
2017-06-10,31.0,15.0,35.0,11.0, , 
2017-06-11,30.0,16.0,21.0,10.0, , 
2017-06-12,31.0,22.0,25.0,12.0, , 
2017-06-13,47.0,32.0,41.0,19.0, 1, 
2017-06-14,54.0,35.0,32.0,27.0, , 
2017-06-15,56.0,20.0,29.0,11.0, , 
2017-06-16,40.0,18.0,29.0,12.0, , 
2017-06-17,35.0,21.0,42.0,11.0, , 
2017-06-18,55.0,29.0,51.0,18.0, , 
2017-06-19,52.0,38.0,64.0,15.0, , 
2017-06-20,78.0,32.0,66.0,13.0, , 
2017-06-21,61.0,39.0,44.0,24.0, , 
2017-06-22,69.0,25.0,26.0,11.0, , 
2017-06-23,48.0,16.0,21.0,6.0, , 
2017-06-24,38.0,9.0,22.0,4.0, , 
2017-06-25,19.0,17.0,34.0,9.0, , 
2017-06-26,38.0,31.0,21.0,19.0, 1, 
2017-06-27,54.0,25.0,18.0,17.0, , 
2017-06-28,59.0,20.0,20.0,15.0, , 
2017-06-29,42.0,16.0,21.0,17.0, , 
2017-06-30,33.0,21.0,18.0,12.0, , 
2017-01-02,85.0,24.0,7.0,24.0, , 
2017-01-03,72.0,15.0,19.0,15.0, , 
2017-01-04,46.0,15.0,15.0,23.0, , 
2017-01-05,44.0,33.0,8.0,29.0, 1, 
2017-01-06,78.0,21.0,10.0,17.0, , 
2017-01-07,74.0,33.0,2.0,24.0, , 
2017-01-08,105.0,19.0,4.0,23.0, 1, 
2017-01-09,71.0,22.0,11.0,26.0, , 
2017-01-10,59.0,18.0,23.0,18.0, , 
2017-01-11,47.0,22.0,21.0,21.0, , 
2017-01-12,43.0,12.0,26.0,16.0, , 
2017-01-13,31.0,11.0,27.0,15.0, , 
2017-01-14,32.0,16.0,17.0,22.0, , 
2017-01-15,53.0,27.0,14.0,22.0, , 
2017-01-16,85.0,36.0,7.0,21.0, , 
2017-01-17,99.0,44.0,6.0,25.0, , 
2017-01-18,118.0,40.0,8.0,28.0, 1, 
2017-01-19,99.0,43.0,7.0,36.0, 2, 
2017-01-20,93.0,43.0,6.0,38.0, , 
2017-01-21,101.0,59.0,3.0,41.0, 2, 
2017-01-22,59.303338621480925,55.0,5.0,32.0, 2, 
2017-01-23,58.12602508627047,50.0,7.0,28.0, 1, 
2017-01-24,137.0,33.0,8.0,22.0, 1, 
2017-01-25,98.0,34.0,10.0,24.0, , 
2017-01-26,87.0,44.0,13.0,32.0, 1, 
2017-01-27,98.0,23.0,17.0,19.0, 1, 
2017-01-28,59.0,15.0,20.0,14.0, , 
2017-01-29,55.0,11.0,20.0,19.0, 1, 
2017-01-30,41.0,25.0,14.0,16.0, , 
2017-01-31,70.0,25.0,7.0,20.0, 1, 
2017-02-01,66.0,24.0,18.0,19.0, , 
2017-02-02,61.0,21.0,25.0,20.0, , 
2017-02-03,42.0,10.0,20.0,17.0, , 
2017-02-04,31.0,15.0,18.0,14.0, , 
2017-02-05,55.0,34.0,10.0,24.0, , 
2017-02-06,89.0,29.0,4.0,28.0, , 
2017-02-07,81.0,33.0,4.0,15.0, , 
2017-02-08,101.0,51.0,3.0,17.0, 1, 
2017-02-09,66.44781829048179,50.0,3.0,21.0, , 
2017-02-10,135.0,60.0,3.0,16.0, 1, 
2017-02-11,64.09845579659495,44.0,6.0,17.0, , 
2017-02-12,135.0,31.0,17.0,17.0, , 
2017-02-13,94.0,45.0,10.0,30.0, , 
2017-02-14,97.0,41.0,8.0,34.0, 1, 
2017-02-15,93.0,33.0,18.0,26.0, 1, 
2017-02-16,72.0,25.0,8.0,24.0, , 
2017-02-17,70.0,33.0,19.0,27.0, 1, 
2017-02-18,81.0,27.0,14.0,17.0, , 
2017-02-19,82.0,16.0,14.0,18.0, , 
2017-02-20,55.0,14.0,17.0,17.0, , 
2017-02-21,49.0,9.0,25.0,11.0, , 
2017-02-22,25.0,12.0,31.0,9.0, , 
2017-02-23,31.0,13.0,24.0,20.0, , 
2017-02-24,33.0,23.0,22.0,20.0, , 
2017-02-25,59.0,19.0,23.0,11.0, , 
2017-02-26,57.0,18.0,32.0,14.0, , 
2017-02-27,38.0,12.0,32.0,15.0, , 
2017-02-28,26.0,14.0,26.0,19.0, , 
2017-03-01,39.0,24.0,27.0,15.0, , 
2017-03-02,47.0,27.0,16.0,26.0, 1, 
2017-03-03,52.0,13.0,21.0,16.0, , 
2017-03-04,43.0,11.0,27.0,10.0, , 
2017-03-05,33.0,12.0,23.0,17.0, , 
2017-03-06,39.0,22.0,17.0,22.0, , 
2017-03-07,54.0,15.0,15.0,21.0, , 
2017-03-08,45.0,14.0,25.0,18.0, , 
2017-03-09,44.0,27.0,22.0,26.0, , 
2017-03-10,46.0,30.0,20.0,28.0, 1, 
2017-03-11,62.0,32.0,20.0,25.0, , 
2017-03-12,78.0,33.0,21.0,23.0, 1, 
2017-03-13,76.0,37.0,13.0,23.0, 1, 
2017-03-14,71.0,36.0,17.0,21.0, , 
2017-03-15,71.0,59.0,16.0,33.0, 1, 
2017-03-16,101.0,31.0,27.0,15.0, , 
2017-03-17,67.0,11.0,26.0,10.0, , 
2017-03-18,30.0,12.0,27.0,6.0, , 
2017-03-19,30.0,20.0,25.0,11.0, , 
2017-03-20,38.0,16.0,24.0,16.0, , 
2017-03-21,34.0,25.0,21.0,22.0, 1, 
2017-03-22,46.0,33.0,20.0,16.0, , 
2017-03-23,64.0,43.0,18.0,14.0, , 
2017-03-24,85.0,38.0,34.0,10.0, , 
2017-03-25,64.0,21.0,27.0,8.0, , 
2017-03-26,60.0,44.0,27.0,25.0, 1, 
2017-03-27,71.0,47.0,28.0,33.0, 2, 
2017-03-28,78.0,26.0,21.0,19.0, 1, 
2017-03-29,54.0,31.0,21.0,28.0, , 
2017-03-30,53.0,30.0,21.0,21.0, 1, 
2017-03-31,48.0,23.0,19.0,21.0, , 
2016-10-01,48.0,11.0,16.0,10.0, , 
2016-10-02,34.0,19.0,11.0,25.0, , 
2016-10-03,41.0,26.0,5.0,17.0, , 
2016-10-04,70.0,15.0,11.0,18.0, , 
2016-10-05,38.0,18.0,13.0,17.0, , 
2016-10-06,45.0,19.0,9.0,13.0, , 
2016-10-07,57.0,16.0,12.0,15.0, , 
2016-10-08,52.0,21.0,11.0,19.0, , 
2016-10-09,63.0,29.0,5.0,27.0, , 
2016-10-10,77.0,27.0,7.0,21.0, 1, 
2016-10-11,76.0,18.0,3.0,12.0, , 
2016-10-12,60.0,12.0,10.0,11.0, , 
2016-10-13,40.0,16.0,5.0,15.0, , 
2016-10-14,53.0,19.0,16.0,16.0, , 
2016-10-15,63.0,14.0,20.0,13.0, , 
2016-10-16,48.0,23.0,12.0,25.0, , 
2016-10-17,58.0,20.0,9.0,24.0, , 
2016-10-18,49.0,12.0,13.0,20.0, , 
2016-10-19,35.0,19.0,14.0,20.0, , 
2016-10-20,49.0,31.0,7.0,22.0, , 
2016-10-21,77.0,25.0,11.0,18.0, , 
2016-10-22,70.0,29.0,5.0,14.0, , 
2016-10-23,86.0,39.0,2.0,16.0, , 
2016-10-24,96.0,50.0,4.0,23.0, , 
2016-10-25,120.0,58.0,4.0,29.0, 1, 
2016-10-26,132.0,39.0,4.0,22.0, , 
2016-10-27,93.0,30.0,8.0,22.0, , 
2016-10-28,65.0,36.0,9.0,22.0, , 
2016-10-29,84.0,39.0,10.0,20.0, , 
2016-10-30,94.0,44.0,6.0,28.0, 1, 
2016-10-31,90.0,32.0,13.0,19.0, , 
2016-11-01,83.0,15.0,13.0,19.0, , 
2016-11-02,34.0,25.0,7.0,22.0, , 
2016-11-03,57.0,26.0,9.0,21.0, , 
2016-11-04,62.0,19.0,15.0,15.0, , 
2016-11-05,57.0,16.0,16.0,12.0, , 
2016-11-06,44.0,19.0,8.0,18.0, , 
2016-11-07,53.0,26.0,6.0,25.0, , 
2016-11-08,67.0,14.0,8.0,20.0, , 
2016-11-09,48.0,20.0,10.0,22.0, , 
2016-11-10,51.0,22.0,16.0,17.0, , 
2016-11-11,66.0,35.0,6.0,20.0, , 
2016-11-12,94.0,21.0,7.0,16.0, , 
2016-11-13,70.0,33.0,3.0,20.0, , 
2016-11-14,87.0,21.0,3.0,18.0, , 
2016-11-15,65.0,9.0,10.0,18.0, , 
2016-11-16,32.0,12.0,16.0,17.0, , 
2016-11-17,33.0,6.0,23.0,19.0, , 
2016-11-18,21.0,10.0,18.0,15.0, , 
2016-11-19,29.0,9.0,26.0,10.0, , 
2016-11-20,27.0,12.0,18.0,17.0, , 
2016-11-21,39.0,15.0,25.0,19.0, , 
2016-11-22,32.0,29.0,4.0,23.0, , 
2016-11-23,67.0,25.0,9.0,17.0, , 
2016-11-24,66.0,27.0,8.0,18.0, , 
2016-11-25,63.0,28.0,3.0,22.0, 1, 
2016-11-26,80.0,31.0,16.0,19.0, , 
2016-11-27,81.0,27.0,12.0,21.0, , 
2016-11-28,56.0,39.0,5.0,36.0, 1, 
2016-11-29,83.0,46.0,3.0,32.0, 1, 
2016-11-30,93.0,44.0,2.0,27.0, 1, 
2016-12-01,96.0,33.0,10.0,26.0, 1, 
2016-12-02,82.0,24.0,5.0,26.0, , 
2016-12-03,72.0,23.0,7.0,25.0, , 
2016-12-04,70.0,57.0,2.0,47.0, 2, 
2016-12-05,120.0,7.431019543846908,3.0,5.793323524989945, 4, 
2016-12-06,31.24095077546287,35.0,4.0,34.0, 2, 
2016-12-07,80.0,34.0,12.0,24.0, , 
2016-12-08,74.0,37.0,5.0,23.0, , 
2016-12-09,93.0,36.0,8.0,18.0, , 
2016-12-10,93.0,16.0,18.0,14.0, , 
2016-12-11,48.0,30.0,8.0,23.0, , 
2016-12-12,70.0,21.0,11.0,21.0, , 
2016-12-13,61.0,46.0,3.0,34.0, 1, 
2016-12-14,88.0,36.0,4.0,28.0, 1, 
2016-12-15,78.0,43.0,3.0,30.0, , 
2016-12-16,83.0,46.0,2.0,24.0, 1, 
2016-12-17,114.0,53.0,4.0,19.0, , 
2016-12-18,141.0,38.0,9.0,18.0, , 
2016-12-19,110.0,41.0,3.0,29.0, 1, 
2016-12-20,91.0,29.0,8.0,21.0, 1, 
2016-12-21,73.0,18.0,9.0,21.0, , 
2016-12-22,51.0,24.0,15.0,20.0, , 
2016-12-23,58.0,18.0,19.0,12.0, , 
2016-12-24,43.0,17.0,22.0,7.0, , 
2016-12-25,38.0,11.0,19.0,16.0, , 
2016-12-26,32.0,32.0,6.0,31.0, 1, 
2016-12-27,68.0,30.0,6.0,23.0, , 
2016-12-28,86.0,29.0,7.0,21.0, , 
2016-12-29,85.0,43.0,3.0,30.0, 1, 
2016-12-30,118.0,29.0,5.0,17.0, 1, 
2016-12-31,92.0,22.0,9.0,12.0, , 
2017-01-01,75.0,28.0,3.0,24.0, , 
2016-07-01,44.0,13.0,20.0,7.0, , 
2016-07-02,30.0,12.0,16.0,7.0, , 
2016-07-03,30.0,18.0,16.0,18.0, , 
2016-07-04,49.0,14.0,27.0,10.0, , 
2016-07-05,37.0,17.0,28.0,15.0, , 
2016-07-06,45.0,27.0,23.0,26.0, , 
2016-07-07,55.0,27.0,22.0,20.0, , 
2016-07-08,65.0,15.0,23.0,8.0, , 
2016-07-09,43.0,22.0,23.0,17.0, , 
2016-07-10,57.0,15.0,17.0,9.0, , 
2016-07-11,39.0,14.0,16.0,11.0, , 
2016-07-12,34.0,12.0,22.0,12.0, , 
2016-07-13,34.0,11.0,22.0,11.0, , 
2016-07-14,36.0,17.0,24.0,16.0, , 
2016-07-15,47.0,15.0,16.0,8.0, , 
2016-07-16,45.0,12.0,16.0,8.0, , 
2016-07-17,40.0,18.0,30.0,17.0, , 
2016-07-18,54.0,25.0,38.0,19.0, , 
2016-07-19,66.0,27.0,39.0,20.0, , 
2016-07-20,69.0,23.0,33.0,8.0, , 
2016-07-21,66.0,24.0,36.0,8.0, , 
2016-07-22,70.0,37.0,30.0,8.0, , 
2016-07-23,101.0,21.0,26.0,8.0, , 
2016-07-24,65.0,13.0,24.0,12.0, , 
2016-07-25,43.0,16.0,25.0,14.0, , 
2016-07-26,47.0,17.0,16.0,10.0, , 
2016-07-27,49.0,14.0,22.0,11.0, , 
2016-07-28,45.0,13.0,17.0,10.0, , 
2016-07-29,38.0,12.0,17.0,7.0, , 
2016-07-30,36.0,15.0,22.0,8.0, , 
2016-07-31,45.0,17.0,20.0,19.0, , 
2016-08-01,44.0,12.0,11.0,14.0, , 
2016-08-02,35.0,14.0,9.0,9.0, , 
2016-08-03,34.0,19.0,15.0,11.0, , 
2016-08-04,42.0,14.0,24.0,13.0, , 
2016-08-05,37.0,14.0,31.0,10.0, , 
2016-08-06,48.0,15.0,13.0,17.0, , 
2016-08-07,49.0,16.0,21.0,12.0, , 
2016-08-08,44.0,15.0,22.0,14.0, , 
2016-08-09,44.0,13.0,13.0,19.0, , 
2016-08-10,37.0,14.0,11.0,20.0, , 
2016-08-11,40.0,28.0,3.0,17.0, , 
2016-08-12,63.0,11.0,11.0,11.0, , 
2016-08-13,34.0,18.0,22.0,12.0, , 
2016-08-14,56.0,10.0,32.0,4.0, , 
2016-08-15,29.0,23.0,36.0,11.0, , 
2016-08-16,54.0,25.0,39.0,13.0, , 
2016-08-17,58.0,33.0,36.0,20.0, 1, 
2016-08-18,68.0,39.0,20.0,29.0, , 
2016-08-19,80.0,14.0,23.0,8.0, , 
2016-08-20,37.0,9.0,17.0,7.0, , 
2016-08-21,27.0,16.0,17.0,17.0, , 
2016-08-22,37.0,30.0,25.0,29.0, , 
2016-08-23,62.0,32.0,32.0,31.0, , 
2016-08-24,60.0,33.0,30.0,38.0, , 
2016-08-25,69.0,41.504560149408974,24.0,25.0, , 
2016-08-26,116.0,27.0,43.0,15.0, , 
2016-08-27,74.0,23.0,26.0,18.0, , 
2016-08-28,63.0,10.0,29.0,12.0, , 
2016-08-29,32.0,18.0,28.0,23.0, , 
2016-08-30,49.0,32.0,28.0,32.0, , 
2016-08-31,77.0,21.0,11.0,19.0, , 
2016-09-01,61.0,20.0,18.0,20.0, , 
2016-09-02,51.0,13.0,20.0,15.0, , 
2016-09-03,41.0,12.0,19.0,9.0, , 
2016-09-04,38.0,16.0,13.0,16.0, , 
2016-09-05,44.0,16.0,7.0,18.0, , 
2016-09-06,48.0,30.0,32.0,26.0, , 
2016-09-07,67.0,33.0,23.0,31.0, , 
2016-09-08,74.0,19.0,15.0,16.0, , 
2016-09-09,44.0,19.51511574078022,32.82436468265912,9.189462474880454, , 
2016-09-12,57.0,33.0,26.0,33.0, , 
2016-09-13,74.0,34.0,42.0,28.0, , 
2016-09-14,74.0,49.0,23.0,28.0, , 
2016-09-15,116.0,16.0,15.0,16.0, , 
2016-09-16,50.0,9.0,19.0,10.0, , 
2016-09-17,32.0,19.0,27.0,5.0, , 
2016-09-18,58.0,17.0,25.0,14.0, , 
2016-09-19,45.0,26.0,27.0,27.0, , 
2016-09-20,55.0,46.0,10.0,30.0, , 
2016-09-21,86.0,39.0,12.0,36.0, , 
2016-09-22,86.0,32.0,15.0,31.0, , 
2016-09-23,74.0,27.401951232906367,37.77331742524645,10.8956820967923, , 
2016-09-26,49.0,18.0,11.0,16.0, 1, 
2016-09-27,49.0,18.0,16.0,8.0, , 
2016-09-28,47.0,21.0,10.0,9.0, , 
2016-09-29,45.0,18.0,12.0,13.0, , 
2016-09-30,38.0,17.0,16.0,17.0, , 
2016-04-01,62.0,21.0,15.0,15.0, , 
2016-04-02,62.0,21.0,24.0,11.0, , 
2016-04-03,56.0,19.0,21.0,22.0, , 
2016-04-04,49.0,20.0,21.0,28.0, , 
2016-04-05,53.0,24.0,29.0,14.0, , 
2016-04-06,50.0,17.0,24.0,14.0, , 
2016-04-07,33.0,25.0,14.0,23.0, , 
2016-04-08,60.0,22.0,28.0,23.0, , 
2016-04-09,62.0,15.0,30.0,10.0, , 
2016-04-10,52.0,29.0,23.0,19.0, , 
2016-04-11,69.0,20.0,21.0,26.0, , 
2016-04-12,45.0,26.0,15.0,30.0, , 
2016-04-13,62.0,37.0,17.0,34.0, 1, 
2016-04-14,97.0,18.0,24.0,18.0, 1, 
2016-04-15,62.0,15.0,25.0,10.0, , 
2016-04-16,74.0,10.0,30.0,8.0, , 
2016-04-17,64.0,23.0,10.0,26.0, , 
2016-04-18,76.0,25.0,33.930110112634466,16.0, , 
2016-04-19,50.0,28.0,36.130717993289636,15.0, , 
2016-04-20,51.0,34.0,23.0,16.0, , 
2016-04-21,62.0,35.0,24.0,11.0, , 
2016-04-22,55.0,13.0,31.0,6.0, , 
2016-04-23,28.0,9.0,29.0,8.0, , 
2016-04-24,19.0,17.0,14.0,24.0, , 
2016-04-25,43.0,11.0,25.0,18.0, , 
2016-04-26,26.0,12.0,24.0,16.0, , 
2016-04-27,30.0,24.0,21.0,27.0, , 
2016-04-28,59.0,19.0,15.0,25.0, , 
2016-04-29,41.0,14.0,31.0,14.0, , 
2016-04-30,39.0,17.0,35.0,10.0, , 
2016-05-01,45.0,25.0,25.0,28.0, , 
2016-05-02,54.0,15.0,27.0,11.0, , 
2016-05-03,32.0,27.0,32.0,24.0, , 
2016-05-04,52.0,19.0,41.0,13.0, , 
2016-05-05,43.0,24.0,34.0,20.0, , 
2016-05-06,56.0,22.0,42.0,24.0, , 
2016-05-07,55.0,24.0,50.0,18.0, , 
2016-05-08,60.0,27.0,35.0,23.0, , 
2016-05-09,53.0,18.0,24.0,17.0, , 
2016-05-10,45.0,19.0,32.0,15.0, , 
2016-05-11,40.0,29.0,30.0,21.0, , 
2016-05-12,66.0,38.0,42.0,17.0, , 
2016-05-13,70.0,16.0,34.0,4.0, , 
2016-05-14,30.0,14.0,32.0,7.0, , 
2016-05-15,29.0,11.0,34.0,5.0, , 
2016-05-16,22.0,28.0,23.0,25.0, , 
2016-05-17,63.0,37.0,28.0,23.0, , 
2016-05-18,59.0,20.0,23.0,20.0, , 
2016-05-19,43.0,20.0,20.0,17.0, , 
2016-05-20,46.0,21.0,21.0,12.0, , 
2016-05-21,47.0,12.0,17.0,13.0, , 
2016-05-22,44.0,13.0,22.0,14.0, , 
2016-05-23,43.0,16.0,27.0,8.0, , 
2016-05-24,46.0,21.0,23.0,22.0, , 
2016-05-25,56.0,29.0,38.0,16.0, , 
2016-05-26,73.0,38.0,35.0,13.0, , 
2016-05-27,99.0,36.0,42.0,10.0, , 
2016-05-28,101.0,29.0,27.0,7.0, , 
2016-05-29,88.0,21.0,22.0,7.0, , 
2016-05-30,64.0,17.0,18.0,10.0, , 
2016-05-31,49.0,39.0,13.0,23.0, , 
2016-06-01,101.0,35.0,19.0,12.0, , 
2016-06-02,87.0,26.0,21.0,12.0, , 
2016-06-03,74.0,34.0,20.0,16.0, , 
2016-06-04,97.0,43.0,31.0,11.0, , 
2016-06-05,115.0,31.0,32.0,18.0, , 
2016-06-06,74.0,37.0,41.0,20.0, , 
2016-06-07,85.0,30.0,32.0,11.0, , 
2016-06-08,84.0,21.0,37.0,8.0, 2, 
2016-06-09,59.0,25.0,44.0,16.0, , 
2016-06-10,59.0,29.0,41.0,11.0, , 
2016-06-11,75.0,27.0,26.0,12.0, , 
2016-06-12,79.0,16.0,14.0,16.0, , 
2016-06-13,47.0,14.0,14.0,13.0, , 
2016-06-14,41.0,14.0,12.0,18.0, , 
2016-06-15,43.0,18.0,12.0,21.0, , 
2016-06-16,51.0,16.0,16.0,22.0, , 
2016-06-17,50.0,19.0,24.0,12.0, , 
2016-06-18,59.0,15.0,26.0,8.0, , 
2016-06-19,44.0,15.0,18.0,19.0, , 
2016-06-20,45.0,15.0,7.0,17.0, , 
2016-06-21,47.0,22.0,8.0,20.0, , 
2016-06-22,60.0,20.0,20.0,18.0, , 
2016-06-23,59.0,20.0,26.0,17.0, , 
2016-06-24,58.0,18.0,16.0,11.0, , 
2016-06-25,50.0,15.0,19.0,10.0, , 
2016-06-26,47.0,14.0,45.0,14.0, , 
2016-06-27,41.0,22.0,18.0,20.0, , 
2016-06-28,55.0,18.0,16.0,13.0, , 
2016-06-29,44.0,17.0,11.0,16.0, , 
2016-06-30,48.0,16.0,9.0,15.0, , 
2016-01-04,37.0,16.0,13.0,23.0, 2, 
2016-01-05,40.0,17.0,9.0,26.0, 3, 
2016-01-06,47.0,13.0,16.0,18.0, 2, 
2016-01-07,38.0,20.0,14.0,28.0, 3, 
2016-01-08,50.0,13.0,19.0,16.0, 2, 
2016-01-09,43.0,9.0,24.0,14.0, 3, 
2016-01-10,26.0,11.0,18.0,23.0, 2, 
2016-01-11,38.0,12.0,14.0,19.0, 3, 
2016-01-12,34.0,16.0,14.0,21.0, , 
2016-01-13,42.0,12.0,19.0,20.0, 3, 
2016-01-14,38.0,8.0,22.0,16.0, 2, 
2016-01-15,28.0,12.0,20.0,18.0, 3, 
2016-01-16,39.0,12.0,16.0,19.0, 3, 
2016-01-17,40.0,20.0,6.0,25.0, , 
2016-01-18,64.0,39.0,2.0,40.0, 2, 
2016-01-19,98.0,47.0,1.0,32.0, 3, 
2016-01-20,125.0,49.0,1.0,38.0, 2, 
2016-01-21,132.0,28.0,4.0,26.0, 3, 
2016-01-22,80.0,23.0,12.0,21.0, 2, 
2016-01-23,62.0,16.0,15.0,13.0, 3, 
2016-01-24,50.0,26.0,5.0,24.0, 3, 
2016-01-25,60.0,27.0,18.0,20.0, 3, 
2016-01-26,59.0,13.0,22.0,15.0, 3, 
2016-01-27,34.0,19.0,15.0,25.0, 3, 
2016-01-28,44.0,15.0,19.0,15.0, 2, 
2016-01-29,32.0,9.0,22.0,13.0, , 
2016-01-30,24.0,12.0,18.0,14.0, , 
2016-01-31,35.0,14.0,22.0,13.0, , 
2016-02-01,29.0,10.0,23.0,20.0, , 
2016-02-02,28.0,14.0,14.0,23.0, , 
2016-02-03,38.0,12.0,11.0,24.0, , 
2016-02-04,40.0,17.0,13.0,25.0, 3, 
2016-02-05,51.0,14.0,24.0,13.0, 2, 
2016-02-06,41.0,9.0,24.0,8.0, , 
2016-02-07,22.0,13.0,27.0,11.0, , 
2016-02-08,28.0,13.0,24.0,18.0, 2, 
2016-02-09,32.0,9.0,24.0,20.0, 2, 
2016-02-10,30.0,21.0,7.0,26.0, 2, 
2016-02-11,58.0,17.0,18.0,18.0, 2, 
2016-02-12,51.0,24.0,5.0,20.0, 2, 
2016-02-13,71.0,21.0,16.0,12.0, , 
2016-02-14,70.0,11.0,22.0,10.0, , 
2016-02-15,26.0,28.0,11.0,25.0, 3, 
2016-02-16,70.0,41.0,4.0,28.0, 1, 
2016-02-17,91.0,32.0,7.0,26.0, 2, 
2016-02-18,80.0,30.0,10.0,28.0, , 
2016-02-19,75.0,11.0,23.0,11.0, 2, 
2016-02-20,29.0,6.0,24.0,6.0, 2, 
2016-02-21,20.0,8.0,20.0,16.0, 2, 
2016-02-22,24.0,15.0,12.0,26.0, 3, 
2016-02-23,41.0,30.0,14.0,32.0, 3, 
2016-02-24,68.0,30.0,9.0,35.0, 3, 
2016-02-25,77.0,36.0,9.0,31.0, , 
2016-02-26,91.0,27.0,23.0,15.0, 3, 
2016-02-27,75.0,23.0,27.0,6.0, 2, 
2016-02-28,66.0,23.0,22.0,18.0, , 
2016-02-29,54.0,36.0,10.0,30.0, 3, 
2016-03-01,93.0,14.0,21.0,16.0, 2, 
2016-03-02,32.0,16.0,15.0,28.0, 3, 
2016-03-03,39.0,18.0,16.0,34.0, , 
2016-03-04,52.0,30.0,11.0,36.0, 3, 
2016-03-05,80.0,11.0,21.0,13.0, 2, 
2016-03-06,29.0,17.0,17.0,25.0, 3, 
2016-03-07,53.0,30.0,13.0,31.0, 2, 
2016-03-08,79.0,22.0,20.0,17.0, 2, 
2016-03-09,54.0,42.0,19.0,30.0, 3, 
2016-03-10,101.0,52.0,15.0,27.0, , 
2016-03-11,135.0,49.0,17.0,18.0, 3, 
2016-03-12,130.0,29.0,26.0,9.0, , 
2016-03-13,80.0,31.0,17.0,18.0, , 
2016-03-14,76.0,42.0,13.0,18.0, 3, 
2016-03-15,97.0,33.0,21.0,14.0, 3, 
2016-03-16,76.0,40.0,20.0,22.0, 2, 
2016-03-17,95.0,39.0,15.0,20.0, 2, 
2016-03-18,102.0,19.0,24.0,8.0, , 
2016-03-19,47.0,18.0,28.0,8.0, , 
2016-03-20,39.0,22.0,25.0,17.0, , 
2016-03-21,53.0,28.0,25.0,18.0, 3, 
2016-03-22,72.0,21.0,21.0,15.0, 2, 
2016-03-23,55.0,41.0,17.0,26.0, 1, 
2016-03-24,93.0,25.0,22.0,22.0, , 
2016-03-25,62.0,22.0,25.0,19.0, , 
2016-03-26,54.0,11.0,29.0,7.0, , 
2016-03-27,24.0,10.0,27.0,6.0, , 
2016-03-28,17.0,14.0,25.0,14.0, , 
2016-03-29,28.0,15.0,22.0,17.0, , 
2016-03-30,31.0,19.0,18.0,23.0, , 
2016-03-31,53.0,22.0,20.0,18.0, , 
2015-10-01,53.0,23.0,13.0,26.0, 3, 
2015-10-02,63.0,29.0,12.0,30.0, 2, 
2015-10-03,76.0,37.0,20.0,26.0, 2, 
2015-10-04,107.0,15.0,9.0,23.0, , 
2015-10-05,46.0,10.0,5.0,25.0, 2, 
2015-10-06,48.0,7.0,14.0,16.0, 2, 
2015-10-07,28.0,12.0,13.0,22.0, 2, 
2015-10-08,26.0,33.0,9.0,31.0, 2, 
2015-10-09,67.0,32.0,10.0,17.0, 2, 
2015-10-10,84.0,34.0,14.0,13.0, 2, 
2015-10-11,90.0,39.0,5.0,22.0, 3, 
2015-10-12,88.0,38.0,8.0,16.0, 2, 
2015-10-13,100.0,27.0,5.0,19.0, 2, 
2015-10-14,78.0,23.0,4.0,17.0, , 
2015-10-15,73.0,27.0,32.64816218851124,22.0, 3, 
2015-10-16,74.0,15.0,2.0,16.0, 2, 
2015-10-17,56.0,22.0,4.0,14.0, , 
2015-10-18,68.0,33.0,2.0,18.0, 2, 
2015-10-19,90.0,31.0,10.0,24.0, 3, 
2015-10-20,73.0,32.0,6.0,26.0, , 
2015-10-21,76.0,18.0,10.0,24.0, 2, 
2015-10-22,50.0,36.0,6.0,34.0, 3, 
2015-10-23,67.0,22.0,10.0,24.0, 2, 
2015-10-24,56.0,17.0,18.0,14.0, 2, 
2015-10-25,46.0,24.0,5.0,18.0, 2, 
2015-10-26,65.0,39.0,3.0,28.0, 3, 
2015-10-27,84.0,25.0,5.0,25.0, 2, 
2015-10-28,66.0,24.0,9.0,24.0, , 
2015-10-29,57.0,27.0,5.0,27.0, 3, 
2015-10-30,60.0,32.0,4.0,20.0, 2, 
2015-10-31,83.0,37.0,5.0,23.0, 3, 
2015-11-01,90.0,49.0,1.0,29.0, 2, 
2015-11-02,107.0,46.0,4.0,37.0, 4, 
2015-11-03,85.0,22.0,11.0,22.0, 2, 
2015-11-04,49.0,22.0,7.0,23.0, , 
2015-11-05,55.0,15.0,10.0,16.0, 2, 
2015-11-06,43.0,12.0,9.0,11.0, , 
2015-11-07,35.0,71.0,11.0,15.0, , 
2015-11-08,45.0,19.0,17.0,15.0, , 
2015-11-09,38.0,23.0,17.0,15.0, , 
2015-11-10,43.0,19.0,15.0,13.0, , 
2015-11-11,46.0,24.0,8.0,25.0, 2, 
2015-11-12,59.0,27.0,16.0,19.0, , 
2015-11-13,46.0,40.0,18.0,12.0, 2, 
2015-11-14,29.0,57.0,21.0,6.0, 2, 
2015-11-15,33.0,43.0,15.0,18.0, , 
2015-11-16,39.0,13.0,18.0,14.0, , 
2015-11-17,31.0,26.0,23.0,13.0, , 
2015-11-18,45.0,17.0,19.0,20.0, , 
2015-11-19,43.0,18.0,10.0,25.0, , 
2015-11-20,44.0,8.0,17.0,15.0, 2, 
2015-11-21,27.0,7.0,20.0,13.0, 2, 
2015-11-22,28.0,28.0,2.0,36.0, 3, 
2015-11-23,79.0,17.0,9.0,23.0, 4, 
2015-11-24,56.0,14.0,10.0,27.0, 3, 
2015-11-25,45.0,26.0,6.0,43.0, 3, 
2015-11-26,67.0,26.0,4.0,28.0, 3, 
2015-11-27,69.0,11.0,20.0,14.0, 2, 
2015-11-28,30.0,13.0,24.0,7.0, , 
2015-11-29,31.0,11.0,23.0,19.0, , 
2015-11-30,23.0,12.0,18.0,22.0, 3, 
2015-12-01,35.0,23.0,16.0,27.0, 2, 
2015-12-02,48.0,23.0,14.0,25.0, 3, 
2015-12-03,52.0,19.0,9.0,24.0, 2, 
2015-12-04,52.0,15.0,14.0,16.0, 3, 
2015-12-05,40.0,15.0,17.0,11.0, 2, 
2015-12-06,51.0,27.0,7.0,27.0, 3, 
2015-12-07,70.0,22.0,10.0,22.0, 2, 
2015-12-08,61.0,24.0,12.0,27.0, 4, 
2015-12-09,57.0,20.0,11.0,23.0, 3, 
2015-12-10,52.0,15.0,12.0,22.0, 3, 
2015-12-11,53.0,14.0,12.0,23.0, 3, 
2015-12-12,46.0,14.0,18.0,17.0, 3, 
2015-12-13,45.0,26.0,7.0,28.0, 3, 
2015-12-14,65.0,28.0,6.0,29.0, 3, 
2015-12-15,76.0,18.0,9.0,23.0, 3, 
2015-12-16,51.0,28.0,8.0,22.0, , 
2015-12-17,64.0,27.0,6.0,25.0, 3, 
2015-12-18,64.0,24.0,9.0,17.0, 2, 
2015-12-19,65.0,21.0,12.0,13.0, , 
2015-12-20,59.0,12.0,19.0,14.0, 3, 
2015-12-21,34.0,10.0,17.0,16.0, 2, 
2015-12-22,31.0,15.0,18.0,19.0, , 
2015-12-23,41.0,13.0,16.0,15.0, 2, 
2015-12-24,45.0,12.0,20.0,14.0, 3, 
2015-12-25,36.0,13.0,16.0,12.0, , 
2015-12-26,44.0,23.0,15.0,13.0, , 
2015-12-27,61.0,21.0,6.0,26.0, , 
2015-12-28,63.0,18.0,9.0,23.0, , 
2015-12-29,53.0,11.0,16.0,14.0, 2, 
2015-12-30,34.0,16.88617057673817,31.17471376846335,8.620722600909838, , 
2016-01-01,43.0,13.0,29.233322862922925,7.236820255405407, , 
2016-01-02,44.0,9.0,27.0611924310876,6.001210956297386, , 
2016-01-03,26.0,14.0,13.0,23.0, 2, 
2015-07-01,66.0,40.0,45.0,26.0, 2, 
2015-07-02,83.0,30.0,38.7095379666372,13.0, , 
2015-07-03,68.0,38.0,54.0,14.0, , 
2015-07-04,83.0,19.0,32.0,11.0, 1, 
2015-07-05,46.0,19.0,27.0,16.0, , 
2015-07-06,41.0,29.0,19.0,26.0, , 
2015-07-07,54.0,20.0,19.0,10.0, , 
2015-07-08,35.0,16.0,27.0,11.0, , 
2015-07-09,37.0,22.0,37.0,20.0, 2, 
2015-07-10,46.0,24.0,47.0,17.0, 2, 
2015-07-11,55.0,17.0,18.0,6.0, 2, 
2015-07-12,37.0,16.0,15.0,12.0, 1, 
2015-07-13,46.0,14.0,14.0,11.0, 1, 
2015-07-14,42.0,15.0,9.0,14.0, 1, 
2015-07-15,42.0,25.0,39.0,10.0, , 
2015-07-16,65.0,28.0,24.0,12.0, 1, 
2015-07-17,62.0,16.0,32.0,7.0, 1, 
2015-07-18,41.0,18.0,26.0,7.0, 1, 
2015-07-19,48.0,14.0,14.0,14.0, 2, 
2015-07-20,44.0,14.0,15.0,8.0, 1, 
2015-07-21,42.0,15.0,21.0,12.0, 2, 
2015-07-22,38.0,19.0,25.0,14.0, 1, 
2015-07-23,46.0,23.0,39.0,17.0, 1, 
2015-07-24,56.0,16.0,22.0,10.0, , 
2015-07-25,43.0,17.0,24.0,12.0, 1, 
2015-07-26,47.0,16.0,25.0,8.0, 1, 
2015-07-27,47.0,16.0,24.0,10.0, 2, 
2015-07-28,29.0,14.0,23.0,11.0, 1, 
2015-07-29,31.0,16.0,18.0,14.0, 1, 
2015-07-30,42.0,19.0,34.0,15.0, , 
2015-07-31,45.0,22.0,46.0,11.0, 2, 
2015-08-01,54.0,31.0,55.0,17.0, , 
2015-08-02,69.0,32.0,39.0,25.0, 2, 
2015-08-03,62.0,21.0,22.0,17.0, , 
2015-08-04,52.0,24.0,28.0,20.0, , 
2015-08-05,46.0,35.0,29.0,27.0, , 
2015-08-06,63.0,29.0,40.0,15.0, , 
2015-08-07,51.0,28.0,35.0,10.0, , 
2015-08-08,62.0,25.0,32.0,13.0, , 
2015-08-09,59.0,28.0,20.0,24.0, , 
2015-08-10,62.0,27.0,16.0,16.0, , 
2015-08-11,60.0,36.0,38.0,11.0, , 
2015-08-12,66.0,48.0,53.0,11.0, , 
2015-08-13,97.0,21.0,22.0,17.0, 1, 
2015-08-14,51.0,15.0,19.0,9.0, 1, 
2015-08-15,42.0,17.0,27.0,6.0, 1, 
2015-08-16,39.0,14.0,19.0,14.0, , 
2015-08-17,33.0,17.0,13.0,19.0, , 
2015-08-18,42.0,24.0,24.0,22.0, , 
2015-08-19,56.0,23.0,21.0,23.0, , 
2015-08-20,57.0,25.0,26.0,23.0, , 
2015-08-21,60.0,24.0,51.0,17.0, , 
2015-08-22,61.0,22.0,36.0,10.0, , 
2015-08-23,63.0,16.0,18.0,16.0, 1, 
2015-08-24,36.0,16.0,18.0,11.0, , 
2015-08-25,34.0,19.0,21.0,12.0, 1, 
2015-08-26,32.0,12.0,14.0,21.0, , 
2015-08-27,40.0,15.0,19.0,16.0, , 
2015-08-28,39.0,17.0,31.0,17.0, , 
2015-08-29,45.0,26.0,28.0,12.0, , 
2015-08-30,76.0,25.0,19.0,20.0, 1, 
2015-08-31,59.0,9.0,15.0,15.0, 2, 
2015-09-01,39.0,16.0,17.0,25.0, 2, 
2015-09-02,47.0,19.0,13.0,25.0, 2, 
2015-09-03,56.0,14.0,13.0,17.0, 2, 
2015-09-04,36.0,8.0,16.0,11.0, 2, 
2015-09-05,33.0,7.0,23.0,7.0, , 
2015-09-06,24.0,7.0,20.0,14.0, , 
2015-09-07,26.0,7.0,17.0,13.0, , 
2015-09-08,23.0,15.0,21.0,16.0, 2, 
2015-09-09,54.0,15.0,22.0,17.0, , 
2015-09-10,48.0,17.0,21.0,23.0, 2, 
2015-09-11,62.0,14.0,17.0,22.0, 1, 
2015-09-12,55.0,8.0,17.0,13.0, 2, 
2015-09-13,35.0,7.0,15.0,19.0, , 
2015-09-14,34.0,11.0,18.0,17.0, , 
2015-09-15,25.0,5.0,19.0,18.0, , 
2015-09-16,29.0,9.0,22.0,17.0, , 
2015-09-17,32.0,12.0,12.0,21.0, , 
2015-09-18,42.0,10.0,22.0,11.0, , 
2015-09-19,44.0,7.0,27.0,14.0, , 
2015-09-20,37.0,17.0,15.0,30.0, 2, 
2015-09-21,54.0,9.0,16.0,14.0, 2, 
2015-09-22,46.0,9.0,8.0,18.0, , 
2015-09-23,39.0,12.0,11.0,20.0, , 
2015-09-24,39.0,10.0,11.0,19.0, 2, 
2015-09-25,53.0,10.0,23.0,18.0, 2, 
2015-09-26,35.0,10.0,23.0,10.0, 2, 
2015-09-27,49.0,15.0,15.0,16.0, 2, 
2015-09-28,63.0,15.0,17.0,16.0, 3, 
2015-09-29,38.0,15.0,17.0,16.0, 2, 
2015-09-30,42.0,20.0,17.0,18.0, 2, 
2015-04-01,31.0,12.0,26.0,9.0, , 
2015-04-02,28.0,29.0,14.0,28.0, 2, 
2015-04-03,59.0,20.0,26.0,12.0, 1, 
2015-04-04,53.0,16.0,33.0,9.0, , 
2015-04-05,46.0,31.0,17.0,23.0, 2, 
2015-04-06,74.0,41.0,26.0,27.0, 2, 
2015-04-07,90.0,46.0,24.0,26.0, 2, 
2015-04-08,105.0,61.0,27.0,29.0, 2, 
2015-04-09,129.0,70.0,29.0,35.0, 2, 
2015-04-10,128.0,23.0,30.0,14.0, 2, 
2015-04-11,53.0,18.0,31.0,14.0, 1, 
2015-04-12,47.0,19.0,27.0,13.0, , 
2015-04-13,46.0,41.0,29.0,25.0, 2, 
2015-04-14,70.0,35.0,30.0,30.0, , 
2015-04-15,65.0,39.0,27.0,14.0, 2, 
2015-04-16,73.0,36.0,29.0,9.0, 1, 
2015-04-17,37.0,20.0,36.0,7.0, 1, 
2015-04-18,41.0,18.0,36.0,4.0, 1, 
2015-04-19,51.0,49.0,15.0,18.0, 1, 
2015-04-20,72.0,35.0,23.0,19.0, 1, 
2015-04-21,63.0,39.0,28.0,12.0, 1, 
2015-04-22,61.0,42.0,27.0,18.0, 2, 
2015-04-23,91.0,62.0,34.0,33.0, 1, 
2015-04-24,111.0,20.0,27.0,13.0, 1, 
2015-04-25,62.0,15.0,22.0,11.0, , 
2015-04-26,54.0,15.0,23.0,9.0, , 
2015-04-27,43.0,19.0,20.0,17.0, , 
2015-04-28,40.0,31.0,22.0,24.0, 2, 
2015-04-29,44.0,16.0,22.0,19.0, 1, 
2015-04-30,37.0,17.0,33.0,14.0, , 
2015-05-01,43.0,18.0,30.0,10.0, 2, 
2015-05-02,51.0,14.0,16.0,10.0, 1, 
2015-05-03,45.0,15.0,20.0,20.0, , 
2015-05-04,37.0,18.0,27.0,14.0, , 
2015-05-05,43.0,21.0,27.0,13.0, , 
2015-05-06,33.0,17.0,25.0,15.0, , 
2015-05-07,37.0,25.0,28.0,27.0, 2, 
2015-05-08,49.0,14.0,31.0,8.0, 1, 
2015-05-09,35.0,19.0,30.0,10.0, , 
2015-05-10,49.0,27.0,25.0,26.0, 2, 
2015-05-11,54.0,24.0,26.0,26.0, 2, 
2015-05-12,52.0,24.0,30.0,18.0, 2, 
2015-05-13,54.0,17.0,31.0,8.0, , 
2015-05-14,45.0,18.0,33.0,8.0, 1, 
2015-05-15,54.0,18.0,23.0,13.0, 1, 
2015-05-16,51.0,21.0,34.0,16.0, 2, 
2015-05-17,58.0,25.0,24.0,16.0, 1, 
2015-05-18,44.0,13.0,24.0,8.0, , 
2015-05-19,23.0,10.0,27.0,11.0, , 
2015-05-20,24.0,20.0,25.0,23.0, 2, 
2015-05-21,49.0,26.0,9.0,18.0, , 
2015-05-22,59.0,30.0,40.19628184905776,9.0, , 
2015-05-23,64.0,23.0,36.793867647674304,6.0, , 
2015-05-24,51.0,19.0,34.80643795084859,4.0, , 
2015-05-25,54.0,14.0,27.0,9.0, , 
2015-05-26,33.0,25.0,28.0,25.0, 2, 
2015-05-27,47.0,23.0,26.0,18.0, 2, 
2015-05-28,48.0,23.0,26.0,18.0, , 
2015-05-29,41.0,13.0,24.0,13.0, 1, 
2015-05-30,35.0,13.0,22.0,13.0, 1, 
2015-05-31,38.0,20.0,14.0,15.0, 1, 
2015-06-01,41.0,22.0,17.0,16.0, , 
2015-06-02,46.0,19.0,23.0,14.0, , 
2015-06-03,44.0,35.0,42.0,26.0, 2, 
2015-06-04,65.0,42.0,29.0,35.0, , 
2015-06-05,75.0,21.0,30.0,12.0, 2, 
2015-06-06,50.0,18.0,36.0,8.0, 2, 
2015-06-07,42.0,24.0,30.0,9.0, 2, 
2015-06-08,38.0,33.0,30.0,8.0, 1, 
2015-06-09,42.0,36.0,43.0,10.0, 1, 
2015-06-10,53.0,29.0,52.0,14.0, 2, 
2015-06-11,60.0,35.0,34.0,24.0, 1, 
2015-06-12,73.0,17.0,36.0,9.0, 2, 
2015-06-13,47.0,22.0,42.0,8.0, 1, 
2015-06-14,56.0,31.0,32.0,9.0, , 
2015-06-15,55.0,28.0,30.0,9.0, 1, 
2015-06-16,40.0,29.0,26.0,24.0, , 
2015-06-17,52.0,20.0,28.0,11.0, , 
2015-06-18,52.0,22.0,24.0,15.0, , 
2015-06-19,50.0,15.0,23.0,8.0, , 
2015-06-20,43.0,17.0,23.0,8.0, , 
2015-06-21,48.0,15.0,16.0,19.0, 1, 
2015-06-22,36.0,14.0,23.0,14.0, , 
2015-06-23,40.0,22.0,25.0,19.0, 1, 
2015-06-24,50.0,22.0,27.0,27.0, , 
2015-06-25,52.0,33.0,29.0,36.0, , 
2015-06-26,63.0,19.0,27.0,11.0, , 
2015-06-27,49.0,20.0,28.0,16.0, 1, 
2015-06-28,51.0,24.0,25.0,17.0, , 
2015-06-29,54.0,33.0,51.0,24.0, 2, 
2015-06-30,62.0,33.0,56.0,29.0, 2, 
2015-01-01,88.0,23.0,17.0,16.0, , 
2015-01-02,54.0,21.0,11.0,22.0, , 
2015-01-03,43.0,31.0,5.0,26.0, 2, 
2015-01-04,76.0,31.0,3.0,33.0, 1, 
2015-01-05,71.0,34.0,3.0,28.0, 2, 
2015-01-06,80.0,29.0,11.0,24.0, 2, 
2015-01-07,67.0,17.0,12.0,20.0, 1, 
2015-01-08,43.0,18.0,19.0,14.0, , 
2015-01-09,37.0,10.0,23.0,7.0, 1, 
2015-01-10,19.0,19.0,22.0,9.0, , 
2015-01-11,32.0,18.0,21.0,12.0, , 
2015-01-12,29.0,16.0,20.0,16.0, 1, 
2015-01-13,33.0,8.0,23.0,15.0, 1, 
2015-01-14,17.0,10.0,21.0,14.0, , 
2015-01-15,22.0,26.0,23.0,7.0, , 
2015-01-16,39.0,30.0,14.0,22.0, 1, 
2015-01-17,67.0,18.0,15.0,13.0, , 
2015-01-18,47.0,24.0,6.0,28.0, 2, 
2015-01-19,66.0,44.0,4.0,33.0, 1, 
2015-01-20,98.0,38.0,6.0,24.0, 1, 
2015-01-21,87.0,47.0,2.0,20.0, 1, 
2015-01-22,115.0,52.0,3.0,27.0, 1, 
2015-01-23,129.0,33.0,16.0,20.0, 1, 
2015-01-24,78.0,39.0,9.0,26.0, 1, 
2015-01-25,77.0,25.0,15.0,23.0, 1, 
2015-01-26,53.0,25.0,13.0,29.0, 1, 
2015-01-27,47.0,18.0,18.0,20.0, 1, 
2015-01-28,46.0,11.0,19.0,17.0, 1, 
2015-01-29,23.0,15.0,18.0,25.0, 1, 
2015-01-30,42.0,23.0,11.0,22.0, , 
2015-01-31,62.0,12.0,17.0,13.0, 1, 
2015-02-01,36.0,19.0,18.0,22.0, 1, 
2015-02-02,35.0,39.0,5.0,34.0, 2, 
2015-02-03,82.0,23.0,16.0,32.0, 2, 
2015-02-04,52.0,26.0,9.0,24.0, 1, 
2015-02-05,66.0,38.0,14.0,12.0, 1, 
2015-02-06,76.0,25.0,17.0,16.0, 1, 
2015-02-07,71.0,26.0,28.0,9.0, 1, 
2015-02-08,47.0,37.0,6.0,24.0, 2, 
2015-02-09,77.0,21.0,15.0,22.0, 1, 
2015-02-10,58.0,32.0,10.0,23.0, 2, 
2015-02-11,76.0,61.0,5.0,40.0, 2, 
2015-02-12,128.0,54.0,17.0,28.0, 2, 
2015-02-13,111.0,13.0,22.0,13.0, 1, 
2015-02-14,36.0,28.0,14.0,16.0, , 
2015-02-15,82.0,61.0,9.0,50.0, 1, 
2015-02-16,47.46572450318584,33.0,17.0,20.0, 1, 
2015-02-17,82.0,32.0,4.0,35.0, 2, 
2015-02-18,89.0,41.0,13.0,21.0, 1, 
2015-02-19,104.0,17.0,21.0,20.0, 1, 
2015-02-20,59.0,12.0,21.0,20.0, , 
2015-02-21,44.0,25.0,24.0,18.0, , 
2015-02-22,77.0,9.0,21.0,18.0, , 
2015-02-23,33.0,11.0,22.0,24.0, , 
2015-02-24,44.0,16.0,9.0,30.0, 2, 
2015-02-25,60.0,23.0,18.0,25.0, 2, 
2015-02-26,71.0,20.0,26.0,18.0, 1, 
2015-02-27,54.0,23.0,25.0,21.0, 1, 
2015-02-28,59.0,15.0,27.0,9.0, , 
2015-03-01,46.0,15.0,24.0,18.0, , 
2015-03-02,43.0,17.0,17.0,21.0, , 
2015-03-03,43.0,18.0,19.0,21.0, , 
2015-03-04,48.0,31.0,13.0,31.0, 2, 
2015-03-05,70.0,43.0,11.0,31.0, 1, 
2015-03-06,83.0,33.0,21.0,22.0, , 
2015-03-07,70.0,26.0,25.0,19.0, , 
2015-03-08,71.0,33.0,16.0,22.0, 1, 
2015-03-09,75.0,28.0,21.0,16.0, , 
2015-03-10,72.0,36.0,15.0,27.0, 1, 
2015-03-11,72.0,42.0,19.0,27.0, 2, 
2015-03-12,74.0,50.0,16.0,27.0, 2, 
2015-03-13,87.0,32.0,21.0,9.0, 1, 
2015-03-14,91.0,31.0,10.0,8.0, , 
2015-03-15,99.0,41.0,8.0,24.0, 1, 
2015-03-16,113.0,67.0,14.0,35.0, 2, 
2015-03-17,85.53913767480529,62.0,16.0,19.0, 1, 
2015-03-18,75.70412510844629,52.0,20.0,17.0, 1, 
2015-03-19,141.0,35.16555058107657,11.0,21.0, , 
2015-03-20,62.065092951818485,32.0,26.0,8.0, , 
2015-03-21,91.0,14.0,22.0,8.0, , 
2015-03-22,61.0,37.0,7.0,27.0, 1, 
2015-03-23,107.0,50.0,20.0,26.0, 2, 
2015-03-24,120.0,27.0,17.0,17.0, 1, 
2015-03-25,71.0,25.0,15.0,26.0, , 
2015-03-26,59.0,24.0,19.0,22.0, , 
2015-03-27,48.0,23.0,21.0,21.0, 2, 
2015-03-28,59.0,11.0,28.0,5.0, 1, 
2015-03-29,30.0,16.0,26.0,13.0, , 
2015-03-30,38.0,13.0,29.0,9.0, , 
2015-03-31,28.0,18.0,28.0,10.0, , 
2014-10-01,74.0,35.0,8.0,26.0, 1, 
2014-10-02,62.0,52.0,8.0,33.0, 2, 
2014-10-03,79.0,29.0,22.0,18.0, 1, 
2014-10-04,64.0,8.0,22.0,7.0, 1, 
2014-10-05,17.0,21.0,10.0,15.0, , 
2014-10-06,43.0,14.0,15.0,14.0, , 
2014-10-07,26.0,18.0,11.0,18.0, , 
2014-10-08,33.0,26.0,16.0,17.0, , 
2014-10-09,37.0,27.0,11.0,20.0, 1, 
2014-10-10,48.0,28.0,2.0,22.0, 1, 
2014-10-11,59.0,21.0,11.0,15.0, 1, 
2014-10-12,53.0,22.0,15.0,19.0, , 
2014-10-13,34.0,24.0,16.0,19.0, 1, 
2014-10-14,32.0,29.0,11.0,21.0, 2, 
2014-10-15,52.0,23.0,9.0,22.0, 1, 
2014-10-16,49.0,20.0,4.0,22.0, 1, 
2014-10-17,45.0,19.77801025718443,32.9893297740787,9.246336462277517, , 
2014-10-20,29.0,21.0,19.0,15.0, 1, 
2014-10-21,27.0,29.0,20.0,16.0, 1, 
2014-10-22,34.0,42.0,4.0,24.0, 2, 
2014-10-23,61.0,40.0,10.0,22.0, , 
2014-10-24,53.0,25.0,8.0,18.0, 1, 
2014-10-25,54.0,22.0,12.0,18.0, 1, 
2014-10-26,48.0,44.0,7.0,25.0, 2, 
2014-10-27,73.0,38.0,10.0,16.0, 2, 
2014-10-28,74.0,36.0,9.0,20.0, 1, 
2014-10-29,78.0,46.0,6.0,26.0, 2, 
2014-10-30,82.0,45.0,4.0,30.0, , 
2014-10-31,66.0,22.0,9.0,17.0, 1, 
2014-11-01,53.0,21.0,24.0,9.0, , 
2014-11-02,42.0,15.0,22.0,14.0, , 
2014-11-03,23.0,19.0,16.0,25.0, , 
2014-11-04,39.0,32.0,5.0,21.0, 2, 
2014-11-05,58.0,35.0,11.0,20.0, 1, 
2014-11-06,66.0,17.0,15.0,17.0, 1, 
2014-11-07,39.0,14.0,14.0,13.0, , 
2014-11-08,33.0,16.0,14.0,14.0, , 
2014-11-09,36.0,23.0,13.0,18.0, 2, 
2014-11-10,47.0,12.0,10.0,13.0, 1, 
2014-11-11,37.0,30.0,8.0,24.0, 2, 
2014-11-12,47.0,35.0,7.0,28.0, 2, 
2014-11-13,59.0,28.0,31.875152492427354,25.0, 2, 
2014-11-14,63.0,17.0,7.0,22.0, 1, 
2014-11-15,48.0,25.0,1.0,22.0, 1, 
2014-11-16,62.0,21.0,9.0,23.0, , 
2014-11-17,36.0,36.0,39.683063038069776,19.0, 1, 
2014-11-18,80.0,43.0,45.343309808563866,18.0, , 
2014-11-19,84.0,44.0,1.0,20.0, , 
2014-11-20,92.0,36.0,2.0,21.0, 1, 
2014-11-21,77.0,39.0,3.0,22.0, 2, 
2014-11-22,76.0,31.0,6.0,19.0, 1, 
2014-11-23,67.0,30.0,19.0,29.0, 1, 
2014-11-24,45.0,39.0,3.0,27.0, 2, 
2014-11-25,73.0,33.0,2.0,19.0, 1, 
2014-11-26,73.0,23.0,1.0,17.0, 1, 
2014-11-27,60.0,30.0,1.0,17.0, 1, 
2014-11-28,69.0,29.0,2.0,14.0, , 
2014-11-29,77.0,27.0,1.0,11.0, 1, 
2014-11-30,76.0,36.0,1.0,14.0, 1, 
2014-12-01,94.0,44.0,1.0,14.0, , 
2014-12-02,110.0,40.0,3.0,15.0, 1, 
2014-12-03,101.0,57.0,2.0,18.0, 1, 
2014-12-04,63.64509947618102,46.0,1.0,19.0, 2, 
2014-12-05,101.0,24.0,10.0,26.0, 1, 
2014-12-06,52.0,26.0,10.0,20.0, 1, 
2014-12-07,70.0,23.0,5.0,26.0, 1, 
2014-12-08,53.0,28.0,9.0,30.0, 2, 
2014-12-09,53.0,25.0,12.0,22.0, 1, 
2014-12-10,41.0,17.0,17.0,19.0, , 
2014-12-11,28.0,14.0,21.0,15.0, 1, 
2014-12-12,26.0,21.0,8.0,27.0, 1, 
2014-12-13,46.0,29.0,9.0,20.0, , 
2014-12-14,72.0,23.0,14.0,16.0, , 
2014-12-15,61.0,33.0,4.0,28.0, 2, 
2014-12-16,71.0,22.0,10.0,26.0, 1, 
2014-12-17,51.0,14.0,18.0,17.0, , 
2014-12-18,31.0,13.0,18.0,18.0, 1, 
2014-12-19,27.0,18.0,20.0,14.0, , 
2014-12-20,30.0,18.0,23.0,13.0, , 
2014-12-21,39.0,14.0,22.0,11.0, , 
2014-12-22,29.0,14.0,20.0,12.0, , 
2014-12-23,26.0,16.0,20.0,12.0, , 
2014-12-24,38.0,18.0,15.0,14.0, 1, 
2014-12-25,35.0,26.0,16.0,23.0, 1, 
2014-12-26,58.0,10.0,17.0,11.0, 1, 
2014-12-27,29.0,18.0,17.0,11.0, 1, 
2014-12-28,60.0,23.7214280032475,35.46380614537236,10.09944627323344, , 
2014-07-01,33.0,27.0,33.0,13.0, 1, 
2014-07-02,35.0,37.0,35.0,26.0, 1, 
2014-07-03,53.0,43.0,28.0,33.0, 1, 
2014-07-04,57.0,17.0,19.0,9.0, 1, 
2014-07-05,41.0,14.0,17.0,6.0, , 
2014-07-06,53.0,20.0,16.0,17.0, , 
2014-07-07,52.0,16.0,21.0,16.0, , 
2014-07-08,53.0,12.0,24.0,15.0, 1, 
2014-07-09,42.0,34.0,22.0,11.0, 1, 
2014-07-10,76.0,23.0,17.0,19.0, 2, 
2014-07-11,59.0,21.0,14.0,13.0, 2, 
2014-07-12,57.0,16.0,13.0,9.0, 2, 
2014-07-13,40.0,37.0,22.0,12.0, 2, 
2014-07-14,50.0,32.0,12.0,17.0, 1, 
2014-07-15,43.0,35.0,25.0,18.0, 1, 
2014-07-16,57.0,38.0,43.0,22.0, 1, 
2014-07-17,75.0,36.0,43.0,23.0, , 
2014-07-18,69.0,29.0,37.0,14.0, 1, 
2014-07-19,60.0,20.0,29.0,8.0, 1, 
2014-07-20,52.0,27.0,39.0,8.0, , 
2014-07-21,75.0,24.0,41.0,6.0, 1, 
2014-07-22,64.0,42.0,44.0,13.0, 1, 
2014-07-23,69.0,38.0,40.0,17.0, 1, 
2014-07-24,60.0,39.0,32.0,18.0, 1, 
2014-07-25,62.0,25.0,36.0,17.0, , 
2014-07-26,71.0,31.0,33.0,18.0, , 
2014-07-27,79.0,33.0,28.0,17.0, 2, 
2014-07-28,78.0,29.0,23.0,13.0, 2, 
2014-07-29,63.0,20.0,24.0,9.0, , 
2014-07-30,47.0,35.0,25.0,22.0, 1, 
2014-07-31,59.0,35.0,44.0,18.0, 1, 
2014-08-01,69.0,29.0,28.0,13.0, 2, 
2014-08-02,61.0,15.0,28.0,9.0, 2, 
2014-08-03,36.0,19.0,26.0,15.0, , 
2014-08-04,39.0,25.0,23.0,18.0, 1, 
2014-08-05,47.0,24.0,15.0,19.0, 1, 
2014-08-06,46.0,31.0,24.0,15.0, 2, 
2014-08-07,57.0,25.0,8.0,19.0, , 
2014-08-08,65.0,16.0,22.0,8.0, 2, 
2014-08-09,40.0,13.0,26.0,7.0, , 
2014-08-10,36.0,24.0,20.0,10.0, , 
2014-08-11,34.0,20.0,16.0,11.0, 2, 
2014-08-12,31.0,22.0,18.0,16.0, 2, 
2014-08-13,40.0,21.0,14.0,15.0, , 
2014-08-14,36.0,15.0,19.0,10.0, , 
2014-08-15,39.0,14.0,23.0,10.0, , 
2014-08-16,34.0,10.0,19.0,7.0, , 
2014-08-17,34.0,23.0,22.0,13.0, , 
2014-08-18,36.0,19.0,18.0,14.0, , 
2014-08-19,38.0,22.0,15.0,22.0, 1, 
2014-08-20,44.0,71.0,19.0,19.0, 1, 
2014-08-21,51.0,19.0,12.0,19.0, 1, 
2014-08-22,40.0,14.0,26.0,11.0, 1, 
2014-08-23,41.0,13.0,16.0,9.0, , 
2014-08-24,42.0,28.0,11.0,25.0, 1, 
2014-08-25,55.0,12.0,24.432450923770052,17.0, 1, 
2014-08-26,34.0,29.0,12.0,17.0, , 
2014-08-27,71.0,33.0,8.0,19.0, , 
2014-08-28,52.0,23.0,16.0,17.0, , 
2014-08-29,41.0,17.0,15.0,10.0, 1, 
2014-08-30,37.0,18.0,21.0,8.0, , 
2014-08-31,40.0,36.0,17.0,23.0, 1, 
2014-09-01,58.0,39.0,27.0,19.0, , 
2014-09-02,73.0,34.0,24.0,14.0, 1, 
2014-09-03,64.0,46.0,19.0,18.0, 1, 
2014-09-04,81.0,53.0,22.0,23.0, 1, 
2014-09-05,103.0,62.0,17.0,18.0, , 
2014-09-06,143.0,48.0,31.0,18.0, 1, 
2014-09-07,111.0,54.0,22.0,20.0, 1, 
2014-09-08,113.0,41.0,20.0,19.0, 2, 
2014-09-09,66.0,31.0,20.0,13.0, 1, 
2014-09-10,49.0,41.0,17.0,21.0, 2, 
2014-09-11,77.0,37.0,28.0,18.0, 1, 
2014-09-12,63.0,32.0,31.0,8.0, 1, 
2014-09-13,70.0,28.0,28.0,6.0, , 
2014-09-14,72.0,36.0,21.0,20.0, 1, 
2014-09-15,68.0,50.0,24.0,28.0, 2, 
2014-09-16,85.0,47.0,31.0,29.0, 1, 
2014-09-17,79.0,44.0,11.0,29.0, 1, 
2014-09-18,71.0,33.0,15.0,28.0, 1, 
2014-09-19,60.0,41.0,26.0,17.0, 1, 
2014-09-20,96.0,23.0,27.0,4.0, 1, 
2014-09-21,58.0,32.0,23.0,12.0, 3, 
2014-09-22,66.0,48.0,7.0,26.0, 10, 
2014-09-23,104.0,53.0,48.48184725974967,27.0, 9, 
2014-09-24,127.0,20.0,29.328264941559254,20.0, 3, 
2014-09-25,39.0,26.0,9.0,20.0, 1, 
2014-09-26,46.0,26.0,13.0,17.0, , 
2014-09-27,61.0,25.0,17.0,18.0, , 
2014-09-28,62.0,37.0,5.0,32.0, 2, 
2014-09-29,68.0,36.0,15.0,22.0, 1, 
2014-09-30,76.0,36.0,12.0,27.0, 2, 
2014-04-01,85.0,71.0,24.0,37.0, 3, 
2014-04-02,94.0,62.0,17.0,35.0, 2, 
2014-04-03,72.0,42.0,11.0,27.0, 2, 
2014-04-04,74.0,27.0,27.0,17.0, 2, 
2014-04-05,63.0,24.0,18.0,19.0, , 
2014-04-06,56.0,24.0,17.0,18.0, 2, 
2014-04-07,50.0,20.0,24.0,17.0, 1, 
2014-04-08,38.0,29.0,23.0,22.0, 2, 
2014-04-09,56.0,35.0,24.0,27.0, 2, 
2014-04-10,66.0,40.0,29.0,19.0, 2, 
2014-04-11,79.0,31.0,28.0,17.0, 2, 
2014-04-12,76.0,25.0,30.0,12.0, 1, 
2014-04-13,59.0,24.0,30.0,15.0, 2, 
2014-04-14,47.0,19.0,26.0,16.0, 2, 
2014-04-15,41.0,32.0,28.0,20.0, 2, 
2014-04-16,57.0,30.0,25.0,24.0, 2, 
2014-04-17,55.0,21.0,30.0,11.0, 2, 
2014-04-18,48.0,35.0,33.0,7.0, 2, 
2014-04-19,55.0,41.0,34.0,8.0, 2, 
2014-04-20,99.0,31.0,36.0,16.0, , 
2014-04-21,77.0,30.0,21.0,25.0, 2, 
2014-04-22,74.0,31.0,27.0,30.0, 2, 
2014-04-23,62.0,53.0,21.0,32.0, 3, 
2014-04-24,111.0,38.0,26.0,18.0, 3, 
2014-04-25,76.0,22.0,28.0,12.0, 2, 
2014-04-26,52.0,13.0,28.0,10.0, 2, 
2014-04-27,28.0,24.0,22.0,20.0, 2, 
2014-04-28,37.0,37.0,11.0,28.0, 2, 
2014-04-29,84.0,43.0,24.0,20.0, , 
2014-04-30,101.0,39.0,31.0,16.0, 2, 
2014-05-01,98.0,26.0,27.0,14.0, 2, 
2014-05-02,63.0,18.0,32.0,9.0, 2, 
2014-05-03,35.0,26.0,41.0,13.0, 2, 
2014-05-04,61.0,39.0,32.0,27.0, 2, 
2014-05-05,74.0,31.0,27.0,24.0, 2, 
2014-05-06,54.0,17.0,25.0,16.0, 2, 
2014-05-07,32.0,18.0,22.0,15.0, , 
2014-05-08,31.0,21.0,25.0,12.0, , 
2014-05-09,34.0,19.0,24.0,13.0, 2, 
2014-05-10,35.0,18.0,29.0,6.0, 2, 
2014-05-11,27.0,18.0,25.0,15.0, 2, 
2014-05-12,30.0,16.0,32.0,16.0, 3, 
2014-05-13,38.0,27.0,30.0,20.0, 2, 
2014-05-14,52.0,24.0,29.0,14.0, 2, 
2014-05-15,41.0,36.0,35.0,18.0, , 
2014-05-16,56.0,35.0,40.0,14.0, 1, 
2014-05-17,63.0,29.0,38.0,18.0, 1, 
2014-05-18,63.0,43.0,36.0,25.0, 2, 
2014-05-19,61.0,30.0,30.0,22.0, 1, 
2014-05-20,43.0,23.0,26.0,18.0, 1, 
2014-05-21,45.0,20.0,28.0,19.0, 1, 
2014-05-22,28.0,32.0,24.0,19.0, 2, 
2014-05-23,42.0,17.0,28.0,14.0, 1, 
2014-05-24,28.0,14.0,31.0,10.0, 1, 
2014-05-25,26.0,46.0,18.0,20.0, 1, 
2014-05-26,72.0,43.0,15.0,21.0, 1, 
2014-05-27,98.0,26.0,16.0,18.0, 1, 
2014-05-28,53.0,19.0,28.0,13.0, 1, 
2014-05-29,50.0,36.0,23.0,9.0, 2, 
2014-05-30,63.0,31.0,37.0,11.0, 2, 
2014-05-31,66.0,22.0,38.0,8.0, 1, 
2014-06-01,59.0,40.0,35.0,25.0, 2, 
2014-06-02,75.0,41.0,23.0,27.0, 1, 
2014-06-03,68.0,21.0,12.0,22.0, 1, 
2014-06-04,42.0,19.0,19.0,15.0, , 
2014-06-05,29.0,31.0,35.0,22.0, 1, 
2014-06-06,43.0,33.0,34.0,22.0, 1, 
2014-06-07,58.0,27.0,47.0,9.0, , 
2014-06-08,66.0,21.0,32.0,9.0, , 
2014-06-09,48.0,26.0,21.0,22.0, , 
2014-06-10,46.0,22.0,29.0,13.0, 1, 
2014-06-11,37.0,43.0,37.0,15.0, 1, 
2014-06-12,39.0,31.0,35.0,13.0, 2, 
2014-06-13,51.0,22.0,32.0,6.0, 2, 
2014-06-14,43.0,20.0,34.0,5.0, 1, 
2014-06-15,37.0,26.0,22.0,12.0, 1, 
2014-06-16,29.0,30.0,24.0,12.0, 1, 
2014-06-17,49.0,26.0,17.0,9.0, 2, 
2014-06-18,31.0,25.0,22.0,12.0, 1, 
2014-06-19,45.0,18.0,18.0,8.0, , 
2014-06-20,24.0,19.0,30.0,13.0, , 
2014-06-21,36.0,23.0,30.0,8.0, 2, 
2014-06-22,51.0,28.0,27.0,10.0, 2, 
2014-06-23,27.0,31.0,25.0,16.0, 1, 
2014-06-24,46.0,21.0,23.0,8.0, 1, 
2014-06-25,17.0,40.0,26.0,23.0, 1, 
2014-06-26,62.0,37.0,19.0,32.0, 1, 
2014-06-27,55.0,18.0,16.0,13.0, 1, 
2014-06-28,32.0,20.0,18.0,12.0, , 
2014-06-29,47.0,22.0,26.0,15.0, , 
2014-06-30,25.0,25.0,28.0,14.0, 1, 
2014-01-01,24.0,13.0,19.0,15.0, 2, 
2014-01-02,26.0,18.0,22.0,14.0, , 
2014-01-03,32.0,17.0,22.0,11.0, 2, 
2014-01-04,31.0,13.0,20.0,13.0, 1, 
2014-01-05,28.0,15.0,18.0,19.0, 1, 
2014-01-06,30.0,22.0,17.0,20.0, , 
2014-01-07,32.0,16.0,15.0,18.0, 2, 
2014-01-08,28.0,17.0,16.0,16.0, 2, 
2014-01-09,35.0,24.0,12.0,21.0, 2, 
2014-01-10,48.0,26.0,15.0,20.0, , 
2014-01-11,59.0,28.0,10.0,24.0, 2, 
2014-01-12,66.0,27.0,10.0,24.0, 2, 
2014-01-13,58.0,19.0,12.0,26.0, 1, 
2014-01-14,44.0,16.0,10.0,24.0, 1, 
2014-01-15,44.0,12.0,14.0,20.0, 2, 
2014-01-16,36.0,16.0,18.0,22.0, 2, 
2014-01-17,32.0,18.0,12.0,21.0, 2, 
2014-01-18,42.0,18.0,11.0,17.0, , 
2014-01-19,52.0,24.0,7.0,25.0, 2, 
2014-01-20,64.0,31.0,8.0,23.0, 1, 
2014-01-21,74.0,22.0,14.0,21.0, 2, 
2014-01-22,50.0,24.0,12.0,22.0, 1, 
2014-01-23,58.0,33.0,10.0,34.0, 3, 
2014-01-24,54.0,20.0,17.0,19.0, 2, 
2014-01-25,48.0,16.0,24.0,11.0, 1, 
2014-01-26,28.0,14.0,19.0,21.0, 1, 
2014-01-27,28.0,14.0,17.0,17.0, 2, 
2014-01-28,27.0,19.0,13.0,19.0, 1, 
2014-01-29,47.0,36.0,7.0,26.0, 2, 
2014-01-30,79.0,51.0,12.0,33.0, 3, 
2014-01-31,101.0,13.0,20.0,13.0, 2, 
2014-02-01,25.0,21.0,16.0,17.0, 2, 
2014-02-02,38.0,23.0,12.0,23.0, 2, 
2014-02-03,46.0,23.0,15.0,21.0, 2, 
2014-02-04,39.0,17.0,21.0,16.0, , 
2014-02-05,27.0,23.0,20.0,20.0, 1, 
2014-02-06,34.0,13.0,18.0,15.0, 2, 
2014-02-07,23.0,11.0,23.0,12.0, 2, 
2014-02-08,21.0,13.0,26.0,9.0, , 
2014-02-09,22.0,17.0,15.0,25.0, 1, 
2014-02-10,35.0,22.0,18.0,19.0, 2, 
2014-02-11,38.0,19.0,20.0,17.0, 2, 
2014-02-12,33.0,15.0,21.0,24.0, 1, 
2014-02-13,38.0,16.0,17.0,22.0, 2, 
2014-02-14,38.0,17.0,26.0,7.0, , 
2014-02-15,32.0,16.0,23.0,13.0, , 
2014-02-16,34.0,27.0,13.0,26.0, 2, 
2014-02-17,49.0,32.0,13.0,28.0, 2, 
2014-02-18,58.0,30.0,8.0,22.0, 2, 
2014-02-19,69.0,19.0,13.0,21.0, 1, 
2014-02-20,47.0,16.0,19.0,22.0, 2, 
2014-02-21,33.0,18.0,18.0,18.0, , 
2014-02-22,45.0,14.0,21.0,13.0, 2, 
2014-02-23,39.0,27.0,16.0,23.0, 1, 
2014-02-24,48.0,23.0,19.0,20.0, 1, 
2014-02-25,45.0,25.0,17.0,22.0, 2, 
2014-02-26,51.0,25.0,11.0,24.0, 1, 
2014-02-27,51.0,19.0,15.0,23.0, 1, 
2014-02-28,45.0,20.0,15.0,18.0, , 
2014-03-01,52.0,27.0,24.0,14.0, 2, 
2014-03-02,62.0,19.0,23.0,21.0, 2, 
2014-03-03,45.0,22.0,13.0,30.0, 1, 
2014-03-04,53.0,41.0,15.0,34.0, 2, 
2014-03-05,87.0,62.0,11.0,49.0, 4, 
2014-03-06,114.0,58.0,14.0,32.0, 3, 
2014-03-07,117.0,51.0,17.0,27.0, 3, 
2014-03-08,109.0,49.0,27.0,33.0, 2, 
2014-03-09,104.0,72.29848499985985,15.0,46.0, 4, 
2014-03-10,138.0,67.0,18.0,15.0, 3, 
2014-03-11,45.71320144695568,46.43652172287905,11.0,34.0, 2, 
2014-03-12,57.38991218769348,68.53122093471482,13.0,47.0, 5, 
2014-03-13,47.438871361116625,47.636498390530164,13.0,34.0, 5, 
2014-03-14,73.48274226110438,47.0,24.0,14.0, 3, 
2014-03-15,101.0,29.0,21.0,16.0, 2, 
2014-03-16,64.0,40.0,3.0,23.0, 2, 
2014-03-17,75.0,34.0,40.040084507369656,16.0, 2, 
2014-03-18,62.0,35.0,39.71270079294338,18.0, , 
2014-03-19,54.0,46.0,20.0,25.0, 3, 
2014-03-20,57.0,27.0,19.0,26.0, 2, 
2014-03-21,54.0,19.0,23.0,15.0, , 
2014-03-22,40.0,14.0,25.0,11.0, 1, 
2014-03-23,31.0,23.0,21.0,22.0, 2, 
2014-03-24,44.0,42.0,21.0,27.0, 2, 
2014-03-25,73.0,31.0,20.0,24.0, 2, 
2014-03-26,67.0,46.0,11.0,33.0, 2, 
2014-03-27,101.0,52.0,16.0,36.0, 3, 
2014-03-28,127.0,39.0,26.0,24.0, 3, 
2014-03-29,84.0,34.0,6.0,26.0, 2, 
2014-03-30,84.0,49.0,40.32959383076985,39.0, 3, 
2014-03-31,93.0,44.0,25.0,30.0, 3, 
2023-02-25,38.09492337225431,10.0,29.0,5.0, 1, 
2021-01-11,24.944947443469548,11.0,22.0,16.0, , 
2020-12-10,27.59715021483421,12.0,11.0,14.0, , 
2020-03-31,46.04972349474268,24.0,30.0,13.0, , 
2020-05-24,43.62041446700845,15.0,33.0,6.0, , 
2019-12-31,41.119057839930655,20.0,7.0,11.0, , 
2020-03-14,36.67217969702221,11.0,27.0,7.0, , 
2019-07-28,34.637338761990875,13.0,31.0,11.0, , 
2019-08-11,29.830540305499163,11.0,21.0,12.0, 1, 
2019-09-01,38.23343217186739,19.0,28.0,14.0, , 
2018-12-31,41.18436277248528,16.0,21.0,8.0, , 
2017-12-31,34.32808177966947,9.0,29.0,7.0, 1, 
2017-09-09,37.06680595405401,11.0,28.015449192764333,6.765730972799926, , 
2016-09-11,25.520692871948945,25.0,24.0,30.0, , 
2016-09-25,35.141362553072064,22.0,9.0,18.0, , 
2015-12-31,40.00944687943442,14.0,29.72019733599412,7.608224215016589, , 
2014-12-31,56.27278744896098,36.0,17.0,16.0, 1, 
2014-10-19,43.33632823904799,26.0,15.0,16.0, , 
2013-12-31,34.94544361600279,12.0,22.0,9.0, 1, 
2019-07-27,41.98484975657877,13.165378506453894,29.873195034258963,6.0, , 
