date,pm25,pm10,o3,no2,so2,co
2023-09-01,79.0,25.0,28.0,26.0, , 
2023-09-02,90.0,21.0,38.0,23.0, , 
2023-09-03,52.0,97.0,38.0,26.0, , 
2023-09-04,61.0,42.0,46.0,43.0, , 
2023-09-05,70.0,47.0,45.0,43.0, , 
2023-09-06,69.0,44.0,73.0,50.0, , 
2023-09-07,76.0,53.0,63.0,54.0, , 
2023-09-08,91.0,46.0,61.0,49.0, , 
2023-09-09,79.0,38.0,57.0,38.0, , 
2023-09-10,74.0,36.0,39.0,25.0, , 
2023-09-11,71.0,20.0,20.0,21.0, , 
2023-09-12,54.0,33.0,18.0,26.0, , 
2023-09-13,64.0,41.0,29.0,33.0, , 
2023-09-14,68.0,36.0,36.0,35.0, , 
2023-09-15,59.0,32.0,35.0,35.0, , 
2023-09-16,66.0,31.0,28.0,28.0, , 
2023-09-17,62.0,21.0,31.0,17.0, , 
2023-09-18,45.0,23.0,26.0,16.0, , 
2023-09-19,55.0,28.0,31.0,23.0, , 
2023-09-20,66.0,19.0,24.0,25.0, , 
2023-09-21,53.0,16.0,27.0,22.0, , 
2023-09-22,39.0,19.0,26.0,19.0, , 
2023-09-23,43.0,27.0,30.0,27.0, , 
2023-09-24,61.0,32.0,24.0,29.0, , 
2023-09-25,57.0,42.0,31.0,40.0, , 
2023-09-26,69.0,42.0,31.0,38.0, , 
2023-09-27,65.0,26.0,23.0,15.0, , 
2023-09-28,51.0,28.948687397571764,27.731886775273704,23.880931521086048, , 
2023-08-01,42.0,18.0,31.0,13.0, , 
2023-08-02,39.0,17.0,24.0,15.0, , 
2023-08-03,36.0,20.0,32.0,15.0, , 
2023-08-04,49.0,17.0,26.0,17.0, , 
2023-08-05,43.0,12.0,30.0,5.0, , 
2023-08-06,30.0,20.0,29.0,11.0, , 
2023-08-07,35.0,23.0,30.0,16.0, , 
2023-08-08,43.0,19.0,27.0,16.0, , 
2023-08-09,42.0,27.0,36.0,32.0, , 
2023-08-10,60.0,25.0,33.0,22.0, , 
2023-08-11,65.0,13.0,32.0,13.0, , 
2023-08-12,49.0,20.0,32.0,19.0, , 
2023-08-13,45.0,26.0,11.0,24.0, , 
2023-08-14,52.0,16.0,24.893290030733915,15.0, , 
2023-08-15,47.0,21.0,31.0,23.0, , 
2023-08-16,50.0,28.0,38.0,24.0, , 
2023-08-17,66.0,38.0,36.0,31.0, , 
2023-08-18,77.0,26.0,28.0,23.0, , 
2023-08-19,54.0,19.0,38.0,18.0, , 
2023-08-20,46.0,23.0,37.0,21.0, , 
2023-08-21,45.0,32.0,46.0,29.0, , 
2023-08-22,59.0,30.0,46.0,26.0, , 
2023-08-23,49.0,33.0,32.0,28.0, , 
2023-08-24,52.0,22.0,30.0,18.0, , 
2023-08-25,53.0,15.0,27.0,18.0, , 
2023-08-26,33.0,13.0,28.0,11.0, , 
2023-08-27,27.0,18.0,28.0,14.0, , 
2023-08-28,29.0,18.0,31.0,16.0, , 
2023-08-29,42.0,15.0,32.0,17.0, , 
2023-08-30,43.0,35.0,25.0,23.0, , 
2023-08-31,44.0,22.0,20.0,21.0, , 
2023-07-01,92.0,35.0,34.0,10.0, , 
2023-07-02,95.0,16.0,35.0,4.0, , 
2023-07-03,51.0,24.0,29.0,8.0, , 
2023-07-04,45.0,26.0,27.303034431241095,14.0, , 
2023-07-05,44.0,39.0,30.767268849334954,31.0, , 
2023-07-06,62.0,35.0,28.39151008827076,39.0, , 
2023-07-07,64.0,32.0,27.582792871725484,38.0, , 
2023-07-08,64.0,23.0,24.49689934326205,16.0, , 
2023-07-09,53.0,33.0,28.26704365075379,26.0, , 
2023-07-10,47.0,53.0,32.26738174998526,27.0, , 
2023-07-11,54.0,33.0,27.45153139596109,17.0, , 
2023-07-12,45.0,29.0,27.92598046346251,16.0, , 
2023-07-13,41.0,36.0,30.308880646868154,26.0, , 
2023-07-14,59.0,32.0,26.411802596054965,14.0, , 
2023-07-15,45.0,25.0,26.99396446785069,12.0, , 
2023-07-16,51.0,28.0,27.13566291158798,18.0, , 
2023-07-17,48.0,32.0,29.297160239778705,33.0, , 
2023-07-18,56.0,44.0,28.61174876777054,13.0, , 
2023-07-19,44.0,26.0,36.0,19.0, , 
2023-07-20,50.0,35.0,39.0,16.0, , 
2023-07-21,47.0,26.0,35.0,18.0, , 
2023-07-22,48.0,20.0,26.0,12.0, , 
2023-07-23,44.0,22.0,25.0,19.0, , 
2023-07-24,47.0,17.0,26.0,18.0, , 
2023-07-25,47.0,24.0,30.0,22.0, , 
2023-07-26,53.0,20.0,22.0,16.0, , 
2023-07-27,43.0,19.0,16.0,21.0, , 
2023-07-28,53.0,18.0,23.0,21.0, , 
2023-07-29,54.0,17.0,30.0,10.0, , 
2023-07-30,40.0,20.0,24.0,17.0, , 
2023-07-31,41.0,18.0,27.0,12.0, , 
2023-04-01,27.0,19.0,25.0,12.0, , 
2023-04-02,46.0,23.0,30.0,26.0, , 
2023-04-03,49.0,25.0,32.0,30.0, , 
2023-04-04,55.0,38.0,32.0,31.0, , 
2023-04-05,67.0,32.0,34.0,28.0, , 
2023-04-06,51.0,25.0,31.0,21.0, , 
2023-04-07,42.0,27.0,34.0,27.0, , 
2023-04-08,54.0,31.0,38.0,28.0, , 
2023-04-09,65.0,23.0,33.0,22.0, , 
2023-04-10,44.0,22.0,31.0,18.0, , 
2023-04-11,35.0,15.0,36.0,18.0, , 
2023-04-12,26.0,25.0,33.0,19.0, , 
2023-04-13,34.0,22.0,24.0,27.0, , 
2023-04-14,40.0,18.0,24.0,18.0, , 
2023-04-15,38.0,23.0,36.0,18.0, , 
2023-04-16,49.0,33.0,22.0,23.0, , 
2023-04-17,69.0,42.0,33.0,23.0, , 
2023-04-18,93.0,25.0,31.0,15.0, , 
2023-04-19,58.0,32.0,33.0,22.0, , 
2023-04-20,56.0,29.0,33.0,32.0, , 
2023-04-21,61.0,29.0,34.0,30.0, , 
2023-04-22,66.0,19.0,36.0,24.0, , 
2023-04-23,41.0,22.0,37.0,52.0, , 
2023-04-24,43.0,27.0,31.0,58.0, , 
2023-04-25,49.0,33.0,34.0,34.0, , 
2023-04-26,59.0,28.0,33.0,33.0, , 
2023-04-27,53.0,20.0,26.0,18.0, , 
2023-04-28,32.0,23.0,28.0,19.0, , 
2023-04-29,56.0,30.0,32.0,30.0, , 
2023-04-30,66.0,31.0,30.0,17.0, , 
2023-05-01,66.0,30.0,29.0,21.0, , 
2023-05-02,54.0,33.0,37.0,26.0, , 
2023-05-03,56.0,32.0,38.0,29.0, , 
2023-05-04,52.0,27.0,34.0,26.0, , 
2023-05-05,42.0,28.0,32.0,28.0, , 
2023-05-06,54.0,21.0,27.0,27.0, , 
2023-05-07,46.0,21.0,26.0,16.0, , 
2023-05-08,45.0,18.0,27.0,26.0, , 
2023-05-09,34.0,26.0,28.0,21.0, , 
2023-05-10,41.0,27.0,25.0,20.0, , 
2023-05-11,44.0,22.0,24.0,22.0, , 
2023-05-12,35.0,43.0,42.0,20.0, , 
2023-05-13,69.0,39.0,37.0,15.0, , 
2023-05-14,72.0,29.0,28.0,18.0, , 
2023-05-15,63.0,38.0,29.0,15.0, , 
2023-05-16,38.0,18.0,33.0,22.0, , 
2023-05-17,47.0,24.0,39.0,21.0, , 
2023-05-18,50.0,31.0,41.0,22.0, , 
2023-05-19,59.0,38.0,39.0,19.0, , 
2023-05-20,66.0,34.0,37.0,14.0, , 
2023-05-21,64.0,36.0,35.0,17.0, , 
2023-05-22,67.0,39.0,34.0,19.0, , 
2023-05-23,64.0,39.0,35.0,23.0, , 
2023-05-24,57.0,40.0,39.0,26.0, , 
2023-05-25,67.0,45.0,38.0,22.0, , 
2023-05-26,66.0,39.0,40.0,26.0, , 
2023-05-27,68.0,41.0,49.0,23.0, , 
2023-05-28,95.0,40.0,38.0,16.0, , 
2023-05-29,73.0,42.0,40.0,22.0, , 
2023-05-30,78.0,37.0,45.0,16.0, , 
2023-05-31,53.0,45.0,47.0,21.0, , 
2023-06-01,67.0,27.0,38.0,19.0, , 
2023-06-02,60.0,26.0,41.0,21.0, , 
2023-06-03,68.0,33.0,44.0,21.0, , 
2023-06-04,58.0,41.0,46.0,21.0, , 
2023-06-05,67.0,41.0,49.0,23.0, , 
2023-06-06,88.0,39.0,55.0,25.0, , 
2023-06-07,74.0,39.0,56.0,22.0, , 
2023-06-08,80.0,39.0,58.0,24.0, , 
2023-06-09,98.0,31.0,41.0,22.0, , 
2023-06-10,73.0,31.0,36.0,20.0, , 
2023-06-11,86.0,34.0,37.0,18.0, , 
2023-06-12,64.0,41.0,54.0,22.0, , 
2023-06-13,71.0,34.0,60.0,39.0, , 
2023-06-14,69.0,33.0,65.0,34.0, , 
2023-06-15,69.0,31.0,73.0,44.0, , 
2023-06-16,73.0,32.0,56.0,28.0, , 
2023-06-17,77.0,38.0,38.0,28.0, , 
2023-06-18,72.0,35.0,33.0,26.0, , 
2023-06-19,74.0,37.0,38.0,28.0, , 
2023-06-20,60.0,31.0,48.0,29.0, , 
2023-06-21,57.0,28.0,31.0,27.0, , 
2023-06-22,70.0,31.0,52.0,28.0, , 
2023-06-23,61.0,30.0,62.0,29.0, , 
2023-06-24,61.0,29.0,67.0,28.0, , 
2023-06-25,57.0,25.0,38.0,12.0, , 
2023-06-26,48.0,27.0,39.0,16.0, , 
2023-06-27,57.0,28.0,42.0,17.0, , 
2023-06-28,63.0,39.0,28.0,9.0, , 
2023-06-29,99.0,22.0,37.0,11.0, , 
2023-06-30,54.0,25.0,37.0,13.0, , 
2023-01-02,36.0,24.0,18.0,25.0, , 
2023-01-03,50.0,11.0,25.0,14.0, , 
2023-01-04,29.0,11.0,24.0,17.0, , 
2023-01-05,23.0,15.0,24.0,20.0, , 
2023-01-06,35.0,15.0,20.0,20.0, , 
2023-01-07,43.0,13.0,27.0,16.0, , 
2023-01-08,34.0,15.0,27.0,16.0, , 
2023-01-09,31.0,20.0,21.0,25.0, , 
2023-01-10,44.0,13.0,22.0,13.0, , 
2023-01-11,20.0,17.0,27.0,15.0, , 
2023-01-12,31.0,19.0,29.0,17.0, , 
2023-01-13,34.0,14.0,26.0,16.0, , 
2023-01-14,33.0,12.0,29.0,12.0, , 
2023-01-15,29.0,12.0,28.0,18.0, , 
2023-01-16,26.0,24.0,11.0,30.0, , 
2023-01-17,57.0,24.0,18.0,24.0, , 
2023-01-18,53.0,21.0,15.0,23.0, , 
2023-01-19,54.0,24.0,14.0,23.0, , 
2023-01-20,55.0,28.0,13.0,21.0, , 
2023-01-21,71.0,28.0,14.0,17.0, , 
2023-01-22,72.0,28.0,9.0,18.0, , 
2023-01-23,71.0,36.0,8.0,21.0, , 
2023-01-24,72.0,37.0,6.0,21.0, , 
2023-01-25,91.0,38.0,17.0,26.0, , 
2023-01-26,94.0,28.0,20.0,24.0, , 
2023-01-27,51.0,26.0,16.0,20.0, , 
2023-01-28,66.0,37.0,21.0,28.0, , 
2023-01-29,82.0,35.72345323306345,15.0,24.0, , 
2023-01-30,56.0,31.819487117396502,19.0,28.0, , 
2023-01-31,59.0,28.947665400278634,24.0,21.0, , 
2023-02-01,46.0,25.0,25.0,22.0, , 
2023-02-02,38.0,19.0,25.0,19.0, , 
2023-02-03,29.0,22.0,17.0,21.0, , 
2023-02-04,49.0,23.0,25.0,17.0, , 
2023-02-05,42.0,36.0,16.0,23.0, , 
2023-02-06,58.0,39.0,13.0,25.0, , 
2023-02-07,66.0,45.0,11.0,31.0, , 
2023-02-08,81.0,66.0,5.0,40.0, , 
2023-02-09,137.0,65.0,15.0,36.0, , 
2023-02-10,120.0,49.0,20.0,34.0, , 
2023-02-11,77.0,28.0,20.0,26.0, , 
2023-02-12,33.0,54.0,9.0,34.0, , 
2023-02-13,83.0,68.0,6.0,41.0, , 
2023-02-14,129.0,73.0,5.0,41.0, , 
2023-02-15,150.0,44.0,22.0,30.0, , 
2023-02-16,81.0,20.0,18.0,19.0, , 
2023-02-17,41.0,16.0,28.0,14.0, , 
2023-02-18,31.0,22.0,28.0,16.0, , 
2023-02-19,42.0,42.0,12.0,30.0, , 
2023-02-20,74.0,60.0,5.0,39.0, , 
2023-02-21,113.0,41.0,8.0,22.0, , 
2023-02-22,82.0,31.0,16.0,21.0, , 
2023-02-23,61.0,37.0,21.0,22.0, , 
2023-02-24,74.0,25.0,27.0,15.0, , 
2023-02-25,45.0,25.0,27.0,8.0, , 
2023-02-26,46.0,27.0,24.0,11.0, , 
2023-02-27,46.0,31.0,22.0,20.0, , 
2023-02-28,65.0,37.0,21.0,24.0, , 
2023-03-01,79.0,49.0,15.0,25.0, , 
2023-03-02,104.0,46.0,14.0,21.0, , 
2023-03-03,99.0,35.0,22.0,26.0, , 
2023-03-04,74.0,24.0,22.0,23.0, , 
2023-03-05,60.0,28.0,23.0,19.0, , 
2023-03-06,64.0,26.0,28.0,18.0, , 
2023-03-07,51.0,15.0,31.0,24.0, , 
2023-03-08,39.0,15.0,31.0,16.0, , 
2023-03-09,40.0,14.0,29.0,14.0, , 
2023-03-10,35.0,23.0,26.0,23.0, , 
2023-03-11,53.0,19.0,30.0,17.0, , 
2023-03-12,48.0,17.0,34.0,12.0, , 
2023-03-13,41.0,15.0,30.0,17.0, , 
2023-03-14,29.0,22.0,28.0,33.0, , 
2023-03-15,34.0,26.0,27.0,36.0, , 
2023-03-16,48.0,37.0,27.0,32.0, , 
2023-03-17,59.0,19.0,31.0,22.0, , 
2023-03-18,39.0,18.0,28.0,17.0, , 
2023-03-19,22.0,36.0,30.0,33.0, , 
2023-03-20,42.0,26.0,28.0,27.0, , 
2023-03-21,45.0,23.0,27.0,20.0, , 
2023-03-22,43.0,44.0,32.0,15.0, , 
2023-03-23,48.0,34.0,33.0,16.0, , 
2023-03-24,52.0,21.0,33.0,12.0, , 
2023-03-25,32.0,16.0,35.0,11.0, , 
2023-03-26,32.0,16.0,30.0,18.0, , 
2023-03-27,35.0,26.0,29.0,34.0, , 
2023-03-28,53.0,34.0,30.0,29.0, , 
2023-03-29,55.0,26.0,34.0,20.0, , 
2023-03-30,40.0,22.0,32.0,15.0, , 
2023-03-31,39.0,14.0,31.0,10.0, , 
2022-10-01,31.0,16.0,23.0,19.0, , 
2022-10-02,34.0,24.0,16.0,26.0, , 
2022-10-03,55.0,38.0,18.0,31.0, , 
2022-10-04,70.0,33.0,29.0,22.0, , 
2022-10-05,53.0,33.0,23.0,21.0, , 
2022-10-06,49.0,43.0,25.0,31.0, , 
2022-10-07,68.0,25.0,19.0,20.0, , 
2022-10-08,48.0,32.0,25.0,26.0, , 
2022-10-09,57.0,43.0,18.0,25.0, , 
2022-10-10,64.0,32.0,13.0,26.0, , 
2022-10-11,53.0,44.0,18.0,32.0, , 
2022-10-12,68.0,33.0,17.0,29.0, , 
2022-10-13,65.0,14.0,17.0,24.0, , 
2022-10-14,42.0,13.0,24.0,19.0, , 
2022-10-15,38.0,20.0,19.0,23.0, , 
2022-10-16,31.0,31.0,11.0,27.0, , 
2022-10-17,62.0,25.0,16.0,28.0, , 
2022-10-18,57.0,28.0,14.0,20.0, , 
2022-10-19,53.0,30.0,20.0,27.0, , 
2022-10-20,60.0,29.0,21.0,29.0, , 
2022-10-21,56.0,30.0,21.0,28.0, , 
2022-10-22,57.0,27.0,22.0,22.0, , 
2022-10-23,52.0,25.0,27.0,18.0, , 
2022-10-24,42.0,33.0,20.0,25.0, , 
2022-10-25,51.0,30.0,22.0,27.0, , 
2022-10-26,51.0,42.0,10.0,27.0, , 
2022-10-27,58.0,45.0,15.0,28.0, , 
2022-10-28,72.0,48.0,10.0,30.0, , 
2022-10-29,76.0,35.0,20.0,23.0, , 
2022-10-30,61.0,37.0,21.0,27.0, , 
2022-10-31,68.0,26.0,27.0,16.0, , 
2022-11-01,46.0,29.0,23.0,23.0, , 
2022-11-02,51.0,23.0,19.0,27.0, , 
2022-11-03,48.0,20.0,21.0,19.0, , 
2022-11-04,36.0,28.0,18.0,25.0, , 
2022-11-05,57.0,21.0,19.0,22.0, , 
2022-11-06,54.0,24.0,23.0,21.0, , 
2022-11-07,42.0,27.0,22.0,29.0, , 
2022-11-08,49.0,24.0,21.0,24.0, , 
2022-11-09,41.0,34.0,15.0,28.0, , 
2022-11-10,63.0,24.0,15.0,20.0, , 
2022-11-11,53.0,39.0,2.0,22.0, , 
2022-11-12,77.0,34.0,3.0,20.0, , 
2022-11-13,77.0,28.0,12.0,19.0, , 
2022-11-14,62.0,20.0,17.0,25.0, , 
2022-11-15,47.0,20.0,21.0,25.0, , 
2022-11-16,44.0,19.0,26.0,18.0, , 
2022-11-17,36.0,20.0,21.0,21.0, , 
2022-11-18,40.0,19.0,17.0,20.0, , 
2022-11-19,40.0,18.0,18.0,23.0, , 
2022-11-20,48.0,25.0,22.0,23.0, , 
2022-11-21,41.0,18.0,22.0,19.0, , 
2022-11-22,30.0,23.0,19.0,26.0, , 
2022-11-23,52.0,30.0,22.0,25.0, , 
2022-11-24,52.0,27.0,17.0,30.0, , 
2022-11-25,56.0,34.0,12.0,26.0, , 
2022-11-26,80.0,14.0,9.0,22.0, , 
2022-11-27,63.0,13.0,18.0,10.0, , 
2022-11-28,51.0,28.0,13.0,23.0, , 
2022-11-29,73.0,30.0,9.0,25.0, , 
2022-11-30,61.0,31.0,5.0,18.0, , 
2022-12-01,78.0,37.0,4.0,18.0, , 
2022-12-02,93.0,24.0,3.0,17.0, , 
2022-12-03,68.0,30.0,5.0,17.0, , 
2022-12-04,79.0,29.0,1.0,16.0, , 
2022-12-05,77.0,34.0,24.59734221904655,17.0, , 
2022-12-06,81.0,38.0,4.0,24.0, , 
2022-12-07,76.0,42.0,4.0,27.0, , 
2022-12-08,80.0,36.0,7.0,26.0, , 
2022-12-09,77.0,33.0,11.0,24.0, , 
2022-12-10,73.0,30.0,12.0,22.0, , 
2022-12-11,62.0,38.0,10.0,22.0, , 
2022-12-12,78.0,44.0,6.0,28.0, , 
2022-12-13,80.0,52.0,3.0,23.0, , 
2022-12-14,91.0,51.0,3.0,28.0, , 
2022-12-15,100.0,39.0,6.0,29.0, , 
2022-12-16,85.0,41.0,10.0,31.0, , 
2022-12-17,92.0,42.0,4.0,23.0, , 
2022-12-18,94.0,28.0,14.0,29.0, , 
2022-12-19,59.0,23.0,13.0,30.0, , 
2022-12-20,54.0,18.0,15.0,25.0, , 
2022-12-21,43.0,20.0,25.0,18.0, , 
2022-12-22,42.0,13.0,22.0,20.0, , 
2022-12-23,31.0,23.0,21.0,28.0, , 
2022-12-24,51.0,16.0,15.0,21.0, , 
2022-12-25,55.0,15.0,23.0,20.0, , 
2022-12-26,38.0,22.0,19.0,28.0, , 
2022-12-27,56.0,11.0,23.0,17.0, , 
2022-12-28,37.0,19.0,28.0,19.0, , 
2022-12-29,38.0,15.0,20.0,21.0, , 
2022-12-30,40.0,18.0,20.0,12.0, , 
2022-12-31,37.0,22.0,20.0,18.0, , 
2023-01-01,54.0,15.0,23.0,21.0, , 
2022-07-01,31.0,27.0,38.0,29.0, , 
2022-07-02,43.0,49.0,30.0,13.0, , 
2022-07-03,29.0,32.0,37.0,17.0, , 
2022-07-04,34.0,35.0,36.0,15.0, , 
2022-07-05,36.0,41.0,33.0,18.0, , 
2022-07-06,40.0,38.0,21.0,10.0, , 
2022-07-07,36.0,50.0,35.0,7.0, , 
2022-07-08,36.0,48.0,41.0,16.0, , 
2022-07-09,47.0,41.0,26.0,17.0, , 
2022-07-10,37.0,21.0,20.0,23.0, , 
2022-07-11,39.0,28.0,51.0,38.0, , 
2022-07-12,51.0,41.0,54.0,39.0, , 
2022-07-13,59.0,32.0,48.0,17.0, , 
2022-07-14,57.0,25.0,36.0,21.0, , 
2022-07-15,39.0,28.0,47.0,7.0, , 
2022-07-16,52.0,24.0,46.0,8.0, , 
2022-07-17,44.0,35.0,72.0,25.0, , 
2022-07-18,63.0,52.0,59.0,48.0, , 
2022-07-19,78.0,37.0,35.0,22.0, , 
2022-07-20,76.0,28.0,39.0,19.0, , 
2022-07-21,54.0,38.0,29.0,23.0, , 
2022-07-22,64.0,36.0,42.0,18.0, , 
2022-07-23,66.0,29.0,45.0,24.0, , 
2022-07-24,56.0,26.0,27.0,18.0, , 
2022-07-25,43.0,22.0,31.0,14.0, , 
2022-07-26,35.0,23.0,35.0,24.0, , 
2022-07-27,38.0,24.0,43.0,26.0, , 
2022-07-28,43.0,29.0,48.0,32.0, , 
2022-07-29,51.0,26.0,48.0,22.0, , 
2022-07-30,48.0,15.0,25.0,9.0, , 
2022-07-31,31.0,19.0,26.0,12.0, , 
2022-08-01,33.0,24.0,39.0,22.0, , 
2022-08-02,43.0,30.0,54.0,34.0, , 
2022-08-03,54.0,27.0,27.0,15.0, , 
2022-08-04,41.0,28.0,38.0,15.0, , 
2022-08-05,41.0,19.0,34.0,21.0, , 
2022-08-06,31.0,19.0,42.0,22.0, , 
2022-08-07,36.0,26.0,46.0,24.0, , 
2022-08-08,43.0,38.0,56.0,25.0, , 
2022-08-09,48.0,35.0,52.0,30.0, , 
2022-08-10,52.0,38.0,56.0,39.0, , 
2022-08-11,58.0,37.0,57.0,38.0, , 
2022-08-12,59.0,22.0,46.0,28.0, , 
2022-08-13,45.0,23.0,41.0,19.0, , 
2022-08-14,51.0,22.0,45.0,16.0, , 
2022-08-15,53.0,35.0,42.0,35.0, , 
2022-08-16,62.0,29.0,34.0,28.0, , 
2022-08-17,59.0,31.0,44.0,23.0, , 
2022-08-18,62.0,21.0,33.0,11.0, , 
2022-08-19,40.0,18.0,26.32179320550808,9.0, , 
2022-08-20,40.0,21.0,27.705398882603987,21.0, , 
2022-08-21,47.0,21.0,26.56077096830206,18.0, , 
2022-08-22,40.0,24.0,29.0,24.0, , 
2022-08-23,46.0,25.0,40.0,33.0, , 
2022-08-24,46.0,36.0,51.0,32.0, , 
2022-08-25,54.0,22.0,34.0,15.0, , 
2022-08-26,38.0,20.0,37.0,21.0, , 
2022-08-27,41.0,24.0,37.0,23.0, , 
2022-08-28,47.0,28.0,44.0,27.0, , 
2022-08-29,47.0,29.0,46.0,25.0, , 
2022-08-30,53.0,30.0,49.0,22.0, , 
2022-08-31,54.0,30.0,43.0,34.0, , 
2022-09-01,56.0,32.0,37.0,35.0, , 
2022-09-02,56.0,24.0,28.0,25.0, , 
2022-09-03,47.0,32.0,39.0,31.0, , 
2022-09-04,53.0,25.0,42.0,31.0, , 
2022-09-05,45.0,27.0,33.0,28.0, , 
2022-09-06,46.0,28.0,26.0,29.0, , 
2022-09-07,49.0,23.0,28.0,22.0, , 
2022-09-08,43.0,22.0,24.0,20.0, , 
2022-09-09,39.0,17.0,24.0,17.0, , 
2022-09-10,33.0,23.0,32.0,24.0, , 
2022-09-11,55.0,24.0,34.0,32.0, , 
2022-09-12,49.0,38.0,26.0,37.0, , 
2022-09-13,55.0,27.0,30.0,24.0, , 
2022-09-14,45.0,22.0,33.0,17.0, , 
2022-09-15,42.0,23.0,24.0,17.0, , 
2022-09-16,36.0,19.0,25.0,14.0, , 
2022-09-17,29.0,20.0,28.0,16.0, , 
2022-09-18,32.0,23.0,29.21875547565513,23.0, , 
2022-09-19,36.0,30.0,19.0,29.0, , 
2022-09-20,52.0,33.0,28.0,30.0, , 
2022-09-21,53.0,39.0,28.0,38.0, , 
2022-09-22,54.0,51.0,23.0,46.0, , 
2022-09-23,76.0,23.0,25.0,28.0, , 
2022-09-24,51.0,19.0,24.0,16.0, , 
2022-09-25,35.0,19.0,22.0,18.0, , 
2022-09-26,30.0,22.0,24.0,19.0, , 
2022-09-27,38.0,18.0,20.0,19.0, , 
2022-09-28,32.0,26.0,14.0,27.0, , 
2022-09-29,49.0,34.0,27.0,28.0, , 
2022-09-30,66.0,20.0,27.0,20.0, , 
2022-04-01,39.0,24.0,33.0,20.0, , 
2022-04-02,46.0,28.0,35.0,21.0, , 
2022-04-03,54.0,26.0,35.0,27.0, , 
2022-04-04,46.0,20.0,21.0,22.0, , 
2022-04-05,43.0,22.0,28.0,20.0, , 
2022-04-06,36.0,26.0,32.0,16.0, , 
2022-04-07,29.0,17.0,28.0,25.0, , 
2022-04-08,35.0,18.0,31.0,23.0, , 
2022-04-09,39.0,34.0,35.0,32.0, , 
2022-04-10,63.0,27.0,35.0,20.0, , 
2022-04-11,45.0,31.0,34.0,20.0, , 
2022-04-12,43.0,25.0,28.0,34.0, , 
2022-04-13,52.0,35.0,32.0,31.0, , 
2022-04-14,63.0,33.0,36.0,29.0, , 
2022-04-15,57.0,44.0,36.0,26.0, , 
2022-04-16,63.0,40.0,35.0,31.0, , 
2022-04-17,43.0,36.0,38.0,28.0, , 
2022-04-18,40.0,36.0,35.0,18.0, , 
2022-04-19,46.0,59.0,38.0,27.0, , 
2022-04-20,65.0,53.0,41.0,37.0, , 
2022-04-21,50.0,47.0,38.0,30.0, , 
2022-04-22,49.0,43.0,31.0,27.0, , 
2022-04-23,60.0,37.0,38.0,20.0, , 
2022-04-24,62.0,39.0,36.0,16.0, , 
2022-04-25,61.0,44.0,30.0,23.0, , 
2022-04-26,73.0,46.0,38.0,26.0, , 
2022-04-27,63.0,52.0,41.0,33.0, , 
2022-04-28,68.0,52.0,39.0,25.0, , 
2022-04-29,73.0,64.0,37.0,19.0, , 
2022-04-30,60.0,51.0,38.0,23.0, , 
2022-05-01,56.0,55.0,39.0,26.0, , 
2022-05-02,72.0,53.0,40.0,22.0, , 
2022-05-03,70.0,47.0,31.0,19.0, , 
2022-05-04,66.0,37.0,31.0,18.0, , 
2022-05-05,48.0,41.0,37.0,20.0, , 
2022-05-06,57.0,46.0,29.0,20.0, , 
2022-05-07,53.0,35.0,29.0,18.0, , 
2022-05-08,76.0,43.0,47.0,32.0, , 
2022-05-09,64.0,60.0,44.0,38.0, , 
2022-05-10,65.0,52.0,31.0,28.0, , 
2022-05-11,52.0,33.0,32.0,20.0, , 
2022-05-12,41.0,31.0,35.0,19.0, , 
2022-05-13,37.0,45.0,41.0,34.0, , 
2022-05-14,50.0,61.0,40.0,30.0, , 
2022-05-15,54.0,36.0,36.0,24.0, , 
2022-05-16,48.0,40.0,39.0,39.0, , 
2022-05-17,54.0,36.0,34.0,27.0, , 
2022-05-18,45.0,51.0,36.0,26.0, , 
2022-05-19,60.0,39.0,33.0,27.0, , 
2022-05-20,54.0,32.0,41.0,29.0, , 
2022-05-21,48.0,32.0,32.0,31.0, , 
2022-05-22,51.0,28.0,25.0,25.0, , 
2022-05-23,46.0,31.0,29.0,16.0, , 
2022-05-24,31.0,23.0,29.0,24.0, , 
2022-05-25,39.0,11.0,28.0,13.0, , 
2022-05-26,21.0,23.0,32.0,15.0, , 
2022-05-27,33.0,46.0,36.0,19.0, , 
2022-05-28,50.0,31.0,34.0,19.0, , 
2022-05-29,38.0,30.0,34.0,27.0, , 
2022-05-30,44.0,36.0,39.0,30.0, , 
2022-05-31,44.0,30.0,37.0,24.0, , 
2022-06-01,46.0,43.0,41.0,33.0, , 
2022-06-02,44.0,39.0,26.0,41.0, , 
2022-06-03,55.0,39.0,36.0,30.0, , 
2022-06-04,57.0,24.0,28.0,17.0, , 
2022-06-05,46.0,17.0,31.0,14.0, , 
2022-06-06,27.0,18.0,27.0,22.0, , 
2022-06-07,35.0,26.0,25.0,20.0, , 
2022-06-08,35.0,24.0,27.0,17.0, , 
2022-06-09,36.0,26.0,24.0,23.0, , 
2022-06-10,40.0,24.0,30.0,17.0, , 
2022-06-11,40.0,24.0,34.0,13.0, , 
2022-06-12,34.0,34.0,37.0,17.0, , 
2022-06-13,41.0,37.0,47.0,36.0, , 
2022-06-14,49.0,39.0,67.0,34.0, , 
2022-06-15,57.0,47.0,65.0,40.0, , 
2022-06-16,56.0,43.0,68.0,42.0, , 
2022-06-17,60.0,56.0,53.0,44.0, , 
2022-06-18,71.0,57.0,32.0,17.0, , 
2022-06-19,63.0,31.0,32.0,19.0, , 
2022-06-20,57.0,43.0,42.0,30.0, , 
2022-06-21,57.0,36.0,40.0,29.0, , 
2022-06-22,64.0,30.0,41.0,30.0, , 
2022-06-23,53.0,28.0,33.0,21.0, , 
2022-06-24,35.0,20.0,29.0,21.0, , 
2022-06-25,36.0,28.0,31.0,23.0, , 
2022-06-26,38.0,27.0,30.0,22.0, , 
2022-06-27,38.0,29.0,41.0,29.0, , 
2022-06-28,38.0,33.0,32.0,26.0, , 
2022-06-29,44.0,20.0,20.0,20.0, , 
2022-06-30,37.0,19.0,28.0,20.0, , 
2022-01-03,38.0,12.0,24.0,23.0, , 
2022-01-04,26.0,22.0,19.0,19.0, , 
2022-01-05,37.0,31.0,17.0,25.0, , 
2022-01-06,58.0,18.0,25.0,22.0, , 
2022-01-07,40.0,14.0,31.0,28.0, , 
2022-01-08,37.0,16.0,28.0,22.0, , 
2022-01-09,34.0,33.0,17.0,36.0, , 
2022-01-10,76.0,40.0,13.0,30.0, , 
2022-01-11,80.0,52.0,2.0,35.0, , 
2022-01-12,104.0,37.0,2.0,25.0, , 
2022-01-13,65.0,54.0,3.0,37.0, , 
2022-01-14,104.0,67.0,2.0,35.0, , 
2022-01-15,64.5097971101554,35.0,8.0,24.0, , 
2022-01-16,87.0,38.0,9.0,28.0, , 
2022-01-17,77.0,43.0,15.0,31.0, , 
2022-01-18,65.0,34.0,11.0,25.0, , 
2022-01-19,68.0,26.0,23.0,23.0, , 
2022-01-20,50.0,30.0,19.0,26.0, , 
2022-01-21,47.0,30.0,21.0,23.0, , 
2022-01-22,61.0,28.0,21.0,21.0, , 
2022-01-23,65.0,43.0,11.0,32.0, , 
2022-01-24,86.0,54.0,27.546693276042607,30.0, , 
2022-01-25,120.0,50.0,13.0,28.0, , 
2022-01-26,108.0,42.0,9.0,26.0, , 
2022-01-27,93.0,22.0,16.0,26.0, , 
2022-01-28,66.0,15.0,23.207755812589053,19.0, , 
2022-01-29,52.0,25.0,26.0,21.0, , 
2022-01-30,45.0,25.0,26.0,16.0, , 
2022-01-31,38.0,20.0,23.0,18.0, , 
2022-02-01,36.0,19.0,20.0,13.0, , 
2022-02-02,25.0,24.0,25.0,22.0, , 
2022-02-03,43.0,18.0,26.0,20.0, , 
2022-02-04,41.0,27.0,22.0,34.0, , 
2022-02-05,57.0,14.0,30.0,15.0, , 
2022-02-06,35.0,26.0,26.0,20.0, , 
2022-02-07,39.0,36.0,18.0,32.0, , 
2022-02-08,73.0,41.0,8.0,38.0, , 
2022-02-09,68.0,28.0,24.0,23.0, , 
2022-02-10,64.0,27.0,21.0,25.0, , 
2022-02-11,52.0,37.0,20.0,33.0, , 
2022-02-12,66.0,42.0,23.0,28.0, , 
2022-02-13,62.0,25.0,27.0,24.0, , 
2022-02-14,31.0,21.0,27.0,25.0, , 
2022-02-15,34.0,9.0,27.0,28.0, , 
2022-02-16,19.0,33.0,30.0,29.0, , 
2022-02-17,47.0,19.0,30.0,26.0, , 
2022-02-18,38.0,22.0,28.0,17.0, , 
2022-02-19,36.0,24.0,33.0,15.0, , 
2022-02-20,36.0,28.0,31.0,16.0, , 
2022-02-21,46.0,33.0,30.0,22.0, , 
2022-02-22,52.0,31.0,30.0,30.0, , 
2022-02-23,54.0,25.0,28.0,26.0, , 
2022-02-24,40.0,25.0,28.0,20.0, , 
2022-02-25,34.0,34.0,29.0,32.0, , 
2022-02-26,60.0,28.0,27.0,27.0, , 
2022-02-27,55.0,34.0,23.0,37.0, , 
2022-02-28,62.0,57.0,22.0,43.0, , 
2022-03-01,91.0,38.0,15.0,35.0, , 
2022-03-02,96.0,47.0,17.0,35.0, , 
2022-03-03,109.0,57.0,14.0,33.0, , 
2022-03-04,112.0,46.0,23.0,26.0, , 
2022-03-05,94.0,57.0,29.0,23.0, , 
2022-03-06,118.0,42.0,24.0,23.0, , 
2022-03-07,90.0,50.0,26.0,40.0, , 
2022-03-08,105.0,48.0,27.0,39.0, , 
2022-03-09,90.0,44.0,31.0,40.0, , 
2022-03-10,72.0,30.0,23.0,35.0, , 
2022-03-11,52.0,21.0,25.0,30.0, , 
2022-03-12,47.0,16.0,28.0,27.0, , 
2022-03-13,42.0,28.0,29.0,31.0, , 
2022-03-14,51.0,27.0,20.0,34.0, , 
2022-03-15,58.0,45.0,20.0,27.0, , 
2022-03-16,66.0,25.0,24.0,20.0, , 
2022-03-17,43.0,34.0,30.0,25.0, , 
2022-03-18,66.0,44.0,37.0,26.0, , 
2022-03-19,75.0,35.0,29.0,25.0, , 
2022-03-20,61.0,46.0,34.0,32.0, , 
2022-03-21,84.0,47.0,39.0,41.0, , 
2022-03-22,76.0,56.0,43.0,48.0, , 
2022-03-23,86.0,58.0,42.0,50.0, , 
2022-03-24,93.0,64.0,51.0,42.0, , 
2022-03-25,124.0,67.0,48.0,33.0, , 
2022-03-26,98.0,63.0,42.0,35.0, , 
2022-03-27,88.0,62.0,42.0,42.0, , 
2022-03-28,105.0,52.0,26.0,39.0, , 
2022-03-29,85.0,53.0,22.0,31.0, , 
2022-03-30,118.0,32.0,28.0,19.0, , 
2022-03-31,69.0,15.0,28.0,18.0, , 
2021-10-01,47.0,20.0,21.0,25.0, , 
2021-10-02,41.0,17.0,27.0,20.0, , 
2021-10-03,39.0,26.0,25.0,30.0, , 
2021-10-04,42.0,19.0,28.0,23.0, , 
2021-10-05,26.0,21.0,26.0,16.0, , 
2021-10-06,25.0,34.0,19.0,33.0, , 
2021-10-07,53.0,26.0,21.0,28.0, , 
2021-10-08,50.0,34.0,9.0,33.0, , 
2021-10-09,73.0,43.0,26.0,25.0, , 
2021-10-10,78.0,31.0,21.0,22.0, , 
2021-10-11,55.0,31.0,16.0,23.0, , 
2021-10-12,36.0,30.0,24.0,31.0, , 
2021-10-13,44.0,47.0,20.0,38.0, , 
2021-10-14,81.0,47.0,18.0,39.0, , 
2021-10-15,81.0,29.0,15.0,35.0, , 
2021-10-16,60.0,43.0,25.0,34.0, , 
2021-10-17,64.0,35.0,9.0,30.0, , 
2021-10-18,64.0,29.0,21.0,35.0, , 
2021-10-19,50.0,26.0,31.0,24.0, , 
2021-10-20,45.0,31.0,32.0,19.0, , 
2021-10-21,30.0,31.0,18.0,28.0, , 
2021-10-22,45.0,30.0,17.0,32.0, , 
2021-10-23,54.0,32.0,18.0,29.0, , 
2021-10-24,61.0,36.0,12.0,30.0, , 
2021-10-25,64.0,24.0,20.0,25.0, , 
2021-10-26,45.0,36.0,13.0,31.0, , 
2021-10-27,61.0,35.0,18.0,34.0, , 
2021-10-28,58.0,29.0,17.0,35.0, , 
2021-10-29,57.0,20.0,26.083504728166858,31.0, , 
2021-10-30,48.0,19.0,19.0,24.0, , 
2021-10-31,42.0,17.0,25.0,20.0, , 
2021-11-01,30.0,22.0,21.0,27.0, , 
2021-11-02,29.0,18.0,21.0,21.0, , 
2021-11-03,44.0,16.0,16.0,21.0, , 
2021-11-04,30.0,20.0,21.0,19.0, , 
2021-11-05,30.0,31.0,11.0,31.0, , 
2021-11-06,73.0,24.0,21.0,20.0, , 
2021-11-07,45.0,34.0,21.0,27.0, , 
2021-11-08,57.0,49.0,14.0,39.0, , 
2021-11-09,93.0,55.0,2.0,37.0, , 
2021-11-10,123.0,56.0,3.0,35.0, , 
2021-11-11,117.0,44.0,12.0,27.0, , 
2021-11-12,90.0,19.0,15.0,21.0, , 
2021-11-13,35.0,20.0,14.0,21.0, , 
2021-11-14,48.0,28.0,6.0,18.0, , 
2021-11-15,69.0,30.0,6.0,23.0, , 
2021-11-16,61.0,34.0,13.0,28.0, , 
2021-11-17,66.0,43.0,5.0,32.0, , 
2021-11-18,77.0,42.0,2.0,36.0, , 
2021-11-19,74.0,23.0,13.0,28.0, , 
2021-11-20,53.0,21.0,14.0,22.0, , 
2021-11-21,46.0,23.0,16.0,22.0, , 
2021-11-22,43.0,28.0,15.0,26.0, , 
2021-11-23,45.0,31.0,12.0,31.0, , 
2021-11-24,58.0,37.0,12.0,30.0, , 
2021-11-25,79.0,23.0,17.0,26.0, , 
2021-11-26,38.0,12.0,21.0,18.0, , 
2021-11-27,28.0,13.0,22.0,13.0, , 
2021-11-28,16.0,18.130728725948696,30.33806008565825,20.223216465799208, , 
2021-11-29,45.0,21.0,17.0,27.0, , 
2021-11-30,44.0,15.0,22.0,25.0, , 
2021-12-01,27.0,20.0,20.0,21.0, , 
2021-12-02,35.0,26.0,12.0,33.0, , 
2021-12-03,50.0,13.0,25.0,26.0, , 
2021-12-04,28.0,11.0,24.0,22.0, , 
2021-12-05,33.0,16.0,18.0,20.0, , 
2021-12-06,36.0,21.0,23.0,27.0, , 
2021-12-07,43.0,20.0,26.0,26.0, , 
2021-12-08,36.0,29.0,19.0,32.0, , 
2021-12-09,50.0,14.0,22.0,21.0, , 
2021-12-10,28.0,28.0,14.0,30.0, , 
2021-12-11,56.0,24.0,12.0,31.0, , 
2021-12-12,64.0,24.0,12.0,32.0, , 
2021-12-13,55.0,37.0,5.0,34.0, , 
2021-12-14,72.0,38.0,13.0,36.0, , 
2021-12-15,67.0,45.0,2.0,37.0, , 
2021-12-16,84.0,35.0,12.0,30.0, , 
2021-12-17,77.0,31.0,7.0,26.0, , 
2021-12-18,69.0,21.0,11.0,22.0, , 
2021-12-19,56.0,25.0,17.0,25.0, , 
2021-12-20,59.0,41.0,12.0,35.0, , 
2021-12-21,74.0,40.0,7.0,22.0, , 
2021-12-22,89.0,47.0,6.0,20.0, , 
2021-12-23,92.0,27.0,9.0,17.0, , 
2021-12-24,65.0,20.0,11.0,30.0, , 
2021-12-25,73.0,14.0,14.0,27.0, , 
2021-12-26,54.0,21.0,22.0,28.0, , 
2021-12-27,47.0,21.0,27.0,20.0, , 
2021-12-28,37.0,18.0,22.0,25.0, , 
2021-12-29,38.0,16.0,17.0,17.0, , 
2021-12-30,36.0,23.0,12.0,27.0, , 
2021-12-31,51.0,28.0,6.0,24.0, , 
2022-01-01,67.0,21.0,27.0,18.0, , 
2022-01-02,49.0,23.0,27.0,19.0, , 
2021-07-01,53.0,37.0,37.0,38.0, , 
2021-07-02,66.0,26.0,28.0,15.0, , 
2021-07-03,46.0,20.0,20.0,4.0, , 
2021-07-04,30.0,19.0,21.0,6.0, , 
2021-07-05,36.0,24.0,25.0,7.0, , 
2021-07-06,27.0,21.0,24.0,7.0, , 
2021-07-07,30.0,48.0,23.0,10.0, , 
2021-07-08,26.0,44.0,26.0,13.0, , 
2021-07-09,37.0,60.0,21.0,15.0, , 
2021-07-10,36.0,54.0,27.0,8.0, , 
2021-07-11,24.0,25.0,24.0,25.0, , 
2021-07-12,47.0,22.0,16.0,24.0, , 
2021-07-13,54.0,13.0,29.0,11.0, , 
2021-07-14,38.0,19.0,29.0,17.0, , 
2021-07-15,41.0,16.0,28.0,31.0, , 
2021-07-16,42.0,29.0,32.0,20.0, , 
2021-07-17,66.0,22.0,31.0,19.0, , 
2021-07-18,45.0,28.0,35.0,28.0, , 
2021-07-19,54.0,42.0,36.0,25.0, , 
2021-07-20,65.0,50.0,47.0,30.0, , 
2021-07-21,67.0,49.0,45.0,23.0, , 
2021-07-22,60.0,54.0,48.0,22.0, , 
2021-07-23,62.0,27.0,35.0,13.0, , 
2021-07-24,42.0,21.0,33.0,12.0, , 
2021-07-25,43.0,23.0,34.0,24.0, , 
2021-07-26,41.0,26.0,25.0,35.0, , 
2021-07-27,56.0,22.0,29.0,16.0, , 
2021-07-28,34.0,22.0,26.0,17.0, , 
2021-07-29,27.0,31.0,26.0,22.0, , 
2021-07-30,42.0,16.0,28.0,11.0, , 
2021-07-31,28.0,18.0,27.0,11.0, , 
2021-08-01,26.0,17.0,27.0,15.0, , 
2021-08-02,30.0,16.0,29.0,17.0, , 
2021-08-03,30.0,21.0,31.0,19.0, , 
2021-08-04,48.0,28.0,30.0,19.0, , 
2021-08-05,44.0,15.0,26.0,13.0, , 
2021-08-06,21.0,16.0,22.0,15.0, , 
2021-08-07,30.0,19.0,26.0,10.0, , 
2021-08-08,27.0,20.0,25.0,19.0, , 
2021-08-09,34.0,23.0,22.0,19.0, , 
2021-08-10,35.0,17.0,42.0,15.0, , 
2021-08-11,38.0,32.0,43.0,23.0, , 
2021-08-12,55.0,29.0,37.0,15.0, , 
2021-08-13,40.0,27.0,44.0,17.0, , 
2021-08-14,45.0,40.0,42.0,24.0, , 
2021-08-15,56.0,23.0,32.0,7.0, , 
2021-08-16,40.0,26.0,28.0,13.0, , 
2021-08-17,47.0,17.0,26.0,11.0, , 
2021-08-18,30.0,19.0,21.0,14.0, , 
2021-08-19,29.0,31.0,30.0,26.0, , 
2021-08-20,42.0,19.0,30.0,16.0, , 
2021-08-21,41.0,20.0,27.0,8.0, , 
2021-08-22,33.0,25.0,29.0,15.0, , 
2021-08-23,41.0,37.0,34.0,23.0, , 
2021-08-24,51.0,36.0,37.0,19.0, , 
2021-08-25,48.0,28.0,31.0,16.0, , 
2021-08-26,37.0,39.0,31.0,18.0, , 
2021-08-27,43.0,29.0,29.0,11.0, , 
2021-08-28,37.0,34.0,30.0,11.0, , 
2021-08-29,43.0,34.0,35.0,17.0, , 
2021-08-30,51.0,36.0,34.0,25.0, , 
2021-08-31,57.0,31.0,32.0,16.0, , 
2021-09-01,62.0,41.0,40.0,26.0, , 
2021-09-02,66.0,45.0,50.0,39.0, , 
2021-09-03,68.0,46.0,37.0,41.0, , 
2021-09-04,71.0,25.0,41.0,26.0, , 
2021-09-05,59.0,20.0,49.0,14.0, , 
2021-09-06,63.0,45.0,52.0,39.0, , 
2021-09-07,59.0,40.0,45.0,42.0, , 
2021-09-08,65.0,28.0,26.0,22.0, , 
2021-09-09,53.0,22.0,28.0,25.0, , 
2021-09-10,37.0,15.0,28.0,18.0, , 
2021-09-11,30.0,29.0,35.0,26.0, , 
2021-09-12,44.0,31.0,35.0,34.0, , 
2021-09-13,49.0,26.0,26.0,30.0, , 
2021-09-14,55.0,19.0,19.0,28.0, , 
2021-09-15,57.0,21.0,34.0,31.0, , 
2021-09-16,39.0,27.0,35.0,36.0, , 
2021-09-17,62.0,30.0,32.0,21.0, , 
2021-09-18,47.0,33.0,34.0,9.0, , 
2021-09-19,41.0,15.0,25.0,13.0, , 
2021-09-20,27.0,26.0,26.0,13.0, , 
2021-09-21,62.0,30.0,34.0,16.0, , 
2021-09-22,60.0,31.0,40.0,34.0, , 
2021-09-23,53.0,29.0,35.0,48.0, , 
2021-09-24,47.0,33.0,23.0,46.0, , 
2021-09-25,67.0,21.0,29.0,42.0, , 
2021-09-26,58.0,21.0,28.0,38.0, , 
2021-09-27,40.0,30.0,28.0,43.0, , 
2021-09-28,53.0,30.0,26.0,38.0, , 
2021-09-29,20.0,27.0,24.0,32.0, , 
2021-09-30,42.0,29.0,22.0,33.0, , 
2021-04-01,106.0,49.0,28.0,18.0, , 
2021-04-02,70.0,40.0,33.0,19.0, , 
2021-04-03,60.0,45.0,33.0,13.0, , 
2021-04-04,69.0,28.0,29.0,13.0, , 
2021-04-05,59.0,21.0,28.0,19.0, , 
2021-04-06,39.0,19.0,33.0,15.0, , 
2021-04-07,37.0,34.0,32.0,31.0, , 
2021-04-08,53.0,45.0,30.0,35.0, , 
2021-04-09,78.0,19.0,25.0,23.0, , 
2021-04-10,47.0,15.0,29.0,13.0, , 
2021-04-11,42.0,20.0,32.0,19.0, , 
2021-04-12,43.0,26.0,24.0,20.0, , 
2021-04-13,67.0,33.0,33.0,28.0, , 
2021-04-14,64.0,34.0,34.0,24.0, , 
2021-04-15,71.0,44.0,19.0,26.0, , 
2021-04-16,68.0,28.0,33.0,17.0, , 
2021-04-17,73.0,33.0,36.0,18.0, , 
2021-04-18,65.0,42.0,39.0,26.0, , 
2021-04-19,71.0,45.0,42.0,35.0, , 
2021-04-20,76.0,53.0,41.0,29.0, , 
2021-04-21,110.0,55.0,34.0,23.0, , 
2021-04-22,65.0,50.0,42.0,25.0, , 
2021-04-23,56.0,42.0,42.0,23.0, , 
2021-04-24,58.0,61.0,37.0,13.0, , 
2021-04-25,56.0,42.0,39.0,21.0, , 
2021-04-26,51.0,48.0,42.0,30.0, , 
2021-04-27,70.0,49.0,41.0,35.0, , 
2021-04-28,71.0,40.0,39.0,20.0, , 
2021-04-29,76.0,34.0,36.0,25.0, , 
2021-04-30,62.0,27.0,33.0,18.0, , 
2021-05-01,67.0,30.0,38.0,17.0, , 
2021-05-02,63.0,33.0,42.0,27.0, , 
2021-05-03,60.0,38.0,31.0,16.0, , 
2021-05-04,33.0,26.0,30.0,15.0, , 
2021-05-05,35.0,19.0,28.0,29.0, , 
2021-05-06,43.0,19.0,26.0,17.0, , 
2021-05-07,46.0,25.0,25.0,29.0, , 
2021-05-08,53.0,34.0,38.0,26.0, , 
2021-05-09,52.0,24.0,33.0,23.0, , 
2021-05-10,44.0,28.0,32.0,23.0, , 
2021-05-11,45.0,30.0,30.0,30.0, , 
2021-05-12,54.0,19.0,31.0,19.0, , 
2021-05-13,41.0,15.0,31.0,22.0, , 
2021-05-14,32.0,16.0,28.0,19.0, , 
2021-05-15,35.0,19.0,31.0,15.0, , 
2021-05-16,40.0,17.0,28.0,12.0, , 
2021-05-17,23.0,21.0,29.0,19.0, , 
2021-05-18,37.0,23.0,31.0,20.0, , 
2021-05-19,32.0,25.0,29.0,25.0, , 
2021-05-20,37.0,32.0,31.0,18.0, , 
2021-05-21,41.0,19.0,31.0,14.0, , 
2021-05-22,34.0,29.0,33.0,17.0, , 
2021-05-23,36.0,17.0,33.0,16.0, , 
2021-05-24,35.0,17.0,29.0,11.0, , 
2021-05-25,36.0,16.0,28.0,16.0, , 
2021-05-26,15.0,14.0,37.0,11.0, , 
2021-05-27,49.0,19.0,39.0,17.0, , 
2021-05-28,61.0,40.0,39.0,21.0, , 
2021-05-29,43.0,41.0,42.0,13.0, , 
2021-05-30,36.0,40.0,46.0,17.0, , 
2021-05-31,32.0,34.0,32.23819525051233,40.0, , 
2021-06-03,58.0,20.0,26.0,33.0, , 
2021-06-04,43.0,13.0,25.14434731021359,9.0, , 
2021-06-05,39.0,15.0,26.134029605642116,11.0, , 
2021-06-06,34.0,26.0,39.0,21.0, , 
2021-06-07,45.0,31.0,23.0,21.0, , 
2021-06-08,67.0,37.0,44.0,35.0, , 
2021-06-09,38.0,25.0,26.0,30.0, , 
2021-06-10,36.0,17.0,27.525255078077134,20.0, , 
2021-06-11,36.0,15.0,24.0,8.0, , 
2021-06-12,29.0,28.0,36.0,4.0, , 
2021-06-13,29.0,30.0,49.0,17.0, , 
2021-06-14,36.0,27.0,29.170701386719635,21.0, , 
2021-06-15,57.0,36.0,55.0,41.0, , 
2021-06-16,79.0,29.0,45.0,32.0, , 
2021-06-17,51.0,30.0,34.0,23.0, , 
2021-06-18,53.0,24.0,27.0,27.0, , 
2021-06-19,59.0,17.0,34.0,17.0, , 
2021-06-20,41.0,19.0,34.0,19.0, , 
2021-06-21,24.0,22.0,17.0,24.0, , 
2021-06-22,41.0,25.0,18.0,12.0, , 
2021-06-23,60.0,32.0,35.0,21.0, , 
2021-06-24,44.0,31.0,26.0,29.0, , 
2021-06-25,57.0,17.0,25.0,19.0, , 
2021-06-26,45.0,19.0,30.0,17.0, , 
2021-06-27,47.0,25.0,27.0,27.0, , 
2021-06-28,38.0,22.0,27.0,26.0, , 
2021-06-29,32.0,17.0,21.0,11.0, , 
2021-06-30,38.0,24.0,34.0,24.0, , 
2021-01-04,76.0,35.0,1.0,23.0, , 
2021-01-05,86.0,39.0,24.736226972885333,24.0, , 
2021-01-06,90.0,38.0,8.0,30.0, , 
2021-01-07,77.0,40.0,8.0,36.0, , 
2021-01-08,68.0,42.0,5.0,32.0, , 
2021-01-09,90.0,40.0,10.0,32.0, , 
2021-01-10,85.0,46.0,13.0,34.0, , 
2021-01-11,91.0,18.0,18.0,26.0, 3, 
2021-01-12,47.0,18.0,25.0,33.0, , 
2021-01-13,49.0,14.0,25.0,24.0, , 
2021-01-14,33.0,44.0,13.0,25.0, , 
2021-01-15,70.0,29.0,8.0,25.0, , 
2021-01-16,72.0,24.0,20.0,33.0, , 
2021-01-17,57.0,36.0,19.0,35.0, , 
2021-01-18,57.0,22.0,22.0,23.0, , 
2021-01-19,43.0,26.0,27.0,24.0, , 
2021-01-20,43.0,19.0,30.0,23.0, , 
2021-01-21,30.0,19.0,26.0,34.0, , 
2021-01-22,43.0,9.0,20.0,23.0, , 
2021-01-23,48.0,19.0,26.0,28.0, , 
2021-01-24,59.0,17.0,25.0,32.0, , 
2021-01-25,41.0,30.0,17.0,32.0, , 
2021-01-26,58.0,26.0,17.0,30.0, , 
2021-01-27,62.0,9.0,20.0,22.0, , 
2021-01-28,40.0,22.0,26.0,21.0, , 
2021-01-29,43.0,26.0,21.0,33.0, , 
2021-01-30,44.0,17.0,15.0,22.0, , 
2021-01-31,54.0,10.0,21.0,30.0, , 
2021-02-01,46.0,17.0,22.0,26.0, , 
2021-02-02,45.0,17.0,27.0,25.0, , 
2021-02-03,34.0,29.0,19.0,28.0, , 
2021-02-04,47.0,39.0,21.0,36.0, , 
2021-02-05,66.0,20.0,17.0,32.0, , 
2021-02-06,57.0,15.0,18.0,12.0, , 
2021-02-07,56.0,41.0,15.0,20.0, , 
2021-02-08,96.0,39.0,11.0,22.0, , 
2021-02-09,98.0,33.0,17.0,21.0, , 
2021-02-10,84.0,40.0,21.0,30.0, , 
2021-02-11,98.0,37.0,23.0,34.0, , 
2021-02-12,64.0,25.0,25.0,30.0, , 
2021-02-13,59.0,22.0,23.0,19.0, , 
2021-02-14,64.0,33.0,12.0,26.0, , 
2021-02-15,61.0,21.0,24.0,20.0, , 
2021-02-16,50.0,29.0,22.0,31.0, , 
2021-02-17,53.0,29.0,23.0,35.0, , 
2021-02-18,49.0,30.0,16.0,36.0, , 
2021-02-19,55.0,36.0,26.0,28.0, , 
2021-02-20,55.0,16.0,26.0,13.0, , 
2021-02-21,39.0,44.0,17.0,27.0, , 
2021-02-22,68.0,35.0,21.0,12.0, , 
2021-02-23,63.0,54.0,20.0,18.0, , 
2021-02-24,77.0,54.0,28.0,18.0, , 
2021-02-25,78.0,17.0,26.0,12.0, , 
2021-02-26,48.0,20.0,27.0,23.0, , 
2021-02-27,56.0,25.0,24.0,20.0, , 
2021-02-28,76.0,36.0,22.0,29.0, , 
2021-03-01,65.0,59.0,10.0,43.0, , 
2021-03-02,122.0,66.0,25.0,40.0, , 
2021-03-03,108.0,25.0,21.0,14.0, , 
2021-03-04,65.0,15.0,24.0,7.0, , 
2021-03-05,57.0,17.0,25.0,10.0, , 
2021-03-06,64.0,24.0,23.0,11.0, , 
2021-03-07,80.0,36.0,28.0,16.0, , 
2021-03-08,91.0,33.0,25.0,17.0, , 
2021-03-09,83.0,44.0,30.0,29.0, , 
2021-03-10,98.0,17.0,30.0,12.0, , 
2021-03-11,29.0,23.0,28.0,17.0, , 
2021-03-12,35.0,12.0,31.0,11.0, , 
2021-03-13,35.0,15.0,29.0,7.0, , 
2021-03-14,34.0,20.0,29.0,16.0, , 
2021-03-15,36.0,25.0,20.0,19.0, , 
2021-03-16,59.0,24.0,27.0,16.0, , 
2021-03-17,42.0,19.0,22.0,22.0, , 
2021-03-18,38.0,22.0,26.0,23.0, , 
2021-03-19,48.0,29.0,28.0,19.0, , 
2021-03-20,69.0,26.0,31.0,14.0, , 
2021-03-21,63.0,27.0,31.0,20.0, , 
2021-03-22,48.0,43.0,24.0,35.0, , 
2021-03-23,87.0,47.0,34.0,34.0, , 
2021-03-24,97.0,33.0,26.0,28.0, , 
2021-03-25,69.0,30.0,34.0,26.0, , 
2021-03-26,51.0,18.0,30.0,11.0, , 
2021-03-27,35.0,29.0,35.0,23.0, , 
2021-03-28,55.0,41.0,12.0,38.0, , 
2021-03-29,69.0,49.0,37.0,38.0, , 
2021-03-30,70.0,63.0,41.0,47.0, , 
2021-03-31,90.0,69.0,40.0,47.0, , 
2020-10-01,41.0,18.0,14.0,26.0, 2, 
2020-10-02,41.0,18.0,19.0,27.0, , 
2020-10-03,53.0,14.0,20.0,18.0, , 
2020-10-04,50.0,7.0,23.0,22.0, , 
2020-10-05,49.0,17.0,24.0,19.0, , 
2020-10-06,52.0,18.0,23.0,24.0, , 
2020-10-07,57.0,21.0,19.0,21.0, , 
2020-10-08,44.0,17.0,22.0,21.0, , 
2020-10-09,41.0,21.0,24.0,28.0, , 
2020-10-10,44.0,16.0,20.0,24.0, , 
2020-10-11,37.0,30.0,18.0,33.0, 2, 
2020-10-12,56.0,11.0,16.0,13.0, , 
2020-10-13,36.0,14.0,17.0,11.0, , 
2020-10-14,57.0,16.0,15.0,9.0, , 
2020-10-15,48.0,17.0,14.0,10.0, , 
2020-10-16,54.0,30.0,14.0,25.0, , 
2020-10-17,71.0,31.0,23.0,28.0, , 
2020-10-18,70.0,47.0,19.0,33.0, 16, 
2020-10-19,72.0,32.0,16.0,30.0, 2, 
2020-10-20,49.0,26.0,24.0,25.0, , 
2020-10-21,44.0,38.0,17.0,33.0, , 
2020-10-22,51.0,28.0,21.0,32.0, , 
2020-10-23,39.0,16.0,21.0,19.0, , 
2020-10-24,37.0,13.0,21.0,22.0, , 
2020-10-25,38.0,21.0,21.0,24.0, , 
2020-10-26,38.0,24.0,22.0,22.0, , 
2020-10-27,30.0,23.0,23.0,24.0, , 
2020-10-28,40.0,26.0,22.0,29.0, , 
2020-10-29,30.0,26.0,21.0,28.0, , 
2020-10-30,47.0,22.0,21.0,24.0, , 
2020-10-31,53.0,9.0,24.0,12.0, , 
2020-11-01,18.0,11.0,27.0,9.0, , 
2020-11-02,30.0,21.0,24.0,19.0, , 
2020-11-03,41.0,32.0,19.0,27.0, , 
2020-11-04,60.0,29.0,16.0,32.0, , 
2020-11-05,68.0,34.0,11.0,26.0, , 
2020-11-06,69.0,38.0,9.0,27.0, , 
2020-11-07,74.0,28.0,12.0,21.0, , 
2020-11-08,55.0,38.0,8.0,29.0, , 
2020-11-09,63.0,26.0,13.0,33.0, , 
2020-11-10,56.0,20.0,10.0,21.0, , 
2020-11-11,55.0,25.0,22.0,30.0, , 
2020-11-12,53.0,30.0,14.0,27.0, , 
2020-11-13,60.0,22.0,23.0,17.0, , 
2020-11-14,51.0,18.0,28.0,11.0, , 
2020-11-15,39.0,29.0,26.0,25.0, , 
2020-11-16,35.0,30.0,19.0,29.0, , 
2020-11-17,47.0,35.0,14.0,26.0, , 
2020-11-18,58.0,23.0,25.0,16.0, , 
2020-11-19,37.0,38.0,15.0,34.0, , 
2020-11-20,65.0,32.0,19.0,27.0, , 
2020-11-21,65.0,35.0,14.0,29.0, , 
2020-11-22,82.0,42.0,13.0,35.0, , 
2020-11-23,83.0,41.0,4.0,32.0, , 
2020-11-24,73.0,46.0,6.0,37.0, , 
2020-11-25,87.0,59.0,3.0,43.0, , 
2020-11-26,109.0,56.0,2.0,35.0, , 
2020-11-27,110.0,49.0,4.0,32.0, , 
2020-11-28,102.0,34.0,9.0,29.0, , 
2020-11-29,80.0,42.0,7.0,24.0, , 
2020-11-30,93.0,32.0,15.0,26.0, , 
2020-12-01,50.0,35.0,15.0,28.0, , 
2020-12-02,52.0,22.0,19.0,25.0, , 
2020-12-03,42.0,19.0,24.0,28.0, , 
2020-12-04,41.0,14.0,17.0,21.0, , 
2020-12-05,44.0,23.0,13.0,25.0, , 
2020-12-06,53.0,36.0,2.0,25.0, , 
2020-12-07,84.0,27.0,3.0,19.0, , 
2020-12-08,69.0,31.0,8.0,17.0, , 
2020-12-09,73.0,15.0,9.0,10.0, , 
2020-12-10,49.0,9.0,18.0,9.0, , 
2020-12-11,43.0,18.0,18.0,13.0, , 
2020-12-12,49.0,12.0,16.0,5.0, 1, 
2020-12-13,38.0,10.0,13.0,9.0, , 
2020-12-14,37.0,23.0,15.0,27.0, , 
2020-12-15,44.0,25.0,9.0,28.0, , 
2020-12-16,50.0,30.0,12.0,33.0, , 
2020-12-17,55.0,28.0,8.0,32.0, , 
2020-12-18,55.0,24.0,15.0,29.0, , 
2020-12-19,59.0,25.0,18.0,25.0, , 
2020-12-20,46.0,15.0,17.0,21.0, , 
2020-12-21,41.0,14.0,19.0,21.0, , 
2020-12-22,26.0,18.0,24.0,22.0, , 
2020-12-23,43.0,17.0,24.0,24.0, , 
2020-12-24,43.0,18.0,22.0,25.0, , 
2020-12-25,44.0,24.0,19.0,23.0, , 
2020-12-26,55.0,9.0,24.0,15.0, , 
2020-12-27,34.0,13.0,20.0,25.0, , 
2020-12-28,39.0,14.0,14.0,22.0, , 
2020-12-29,31.0,20.0,18.0,25.0, , 
2020-12-30,51.0,24.0,19.0,32.0, , 
2020-12-31,61.0,39.0,10.0,31.0, , 
2021-01-01,94.0,50.0,2.0,35.0, 1, 
2021-01-02,125.0,44.0,3.0,26.0, , 
2021-01-03,109.0,34.0,5.0,22.0, , 
2020-07-01,36.0,17.0,23.0,23.0, , 
2020-07-02,33.0,22.0,25.0,29.0, , 
2020-07-03,38.0,26.0,20.0,20.0, , 
2020-07-04,40.0,11.0,14.0,10.0, , 
2020-07-05,22.0,27.0,26.0,22.0, , 
2020-07-06,41.0,34.0,35.0,32.0, , 
2020-07-07,42.0,28.0,25.0,27.0, , 
2020-07-08,38.0,35.0,25.0,27.0, , 
2020-07-09,37.0,25.0,29.0,21.0, , 
2020-07-10,34.0,30.0,32.0,33.0, , 
2020-07-11,42.0,23.0,37.0,22.0, , 
2020-07-12,42.0,24.0,44.0,24.0, , 
2020-07-13,46.0,23.0,33.0,21.0, , 
2020-07-14,39.0,24.0,25.0,27.0, , 
2020-07-15,40.0,23.0,20.0,23.0, , 
2020-07-16,39.0,29.0,27.0,33.0, , 
2020-07-17,43.0,30.0,35.0,27.0, 1, 
2020-07-18,52.0,26.0,35.0,27.0, 1, 
2020-07-19,39.0,36.0,32.0,28.0, , 
2020-07-20,44.0,36.0,35.0,34.0, , 
2020-07-21,43.0,37.0,35.0,34.0, 1, 
2020-07-22,50.0,43.0,43.0,47.0, 1, 
2020-07-23,58.0,30.0,31.0,31.0, , 
2020-07-24,44.0,25.0,24.0,21.0, 1, 
2020-07-25,39.0,11.0,23.0,7.0, , 
2020-07-26,42.0,25.0,34.0,16.0, 1, 
2020-07-27,49.0,19.0,28.0,13.0, , 
2020-07-28,45.0,23.0,35.0,27.0, , 
2020-07-29,40.0,38.0,43.0,49.0, 1, 
2020-07-30,58.0,50.0,54.0,48.0, , 
2020-07-31,68.0,23.0,31.0,24.0, , 
2020-08-01,53.0,13.0,30.0,18.0, 1, 
2020-08-02,41.0,17.0,28.0,26.0, , 
2020-08-03,44.0,22.0,41.0,29.0, , 
2020-08-04,50.0,26.0,44.0,38.0, , 
2020-08-05,58.0,36.0,64.0,48.0, 1, 
2020-08-06,60.0,40.0,59.0,56.0, , 
2020-08-07,61.0,44.0,71.0,60.0, , 
2020-08-08,65.0,41.0,61.0,42.0, , 
2020-08-09,70.0,30.0,64.0,46.0, 1, 
2020-08-10,55.0,49.0,63.0,57.0, , 
2020-08-11,73.0,36.0,54.0,47.0, , 
2020-08-12,60.0,32.0,38.0,32.0, , 
2020-08-13,48.0,21.0,32.0,22.0, , 
2020-08-14,48.0,20.0,40.0,29.0, 1, 
2020-08-15,44.0,22.0,39.0,33.0, , 
2020-08-16,52.0,24.0,26.0,29.0, 1, 
2020-08-17,41.0,22.0,28.0,32.0, , 
2020-08-18,35.0,24.0,24.0,30.0, , 
2020-08-19,32.0,24.0,40.0,31.0, , 
2020-08-20,35.0,27.0,30.0,27.0, , 
2020-08-21,41.0,24.0,29.0,21.0, , 
2020-08-22,32.0,18.0,26.0,21.0, , 
2020-08-23,26.0,34.0,25.0,35.0, , 
2020-08-24,36.0,30.0,27.0,25.0, , 
2020-08-25,42.0,27.0,25.0,21.0, , 
2020-08-26,36.0,36.0,26.0,32.0, , 
2020-08-27,49.0,20.0,20.0,22.0, , 
2020-08-28,30.0,17.0,22.0,21.0, , 
2020-08-29,30.0,16.0,25.0,21.0, , 
2020-08-30,30.0,25.0,27.0,32.0, , 
2020-08-31,36.0,29.0,30.0,39.0, , 
2020-09-01,51.0,32.0,36.0,34.0, , 
2020-09-02,50.0,37.0,33.0,46.0, , 
2020-09-03,52.0,32.0,37.0,32.0, 1, 
2020-09-04,46.0,22.0,27.0,25.0, , 
2020-09-05,37.0,19.0,24.0,19.0, , 
2020-09-06,44.0,26.0,26.0,25.0, , 
2020-09-07,44.0,33.0,25.0,32.0, , 
2020-09-08,53.0,32.0,28.0,26.0, 1, 
2020-09-09,47.0,36.0,21.0,27.0, 2, 
2020-09-10,45.0,37.0,29.0,36.0, 2, 
2020-09-11,51.0,36.0,34.0,38.0, , 
2020-09-12,52.0,40.0,41.0,48.0, , 
2020-09-13,63.0,52.0,42.0,62.0, , 
2020-09-14,87.0,68.0,63.0,70.0, 1, 
2020-09-15,90.0,51.0,56.0,42.0, 1, 
2020-09-16,79.0,41.0,30.0,33.0, 2, 
2020-09-17,59.0,40.0,39.0,43.0, 1, 
2020-09-18,62.0,45.0,36.0,42.0, , 
2020-09-19,68.0,29.0,39.0,37.0, , 
2020-09-20,65.0,43.0,46.0,53.0, 1, 
2020-09-21,64.0,46.0,41.0,54.0, , 
2020-09-22,66.0,25.0,23.0,27.0, , 
2020-09-23,46.0,17.0,21.0,19.0, , 
2020-09-24,29.0,14.0,22.0,15.0, , 
2020-09-25,25.0,20.0,24.0,17.0, , 
2020-09-26,32.0,12.0,21.0,9.0, , 
2020-09-27,34.0,17.0,15.0,17.0, , 
2020-09-28,35.0,23.0,14.0,23.0, , 
2020-09-29,52.0,24.0,24.0,27.0, , 
2020-09-30,58.0,23.0,21.0,27.0, 9, 
2020-04-01,64.0,25.0,31.0,16.0, , 
2020-04-02,60.0,26.0,28.0,26.0, , 
2020-04-03,52.0,25.0,37.0,12.0, , 
2020-04-04,58.0,18.0,39.0,10.0, , 
2020-04-05,45.0,22.0,32.0,14.0, , 
2020-04-06,51.0,28.0,40.0,23.0, , 
2020-04-07,64.0,34.0,49.0,39.0, , 
2020-04-08,68.0,31.0,49.0,42.0, 1, 
2020-04-09,77.0,33.0,53.0,36.0, , 
2020-04-10,75.0,31.0,51.0,34.0, , 
2020-04-11,64.0,28.0,47.0,25.0, , 
2020-04-12,63.0,30.0,32.0,13.0, , 
2020-04-13,67.0,27.0,36.0,17.0, , 
2020-04-14,42.0,28.0,40.0,25.0, , 
2020-04-15,48.0,31.0,40.0,32.0, , 
2020-04-16,53.0,36.0,40.0,32.0, , 
2020-04-17,59.0,14.0,34.0,13.0, , 
2020-04-18,22.0,29.0,41.0,12.0, , 
2020-04-19,67.0,39.0,39.0,27.0, , 
2020-04-20,78.0,30.0,40.0,26.0, , 
2020-04-21,48.0,32.0,45.0,23.0, , 
2020-04-22,54.0,38.0,54.0,34.0, , 
2020-04-23,70.0,39.0,55.0,40.0, , 
2020-04-24,66.0,25.0,40.0,17.0, , 
2020-04-25,57.0,27.0,44.0,15.0, , 
2020-04-26,57.0,24.0,38.0,23.0, , 
2020-04-27,45.0,16.0,36.0,17.0, , 
2020-04-28,30.0,18.0,33.0,19.0, , 
2020-04-29,32.0,16.0,31.0,16.0, , 
2020-04-30,26.0,15.0,32.0,8.0, , 
2020-05-01,24.0,19.0,37.0,14.0, , 
2020-05-02,34.0,14.0,27.0,14.0, , 
2020-05-03,35.0,15.0,28.0,13.0, , 
2020-05-04,48.0,31.0,24.0,21.0, , 
2020-05-05,66.0,28.0,44.0,34.0, , 
2020-05-06,52.0,34.0,48.0,44.0, , 
2020-05-07,54.0,32.0,55.0,40.0, , 
2020-05-08,61.0,25.0,38.0,32.0, , 
2020-05-09,55.0,18.0,32.0,15.0, , 
2020-05-10,42.0,37.0,31.0,15.0, , 
2020-05-11,51.0,32.0,30.0,29.0, , 
2020-05-12,43.0,27.0,38.0,32.0, , 
2020-05-13,65.0,28.0,35.0,28.0, , 
2020-05-14,49.0,35.0,37.0,33.0, 1, 
2020-05-15,53.0,32.0,41.0,34.0, , 
2020-05-16,55.0,18.0,43.0,14.0, , 
2020-05-17,38.0,20.0,38.0,11.0, , 
2020-05-18,33.0,19.0,32.0,10.0, , 
2020-05-19,30.0,16.0,34.0,12.0, , 
2020-05-20,24.0,22.0,53.0,16.0, , 
2020-05-21,41.0,22.0,31.0,19.0, , 
2020-05-22,39.0,30.0,30.0,24.0, , 
2020-05-23,45.0,24.0,32.0,18.0, , 
2020-05-24,43.0,34.0,34.0,31.0, , 
2020-05-25,58.0,46.0,40.0,37.0, , 
2020-05-26,59.0,39.0,46.0,42.0, , 
2020-05-27,71.0,27.0,39.0,29.0, , 
2020-05-28,46.0,32.0,41.0,35.0, , 
2020-05-29,47.0,42.0,42.0,42.0, , 
2020-05-30,59.0,26.0,35.0,24.0, , 
2020-05-31,39.0,28.0,40.0,29.0, , 
2020-06-01,51.0,46.0,51.0,45.0, , 
2020-06-02,76.0,41.0,58.0,34.0, , 
2020-06-03,65.0,26.0,40.0,32.0, 2, 
2020-06-04,54.0,20.0,26.0,23.0, , 
2020-06-05,35.0,15.0,24.0,21.0, , 
2020-06-06,27.0,17.0,22.0,23.0, , 
2020-06-07,37.0,27.0,23.0,30.0, , 
2020-06-08,47.0,26.0,30.0,29.0, , 
2020-06-09,43.0,28.0,36.0,20.0, 1, 
2020-06-10,54.0,29.0,25.0,27.0, , 
2020-06-11,57.0,15.0,27.0,18.0, , 
2020-06-12,50.0,17.0,30.0,17.0, , 
2020-06-13,43.0,20.0,29.0,9.0, , 
2020-06-14,44.0,24.0,28.0,10.0, , 
2020-06-15,40.0,26.0,28.0,26.0, , 
2020-06-16,44.0,26.0,26.0,32.0, , 
2020-06-17,46.0,26.0,27.0,31.0, , 
2020-06-18,48.0,23.0,25.0,25.0, , 
2020-06-19,46.0,14.0,32.0,25.0, , 
2020-06-20,47.0,22.0,20.0,18.0, , 
2020-06-21,49.0,31.0,34.0,22.0, , 
2020-06-22,54.0,32.0,48.0,39.0, , 
2020-06-23,63.0,31.0,53.0,44.0, , 
2020-06-24,60.0,32.0,60.0,47.0, , 
2020-06-25,61.0,41.0,39.0,38.0, , 
2020-06-26,64.0,23.0,28.0,20.0, , 
2020-06-27,46.0,18.0,27.0,18.0, , 
2020-06-28,33.0,23.0,28.0,24.0, , 
2020-06-29,37.0,26.0,22.0,23.0, , 
2020-06-30,37.0,21.0,15.0,17.0, , 
2020-01-01,92.0,24.0,12.0,28.0, , 
2020-01-02,62.0,22.0,19.0,25.0, , 
2020-01-03,43.0,25.0,16.0,26.0, , 
2020-01-04,41.0,25.0,19.0,32.0, , 
2020-01-05,54.0,33.0,17.0,33.0, , 
2020-01-06,66.0,31.0,14.0,29.0, , 
2020-01-07,63.0,25.0,15.0,26.0, , 
2020-01-08,49.0,15.0,21.0,22.0, , 
2020-01-09,43.0,20.0,23.0,25.0, , 
2020-01-10,35.0,32.0,21.0,36.0, , 
2020-01-11,62.0,26.0,17.0,27.0, , 
2020-01-12,60.0,21.0,18.0,29.0, , 
2020-01-13,45.0,19.0,22.0,19.0, , 
2020-01-14,37.0,24.0,20.0,30.0, , 
2020-01-15,52.0,35.0,12.0,37.0, , 
2020-01-16,64.0,27.0,23.0,29.0, , 
2020-01-17,42.0,27.0,20.0,29.0, , 
2020-01-18,52.0,30.0,18.0,29.0, , 
2020-01-19,55.0,40.0,11.0,33.0, , 
2020-01-20,65.0,46.0,4.0,34.0, , 
2020-01-21,84.0,49.0,3.0,32.0, , 
2020-01-22,101.0,40.0,7.0,31.0, , 
2020-01-23,86.0,59.0,2.0,33.0, 1, 
2020-01-24,128.0,68.0,2.0,39.0, 1, 
2020-01-25,145.0,51.0,11.0,32.0, , 
2020-01-26,124.0,13.0,25.0,25.0, , 
2020-01-27,46.0,13.0,28.0,28.0, , 
2020-01-28,30.0,33.0,26.0,32.0, , 
2020-01-29,38.0,22.0,18.0,32.0, , 
2020-01-30,39.0,22.0,18.0,30.0, , 
2020-01-31,28.0,18.0,23.0,28.0, , 
2020-02-01,36.0,15.0,22.0,27.0, , 
2020-02-02,33.0,27.0,27.0,33.0, , 
2020-02-03,40.0,26.0,25.0,28.0, , 
2020-02-04,45.0,40.0,19.0,38.0, , 
2020-02-05,57.0,44.0,12.0,40.0, , 
2020-02-06,67.0,45.0,8.0,42.0, , 
2020-02-07,72.0,37.0,15.0,37.0, , 
2020-02-08,70.0,20.0,25.0,15.0, , 
2020-02-09,37.0,28.0,29.0,22.0, , 
2020-02-10,48.0,21.0,28.0,30.0, , 
2020-02-11,34.0,34.0,23.0,38.0, , 
2020-02-12,48.0,28.0,26.0,32.0, , 
2020-02-13,46.0,41.0,24.0,39.0, , 
2020-02-14,57.0,35.0,23.0,30.0, , 
2020-02-15,61.0,20.0,28.0,14.0, , 
2020-02-16,40.0,20.0,26.0,32.0, , 
2020-02-17,34.0,27.0,24.0,30.0, , 
2020-02-18,40.0,27.0,25.0,35.0, , 
2020-02-19,45.0,25.0,22.0,29.0, , 
2020-02-20,43.0,32.0,22.0,30.0, , 
2020-02-21,45.0,28.0,22.0,26.0, , 
2020-02-22,49.0,14.0,21.0,19.0, , 
2020-02-23,31.0,17.0,19.0,23.0, , 
2020-02-24,27.0,20.0,26.0,33.0, , 
2020-02-25,34.0,22.0,26.0,34.0, , 
2020-02-26,36.0,22.0,20.0,32.0, , 
2020-02-27,42.0,36.0,17.0,39.0, , 
2020-02-28,58.0,37.0,29.0,26.0, , 
2020-02-29,53.0,16.0,28.0,28.0, , 
2020-03-01,41.0,17.0,22.0,34.0, , 
2020-03-02,43.0,42.0,26.0,47.0, , 
2020-03-03,53.0,28.0,18.0,35.0, , 
2020-03-04,45.0,16.0,21.0,30.0, , 
2020-03-05,39.0,27.0,27.0,38.0, , 
2020-03-06,51.0,32.0,26.0,41.0, , 
2020-03-07,56.0,19.0,9.0,27.0, , 
2020-03-08,40.0,25.0,26.0,33.0, , 
2020-03-09,42.0,16.0,25.0,25.0, , 
2020-03-10,28.0,22.0,27.0,23.0, , 
2020-03-11,28.0,27.0,28.0,32.0, , 
2020-03-12,39.0,30.0,27.0,24.0, , 
2020-03-13,41.0,24.0,21.0,26.0, , 
2020-03-14,49.0,26.0,28.0,27.0, , 
2020-03-15,54.0,27.0,18.0,35.0, , 
2020-03-16,62.0,39.0,16.0,33.0, , 
2020-03-17,80.0,45.0,29.0,31.0, , 
2020-03-18,98.0,34.0,31.0,25.0, , 
2020-03-19,76.0,42.0,17.0,15.0, , 
2020-03-20,98.0,14.0,22.0,10.0, , 
2020-03-21,40.0,14.0,32.0,10.0, , 
2020-03-22,44.0,18.0,31.0,17.0, , 
2020-03-23,43.0,20.0,34.0,24.0, , 
2020-03-24,47.0,28.0,35.0,23.0, , 
2020-03-25,64.0,29.0,36.0,25.0, , 
2020-03-26,65.0,43.0,33.0,26.0, , 
2020-03-27,86.0,57.0,36.0,15.0, , 
2020-03-28,129.0,21.0,30.0,6.0, , 
2020-03-29,31.0,22.76699672807287,29.221128666922016,21.79080863235071, , 
2019-10-01,41.0,21.0,22.0,23.0, , 
2019-10-02,37.0,41.0,16.0,42.0, , 
2019-10-03,63.0,33.0,21.0,29.0, , 
2019-10-04,49.0,24.0,18.0,32.0, , 
2019-10-05,48.0,19.0,26.0,25.0, , 
2019-10-06,43.0,26.0,23.0,24.0, , 
2019-10-07,40.0,16.0,20.0,25.0, , 
2019-10-08,38.0,31.0,22.0,23.0, , 
2019-10-09,44.0,31.0,20.0,26.0, , 
2019-10-10,44.0,32.0,23.0,33.0, , 
2019-10-11,56.0,35.0,18.0,36.0, , 
2019-10-12,63.0,28.0,25.0,25.0, , 
2019-10-13,53.0,34.0,29.0,33.0, 1, 
2019-10-14,44.0,9.0,26.0,8.0, , 
2019-10-15,35.0,6.0,19.0,4.0, , 
2019-10-16,28.0,19.0,22.0,25.0, , 
2019-10-17,44.0,25.0,27.0,30.0, , 
2019-10-18,43.0,31.0,24.0,38.0, , 
2019-10-19,52.0,22.0,17.0,34.0, , 
2019-10-20,59.0,24.0,22.0,34.0, , 
2019-10-21,49.0,41.0,8.0,37.0, , 
2019-10-22,80.0,36.0,7.0,26.0, , 
2019-10-23,69.0,32.0,20.0,28.0, , 
2019-10-24,63.0,17.0,12.0,18.0, , 
2019-10-25,49.0,25.0,16.0,31.0, , 
2019-10-26,55.0,22.0,17.0,30.0, , 
2019-10-27,55.0,30.0,14.0,30.0, , 
2019-10-28,55.0,34.0,11.0,28.0, , 
2019-10-29,56.0,37.0,7.0,25.0, , 
2019-10-30,77.0,39.0,2.0,22.0, , 
2019-10-31,80.0,21.0,16.0,26.0, , 
2019-11-01,57.0,17.0,25.0,19.0, , 
2019-11-02,37.0,14.0,21.0,29.0, , 
2019-11-03,41.0,22.0,21.0,28.0, , 
2019-11-04,38.0,19.0,22.0,19.0, , 
2019-11-05,49.0,13.0,12.0,12.0, , 
2019-11-06,58.0,9.0,21.0,7.0, , 
2019-11-07,40.0,19.0,9.0,23.0, , 
2019-11-08,53.0,32.0,15.0,30.0, , 
2019-11-09,70.0,25.0,8.0,31.0, , 
2019-11-10,68.0,19.0,20.0,28.0, , 
2019-11-11,52.0,22.0,19.0,39.0, , 
2019-11-12,50.0,29.0,16.0,32.0, , 
2019-11-13,51.0,25.0,19.0,38.0, , 
2019-11-14,51.0,24.0,7.0,35.0, , 
2019-11-15,63.0,20.0,11.0,27.0, , 
2019-11-16,59.0,29.0,10.0,32.0, , 
2019-11-17,71.0,29.0,7.0,30.0, , 
2019-11-18,66.0,36.0,16.0,39.0, 1, 
2019-11-19,72.0,31.0,10.0,33.0, , 
2019-11-20,69.0,32.0,8.0,32.0, , 
2019-11-21,71.0,24.0,16.0,33.0, , 
2019-11-22,49.0,20.0,15.0,24.0, , 
2019-11-23,48.0,27.0,19.0,29.0, , 
2019-11-24,62.0,24.0,22.0,24.0, , 
2019-11-25,46.0,19.0,25.0,26.0, , 
2019-11-26,37.0,12.0,29.0,19.0, , 
2019-11-27,27.0,22.0,27.0,26.0, , 
2019-11-28,38.0,25.0,24.0,28.0, , 
2019-11-29,45.0,32.0,24.0,33.0, , 
2019-11-30,58.0,25.0,16.0,24.0, , 
2019-12-01,61.0,36.0,5.0,31.0, , 
2019-12-02,74.0,38.0,2.0,34.0, , 
2019-12-03,82.0,40.0,2.0,36.0, , 
2019-12-04,96.0,42.0,2.0,29.0, , 
2019-12-05,107.0,29.0,13.0,30.0, , 
2019-12-06,77.0,23.0,15.0,32.0, , 
2019-12-07,48.0,18.0,26.0,22.0, , 
2019-12-08,39.0,19.0,28.0,25.0, , 
2019-12-09,34.0,41.0,15.0,36.0, , 
2019-12-10,66.0,26.0,19.0,33.0, , 
2019-12-11,45.0,17.0,21.0,33.0, , 
2019-12-12,44.0,22.0,26.0,26.0, , 
2019-12-13,36.0,23.0,31.0,27.0, , 
2019-12-14,43.0,20.0,29.0,29.0, , 
2019-12-15,44.0,23.0,18.0,39.0, , 
2019-12-16,60.0,28.0,15.0,37.0, , 
2019-12-17,58.0,32.0,17.0,31.0, , 
2019-12-18,61.0,37.0,7.0,36.0, , 
2019-12-19,66.0,20.0,24.0,32.0, , 
2019-12-20,41.0,22.0,25.0,31.0, , 
2019-12-21,50.0,17.0,27.0,24.0, , 
2019-12-22,36.0,22.0,25.0,24.0, , 
2019-12-23,37.0,23.0,24.0,26.0, , 
2019-12-24,45.0,20.0,26.0,24.0, , 
2019-12-25,47.0,26.0,21.0,34.0, , 
2019-12-26,56.0,18.0,24.0,24.0, , 
2019-12-27,43.0,24.0,14.0,31.0, , 
2019-12-28,61.0,40.0,5.0,30.0, , 
2019-12-29,92.0,41.6211532700445,24.678940897394668,28.16568344299349, , 
2019-07-01,44.0,39.0,38.0,35.0, , 
2019-07-02,70.0,43.0,39.0,34.0, , 
2019-07-03,51.0,47.0,42.0,36.0, , 
2019-07-04,48.0,46.0,45.0,50.0, , 
2019-07-05,56.0,35.0,62.0,43.0, , 
2019-07-06,62.0,26.0,36.0,35.0, , 
2019-07-07,59.0,29.0,35.0,33.0, , 
2019-07-08,53.0,37.0,34.0,34.0, , 
2019-07-09,52.0,50.0,45.0,51.0, , 
2019-07-10,102.0,54.0,42.0,56.0, , 
2019-07-11,69.0,47.0,32.0,31.0, , 
2019-07-12,47.0,34.0,31.0,25.0, , 
2019-07-13,53.0,61.0,27.0,27.0, , 
2019-07-14,53.0,24.0,34.0,33.0, , 
2019-07-15,54.0,33.0,41.0,41.0, , 
2019-07-16,63.0,35.0,44.0,43.0, , 
2019-07-17,63.0,28.0,30.0,32.0, , 
2019-07-18,50.0,19.0,29.0,22.0, , 
2019-07-19,43.0,27.0,18.0,23.0, , 
2019-07-20,48.0,30.0,26.0,15.0, , 
2019-07-21,47.0,50.0,53.0,33.0, , 
2019-07-22,59.0,64.0,47.0,45.0, , 
2019-07-23,66.0,53.0,68.0,55.0, , 
2019-07-24,70.0,76.0,55.0,69.0, , 
2019-07-25,88.0,46.0,33.0,25.0, , 
2019-07-26,62.0,23.0,27.0,20.0, , 
2019-07-27,40.0,34.0,28.0,23.0, , 
2019-07-28,48.0,56.0,38.0,40.0, , 
2019-07-29,56.0,44.0,25.0,29.0, , 
2019-07-30,49.0,27.0,23.0,27.0, , 
2019-07-31,41.0,39.0,35.0,41.0, , 
2019-08-01,51.0,42.0,37.0,33.0, , 
2019-08-02,49.0,49.0,35.0,37.0, , 
2019-08-03,61.0,35.0,46.0,40.0, , 
2019-08-04,61.0,37.0,26.0,30.0, , 
2019-08-05,47.0,21.0,17.0,27.0, , 
2019-08-06,47.0,23.0,26.0,28.0, , 
2019-08-07,42.0,29.0,31.0,35.0, , 
2019-08-08,53.0,25.0,20.0,29.0, , 
2019-08-09,55.0,27.0,28.0,17.0, , 
2019-08-10,44.0,29.0,24.0,22.0, , 
2019-08-11,47.0,25.0,24.0,26.0, , 
2019-08-12,41.0,27.0,23.0,20.0, , 
2019-08-13,38.0,27.0,24.0,25.0, , 
2019-08-14,46.0,23.0,20.0,14.0, , 
2019-08-15,31.0,30.0,24.0,25.0, , 
2019-08-16,43.0,17.0,16.0,21.0, , 
2019-08-17,43.0,14.0,23.0,22.0, , 
2019-08-18,36.0,23.0,25.0,43.0, , 
2019-08-19,41.0,9.0,33.0,8.0, , 
2019-08-20,42.0,12.0,37.0,9.0, , 
2019-08-21,52.0,14.0,45.0,14.0, , 
2019-08-22,57.0,16.0,51.0,11.0, , 
2019-08-23,59.0,16.0,50.0,16.0, , 
2019-08-24,62.0,27.0,61.0,29.0, , 
2019-08-25,77.0,48.0,62.0,65.0, , 
2019-08-26,75.0,52.0,61.0,59.0, , 
2019-08-27,72.0,27.0,42.0,36.0, , 
2019-08-28,64.0,18.0,30.0,27.0, , 
2019-08-29,46.0,36.0,35.0,41.0, , 
2019-08-30,52.0,47.0,43.0,43.0, , 
2019-08-31,55.0,29.0,28.0,25.0, , 
2019-09-01,34.0,41.0,32.0,37.0, , 
2019-09-02,46.0,39.0,32.0,37.0, , 
2019-09-03,42.0,21.0,28.0,15.0, , 
2019-09-04,46.0,14.0,24.0,8.0, , 
2019-09-05,38.0,26.0,32.0,23.0, , 
2019-09-06,43.0,37.0,21.0,24.0, , 
2019-09-07,36.0,38.0,30.0,24.0, , 
2019-09-08,41.0,43.0,29.0,40.0, , 
2019-09-09,55.0,48.0,34.0,39.0, , 
2019-09-10,50.0,39.0,27.0,38.0, , 
2019-09-11,48.0,32.0,13.0,25.0, , 
2019-09-12,41.0,34.0,15.0,28.0, , 
2019-09-13,52.0,39.0,28.0,29.0, , 
2019-09-14,53.0,53.0,42.0,45.0, , 
2019-09-15,65.0,37.0,29.0,34.0, , 
2019-09-16,59.0,21.0,28.0,14.0, , 
2019-09-17,47.0,21.0,26.0,9.0, , 
2019-09-18,34.0,18.0,26.0,11.0, , 
2019-09-19,34.0,20.0,31.0,11.0, , 
2019-09-20,32.0,21.0,33.0,16.0, , 
2019-09-21,45.0,14.0,21.0,12.0, , 
2019-09-22,36.0,21.0,25.0,20.0, , 
2019-09-23,35.0,17.0,18.0,26.0, , 
2019-09-24,44.0,22.0,19.0,27.0, , 
2019-09-25,45.0,16.0,25.0,24.0, , 
2019-09-26,41.0,24.0,22.0,21.0, , 
2019-09-27,38.0,17.0,25.0,15.0, , 
2019-09-28,39.0,13.0,26.0,14.0, , 
2019-09-29,33.0,20.0,24.0,19.0, 4, 
2019-09-30,37.0,21.0,21.0,27.0, 1, 
2019-04-01,98.0,40.0,35.0,41.0, , 
2019-04-02,70.0,23.0,34.0,36.0, , 
2019-04-03,36.0,27.0,35.0,41.0, , 
2019-04-04,51.0,31.0,33.0,41.0, , 
2019-04-05,52.0,36.0,35.0,44.0, , 
2019-04-06,73.0,27.0,35.0,46.0, , 
2019-04-07,44.0,50.0,29.0,51.0, , 
2019-04-08,70.0,34.0,28.0,45.0, , 
2019-04-09,70.0,42.0,23.0,31.0, , 
2019-04-10,113.0,46.0,30.0,37.0, , 
2019-04-11,80.0,46.0,29.0,37.0, , 
2019-04-12,92.0,41.0,33.0,42.0, , 
2019-04-13,75.0,32.0,34.0,26.0, , 
2019-04-14,83.0,65.0,37.0,36.0, , 
2019-04-15,86.0,36.0,26.0,37.0, , 
2019-04-16,74.0,64.0,32.0,39.0, , 
2019-04-17,64.0,70.0,44.0,50.0, , 
2019-04-18,61.0,92.0,47.0,63.0, , 
2019-04-19,71.0,53.0,52.0,59.0, , 
2019-04-20,68.0,58.40192315020843,51.0,63.0, , 
2019-04-21,74.0,68.0,46.0,53.0, , 
2019-04-22,75.0,47.0,25.0,48.0, , 
2019-04-23,74.0,66.0,35.0,30.0, , 
2019-04-24,60.0,40.0,30.0,37.0, , 
2019-04-25,42.0,39.0,30.0,36.0, , 
2019-04-26,50.0,56.0,33.0,27.0, , 
2019-04-27,38.0,26.0,29.0,29.0, , 
2019-04-28,42.0,52.0,28.0,44.0, , 
2019-04-29,64.0,59.0,30.0,39.0, , 
2019-04-30,98.0,50.0,37.0,34.0, , 
2019-05-01,108.0,49.0,29.0,35.0, , 
2019-05-02,87.0,41.0,26.0,41.0, , 
2019-05-03,59.0,31.0,24.0,37.0, , 
2019-05-04,49.0,30.0,33.0,32.0, , 
2019-05-05,47.0,42.0,31.0,45.0, , 
2019-05-06,63.0,44.0,36.0,47.0, , 
2019-05-07,61.0,23.0,27.0,27.0, , 
2019-05-08,45.0,27.0,28.0,37.0, , 
2019-05-09,45.0,36.0,29.0,43.0, , 
2019-05-10,54.0,28.0,32.0,33.0, , 
2019-05-11,61.0,34.0,35.0,36.0, , 
2019-05-12,56.0,37.0,36.0,20.0, , 
2019-05-13,52.0,32.0,37.0,27.0, , 
2019-05-14,54.0,26.0,39.0,32.0, , 
2019-05-15,56.0,38.0,39.0,40.0, , 
2019-05-16,55.0,52.0,30.0,46.0, , 
2019-05-17,74.0,32.0,33.0,34.0, , 
2019-05-18,60.0,35.0,27.0,29.0, , 
2019-05-19,92.0,32.0,33.0,24.0, , 
2019-05-20,61.0,36.0,29.0,40.0, , 
2019-05-21,71.0,44.0,41.0,50.0, , 
2019-05-22,68.0,51.0,49.0,57.0, , 
2019-05-23,68.0,41.0,42.0,45.0, , 
2019-05-24,63.0,37.0,32.0,37.0, , 
2019-05-25,64.0,30.0,24.0,26.0, , 
2019-05-26,56.0,32.0,32.0,25.0, , 
2019-05-27,41.0,30.0,25.0,27.0, , 
2019-05-28,44.0,33.0,30.0,36.0, , 
2019-05-29,59.0,25.0,19.0,21.0, , 
2019-05-30,36.0,50.0,41.0,36.0, , 
2019-05-31,58.0,43.0,41.0,41.0, , 
2019-06-01,64.0,45.0,45.0,45.0, , 
2019-06-02,58.0,32.0,29.0,34.0, , 
2019-06-03,49.0,33.0,34.0,37.0, , 
2019-06-04,58.0,15.0,27.0,32.0, , 
2019-06-05,43.0,19.0,30.0,24.0, , 
2019-06-06,40.0,34.0,34.0,24.0, , 
2019-06-07,34.0,31.0,27.0,19.0, , 
2019-06-08,40.0,35.0,33.0,33.0, , 
2019-06-09,56.0,23.0,30.0,24.0, , 
2019-06-10,44.0,30.0,27.0,40.0, , 
2019-06-11,48.0,24.0,24.0,33.0, , 
2019-06-12,39.0,28.0,29.0,34.0, , 
2019-06-13,39.0,31.0,38.0,43.0, , 
2019-06-14,56.0,25.0,33.0,30.0, , 
2019-06-15,48.0,21.0,25.0,22.0, , 
2019-06-16,44.0,36.0,32.0,38.0, , 
2019-06-17,57.0,54.0,40.0,43.0, , 
2019-06-18,61.0,52.0,36.0,39.0, , 
2019-06-19,59.0,28.0,29.0,33.0, , 
2019-06-20,50.0,21.0,31.0,38.0, , 
2019-06-21,54.0,23.0,41.0,38.0, , 
2019-06-22,54.0,28.0,40.0,39.0, , 
2019-06-23,65.0,35.0,43.0,45.0, , 
2019-06-24,66.0,37.0,52.0,50.0, , 
2019-06-25,69.0,47.0,50.0,46.0, , 
2019-06-26,84.0,52.0,47.0,41.0, , 
2019-06-27,74.0,42.0,57.0,51.0, , 
2019-06-28,58.0,37.0,61.0,52.0, , 
2019-06-29,62.0,31.0,38.0,29.0, , 
2019-06-30,59.0,25.0,33.0,25.0, , 
2019-01-01,61.0,34.0,21.0,36.0, , 
2019-01-02,51.0,36.0,16.0,40.0, , 
2019-01-03,57.0,40.0,16.0,41.0, , 
2019-01-04,73.0,37.0,17.0,32.0, , 
2019-01-05,77.0,41.0,13.0,41.0, , 
2019-01-06,86.0,39.0,14.0,39.0, , 
2019-01-07,74.0,33.0,18.0,36.0, , 
2019-01-08,50.0,27.0,18.0,32.0, , 
2019-01-09,45.0,43.0,17.0,44.0, 1, 
2019-01-10,56.0,39.0,14.0,43.0, 1, 
2019-01-11,76.0,28.0,20.0,35.0, , 
2019-01-12,63.0,21.0,24.0,25.0, , 
2019-01-13,42.0,36.0,22.0,34.0, , 
2019-01-14,50.0,43.0,22.0,45.0, , 
2019-01-15,58.0,40.0,19.0,39.0, , 
2019-01-16,65.0,29.0,19.0,36.0, , 
2019-01-17,47.0,51.0,8.0,52.0, , 
2019-01-18,83.0,32.0,9.0,35.0, , 
2019-01-19,73.0,35.0,12.0,33.0, , 
2019-01-20,86.0,61.0,3.0,40.0, 1, 
2019-01-21,137.0,43.0,9.0,32.0, , 
2019-01-22,106.0,26.0,15.0,43.0, , 
2019-01-23,67.0,53.0,8.0,45.0, , 
2019-01-24,119.0,42.0,4.0,42.0, , 
2019-01-25,96.0,15.0,24.0,37.0, , 
2019-01-26,46.0,12.0,26.0,27.0, , 
2019-01-27,37.0,28.0,22.0,34.0, , 
2019-01-28,50.0,31.0,14.0,42.0, , 
2019-01-29,64.0,21.0,19.0,41.0, , 
2019-01-30,54.0,25.0,13.0,41.0, , 
2019-01-31,63.0,34.0,15.0,51.0, , 
2019-02-01,66.0,34.0,15.0,35.0, , 
2019-02-02,73.0,35.0,15.0,33.0, , 
2019-02-03,67.0,40.0,14.0,39.0, , 
2019-02-04,77.0,39.0,14.0,40.0, , 
2019-02-05,69.0,36.0,14.0,35.0, , 
2019-02-06,70.0,24.0,24.0,41.0, , 
2019-02-07,53.0,25.0,26.0,29.0, , 
2019-02-08,41.0,31.0,28.0,27.0, , 
2019-02-09,48.0,31.0,46.0,27.0, , 
2019-02-10,35.0,41.0,27.0,42.0, , 
2019-02-11,54.0,54.0,14.0,55.0, 1, 
2019-02-12,95.0,53.0,9.0,40.0, , 
2019-02-13,100.0,61.0,6.0,44.0, , 
2019-02-14,96.0,74.0,6.0,62.0, 1, 
2019-02-15,113.0,71.0,12.0,63.0, 1, 
2019-02-16,135.0,55.0,23.0,52.0, , 
2019-02-17,114.0,70.0,23.0,50.0, , 
2019-02-18,93.0,63.0,21.0,42.0, , 
2019-02-19,66.0,67.0,19.0,54.0, , 
2019-02-20,112.0,75.0,5.0,61.0, 1, 
2019-02-21,133.0,78.0,12.0,63.0, 1, 
2019-02-22,143.0,46.0,20.0,38.0, , 
2019-02-23,83.0,42.0,19.0,41.0, , 
2019-02-24,75.0,68.0,17.0,49.0, 1, 
2019-02-25,85.0,80.0,15.0,54.0, 1, 
2019-02-26,93.0,82.0,12.0,62.0, 1, 
2019-02-27,129.0,54.0,28.0,48.0, , 
2019-02-28,89.0,33.0,30.0,38.0, , 
2019-03-01,59.0,32.0,26.0,38.0, , 
2019-03-02,55.0,26.0,28.0,20.0, , 
2019-03-03,42.0,25.0,35.0,26.0, , 
2019-03-04,37.0,31.0,26.0,38.0, , 
2019-03-05,44.0,29.0,17.0,42.0, , 
2019-03-06,54.0,19.0,30.0,34.0, , 
2019-03-07,33.0,20.0,30.0,37.0, , 
2019-03-08,34.0,22.0,26.0,34.0, , 
2019-03-09,44.0,26.0,36.0,23.0, , 
2019-03-10,40.0,34.0,31.0,34.0, , 
2019-03-11,44.0,34.0,31.0,35.0, , 
2019-03-12,51.0,33.0,30.0,30.0, , 
2019-03-13,42.0,20.0,27.0,31.0, , 
2019-03-14,37.0,24.0,24.0,29.0, , 
2019-03-15,40.0,25.0,34.0,27.0, , 
2019-03-16,41.0,19.0,33.0,30.0, , 
2019-03-17,41.0,29.0,26.0,40.0, , 
2019-03-18,49.0,46.0,29.0,51.0, , 
2019-03-19,68.0,53.0,24.0,52.0, , 
2019-03-20,89.0,53.0,29.0,49.0, , 
2019-03-21,90.0,58.0,20.0,48.0, , 
2019-03-22,107.0,53.0,26.0,39.0, , 
2019-03-23,111.0,51.0,22.0,32.0, , 
2019-03-24,105.0,41.0,31.0,37.0, , 
2019-03-25,57.0,42.0,33.0,38.0, , 
2019-03-26,53.0,54.0,30.0,40.0, , 
2019-03-27,78.0,53.0,27.0,39.0, , 
2019-03-28,108.0,64.0,27.0,46.0, , 
2019-03-29,87.0,54.0,38.0,60.0, , 
2019-03-30,88.0,71.0,40.0,58.0, , 
2019-03-31,99.0,61.0,40.0,46.0, , 
2018-10-01,44.0,33.0,17.0,37.0, 1, 4
2018-10-02,50.0,28.0,16.0,33.0, 1, 4
2018-10-03,48.0,47.0,22.0,46.0, 2, 5
2018-10-04,64.0,75.0,21.0,58.0, 2, 7
2018-10-05,81.0,64.0,32.0,54.0, 2, 5
2018-10-06,74.0,34.0,14.0,31.0, 1, 3
2018-10-07,65.0,49.0,22.0,45.0, 1, 6
2018-10-08,66.0,61.0,23.0,52.0, 2, 5
2018-10-09,76.0,63.0,25.0,49.0, 2, 6
2018-10-10,81.0,40.0,24.0,39.0, 1, 3
2018-10-11,48.0,35.0,21.0,38.0, , 4
2018-10-12,57.0,54.0,20.0,46.0, , 3
2018-10-13,65.0,44.0,29.0,37.0, , 2
2018-10-14,60.0,51.0,30.0,48.0, , 3
2018-10-15,69.0,60.0,26.0,57.0, 1, 6
2018-10-16,80.0,49.0,15.0,45.0, , 5
2018-10-17,67.0,53.0,17.0,33.0, , 3
2018-10-18,77.0,54.0,13.0,32.0, , 4
2018-10-19,92.0,72.0,17.0,36.0, , 3
2018-10-20,94.0,71.0,12.0,38.0, , 3
2018-10-21,109.0,55.0,13.0,37.0, , 3
2018-10-22,77.0,46.0,15.0,41.0, , 4
2018-10-23,60.0,46.0,10.0,34.0, , 4
2018-10-24,60.0,49.0,15.0,39.0, , 5
2018-10-25,72.0,42.0,19.0,40.0, , 4
2018-10-26,67.0,43.0,18.0,39.0, , 3
2018-10-27,55.0,50.0,13.0,26.0, , 1
2018-10-28,67.0,39.0,11.0,28.0, , 3
2018-10-29,70.0,29.0,14.0,35.0, , 3
2018-10-30,56.0,32.0,10.0,35.0, , 3
2018-10-31,70.0,21.0,14.0,34.0, , 2
2018-11-01,50.0,34.0,17.0,44.0, , 4
2018-11-02,68.0,48.0,13.0,53.0, 1, 6
2018-11-03,94.0,42.0,8.0,34.0, , 4
2018-11-04,105.0,41.0,8.0,34.0, , 4
2018-11-05,79.0,29.0,19.0,37.0, , 3
2018-11-06,53.0,21.0,18.0,31.0, , 2
2018-11-07,46.0,32.0,16.0,34.0, , 2
2018-11-08,54.0,35.0,15.0,38.0, , 3
2018-11-09,66.0,18.0,20.0,29.0, , 2
2018-11-10,42.0,16.0,20.0,28.0, , 2
2018-11-11,43.0,23.0,11.0,45.0, , 4
2018-11-12,58.0,34.0,19.0,38.0, , 4
2018-11-13,59.0,42.0,5.0,36.0, , 4
2018-11-14,73.0,33.0,3.0,27.0, , 1
2018-11-15,73.0,33.0,3.0,26.0, , 
2018-11-16,69.0,42.0,10.0,27.0, , 
2018-11-17,90.0,39.0,14.0,37.0, , 
2018-11-18,75.0,38.0,9.0,39.0, 1, 
2018-11-19,70.0,35.0,9.0,33.0, , 
2018-11-20,84.0,52.0,6.0,39.0, 1, 
2018-11-21,117.0,47.0,6.0,31.0, , 
2018-11-22,102.0,48.0,24.81463173700891,34.0, 1, 
2018-11-23,107.0,30.0,15.0,34.0, , 
2018-11-24,72.0,25.0,6.0,36.0, , 
2018-11-25,70.0,36.0,26.740439882566534,29.0, , 
2018-11-26,89.0,43.0,6.0,34.0, , 
2018-11-27,86.0,24.0,11.0,35.0, , 
2018-11-28,54.0,31.0,16.0,33.0, , 
2018-11-29,53.0,40.0,18.0,42.0, , 
2018-11-30,61.0,29.0,19.0,31.0, , 
2018-12-01,54.0,13.0,20.0,27.0, , 
2018-12-02,33.0,18.0,24.0,34.0, , 
2018-12-03,39.0,31.0,21.0,41.0, , 
2018-12-04,55.0,36.0,7.0,33.0, , 
2018-12-05,65.0,29.0,16.0,42.0, , 
2018-12-06,55.0,22.0,25.0,30.0, , 
2018-12-07,38.0,24.0,28.0,24.0, , 
2018-12-08,44.0,22.0,31.0,26.0, , 
2018-12-09,48.0,29.0,18.0,38.0, , 
2018-12-10,52.0,50.0,4.0,46.0, 1, 
2018-12-11,88.0,44.0,9.0,40.0, , 
2018-12-12,83.0,40.0,7.0,33.0, , 
2018-12-13,73.0,47.0,10.0,37.0, 1, 
2018-12-14,83.0,39.0,11.0,31.0, , 
2018-12-15,85.0,23.0,13.0,39.0, , 
2018-12-16,63.0,34.0,19.0,40.0, , 
2018-12-17,59.0,35.0,10.0,36.0, , 
2018-12-18,59.0,28.0,18.0,36.0, , 
2018-12-19,50.0,34.0,22.0,37.0, , 
2018-12-20,47.0,18.0,23.0,31.0, , 
2018-12-21,35.0,28.0,23.0,37.0, , 
2018-12-22,48.0,21.0,18.0,31.0, , 
2018-12-23,42.0,23.0,19.0,35.0, , 
2018-12-24,53.0,37.0,13.0,41.0, , 
2018-12-25,83.0,48.0,1.0,33.0, , 
2018-12-26,108.0,47.0,23.49185243372223,29.0, , 
2018-12-27,110.0,47.0,1.0,36.0, , 
2018-12-28,107.0,50.0,2.0,36.0, , 
2018-12-29,111.0,31.0,13.0,36.0, , 
2018-12-30,81.0,38.22122340182011,25.49802393780124,27.01611585418906, , 
2018-07-01,68.0,51.0,56.0,60.0, 1, 3
2018-07-02,60.0,55.0,44.0,51.0, 1, 3
2018-07-03,56.0,47.0,41.0,55.0, , 4
2018-07-04,54.0,50.0,44.0,48.0, 1, 4
2018-07-05,60.0,58.0,50.0,59.0, 1, 4
2018-07-06,64.0,68.0,67.0,60.0, 1, 3
2018-07-07,71.0,59.0,65.0,59.0, 1, 3
2018-07-08,73.0,67.0,33.0,41.0, 1, 3
2018-07-09,52.0,53.0,29.0,32.0, 2, 3
2018-07-10,41.0,57.0,31.0,38.0, 1, 3
2018-07-11,50.0,56.0,37.0,43.0, 1, 4
2018-07-12,62.0,64.0,46.0,46.0, 1, 4
2018-07-13,65.0,52.12439636275724,61.0,52.0, 1, 3
2018-07-14,78.0,80.0,63.0,58.0, 1, 4
2018-07-15,75.0,84.0,54.0,52.0, 1, 4
2018-07-16,63.0,63.0,33.0,35.0, 1, 2
2018-07-17,47.0,68.0,41.0,47.0, 1, 4
2018-07-18,51.0,72.0,54.0,56.0, , 3
2018-07-19,58.0,43.0,39.0,48.0, , 3
2018-07-20,56.0,44.0,38.0,33.0, 1, 2
2018-07-21,61.0,58.0,58.0,49.0, 1, 3
2018-07-22,73.0,65.0,33.4851299499725,63.0, 1, 3
2018-07-23,67.0,71.0,45.0,61.0, 1, 3
2018-07-24,67.0,71.0,69.0,58.0, 1, 3
2018-07-25,67.0,80.0,38.22209716687544,84.0, 1, 5
2018-07-26,84.0,73.0,67.0,79.0, 1, 4
2018-07-27,93.0,36.0,28.0,30.0, , 2
2018-07-28,46.0,46.0,24.0,25.0, , 1
2018-07-29,40.0,35.0,20.0,25.0, , 2
2018-07-30,41.0,32.0,28.0,30.0, , 2
2018-07-31,39.0,51.0,39.0,47.0, , 3
2018-08-01,52.0,65.0,54.0,52.0, 1, 3
2018-08-02,57.0,64.0,35.87928489297216,69.0, 1, 3
2018-08-03,69.0,52.0,55.0,50.0, 1, 2
2018-08-04,54.0,51.0,41.0,35.0, , 2
2018-08-05,51.0,57.0,62.0,59.0, 1, 4
2018-08-06,56.0,61.0,64.0,62.0, 1, 3
2018-08-07,67.0,36.0,31.0,27.0, , 2
2018-08-08,47.0,33.0,23.0,32.0, , 2
2018-08-09,45.0,36.0,27.0,28.0, , 2
2018-08-10,41.0,32.0,33.0,31.0, , 1
2018-08-11,36.0,30.0,36.0,38.0, , 2
2018-08-12,42.0,29.0,21.0,24.0, 3, 4
2018-08-13,34.0,26.0,28.0,27.0, , 2
2018-08-14,29.0,29.0,31.0,28.0, , 2
2018-08-15,34.0,41.0,41.0,44.0, 1, 3
2018-08-16,57.0,32.0,28.0,23.0, , 2
2018-08-17,40.0,36.0,31.0,28.0, , 2
2018-08-18,53.0,35.0,29.0,30.0, , 2
2018-08-19,58.0,34.0,18.0,26.0, 1, 2
2018-08-20,46.0,46.0,22.0,32.0, , 3
2018-08-21,50.0,50.0,34.0,36.0, , 3
2018-08-22,59.0,37.0,26.0,27.0, , 2
2018-08-23,53.0,34.0,23.0,26.0, , 2
2018-08-24,45.0,25.0,26.0,25.0, , 1
2018-08-25,33.0,36.0,30.0,33.0, , 2
2018-08-26,48.0,34.0,27.0,26.0, 1, 2
2018-08-27,43.0,59.0,42.0,50.0, 1, 4
2018-08-28,70.0,36.0,25.0,42.0, 1, 4
2018-08-29,69.0,44.0,20.0,41.0, 1, 5
2018-08-30,59.0,40.0,32.0,42.0, , 3
2018-08-31,61.0,34.0,39.0,39.0, , 3
2018-09-01,59.0,34.0,42.0,21.0, 1, 2
2018-09-02,65.0,44.0,40.0,25.0, 1, 2
2018-09-03,64.0,36.0,29.0,19.0, , 3
2018-09-04,64.0,43.0,40.0,18.0, , 3
2018-09-05,80.0,32.0,31.0,14.0, , 2
2018-09-06,59.0,31.0,28.0,23.0, , 3
2018-09-07,49.0,43.0,32.0,47.0, 1, 3
2018-09-08,60.0,65.0,37.0,56.0, 1, 5
2018-09-09,84.0,43.0,27.0,41.0, 1, 4
2018-09-10,53.0,51.0,37.0,57.0, 1, 6
2018-09-11,64.0,53.0,33.0,45.0, 1, 5
2018-09-12,64.0,41.0,13.0,26.0, , 3
2018-09-13,68.0,31.0,32.0,40.0, 1, 3
2018-09-14,52.0,48.0,32.0,45.0, 1, 3
2018-09-15,55.0,77.0,35.0,56.0, 1, 5
2018-09-16,65.0,66.0,35.0,68.0, 1, 7
2018-09-17,77.0,43.0,19.0,44.0, 1, 4
2018-09-18,62.0,43.0,27.0,38.0, 1, 4
2018-09-19,59.0,42.0,25.0,39.0, , 3
2018-09-20,58.0,31.0,24.0,30.0, , 2
2018-09-21,43.0,28.0,24.0,32.0, , 1
2018-09-22,42.0,14.0,21.0,16.0, , 1
2018-09-23,37.0,28.0,24.0,37.0, 1, 3
2018-09-24,47.0,35.0,25.0,36.0, 1, 2
2018-09-25,55.0,44.0,17.0,52.0, 2, 5
2018-09-26,61.0,63.0,16.0,71.0, 2, 9
2018-09-27,85.0,56.0,19.0,49.0, 2, 6
2018-09-28,80.0,50.0,24.0,37.0, 1, 2
2018-09-29,55.0,46.0,29.0,37.0, 1, 2
2018-09-30,56.0,39.0,23.0,32.0, 1, 2
2018-04-01,55.0,28.0,25.0,37.0, , 3
2018-04-02,57.0,31.0,23.0,45.0, , 5
2018-04-03,53.0,27.0,32.0,41.0, , 4
2018-04-04,44.0,31.0,29.0,44.0, , 4
2018-04-05,49.0,37.0,30.0,42.0, 1, 5
2018-04-06,58.0,37.0,31.0,46.0, , 4
2018-04-07,59.0,44.0,38.0,41.0, , 3
2018-04-08,65.0,43.0,22.0,51.0, , 5
2018-04-09,75.0,30.0,38.0,41.0, , 4
2018-04-10,58.0,36.0,39.0,53.0, , 5
2018-04-11,53.0,49.0,19.0,49.0, , 5
2018-04-12,88.0,36.0,36.0,46.0, , 5
2018-04-13,68.0,40.0,26.0,47.0, , 4
2018-04-14,66.0,30.0,34.0,40.0, , 3
2018-04-15,57.0,43.0,35.0,47.0, , 4
2018-04-16,57.0,50.0,38.0,51.0, , 5
2018-04-17,68.0,61.0,46.0,56.0, 1, 5
2018-04-18,76.0,67.0,44.0,65.0, 1, 5
2018-04-19,103.0,68.0,48.0,67.0, 1, 6
2018-04-20,88.0,69.0,51.0,62.0, , 3
2018-04-21,76.0,57.0,42.0,46.0, , 3
2018-04-22,74.0,49.0,32.0,40.0, , 3
2018-04-23,60.0,52.0,39.0,45.0, , 3
2018-04-24,55.0,41.0,31.0,35.0, , 3
2018-04-25,48.0,40.0,34.0,39.0, , 3
2018-04-26,42.0,66.0,36.0,44.0, , 3
2018-04-27,55.0,39.0,35.0,33.0, , 2
2018-04-28,42.0,29.0,23.0,38.0, , 2
2018-04-29,58.0,18.0,25.0,30.0, , 2
2018-04-30,38.0,28.0,32.0,32.0, , 3
2018-05-01,48.0,42.0,35.0,44.0, , 4
2018-05-02,60.0,49.0,38.0,42.0, , 4
2018-05-03,54.0,49.0,41.0,46.0, 1, 4
2018-05-04,63.0,60.0,46.0,48.0, 1, 3
2018-05-05,92.0,58.0,48.0,54.0, , 4
2018-05-06,79.0,65.0,47.0,60.0, 1, 4
2018-05-07,73.0,57.0,60.0,51.0, , 4
2018-05-08,67.0,43.0,37.0,31.0, , 3
2018-05-09,59.0,43.0,37.0,28.0, , 2
2018-05-10,44.0,54.0,41.0,43.0, , 3
2018-05-11,56.0,38.0,27.0,40.0, , 3
2018-05-12,59.0,26.0,28.0,27.0, , 2
2018-05-13,43.0,42.0,34.0,36.0, , 4
2018-05-14,57.0,50.0,38.0,41.0, , 5
2018-05-15,88.0,58.0,39.0,41.0, , 4
2018-05-16,89.0,53.0,37.0,33.0, , 3
2018-05-17,64.0,59.0,30.0,37.0, , 3
2018-05-18,67.0,64.0,38.0,37.0, , 2
2018-05-19,71.0,62.0,45.0,37.0, , 2
2018-05-20,88.0,49.0,43.0,45.0, , 3
2018-05-21,64.0,71.0,39.0,59.0, , 6
2018-05-22,79.0,61.0,35.0,41.0, , 4
2018-05-23,105.0,60.0,45.0,47.0, , 5
2018-05-24,88.0,56.0,41.0,52.0, , 4
2018-05-25,74.0,38.0,40.0,42.0, , 2
2018-05-26,69.0,49.0,49.0,48.0, , 6
2018-05-27,61.0,48.0,37.0,48.0, , 4
2018-05-28,61.0,40.0,29.0,40.0, , 4
2018-05-29,64.0,43.0,35.0,45.0, , 5
2018-05-30,64.0,45.0,34.0,42.0, , 4
2018-05-31,56.0,29.0,24.0,38.0, , 5
2018-06-01,48.0,34.0,34.0,36.0, , 3
2018-06-02,57.0,31.0,38.0,40.0, , 3
2018-06-03,55.0,44.0,42.0,44.0, , 4
2018-06-04,66.0,50.0,30.0,35.0, , 4
2018-06-05,107.0,46.0,17.0,38.0, , 5
2018-06-06,94.0,36.0,35.0,40.0, , 4
2018-06-07,50.0,48.0,38.0,48.0, 1, 5
2018-06-08,66.0,52.0,36.0,42.0, , 4
2018-06-09,105.0,54.0,33.0,40.0, , 3
2018-06-10,119.0,50.0,19.0,40.0, , 5
2018-06-11,97.0,34.0,27.0,39.0, , 3
2018-06-12,64.0,29.0,24.0,34.0, , 3
2018-06-13,43.0,38.0,28.0,41.0, 1, 5
2018-06-14,59.0,39.0,34.0,37.0, 1, 5
2018-06-15,54.0,31.0,33.0,34.0, , 3
2018-06-16,50.0,26.0,28.0,34.0, , 3
2018-06-17,42.0,26.0,24.0,31.0, , 4
2018-06-18,42.0,37.0,19.0,31.0, , 4
2018-06-19,48.0,40.0,31.0,41.0, 1, 4
2018-06-20,55.0,45.0,29.0,32.0, , 3
2018-06-21,48.0,41.0,31.0,37.0, 1, 3
2018-06-22,45.0,48.0,34.0,40.0, , 2
2018-06-23,55.0,47.0,39.0,45.0, 1, 2
2018-06-24,57.0,45.0,31.0,40.0, 1, 3
2018-06-25,51.0,52.0,42.0,52.0, 1, 3
2018-06-26,60.0,60.0,44.0,60.0, 1, 4
2018-06-27,66.0,61.0,43.0,54.0, 1, 3
2018-06-28,62.0,63.0,50.0,63.0, 1, 4
2018-06-29,67.0,65.0,55.0,57.0, 1, 3
2018-06-30,68.0,72.0,57.0,58.0, 1, 3
2018-01-01,30.0,25.0,24.0,27.0, , 3
2018-01-02,47.0,25.0,28.0,20.0, , 1
2018-01-03,38.0,20.0,22.0,31.0, , 2
2018-01-04,37.0,26.0,25.0,38.0, , 7
2018-01-05,46.0,34.0,18.0,41.0, , 4
2018-01-06,77.0,31.0,8.0,23.0, , 3
2018-01-07,78.0,36.0,6.0,28.0, 1, 4
2018-01-08,73.0,40.0,9.0,31.0, , 6
2018-01-09,83.0,34.0,12.0,39.0, , 5
2018-01-10,60.0,40.0,15.0,39.0, , 6
2018-01-11,75.0,48.0,7.0,38.0, 1, 6
2018-01-12,96.0,43.0,9.0,32.0, , 4
2018-01-13,100.0,50.0,7.0,40.0, , 5
2018-01-14,105.0,23.0,21.0,30.0, , 3
2018-01-15,49.0,21.0,28.0,37.0, , 2
2018-01-16,40.0,24.0,29.0,35.0, , 2
2018-01-17,40.0,21.0,25.0,36.0, , 3
2018-01-18,44.0,22.0,23.0,49.0, , 4
2018-01-19,45.0,17.0,22.0,38.0, , 2
2018-01-20,46.0,20.0,20.0,37.0, , 3
2018-01-21,56.0,23.0,24.0,37.0, , 4
2018-01-22,43.0,28.0,23.0,39.0, , 4
2018-01-23,50.0,20.0,17.0,26.0, , 2
2018-01-24,31.0,22.0,23.0,44.0, , 4
2018-01-25,46.0,37.0,17.0,46.0, 1, 6
2018-01-26,60.0,38.0,13.0,37.0, , 4
2018-01-27,78.0,21.0,15.0,25.0, , 3
2018-01-28,51.0,19.0,20.0,27.0, , 3
2018-01-29,28.0,29.0,19.0,32.0, , 4
2018-01-30,41.0,17.0,28.0,34.0, , 2
2018-01-31,37.0,26.0,24.0,44.0, , 4
2018-02-01,47.0,37.0,14.0,42.0, 1, 5
2018-02-02,55.0,31.0,10.0,45.0, , 4
2018-02-03,68.0,25.0,15.0,34.0, , 3
2018-02-04,58.0,35.0,9.0,36.0, 1, 4
2018-02-05,77.0,36.0,6.0,37.0, , 4
2018-02-06,87.0,44.0,11.0,36.0, 1, 3
2018-02-07,104.0,53.0,5.0,58.0, 1, 6
2018-02-08,130.0,52.0,19.0,45.0, 1, 6
2018-02-09,116.0,32.0,21.0,49.0, , 3
2018-02-10,65.0,23.0,25.0,40.0, , 3
2018-02-11,47.0,35.0,22.0,54.0, 1, 4
2018-02-12,52.0,36.0,17.0,43.0, , 4
2018-02-13,53.0,30.0,18.0,38.0, , 5
2018-02-14,57.0,30.0,15.0,48.0, , 7
2018-02-15,56.0,49.0,18.0,61.0, 1, 6
2018-02-16,73.0,49.0,16.0,51.0, 1, 5
2018-02-17,76.0,50.0,16.0,40.0, , 5
2018-02-18,100.0,38.0,7.0,35.0, , 5
2018-02-19,81.0,38.0,17.0,44.0, , 4
2018-02-20,72.0,70.0,13.0,43.0, 1, 5
2018-02-21,144.0,65.0,19.0,44.0, 1, 4
2018-02-22,126.0,54.0,24.0,48.0, 1, 3
2018-02-23,83.0,48.0,24.0,47.0, 1, 4
2018-02-24,90.0,35.0,25.0,42.0, 1, 2
2018-02-25,67.0,46.0,24.0,43.0, 2, 3
2018-02-26,66.0,48.0,18.0,48.0, 1, 3
2018-02-27,84.0,82.0,23.0,48.0, 1, 3
2018-02-28,99.0,60.0,19.0,43.0, 1, 3
2018-03-01,107.0,51.0,15.0,54.0, 1, 6
2018-03-02,94.0,44.0,21.0,65.0, , 5
2018-03-03,71.0,26.0,19.0,57.0, , 5
2018-03-04,62.0,40.0,17.0,63.0, , 7
2018-03-05,61.0,37.0,25.0,55.0, , 5
2018-03-06,55.0,25.0,25.0,55.0, , 5
2018-03-07,50.0,30.0,22.0,50.0, , 4
2018-03-08,51.0,39.0,9.0,66.0, , 7
2018-03-09,79.0,35.0,18.0,55.0, , 5
2018-03-10,67.0,23.0,30.0,43.0, , 3
2018-03-11,45.0,26.0,27.0,41.0, , 3
2018-03-12,38.0,38.0,26.0,42.0, , 4
2018-03-13,52.0,40.0,29.0,49.0, , 4
2018-03-14,63.0,31.0,26.0,54.0, , 5
2018-03-15,52.0,41.0,27.0,49.0, , 5
2018-03-16,56.0,38.0,6.0,48.0, , 4
2018-03-17,84.0,40.0,18.0,41.0, , 2
2018-03-18,92.0,51.0,18.0,49.0, 1, 4
2018-03-19,106.0,41.0,24.0,42.0, 1, 4
2018-03-20,74.0,43.0,27.0,45.0, , 4
2018-03-21,65.0,50.0,26.0,54.0, 1, 4
2018-03-22,70.0,42.0,28.0,48.0, , 4
2018-03-23,62.0,47.0,28.0,47.0, , 4
2018-03-24,75.0,59.0,28.0,55.0, 1, 5
2018-03-25,116.0,54.0,31.0,46.0, 1, 5
2018-03-26,87.0,33.0,26.0,47.0, , 4
2018-03-27,64.0,26.0,30.0,40.0, , 3
2018-03-28,43.0,31.0,32.0,43.0, , 3
2018-03-29,45.0,29.0,25.0,48.0, , 5
2018-03-30,51.0,28.0,27.0,45.0, , 4
2018-03-31,51.0,27.0,29.0,38.0, , 3
2017-10-18,78.0,55.0,23.0,49.0, , 6
2017-10-19,72.0,30.0,26.0,34.0, , 3
2017-10-20,47.0,32.0,25.0,35.0, , 3
2017-10-21,52.0,24.0,26.0,26.0, , 1
2017-10-22,40.0,27.0,19.0,38.0, , 4
2017-10-23,48.0,26.0,14.0,38.0, , 5
2017-10-24,52.0,33.0,14.0,36.0, , 5
2017-10-25,57.0,51.0,1.0,42.0, , 8
2017-10-26,91.0,43.0,19.0,38.0, , 5
2017-10-27,80.0,36.0,21.0,40.0, , 4
2017-10-28,61.0,22.0,20.0,26.0, , 2
2017-10-29,40.0,34.0,18.0,41.0, , 3
2017-10-30,57.0,51.0,5.0,53.0, 1, 7
2017-10-31,84.0,49.0,8.0,49.0, 1, 7
2017-11-01,87.0,45.0,13.0,45.0, , 7
2017-11-02,87.0,57.0,11.0,47.0, , 8
2017-11-03,96.0,33.0,17.0,37.0, , 4
2017-11-04,69.0,22.0,25.0,39.0, , 3
2017-11-05,43.0,36.0,15.0,46.0, , 5
2017-11-06,62.0,51.0,6.0,57.0, 1, 9
2017-11-07,85.0,59.0,2.0,56.0, 1, 9
2017-11-08,114.0,48.0,10.0,48.0, , 6
2017-11-09,91.0,28.0,16.0,39.0, , 5
2017-11-10,51.0,22.0,17.0,30.0, , 3
2017-11-11,47.0,15.0,25.0,25.0, , 3
2017-11-12,42.0,28.0,19.0,29.0, , 4
2017-11-13,43.0,42.0,10.0,42.0, , 6
2017-11-14,71.0,50.0,1.0,42.0, , 8
2017-11-15,93.0,50.0,4.0,51.0, 1, 8
2017-11-16,94.0,54.0,4.0,49.0, , 8
2017-11-17,112.0,45.0,10.0,49.0, , 6
2017-11-18,81.0,27.0,21.0,37.0, , 3
2017-11-19,56.0,43.0,11.0,44.0, , 5
2017-11-20,92.0,33.0,12.0,41.0, , 5
2017-11-21,63.0,39.0,12.0,40.0, , 5
2017-11-22,72.0,36.0,19.0,37.0, , 4
2017-11-23,57.0,31.0,17.0,44.0, , 6
2017-11-24,57.0,24.0,16.0,42.0, , 3
2017-11-25,51.0,21.0,18.0,37.0, , 2
2017-11-26,45.0,23.0,16.0,35.0, , 3
2017-11-27,45.0,21.0,21.0,44.0, , 4
2017-11-28,59.0,35.0,9.0,52.0, , 6
2017-11-29,66.0,30.0,13.0,46.0, , 5
2017-11-30,53.0,28.0,16.0,47.0, , 4
2017-12-01,60.0,52.0,3.0,44.0, , 4
2017-12-02,117.0,44.0,2.0,33.0, , 7
2017-12-03,104.0,55.0,10.0,43.0, , 8
2017-12-04,121.0,58.0,4.0,54.0, 1, 8
2017-12-05,102.0,56.0,7.0,43.0, , 7
2017-12-06,96.0,30.0,17.0,31.0, , 3
2017-12-07,62.0,26.0,15.0,44.0, , 3
2017-12-08,47.0,24.0,16.0,44.0, , 3
2017-12-09,50.0,25.0,20.0,33.0, , 2
2017-12-10,51.0,28.0,18.0,37.0, , 3
2017-12-11,41.0,30.0,19.0,47.0, , 4
2017-12-12,52.0,25.0,13.0,39.0, , 4
2017-12-13,54.0,23.0,28.0,35.0, , 3
2017-12-14,37.0,20.0,21.0,42.0, , 3
2017-12-15,44.0,27.0,17.0,41.0, , 4
2017-12-16,52.0,35.0,10.0,46.0, , 4
2017-12-17,74.0,32.0,15.0,36.0, , 4
2017-12-18,55.0,51.0,5.0,47.0, , 6
2017-12-19,78.0,50.0,5.0,48.0, , 7
2017-12-20,84.0,28.0,5.0,46.0, , 6
2017-12-21,65.0,24.0,24.0,45.0, , 5
2017-12-22,56.0,29.0,14.0,47.0, , 4
2017-12-23,69.0,20.0,15.0,31.0, , 2
2017-12-24,44.0,15.0,20.0,25.0, , 2
2017-12-25,36.0,20.0,17.0,32.0, , 2
2017-12-26,45.0,15.0,23.0,30.0, , 2
2017-12-27,35.0,29.0,18.0,41.0, , 3
2017-12-28,47.0,29.0,24.0,39.0, , 3
2017-12-29,68.0,22.0,20.0,35.0, , 2
2017-12-30,41.0,24.0,19.0,26.0, , 
2017-12-31,45.0,20.0,26.0,21.0, , 1
2017-04-01,48.0,36.0,33.0,45.0, , 3
2017-04-02,58.0,53.0,34.0,58.0, , 4
2017-04-03,81.0,47.0,28.0,49.0, 1, 4
2017-04-04,74.0,48.0,28.0,38.0, , 3
2017-04-05,72.0,53.0,32.0,47.0, , 3
2017-04-06,62.0,62.0,32.0,59.0, 1, 5
2017-04-07,96.0,81.0,34.0,64.0, , 4
2017-04-08,123.0,83.0,42.0,72.0, , 5
2017-04-09,97.0,37.0,28.0,38.0, , 3
2017-04-10,63.0,59.0,32.0,51.0, , 4
2017-04-11,63.0,56.0,35.0,43.0, 1, 3
2017-04-12,52.0,50.0,27.0,43.0, , 4
2017-04-13,59.0,51.0,35.0,47.0, , 4
2017-04-14,61.0,29.0,31.0,40.0, , 2
2017-04-15,48.0,33.0,33.0,39.0, , 2
2017-04-16,40.0,30.0,27.0,31.0, , 2
2017-04-17,42.0,41.0,30.0,46.0, , 3
2017-04-18,47.0,64.0,33.0,47.0, , 3
2017-04-19,69.0,62.0,33.0,55.0, 1, 4
2017-04-20,70.0,63.0,34.0,61.0, 1, 5
2017-04-21,84.0,52.0,22.0,46.0, , 3
2017-04-22,71.0,48.0,34.0,47.0, , 2
2017-04-23,55.0,47.0,37.0,55.0, , 4
2017-04-24,60.0,31.0,29.0,44.0, , 3
2017-04-25,47.0,39.0,27.0,50.0, , 4
2017-04-26,50.0,43.0,29.0,53.0, , 4
2017-04-27,52.0,36.0,23.0,53.0, , 5
2017-04-28,65.0,56.0,36.0,43.0, , 3
2017-04-29,68.0,46.0,37.0,35.0, , 2
2017-04-30,44.0,38.0,33.0,26.0, , 1
2017-05-01,50.0,33.0,34.0,45.0, , 3
2017-05-02,52.0,37.0,18.0,49.0, , 5
2017-05-03,84.0,47.0,25.0,50.0, , 6
2017-05-04,92.0,62.0,33.0,48.0, 3, 5
2017-05-05,117.0,35.0,20.0,40.0, , 4
2017-05-06,76.0,31.0,29.0,33.0, , 3
2017-05-07,70.0,29.0,27.0,31.0, , 2
2017-05-08,55.0,45.0,35.0,49.0, 3, 6
2017-05-09,68.0,41.0,40.0,62.0, , 6
2017-05-10,68.0,34.0,31.0,47.0, 1, 4
2017-05-11,58.0,33.0,28.0,49.0, , 5
2017-05-12,55.0,31.0,35.0,39.0, , 3
2017-05-13,51.0,25.0,33.0,34.0, , 2
2017-05-14,42.0,35.0,33.0,52.0, , 5
2017-05-15,55.0,43.0,36.0,61.0, , 6
2017-05-16,64.0,49.0,42.0,60.0, , 5
2017-05-17,68.0,25.0,26.0,38.0, , 4
2017-05-18,37.0,32.0,28.0,40.0, , 3
2017-05-19,52.0,26.0,29.0,39.0, 1, 3
2017-05-20,52.0,29.0,33.0,41.0, , 3
2017-05-21,50.0,40.0,41.0,62.0, , 6
2017-05-22,60.0,32.0,30.0,38.0, , 4
2017-05-23,45.0,34.0,36.0,49.0, , 4
2017-05-24,53.0,43.0,35.0,43.0, , 2
2017-05-25,53.0,50.0,39.0,56.0, , 3
2017-05-26,51.0,34.0,51.0,47.0, , 2
2017-05-27,57.0,41.0,48.0,52.0, , 4
2017-05-28,82.0,40.0,41.0,53.0, , 4
2017-05-29,59.0,28.0,27.0,36.0, , 4
2017-05-30,38.0,44.0,31.0,47.0, , 3
2017-05-31,68.0,65.0,47.0,59.0, , 4
2017-06-01,78.0,47.0,31.0,60.0, , 5
2017-06-02,68.0,29.0,20.0,37.0, , 3
2017-06-03,53.0,41.0,32.0,37.0, , 2
2017-06-04,48.0,39.0,33.0,31.0, , 2
2017-06-05,67.0,38.0,24.0,29.0, , 2
2017-06-06,51.0,30.0,25.0,35.0, , 3
2017-06-07,71.0,35.0,30.0,49.0, , 5
2017-06-08,55.0,32.0,28.0,46.0, , 5
2017-06-09,51.0,35.0,41.0,52.0, , 5
2017-06-10,63.0,31.0,45.0,44.0, , 3
2017-06-11,55.0,32.0,30.0,36.0, , 4
2017-06-12,43.0,39.0,33.0,48.0, , 4
2017-06-13,56.0,37.0,19.0,49.0, , 3
2017-06-14,60.0,31.730448198846265,27.061727924031967,24.821486821016954, , 
2017-01-02,79.0,39.0,7.0,57.0, , 5
2017-01-03,78.0,33.0,10.0,46.0, , 5
2017-01-04,61.0,44.0,10.0,53.0, , 5
2017-01-05,66.0,53.0,8.0,48.0, , 5
2017-01-06,90.0,53.0,5.0,43.0, , 5
2017-01-07,103.0,38.0,3.0,44.0, , 6
2017-01-08,98.0,29.0,16.0,36.0, , 5
2017-01-09,108.0,30.0,13.0,53.0, , 6
2017-01-10,54.0,33.0,22.0,42.0, , 3
2017-01-11,55.0,38.0,18.0,46.0, , 3
2017-01-12,56.0,30.49411006494649,27.359576302361628,24.403462243269885, , 
2017-01-16,100.0,53.0,10.0,41.0, 1, 4
2017-01-17,101.0,47.0,10.0,43.0, 1, 4
2017-01-18,82.0,54.0,10.0,48.0, 1, 5
2017-01-19,107.0,57.0,9.0,51.0, 1, 5
2017-01-20,113.0,76.0,4.0,57.0, 1, 8
2017-01-21,107.96815228077762,84.0,5.0,60.0, 2, 10
2017-01-22,99.8042685123356,74.0,3.0,50.0, 1, 7
2017-01-23,84.81758752812527,59.0,10.0,49.0, 1, 8
2017-01-24,136.0,53.0,10.0,39.0, , 5
2017-01-25,112.0,68.0,6.0,40.0, 1, 7
2017-01-26,150.0,65.0,10.0,55.0, , 7
2017-01-27,107.0,49.0,15.0,49.0, , 4
2017-01-28,71.0,25.0,19.0,39.0, , 3
2017-01-29,64.0,23.0,14.0,42.0, , 4
2017-01-30,60.0,40.0,6.0,46.0, , 6
2017-01-31,84.0,36.0,9.0,39.0, , 4
2017-02-01,71.0,37.0,25.0,44.0, , 4
2017-02-02,66.0,27.0,22.0,41.0, , 3
2017-02-03,47.0,24.0,20.0,47.0, , 3
2017-02-04,54.0,25.0,24.0,43.0, , 3
2017-02-05,51.0,35.0,17.0,43.0, , 4
2017-02-06,56.0,38.0,21.0,53.0, , 5
2017-02-07,60.0,41.0,8.0,41.0, , 4
2017-02-08,74.0,59.0,9.0,39.0, , 5
2017-02-09,111.0,57.0,8.0,42.0, , 5
2017-02-10,119.0,65.0,4.0,44.0, , 5
2017-02-11,76.13567828962336,49.0,10.0,39.0, , 5
2017-02-12,117.0,52.0,13.0,35.0, , 4
2017-02-13,99.0,58.0,5.0,44.0, , 6
2017-02-14,107.0,55.0,18.0,52.0, , 6
2017-02-15,82.0,56.0,5.0,61.0, 1, 7
2017-02-16,110.0,56.0,5.0,56.0, , 7
2017-02-17,114.0,53.0,16.0,53.0, , 6
2017-02-18,108.0,46.0,25.0,52.0, , 5
2017-02-19,106.0,36.0,18.0,40.0, , 4
2017-02-20,61.0,28.0,17.0,38.0, , 4
2017-02-21,41.0,31.0,23.0,41.0, , 3
2017-02-22,44.0,28.0,26.0,36.0, , 2
2017-02-23,36.0,42.0,26.0,54.0, , 5
2017-02-24,54.0,35.0,28.0,50.0, , 3
2017-02-25,74.0,24.0,32.0,32.0, , 2
2017-02-26,50.0,21.0,35.0,29.0, , 2
2017-02-27,30.0,21.0,29.0,40.0, , 3
2017-02-28,36.0,22.0,29.0,42.0, , 3
2017-03-01,33.0,46.0,28.0,48.0, , 4
2017-03-02,48.0,41.0,19.0,52.0, , 5
2017-03-03,58.0,24.0,25.0,54.0, , 3
2017-03-04,53.0,18.0,32.0,35.0, , 2
2017-03-05,38.0,28.0,27.0,46.0, , 3
2017-03-06,46.0,36.0,22.0,51.0, , 5
2017-03-07,54.0,21.0,18.0,38.0, , 4
2017-03-08,45.0,36.0,16.0,40.0, , 4
2017-03-09,46.0,49.0,14.0,48.0, 1, 6
2017-03-10,94.0,46.0,19.0,58.0, , 6
2017-03-11,85.0,48.0,20.0,41.0, , 5
2017-03-12,101.0,48.0,21.0,37.0, , 4
2017-03-13,99.0,39.0,24.0,46.0, 1, 4
2017-03-14,71.0,46.0,20.0,53.0, , 5
2017-03-15,76.0,60.0,23.0,63.0, 1, 7
2017-03-16,103.0,36.0,28.0,44.0, , 3
2017-03-17,64.0,29.0,26.0,37.0, , 2
2017-03-18,41.0,34.0,27.0,37.0, , 2
2017-03-19,46.0,26.0,27.0,37.0, , 2
2017-03-20,39.0,31.0,26.0,55.0, , 5
2017-03-21,49.0,34.0,29.0,43.0, , 4
2017-03-22,52.0,28.0,18.0,44.0, , 4
2017-03-23,59.0,46.0,11.0,46.0, , 4
2017-03-24,93.0,42.0,33.0,47.0, , 3
2017-03-25,81.0,38.0,30.0,48.0, , 4
2017-03-26,75.0,56.0,33.0,60.0, , 6
2017-03-27,96.0,44.0,32.0,56.0, , 5
2017-03-28,74.0,43.0,30.0,61.0, , 6
2017-03-29,63.0,47.0,32.0,64.0, , 5
2017-03-30,62.0,35.0,33.0,48.0, , 4
2017-03-31,55.0,28.0,34.0,43.0, , 3
2016-10-01,57.0,23.0,23.0,34.0, , 3
2016-10-02,43.0,43.0,19.0,55.0, , 5
2016-10-03,69.0,47.0,25.0,49.0, , 5
2016-10-04,61.0,41.0,20.0,41.0, , 3
2016-10-05,48.0,40.0,16.0,41.0, , 4
2016-10-06,44.0,38.0,7.0,38.0, , 4
2016-10-07,63.0,51.0,11.0,35.0, , 4
2016-10-08,75.0,54.0,19.0,46.0, , 3
2016-10-09,76.0,48.0,11.0,58.0, 1, 7
2016-10-10,83.0,41.0,11.0,44.0, , 5
2016-10-11,80.0,53.0,9.0,44.0, 1, 5
2016-10-12,104.0,56.0,6.0,39.0, , 5
2016-10-13,67.0,35.0,4.0,41.0, , 6
2016-10-14,70.0,39.0,18.0,40.0, , 4
2016-10-15,76.0,35.0,21.0,47.0, , 4
2016-10-16,66.0,27.0,18.0,46.0, , 5
2016-10-17,50.0,32.0,19.0,47.0, , 5
2016-10-18,56.0,32.0,16.0,47.0, , 5
2016-10-19,46.0,29.0,14.0,45.0, , 6
2016-10-20,51.0,31.0,12.0,48.0, , 6
2016-10-21,55.0,43.0,13.0,51.0, , 5
2016-10-22,81.0,35.0,14.0,41.0, , 4
2016-10-23,72.0,40.0,3.0,41.0, , 7
2016-10-24,86.0,50.0,3.0,45.0, , 7
2016-10-25,95.0,51.0,3.0,39.0, , 6
2016-10-26,92.0,55.0,2.0,50.0, , 8
2016-10-27,118.0,51.0,19.0,54.0, , 7
2016-10-28,104.0,35.0,16.0,42.0, , 3
2016-10-29,72.0,45.0,12.0,40.0, , 4
2016-10-30,82.0,42.0,9.0,44.0, , 5
2016-10-31,70.0,41.0,5.0,44.0, , 6
2016-11-01,82.0,38.0,16.0,47.0, , 5
2016-11-02,71.0,62.0,9.0,60.0, 1, 7
2016-11-03,80.0,45.0,3.0,47.0, , 6
2016-11-04,90.0,33.0,19.0,42.0, , 5
2016-11-05,72.0,28.0,17.0,46.0, , 3
2016-11-06,62.0,59.0,12.0,42.0, , 4
2016-11-07,53.0,32.0,8.0,46.0, , 5
2016-11-08,62.0,27.0,17.0,38.0, , 3
2016-11-09,51.0,21.0,17.0,50.0, , 5
2016-11-10,44.0,48.0,14.0,38.0, , 3
2016-11-11,49.0,61.0,3.0,41.0, , 5
2016-11-12,113.0,34.0,9.0,35.0, , 4
2016-11-13,68.0,41.0,7.0,41.0, , 5
2016-11-14,81.0,35.0,2.0,40.0, , 5
2016-11-15,73.0,23.0,10.0,37.0, , 4
2016-11-16,49.0,21.0,19.0,35.0, , 3
2016-11-17,34.0,22.0,25.0,38.0, , 3
2016-11-18,38.0,23.0,21.0,37.0, , 3
2016-11-19,42.0,25.0,23.0,32.0, , 2
2016-11-20,42.0,23.0,15.0,46.0, , 4
2016-11-21,54.0,34.0,20.0,44.0, , 4
2016-11-22,57.0,38.0,4.0,49.0, , 7
2016-11-23,76.0,42.0,1.0,43.0, , 6
2016-11-24,78.0,48.0,1.0,37.0, , 5
2016-11-25,89.0,52.0,27.52465516438168,39.0, , 5
2016-11-26,97.0,59.0,8.0,40.0, 1, 5
2016-11-27,100.0,41.0,16.0,43.0, , 3
2016-11-28,58.0,38.0,11.0,45.0, 1, 4
2016-11-29,62.0,64.0,2.0,68.0, 2, 10
2016-11-30,117.0,97.0,3.0,89.0, 3, 17
2016-12-01,118.39280911762683,95.0,1.0,86.0, 2, 11
2016-12-02,84.32109462681508,59.0,12.0,47.0, 1, 4
2016-12-03,89.0,65.0,6.0,43.0, , 4
2016-12-04,83.0,67.0,1.0,53.0, 1, 9
2016-12-05,127.0,74.0,1.0,57.0, 1, 10
2016-12-06,102.04790954572103,76.0,1.0,53.0, 1, 10
2016-12-07,151.0,67.0,2.0,53.0, , 8
2016-12-08,139.0,61.0,3.0,54.0, , 7
2016-12-09,119.0,55.0,2.0,47.0, , 6
2016-12-10,114.0,46.0,14.0,47.0, , 4
2016-12-11,74.0,39.0,10.0,46.0, , 4
2016-12-12,69.0,41.0,3.0,45.0, , 5
2016-12-13,82.0,75.0,2.0,48.0, , 7
2016-12-14,95.0,61.0,1.0,48.0, , 9
2016-12-15,123.0,56.0,3.0,47.0, , 7
2016-12-16,100.0,61.0,8.0,46.0, 1, 7
2016-12-17,107.0,44.0,4.0,35.0, , 4
2016-12-18,78.0,42.0,7.0,39.0, , 4
2016-12-19,73.0,42.0,8.0,39.0, , 5
2016-12-20,80.0,42.0,6.0,39.0, , 4
2016-12-21,78.0,31.0,7.0,45.0, , 5
2016-12-22,66.0,42.0,15.0,46.0, , 5
2016-12-23,76.0,29.0,17.0,38.0, , 2
2016-12-24,50.0,32.0,19.0,32.0, , 2
2016-12-25,49.0,27.0,17.0,40.0, , 3
2016-12-26,46.0,53.0,9.0,59.0, , 5
2016-12-27,85.0,52.0,10.0,48.0, 1, 4
2016-12-28,83.0,57.0,7.0,44.0, , 5
2016-12-29,101.0,63.0,2.0,47.0, , 7
2016-12-30,141.0,49.0,2.0,33.0, , 5
2016-12-31,104.0,31.0,5.0,26.0, , 3
2017-01-01,77.0,37.0,4.0,41.0, , 4
2016-07-01,35.0,24.0,22.0,27.0, , 2
2016-07-02,40.0,24.0,19.0,33.0, , 2
2016-07-03,49.0,30.0,21.0,35.0, , 4
2016-07-04,59.0,28.0,21.0,36.0, , 5
2016-07-05,58.0,37.0,38.0,47.0, , 5
2016-07-06,60.0,45.0,53.0,64.0, , 5
2016-07-07,69.0,53.0,45.0,63.0, , 5
2016-07-08,73.0,30.0,31.0,35.0, , 3
2016-07-09,59.0,44.0,35.0,45.0, , 4
2016-07-10,65.0,45.0,23.0,34.0, , 3
2016-07-11,47.0,33.0,24.0,37.0, , 4
2016-07-12,43.0,30.0,22.0,39.0, , 4
2016-07-13,35.0,31.0,26.0,29.0, , 3
2016-07-14,49.0,42.0,37.0,44.0, , 4
2016-07-15,62.0,48.0,26.0,43.0, , 4
2016-07-16,64.0,52.0,35.0,37.0, , 3
2016-07-17,59.0,53.0,34.0,47.0, , 4
2016-07-18,58.0,66.0,41.0,64.0, , 5
2016-07-19,67.0,55.0,42.0,64.0, , 5
2016-07-20,73.0,42.0,34.0,41.0, , 5
2016-07-21,68.0,43.0,34.0,36.0, , 4
2016-07-22,57.0,47.0,37.0,32.0, , 3
2016-07-23,57.0,62.0,34.0,35.0, , 3
2016-07-24,53.0,60.0,24.0,39.0, , 4
2016-07-25,65.0,33.0,27.0,33.0, , 4
2016-07-26,52.0,34.0,26.0,40.0, , 4
2016-07-27,60.0,25.0,25.0,33.0, , 4
2016-07-28,46.0,23.0,23.0,31.0, , 3
2016-07-29,44.0,25.0,24.0,38.0, , 4
2016-07-30,49.0,35.0,32.0,35.0, , 3
2016-07-31,52.0,30.0,32.0,39.0, , 3
2016-08-01,48.0,26.0,23.0,32.0, , 3
2016-08-02,50.0,26.0,20.0,29.0, , 3
2016-08-03,54.0,26.0,18.0,28.0, , 3
2016-08-04,52.0,29.0,29.0,32.0, , 3
2016-08-05,53.0,37.0,26.0,38.0, , 3
2016-08-06,60.0,32.0,26.0,36.0, , 3
2016-08-07,55.0,30.0,26.0,30.0, , 3
2016-08-08,50.0,41.0,29.0,31.0, , 2
2016-08-09,52.0,51.0,25.0,32.0, 1, 3
2016-08-10,74.0,33.0,27.0,32.0, , 3
2016-08-11,49.0,37.0,25.0,31.0, , 3
2016-08-12,63.0,47.0,39.0,32.0, , 3
2016-08-13,58.0,47.0,31.0,26.0, , 2
2016-08-14,51.0,53.0,40.0,38.0, , 2
2016-08-15,63.0,47.0,51.0,54.0, , 3
2016-08-16,74.0,61.0,51.0,56.0, , 4
2016-08-17,72.0,39.0,30.0,54.0, , 4
2016-08-18,75.0,34.0,28.0,40.0, , 3
2016-08-19,72.0,26.0,30.0,24.0, , 2
2016-08-20,46.0,22.0,26.0,25.0, , 2
2016-08-21,41.0,33.0,36.0,48.0, , 4
2016-08-22,57.0,47.554732958392336,34.0,52.0, , 4
2016-08-23,91.0,56.0,53.0,62.0, , 5
2016-08-24,58.0,68.28464147763616,71.0,81.0, , 6
2016-08-25,87.0,80.0,35.67979164324981,85.0, , 5
2016-08-26,92.0,63.0,56.0,57.0, , 4
2016-08-27,93.0,50.0,31.0,44.0, , 3
2016-08-28,59.0,29.0,23.0,37.0, , 3
2016-08-29,50.0,48.0,37.0,58.0, , 4
2016-08-30,75.0,51.0,45.0,63.0, , 5
2016-08-31,81.0,42.0,27.0,49.0, , 5
2016-09-01,57.0,47.0,43.0,59.0, 1, 5
2016-09-02,65.0,41.0,30.0,46.0, , 4
2016-09-03,59.0,29.0,19.0,39.0, , 3
2016-09-04,54.0,29.0,19.0,44.0, , 5
2016-09-05,58.0,32.0,8.0,38.0, , 6
2016-09-06,64.0,44.0,38.0,60.0, 1, 5
2016-09-07,67.0,50.0,28.0,62.0, , 6
2016-09-08,70.0,50.0,33.0,62.0, 1, 6
2016-09-09,65.0,47.0,33.0,57.0, , 4
2016-09-10,65.0,36.0,19.0,37.0, , 4
2016-09-11,60.0,59.0,40.0,64.0, , 5
2016-09-12,71.0,60.0,36.0,75.0, , 5
2016-09-13,72.0,47.0,39.0,60.0, , 5
2016-09-14,62.0,33.0,29.0,48.0, 1, 4
2016-09-15,62.0,30.0,22.0,37.0, , 4
2016-09-16,53.0,24.0,13.0,29.0, , 3
2016-09-17,52.0,29.0,28.0,31.0, , 3
2016-09-18,64.0,34.0,24.0,46.0, , 6
2016-09-19,71.0,39.0,22.0,49.0, , 5
2016-09-20,75.0,50.0,21.0,64.0, 1, 8
2016-09-21,86.0,55.0,29.0,72.0, , 8
2016-09-22,91.0,45.0,26.0,65.0, 1, 7
2016-09-23,84.0,48.0,36.0,63.0, , 6
2016-09-24,79.0,33.0,23.0,48.0, , 4
2016-09-25,64.0,43.0,19.0,56.0, 1, 6
2016-09-26,70.0,41.0,25.0,54.0, , 5
2016-09-27,61.0,35.0,20.0,49.0, , 5
2016-09-28,58.0,29.0,15.0,36.0, , 4
2016-09-29,49.0,36.0,21.0,53.0, , 6
2016-09-30,57.0,26.0,22.0,40.0, , 4
2016-04-01,98.0,44.0,14.0,45.0, , 5
2016-04-02,94.0,39.0,28.0,43.0, , 3
2016-04-03,83.0,25.0,27.0,44.0, , 4
2016-04-04,57.0,41.0,28.0,49.0, , 5
2016-04-05,70.0,42.0,24.0,48.0, , 4
2016-04-06,65.0,26.0,28.0,43.0, , 3
2016-04-07,53.0,31.0,21.0,47.0, , 4
2016-04-08,59.0,38.0,26.0,50.0, , 4
2016-04-09,71.0,31.0,33.0,48.0, , 3
2016-04-10,69.0,29.0,25.0,49.0, , 4
2016-04-11,63.0,32.0,25.0,54.0, , 5
2016-04-12,65.0,31.0,28.0,51.0, , 5
2016-04-13,68.0,33.0,25.0,53.0, 1, 5
2016-04-14,65.0,28.0,27.0,42.0, , 3
2016-04-15,52.0,22.0,30.0,40.0, , 3
2016-04-16,54.0,24.0,28.0,42.0, , 2
2016-04-17,59.0,30.0,32.0,54.0, , 4
2016-04-18,62.0,47.0,35.0,64.0, , 4
2016-04-19,71.0,50.0,34.0,51.0, , 3
2016-04-20,74.0,45.0,29.0,55.0, , 5
2016-04-21,68.0,58.0,16.0,54.0, , 6
2016-04-22,94.0,43.0,26.0,38.0, , 2
2016-04-23,77.0,24.0,28.0,42.0, , 2
2016-04-24,52.0,29.0,27.0,48.0, , 3
2016-04-25,56.0,22.0,30.0,42.0, , 3
2016-04-26,44.0,23.0,30.0,35.0, , 4
2016-04-27,37.0,27.0,31.0,46.0, , 4
2016-04-28,47.0,29.0,30.0,38.0, , 3
2016-04-29,45.0,23.0,28.0,36.0, , 3
2016-04-30,45.0,29.0,38.0,31.0, , 2
2016-05-01,45.0,30.0,30.0,49.0, 1, 4
2016-05-02,52.0,31.0,33.0,42.0, , 4
2016-05-03,62.0,38.0,40.0,54.0, , 4
2016-05-04,76.0,50.0,45.0,50.0, , 2
2016-05-05,64.0,51.0,44.0,57.0, , 4
2016-05-06,74.0,58.0,42.0,55.0, , 4
2016-05-07,88.0,58.0,47.0,59.0, , 3
2016-05-08,92.0,42.0,41.0,45.0, , 4
2016-05-09,61.0,30.0,27.0,44.0, , 5
2016-05-10,62.0,36.0,25.0,49.0, , 6
2016-05-11,78.0,35.0,28.0,50.0, , 5
2016-05-12,74.0,63.0,32.0,47.0, , 6
2016-05-13,134.0,47.0,33.0,36.0, , 2
2016-05-14,63.0,33.0,36.0,41.0, , 2
2016-05-15,63.0,39.0,37.0,49.0, , 3
2016-05-16,72.0,41.0,33.0,58.0, , 5
2016-05-17,67.0,43.0,38.0,50.0, , 3
2016-05-18,62.0,31.0,30.0,39.0, , 4
2016-05-19,53.0,32.0,25.0,46.0, , 4
2016-05-20,64.0,32.0,27.0,41.0, , 3
2016-05-21,65.0,27.0,24.0,45.0, , 4
2016-05-22,70.0,25.0,24.0,37.0, , 4
2016-05-23,61.0,33.0,23.0,44.0, , 3
2016-05-24,60.0,43.0,28.0,45.0, , 4
2016-05-25,70.0,48.0,25.0,50.0, , 4
2016-05-26,88.0,44.0,40.0,54.0, , 5
2016-05-27,82.0,43.0,29.0,54.0, , 4
2016-05-28,85.0,53.0,20.0,40.0, , 3
2016-05-29,120.0,34.0,25.0,39.0, , 4
2016-05-30,81.0,18.0,21.0,38.0, , 5
2016-05-31,43.0,39.0,14.0,40.0, , 6
2016-06-01,81.0,31.0,18.0,38.0, , 5
2016-06-02,62.0,28.0,20.0,43.0, , 6
2016-06-03,62.0,34.0,20.0,35.0, , 4
2016-06-04,69.0,43.0,22.0,37.0, , 4
2016-06-05,97.0,55.0,23.0,52.0, , 6
2016-06-06,118.0,51.0,46.0,58.0, , 7
2016-06-07,95.0,52.0,38.0,46.0, , 5
2016-06-08,90.0,46.0,38.0,47.0, , 4
2016-06-09,77.0,48.0,44.0,63.0, , 5
2016-06-10,77.0,37.0,36.0,53.0, , 3
2016-06-11,68.0,33.0,29.0,40.0, , 3
2016-06-12,69.0,28.0,20.0,35.0, , 3
2016-06-13,50.0,26.0,20.0,33.0, , 3
2016-06-14,49.0,25.0,21.0,37.0, , 4
2016-06-15,38.0,29.0,16.0,45.0, , 5
2016-06-16,55.0,34.0,25.0,43.0, , 4
2016-06-17,52.0,28.0,27.0,39.0, , 3
2016-06-18,51.0,31.0,35.0,38.0, , 2
2016-06-19,57.0,27.0,20.0,40.0, , 4
2016-06-20,52.0,26.0,15.0,31.0, , 5
2016-06-21,48.0,36.0,32.0,47.0, , 6
2016-06-22,62.0,38.0,43.0,56.0, , 5
2016-06-23,63.0,31.0,33.0,36.0, , 5
2016-06-24,52.0,27.0,27.0,32.0, , 3
2016-06-25,41.0,25.0,30.0,29.0, , 2
2016-06-26,37.0,40.0,23.0,38.0, , 4
2016-06-27,52.0,29.0,26.0,43.0, , 5
2016-06-28,49.0,28.0,25.0,36.0, , 3
2016-06-29,38.0,29.0,22.0,37.0, , 3
2016-06-30,48.0,23.0,16.0,30.0, , 3
2016-01-04,47.0,24.0,19.0,40.0, , 4
2016-01-05,51.0,24.0,16.0,40.0, , 5
2016-01-06,51.0,24.0,22.0,39.0, , 3
2016-01-07,54.0,40.0,16.0,52.0, , 6
2016-01-08,73.0,29.0,18.0,41.0, , 3
2016-01-09,65.0,17.0,24.0,38.0, , 3
2016-01-10,41.0,20.0,18.0,44.0, , 4
2016-01-11,47.0,20.0,20.0,40.0, , 3
2016-01-12,43.0,33.0,22.0,44.0, , 4
2016-01-13,53.0,28.0,17.0,48.0, , 4
2016-01-14,59.0,27.0,19.0,47.0, , 4
2016-01-15,48.0,44.0,13.0,58.0, , 5
2016-01-16,71.0,60.0,12.0,52.0, , 4
2016-01-17,87.0,41.0,14.0,40.0, , 4
2016-01-18,76.0,52.0,3.0,45.0, 1, 6
2016-01-19,112.0,64.0,3.0,51.0, 1, 8
2016-01-20,143.0,61.0,4.0,51.0, , 7
2016-01-21,140.0,51.0,2.0,47.0, , 6
2016-01-22,109.0,37.0,11.0,44.0, , 3
2016-01-23,73.0,39.0,3.0,38.0, , 4
2016-01-24,85.0,51.0,5.0,45.0, , 6
2016-01-25,92.0,43.0,17.0,38.0, , 5
2016-01-26,77.0,41.0,22.0,30.0, , 3
2016-01-27,53.0,39.0,19.0,51.0, , 6
2016-01-28,59.0,37.0,14.0,46.0, , 5
2016-01-29,56.0,17.0,22.0,32.0, , 2
2016-01-30,37.0,17.0,18.0,40.0, , 2
2016-01-31,46.0,28.0,24.0,39.0, , 3
2016-02-01,45.0,23.0,22.0,35.0, , 3
2016-02-02,44.0,27.0,20.0,40.0, , 3
2016-02-03,46.0,27.0,14.0,43.0, , 4
2016-02-04,51.0,29.0,15.0,47.0, , 5
2016-02-05,54.0,34.0,20.0,44.0, , 4
2016-02-06,62.0,20.0,26.0,30.0, , 2
2016-02-07,44.0,23.0,27.0,31.0, , 2
2016-02-08,41.0,20.0,25.0,39.0, , 3
2016-02-09,44.0,22.0,25.0,41.0, , 3
2016-02-10,40.0,34.0,21.0,50.0, , 4
2016-02-11,57.0,28.0,16.0,44.0, , 4
2016-02-12,62.0,28.0,17.0,49.0, , 4
2016-02-13,68.0,22.0,21.0,42.0, , 3
2016-02-14,56.0,31.0,21.0,40.0, , 4
2016-02-15,54.0,40.0,13.0,47.0, , 5
2016-02-16,66.0,55.0,11.0,55.0, 1, 7
2016-02-17,103.0,48.0,8.0,49.0, , 6
2016-02-18,100.0,41.0,18.0,52.0, , 5
2016-02-19,69.0,20.0,21.0,34.0, , 3
2016-02-20,47.0,15.0,20.0,28.0, , 2
2016-02-21,36.0,24.0,24.0,34.0, , 3
2016-02-22,46.0,26.0,23.0,47.0, , 4
2016-02-23,55.0,45.0,19.0,56.0, 1, 6
2016-02-24,84.0,44.0,18.0,48.0, , 5
2016-02-25,86.0,59.0,21.0,59.0, , 7
2016-02-26,119.0,46.0,18.0,44.0, , 3
2016-02-27,95.0,44.0,23.0,34.0, , 3
2016-02-28,93.0,41.0,23.0,37.0, , 3
2016-02-29,77.0,39.0,13.0,46.0, , 4
2016-03-01,76.0,22.0,23.0,39.0, , 3
2016-03-02,45.0,28.0,24.0,41.0, , 4
2016-03-03,47.0,29.0,21.0,51.0, , 4
2016-03-04,58.0,28.0,24.0,49.0, , 4
2016-03-05,62.0,29.0,26.0,44.0, , 3
2016-03-06,61.0,29.0,21.0,47.0, , 4
2016-03-07,59.0,37.0,22.0,52.0, , 5
2016-03-08,64.0,31.0,19.0,43.0, , 4
2016-03-09,60.0,41.0,15.0,50.0, , 6
2016-03-10,74.0,71.0,23.0,49.0, 1, 6
2016-03-11,135.0,62.0,29.0,49.0, 1, 4
2016-03-12,142.0,54.0,26.0,42.0, , 3
2016-03-13,118.0,47.0,20.0,44.0, , 4
2016-03-14,92.0,51.0,18.0,48.0, , 5
2016-03-15,101.0,51.0,21.0,40.0, , 4
2016-03-16,99.0,48.0,20.0,48.0, , 5
2016-03-17,98.0,67.0,12.0,49.0, , 6
2016-03-18,148.0,45.0,18.0,41.0, , 4
2016-03-19,94.0,39.0,21.0,40.0, , 3
2016-03-20,83.0,39.0,23.0,46.0, , 5
2016-03-21,72.0,45.0,29.0,50.0, , 4
2016-03-22,80.0,45.0,21.0,47.0, , 5
2016-03-23,84.0,53.0,22.0,56.0, , 5
2016-03-24,102.0,39.0,19.0,46.0, , 5
2016-03-25,82.0,32.0,23.0,41.0, , 3
2016-03-26,68.0,18.0,31.0,28.0, , 1
2016-03-27,40.0,20.0,27.0,25.0, , 1
2016-03-28,40.0,25.0,25.0,40.0, , 3
2016-03-29,47.0,29.0,20.0,51.0, , 5
2016-03-30,59.0,24.0,22.0,44.0, , 4
2016-03-31,62.0,44.0,22.0,46.0, , 4
2015-10-01,66.0,51.0,21.0,60.0, 1, 7
2015-10-02,75.0,63.0,17.0,64.0, , 7
2015-10-03,102.0,56.0,17.0,41.0, , 4
2015-10-04,101.0,32.0,11.0,43.0, , 6
2015-10-05,63.0,25.0,20.0,42.0, , 5
2015-10-06,58.0,24.0,20.0,37.0, , 4
2015-10-07,41.0,34.0,20.0,48.0, , 5
2015-10-08,55.0,44.0,18.0,52.0, 1, 6
2015-10-09,80.0,45.0,16.0,40.0, , 4
2015-10-10,92.0,46.0,15.0,37.0, , 3
2015-10-11,94.0,53.0,8.0,39.0, 1, 5
2015-10-12,104.0,52.0,18.0,43.0, 4, 5
2015-10-13,98.0,44.0,13.0,43.0, 2, 5
2015-10-14,94.0,36.0,5.0,39.0, 33, 5
2015-10-15,82.0,47.0,2.0,44.0, 4, 7
2015-10-16,112.0,44.0,12.0,46.0, 1, 6
2015-10-17,88.0,36.0,11.0,40.0, 2, 4
2015-10-18,82.0,53.0,2.0,43.0, 25, 7
2015-10-19,119.0,51.0,11.0,43.0, 1, 7
2015-10-20,112.0,38.0,14.0,53.0, 1, 6
2015-10-21,77.0,28.0,14.0,49.0, , 5
2015-10-22,61.0,37.0,25.0,61.0, , 6
2015-10-23,68.0,33.0,10.0,41.0, , 4
2015-10-24,69.0,37.0,16.0,40.0, , 4
2015-10-25,71.0,51.0,6.0,50.0, 1, 8
2015-10-26,98.0,51.0,11.0,56.0, , 8
2015-10-27,84.0,34.0,17.0,50.0, , 4
2015-10-28,70.0,36.0,11.0,46.0, , 5
2015-10-29,70.0,42.0,8.0,43.0, , 6
2015-10-30,82.0,51.0,6.0,43.0, , 6
2015-10-31,110.0,54.0,4.0,55.0, , 9
2015-11-01,120.0,52.0,2.0,43.0, , 6
2015-11-02,110.0,41.0,9.0,52.0, , 7
2015-11-03,81.0,31.0,13.0,50.0, , 6
2015-11-04,65.0,37.0,15.0,47.0, , 6
2015-11-05,75.0,22.0,10.0,38.0, , 6
2015-11-06,53.0,30.0,10.0,37.0, , 5
2015-11-07,68.0,29.0,16.0,34.0, , 3
2015-11-08,68.0,30.0,22.0,39.0, , 3
2015-11-09,57.0,64.0,16.0,45.0, , 6
2015-11-10,64.0,35.0,11.0,34.0, , 3
2015-11-11,80.0,50.0,8.0,48.0, , 7
2015-11-12,104.0,33.0,23.0,44.0, , 3
2015-11-13,63.0,27.0,24.0,35.0, , 1
2015-11-14,50.0,26.0,21.0,27.0, , 2
2015-11-15,54.0,29.0,20.0,35.0, , 3
2015-11-16,55.0,18.0,22.0,28.0, 16, 3
2015-11-17,39.0,30.0,20.0,34.0, 10, 4
2015-11-18,56.0,22.0,18.0,35.0, , 3
2015-11-19,49.0,23.0,17.0,51.0, , 5
2015-11-20,54.0,19.0,20.0,34.0, , 2
2015-11-21,42.0,29.0,20.0,51.0, , 3
2015-11-22,59.0,46.0,15.0,59.0, 1, 6
2015-11-23,91.0,30.0,15.0,43.0, 1, 4
2015-11-24,73.0,23.0,11.0,54.0, , 6
2015-11-25,55.0,45.0,7.0,62.0, 1, 9
2015-11-26,85.0,52.0,4.0,48.0, , 6
2015-11-27,115.0,23.0,20.0,43.0, , 3
2015-11-28,38.0,22.0,27.0,24.0, , 1
2015-11-29,43.0,20.0,26.0,31.0, , 2
2015-11-30,34.0,29.0,22.0,51.0, , 6
2015-12-01,55.0,42.0,19.0,62.0, , 5
2015-12-02,71.0,46.0,8.0,49.0, , 5
2015-12-03,86.0,36.0,16.0,53.0, 1, 6
2015-12-04,70.0,37.0,11.0,41.0, , 4
2015-12-05,75.0,38.0,12.0,34.0, , 4
2015-12-06,78.0,47.0,2.0,48.0, , 7
2015-12-07,87.0,37.0,17.0,50.0, 1, 5
2015-12-08,77.0,80.0,11.0,50.0, , 5
2015-12-09,73.0,33.0,8.0,40.0, , 4
2015-12-10,67.0,34.0,13.0,42.0, , 5
2015-12-11,70.0,31.0,14.0,40.0, , 3
2015-12-12,61.0,38.0,16.0,34.0, , 4
2015-12-13,79.0,48.0,6.0,42.0, , 6
2015-12-14,104.0,43.0,11.0,50.0, , 6
2015-12-15,91.0,48.0,8.0,40.0, , 6
2015-12-16,77.0,47.0,5.0,47.0, , 6
2015-12-17,84.0,50.0,9.0,42.0, , 5
2015-12-18,95.0,50.0,3.0,44.0, , 6
2015-12-19,97.0,37.0,23.0,34.0, , 2
2015-12-20,73.0,27.0,24.0,31.0, , 3
2015-12-21,49.0,27.0,21.0,37.0, , 4
2015-12-22,56.0,36.0,15.0,44.0, , 4
2015-12-23,65.0,32.0,22.0,35.0, , 3
2015-12-24,69.0,33.0,17.0,35.0, , 2
2015-12-25,66.0,39.0,11.0,43.0, , 3
2015-12-26,81.0,42.0,9.0,44.0, , 3
2015-12-27,86.0,49.0,3.0,46.0, , 5
2015-12-28,86.0,39.0,18.0,49.0, , 4
2015-12-29,68.0,36.0,10.0,47.0, , 4
2015-12-30,63.0,32.65770179927111,26.83834164028472,25.135005254327254, , 
2016-01-02,51.0,19.0,20.0,32.0, , 1
2016-01-03,47.0,28.0,20.0,38.0, , 3
2015-07-01,81.0,56.0,44.0,57.0, , 5
2015-07-02,75.0,59.0,62.0,68.0, , 6
2015-07-03,77.0,59.0,63.0,65.0, 1, 4
2015-07-04,86.0,41.0,33.0,34.0, , 3
2015-07-05,58.0,52.0,41.0,65.0, , 6
2015-07-06,66.0,41.0,26.0,53.0, , 5
2015-07-07,63.0,33.0,22.0,31.0, , 3
2015-07-08,47.0,43.0,33.0,40.0, 1, 4
2015-07-09,57.0,63.0,45.0,66.0, , 5
2015-07-10,66.0,53.0,42.0,50.0, , 4
2015-07-11,67.0,36.0,24.0,33.0, , 2
2015-07-12,53.0,31.0,21.0,34.0, , 4
2015-07-13,51.0,39.0,20.0,30.0, , 3
2015-07-14,49.0,47.0,35.0,51.0, , 5
2015-07-15,64.0,63.0,42.0,69.0, , 6
2015-07-16,72.0,37.0,28.0,36.0, , 3
2015-07-17,60.0,45.0,45.0,47.0, , 3
2015-07-18,57.0,27.0,25.0,34.0, , 3
2015-07-19,58.0,24.0,16.0,36.0, , 4
2015-07-20,49.0,34.0,20.0,36.0, , 4
2015-07-21,57.0,34.0,31.0,37.0, , 3
2015-07-22,51.0,38.0,36.0,42.0, 1, 4
2015-07-23,49.0,44.0,32.0,54.0, , 5
2015-07-24,63.0,33.0,32.0,30.0, , 2
2015-07-25,44.0,49.0,27.0,39.0, , 3
2015-07-26,62.0,27.0,26.0,26.0, , 2
2015-07-27,40.0,27.0,25.0,33.0, , 3
2015-07-28,43.0,32.0,26.0,34.0, , 3
2015-07-29,44.0,32.0,28.0,39.0, , 4
2015-07-30,48.0,45.0,35.0,49.0, , 4
2015-07-31,62.0,44.0,44.0,44.0, , 3
2015-08-01,60.0,56.0,53.0,55.0, , 3
2015-08-02,63.0,44.0,54.0,65.0, 1, 4
2015-08-03,67.0,42.0,31.0,38.0, , 3
2015-08-04,53.0,55.0,39.0,55.0, , 5
2015-08-05,64.0,47.0,34.0,46.0, , 4
2015-08-06,64.0,49.0,40.0,46.0, , 3
2015-08-07,56.0,62.0,37.0,50.0, 1, 3
2015-08-08,57.0,49.0,40.0,42.0, , 2
2015-08-09,67.0,45.0,25.0,41.0, , 3
2015-08-10,50.0,60.0,26.0,37.0, , 3
2015-08-11,58.0,69.0,57.0,53.0, , 4
2015-08-12,78.0,46.0,42.0,45.0, , 3
2015-08-13,80.0,26.0,28.0,35.0, , 3
2015-08-14,54.0,22.0,28.0,23.0, , 1
2015-08-15,43.0,30.0,31.0,35.0, , 2
2015-08-16,55.0,34.0,33.0,40.0, , 2
2015-08-17,58.0,38.0,33.0,47.0, , 4
2015-08-18,67.0,43.0,37.0,51.0, , 4
2015-08-19,70.0,31.0,21.0,38.0, , 4
2015-08-20,71.0,34.0,36.0,44.0, , 4
2015-08-21,71.0,40.0,45.0,52.0, , 3
2015-08-22,63.0,31.0,32.0,40.0, , 2
2015-08-23,52.0,21.0,23.0,27.0, , 2
2015-08-24,48.0,27.0,20.0,29.0, , 3
2015-08-25,51.0,29.0,27.0,38.0, , 3
2015-08-26,56.0,28.0,18.0,48.0, , 4
2015-08-27,61.0,33.0,20.0,49.0, , 5
2015-08-28,71.0,41.0,31.0,57.0, , 7
2015-08-29,80.0,43.0,38.0,63.0, , 7
2015-08-30,82.0,40.0,28.0,49.0, , 6
2015-08-31,74.0,27.0,29.0,39.0, , 5
2015-09-01,47.0,34.0,29.0,45.0, , 5
2015-09-02,56.0,32.0,28.0,40.0, , 6
2015-09-03,44.0,29.0,23.0,44.0, , 6
2015-09-04,46.0,28.0,23.0,38.0, , 4
2015-09-05,53.0,34.0,26.0,33.0, , 2
2015-09-06,49.0,44.0,23.0,49.0, , 5
2015-09-07,61.0,43.0,20.0,40.0, 1, 4
2015-09-08,63.0,45.0,31.0,44.0, , 5
2015-09-09,64.0,49.0,33.0,56.0, , 5
2015-09-10,66.0,56.0,29.0,71.0, 1, 6
2015-09-11,69.0,42.0,17.0,50.0, , 5
2015-09-12,87.0,42.0,14.0,36.0, , 4
2015-09-13,83.0,23.0,24.0,36.0, , 3
2015-09-14,47.0,23.0,25.0,38.0, , 4
2015-09-15,52.0,23.0,24.0,44.0, , 4
2015-09-16,68.0,32.0,22.0,43.0, , 5
2015-09-17,58.0,30.0,20.0,48.0, , 5
2015-09-18,68.0,27.0,25.0,40.0, , 4
2015-09-19,53.0,36.0,30.0,50.0, , 4
2015-09-20,64.0,36.0,29.0,55.0, , 6
2015-09-21,71.0,20.0,21.0,34.0, , 4
2015-09-22,40.0,31.0,21.0,45.0, , 6
2015-09-23,52.0,30.0,16.0,43.0, , 5
2015-09-24,62.0,36.0,16.0,42.0, , 6
2015-09-25,66.0,40.0,24.0,42.0, , 3
2015-09-26,71.0,41.0,29.0,42.0, , 3
2015-09-27,64.0,34.0,24.0,39.0, , 4
2015-09-28,58.0,36.0,26.0,40.0, , 4
2015-09-29,49.0,38.0,22.0,43.0, , 4
2015-09-30,57.0,43.0,23.0,48.0, 1, 4
2015-04-01,48.0,33.0,24.0,46.0, 1, 6
2015-04-02,52.0,44.0,10.0,52.0, , 6
2015-04-03,78.0,34.0,21.0,39.0, , 4
2015-04-04,72.0,38.0,33.0,44.0, , 3
2015-04-05,71.0,47.0,33.0,47.0, 1, 3
2015-04-06,86.0,49.0,34.0,57.0, 2, 6
2015-04-07,90.0,65.0,35.0,73.0, 2, 7
2015-04-08,118.0,71.0,30.0,80.0, 3, 9
2015-04-09,116.0,64.0,35.0,70.0, 1, 7
2015-04-10,89.0,37.0,28.0,47.0, , 4
2015-04-11,59.0,42.0,30.0,53.0, , 5
2015-04-12,73.0,52.0,23.0,61.0, 1, 7
2015-04-13,70.0,62.0,29.0,72.0, 1, 9
2015-04-14,71.0,59.0,29.0,76.0, 1, 9
2015-04-15,69.0,70.0,26.0,80.0, 1, 8
2015-04-16,78.0,71.0,24.0,52.0, 1, 5
2015-04-17,95.0,84.0,36.0,48.0, , 3
2015-04-18,67.0,61.0,38.0,49.0, , 4
2015-04-19,71.0,66.0,40.0,60.0, 1, 5
2015-04-20,82.0,70.0,37.0,57.0, 1, 5
2015-04-21,93.0,69.0,31.0,49.0, 1, 4
2015-04-22,92.0,66.0,35.0,62.0, 1, 6
2015-04-23,92.0,62.0,25.0,60.0, 1, 6
2015-04-24,95.0,34.0,29.0,43.0, , 3
2015-04-25,66.0,29.0,22.0,38.0, , 3
2015-04-26,59.0,43.0,28.0,34.0, , 3
2015-04-27,61.0,41.0,28.0,46.0, , 5
2015-04-28,59.0,47.0,28.0,50.0, , 4
2015-04-29,62.0,25.0,18.0,49.0, , 5
2015-04-30,58.0,22.0,24.0,43.0, , 3
2015-05-01,58.0,28.0,22.0,42.0, , 4
2015-05-02,66.0,22.0,27.0,30.0, , 3
2015-05-03,43.0,36.0,21.0,44.0, , 6
2015-05-04,61.0,56.0,37.0,39.0, , 4
2015-05-05,53.0,49.0,31.766909739738715,39.0, , 3
2015-05-06,47.0,40.0,44.0,48.0, , 5
2015-05-07,56.0,38.0,24.0,43.0, , 4
2015-05-08,62.0,34.0,32.0,33.0, , 2
2015-05-09,48.0,38.0,51.0,39.0, , 3
2015-05-10,58.0,51.0,28.0,61.0, , 7
2015-05-11,69.0,50.0,33.0,44.0, , 5
2015-05-12,58.0,49.0,32.0,57.0, , 5
2015-05-13,60.0,37.0,30.0,37.0, , 3
2015-05-14,59.0,47.0,31.0,40.0, , 4
2015-05-15,66.0,42.0,29.0,43.0, , 4
2015-05-16,65.0,46.0,39.0,49.0, , 3
2015-05-17,69.0,46.0,30.0,44.0, 1, 4
2015-05-18,58.0,49.0,27.0,42.0, , 4
2015-05-19,47.0,31.0,26.0,42.0, , 4
2015-05-20,49.0,42.0,35.0,53.0, , 6
2015-05-21,64.0,48.0,36.0,59.0, 1, 6
2015-05-22,75.0,48.0,27.0,39.0, , 3
2015-05-23,64.0,49.0,33.0,38.0, , 3
2015-05-24,68.0,35.0,36.0,29.0, , 2
2015-05-25,52.0,43.0,32.0,47.0, , 5
2015-05-26,60.0,50.0,36.0,60.0, , 6
2015-05-27,75.0,39.0,25.0,49.0, , 5
2015-05-28,60.0,44.0,31.0,45.0, , 4
2015-05-29,57.0,41.0,31.0,42.0, , 4
2015-05-30,49.0,35.0,25.0,28.0, , 2
2015-05-31,59.0,50.0,31.0,41.0, , 4
2015-06-01,56.0,43.0,27.0,38.0, , 5
2015-06-02,54.0,39.0,31.0,38.0, , 3
2015-06-03,57.0,53.0,41.0,64.0, 1, 4
2015-06-04,70.0,61.0,46.0,66.0, , 5
2015-06-05,76.0,45.0,37.0,33.0, , 2
2015-06-06,49.0,82.0,41.0,42.0, , 2
2015-06-07,64.0,73.0,32.0,36.0, , 3
2015-06-08,55.0,65.0,34.0,38.0, 1, 4
2015-06-09,90.0,61.0,42.0,51.0, , 5
2015-06-10,64.0,44.0,45.0,63.0, 1, 6
2015-06-11,77.0,43.0,39.0,56.0, , 5
2015-06-12,70.0,37.0,42.0,41.0, , 3
2015-06-13,60.0,47.0,39.0,37.0, , 2
2015-06-14,56.0,53.0,35.0,43.0, , 4
2015-06-15,79.0,56.0,37.0,44.0, , 4
2015-06-16,56.0,49.0,40.0,51.0, , 5
2015-06-17,61.0,35.0,28.0,32.0, , 5
2015-06-18,50.0,53.0,33.0,50.0, , 4
2015-06-19,69.0,46.0,29.0,37.0, , 4
2015-06-20,64.0,33.0,24.0,22.0, , 3
2015-06-21,44.0,35.0,17.0,36.0, , 4
2015-06-22,54.0,37.0,28.0,38.0, , 4
2015-06-23,57.0,47.0,36.0,60.0, , 6
2015-06-24,73.0,50.0,47.0,65.0, , 6
2015-06-25,74.0,56.0,50.0,74.0, , 6
2015-06-26,74.0,37.0,34.0,34.0, 1, 3
2015-06-27,51.0,37.0,41.0,43.0, , 3
2015-06-28,57.0,42.0,37.0,50.0, , 4
2015-06-29,53.0,58.0,45.0,74.0, , 5
2015-06-30,65.0,62.0,70.0,89.0, 1, 7
2015-01-01,142.0,49.0,13.0,56.0, 1, 6
2015-01-02,105.0,28.0,16.0,38.0, , 4
2015-01-03,75.0,38.0,22.0,47.0, , 5
2015-01-04,93.0,49.0,3.0,51.0, , 7
2015-01-05,107.0,45.0,5.0,43.0, , 8
2015-01-06,100.0,43.0,7.0,44.0, , 9
2015-01-07,89.0,31.0,18.0,40.0, , 5
2015-01-08,71.0,31.0,17.0,38.0, , 3
2015-01-09,62.0,26.0,23.0,35.0, , 3
2015-01-10,53.0,29.0,24.0,36.0, , 3
2015-01-11,60.0,28.0,18.0,34.0, , 4
2015-01-12,59.0,26.0,22.0,33.0, , 4
2015-01-13,61.0,28.0,23.0,40.0, 3, 5
2015-01-14,58.0,27.0,22.0,35.0, , 4
2015-01-15,57.0,36.0,15.0,52.0, , 6
2015-01-16,67.0,40.0,12.0,37.0, , 6
2015-01-17,77.0,40.0,16.0,49.0, 1, 6
2015-01-18,80.0,47.0,14.0,52.0, 1, 7
2015-01-19,99.0,59.0,11.0,55.0, , 8
2015-01-20,131.0,49.0,11.0,45.0, 1, 7
2015-01-21,96.0,60.0,4.0,41.0, , 8
2015-01-22,136.0,61.0,9.0,40.0, , 7
2015-01-23,142.0,48.0,18.0,46.0, , 6
2015-01-24,98.0,54.0,19.0,55.0, 1, 6
2015-01-25,102.0,32.0,17.0,50.0, , 5
2015-01-26,74.0,50.0,13.0,63.0, 1, 8
2015-01-27,90.0,31.0,26.0,43.0, , 4
2015-01-28,60.0,25.0,31.0,48.0, , 4
2015-01-29,56.0,30.0,25.0,55.0, , 6
2015-01-30,71.0,27.0,22.0,49.0, , 4
2015-01-31,71.0,22.0,26.0,34.0, , 4
2015-02-01,55.0,40.0,24.0,56.0, , 7
2015-02-02,69.0,56.0,14.0,65.0, 1, 7
2015-02-03,94.0,49.0,16.0,47.0, , 6
2015-02-04,90.0,48.0,13.0,40.0, , 6
2015-02-05,86.0,52.0,9.0,38.0, 1, 5
2015-02-06,111.0,51.0,15.0,42.0, 1, 5
2015-02-07,118.0,44.0,21.0,37.0, , 4
2015-02-08,78.0,58.0,5.0,51.0, , 7
2015-02-09,110.0,45.0,17.0,39.0, , 5
2015-02-10,86.0,63.0,9.0,46.0, , 8
2015-02-11,105.0,83.0,4.0,64.0, , 13
2015-02-12,78.17207330611612,55.0,22.0,51.0, 1, 7
2015-02-13,112.0,28.0,18.0,47.0, , 5
2015-02-14,65.0,33.0,15.0,36.0, , 6
2015-02-15,67.0,54.0,9.0,51.0, , 8
2015-02-16,109.0,57.0,11.0,48.0, 1, 7
2015-02-17,108.0,68.0,5.0,54.0, 1, 7
2015-02-18,137.0,59.0,15.0,46.0, , 6
2015-02-19,131.0,28.0,23.0,41.0, , 4
2015-02-20,70.0,31.0,20.0,54.0, , 5
2015-02-21,77.0,29.0,24.0,42.0, , 4
2015-02-22,73.0,31.0,24.0,44.0, , 4
2015-02-23,65.0,37.0,19.0,47.0, , 5
2015-02-24,65.0,45.0,12.0,57.0, , 7
2015-02-25,85.0,36.0,25.0,47.0, , 6
2015-02-26,81.0,42.0,24.0,57.0, , 6
2015-02-27,77.0,37.0,24.0,42.0, , 4
2015-02-28,73.0,28.0,27.0,37.0, , 3
2015-03-01,67.0,31.0,27.0,48.0, , 4
2015-03-02,62.0,38.0,22.0,51.0, , 5
2015-03-03,69.0,42.0,23.0,52.0, , 6
2015-03-04,69.0,56.0,21.0,58.0, , 7
2015-03-05,81.0,63.0,14.0,72.0, 1, 9
2015-03-06,102.0,64.0,14.0,62.0, , 8
2015-03-07,122.0,58.0,20.0,55.0, , 7
2015-03-08,117.0,51.0,19.0,50.0, , 7
2015-03-09,93.0,57.0,6.0,50.0, , 7
2015-03-10,103.0,64.0,18.0,49.0, 1, 6
2015-03-11,113.0,54.0,23.0,49.0, 3, 6
2015-03-12,79.0,52.0,19.0,54.0, 1, 7
2015-03-13,92.0,58.0,21.0,46.0, , 5
2015-03-14,113.0,53.0,8.0,37.0, , 5
2015-03-15,120.0,58.0,16.0,52.0, 1, 8
2015-03-16,122.0,75.0,21.0,73.0, 2, 9
2015-03-17,146.0,82.0,18.0,48.0, 1, 7
2015-03-18,82.01151258029529,59.0,21.0,45.0, 2, 6
2015-03-19,124.0,86.0,16.0,49.0, , 7
2015-03-20,86.69761020957495,64.0,20.0,42.0, , 5
2015-03-21,116.0,42.0,17.0,37.0, , 4
2015-03-22,69.0,56.0,19.0,52.0, 1, 6
2015-03-23,98.0,47.0,18.0,58.0, 1, 6
2015-03-24,89.0,41.0,21.0,53.0, , 6
2015-03-25,74.0,43.0,15.0,55.0, , 6
2015-03-26,78.0,45.0,23.0,58.0, , 6
2015-03-27,65.0,30.0,19.0,37.0, , 3
2015-03-28,57.0,19.0,25.0,30.0, , 2
2015-03-29,34.0,27.0,28.0,40.0, , 4
2015-03-30,44.0,30.0,29.0,32.0, , 3
2015-03-31,44.0,34.0,27.0,40.0, , 4
2014-10-01,100.0,45.0,15.0,54.0, , 6
2014-10-02,78.0,61.0,25.0,71.0, , 11
2014-10-03,106.0,53.0,28.0,53.0, , 7
2014-10-04,83.0,34.0,20.0,38.0, , 4
2014-10-05,56.0,35.0,14.0,44.0, , 5
2014-10-06,70.0,29.0,19.0,43.0, , 5
2014-10-07,54.0,27.0,22.0,48.0, , 6
2014-10-08,61.0,35.0,20.0,45.0, , 7
2014-10-09,63.0,45.0,12.0,51.0, , 8
2014-10-10,87.0,38.0,21.0,46.0, , 7
2014-10-11,80.0,36.0,13.0,42.0, , 5
2014-10-12,80.0,25.0,24.0,41.0, , 5
2014-10-13,53.0,34.0,23.0,59.0, , 7
2014-10-14,67.0,44.0,8.0,55.0, , 9
2014-10-15,92.0,36.0,17.0,45.0, , 7
2014-10-16,65.0,33.0,16.0,51.0, , 7
2014-10-17,64.0,36.0,15.0,51.0, , 8
2014-10-18,75.0,37.0,20.0,46.0, , 6
2014-10-19,78.0,41.0,12.0,49.0, , 6
2014-10-20,74.0,39.0,20.0,37.0, , 4
2014-10-21,58.0,59.0,16.0,51.0, , 6
2014-10-22,69.0,44.0,18.0,49.0, , 5
2014-10-23,68.0,43.0,12.0,52.0, , 6
2014-10-24,78.0,51.0,5.0,49.0, , 8
2014-10-25,108.0,47.0,14.0,46.0, , 7
2014-10-26,100.0,56.0,6.0,53.0, , 9
2014-10-27,116.0,42.0,9.0,36.0, , 6
2014-10-28,89.0,53.0,6.0,47.0, , 8
2014-10-29,109.0,57.0,5.0,57.0, , 9
2014-10-30,108.0,55.0,6.0,60.0, , 9
2014-10-31,98.0,45.0,11.0,42.0, , 7
2014-11-01,88.0,28.0,21.0,29.0, , 3
2014-11-02,60.0,27.0,20.0,42.0, , 4
2014-11-03,50.0,36.0,16.0,52.0, , 7
2014-11-04,76.0,36.0,12.0,49.0, , 6
2014-11-05,71.0,44.0,12.0,52.0, , 7
2014-11-06,87.0,28.0,19.0,45.0, , 5
2014-11-07,57.0,34.0,13.0,40.0, , 5
2014-11-08,66.0,33.0,12.0,40.0, , 5
2014-11-09,71.0,37.0,10.0,44.0, , 6
2014-11-10,96.0,33.0,23.0,40.0, , 6
2014-11-11,72.0,35.0,16.0,49.0, , 7
2014-11-12,66.0,42.0,9.0,42.0, , 7
2014-11-13,69.0,34.0,8.0,45.0, , 7
2014-11-14,75.0,34.0,11.0,41.0, , 7
2014-11-15,76.0,26.0,14.0,42.0, , 5
2014-11-16,68.0,30.0,13.0,49.0, , 7
2014-11-17,70.0,38.0,8.0,46.0, , 7
2014-11-18,85.0,47.0,7.0,45.0, , 9
2014-11-19,99.0,47.0,5.0,36.0, , 7
2014-11-20,91.0,52.0,1.0,41.0, , 10
2014-11-21,109.0,54.0,1.0,42.0, , 9
2014-11-22,110.0,49.0,10.0,39.0, , 8
2014-11-23,103.0,37.0,15.0,45.0, , 5
2014-11-24,71.0,49.0,4.0,40.0, 1, 8
2014-11-25,95.0,46.0,25.949647440429626,41.0, , 10
2014-11-26,100.0,44.0,2.0,42.0, , 9
2014-11-27,87.0,44.0,4.0,45.0, , 8
2014-11-28,79.0,57.0,2.0,33.0, , 7
2014-11-29,123.0,49.0,1.0,34.0, 1, 6
2014-11-30,120.0,42.0,1.0,32.0, 1, 6
2014-12-01,96.0,41.0,1.0,34.0, , 7
2014-12-02,82.0,49.0,2.0,35.0, , 7
2014-12-03,113.0,54.0,24.46828755401464,36.0, 2, 8
2014-12-04,109.0,46.0,2.0,42.0, 2, 9
2014-12-05,97.0,50.0,10.0,51.0, 1, 7
2014-12-06,97.0,42.0,9.0,47.0, , 6
2014-12-07,91.0,37.0,9.0,55.0, 1, 6
2014-12-08,78.0,49.0,10.0,55.0, 1, 7
2014-12-09,85.0,31.0,20.0,45.0, , 5
2014-12-10,64.0,32.0,17.0,40.0, , 4
2014-12-11,54.0,23.0,20.0,41.0, , 4
2014-12-12,53.0,32.0,18.0,57.0, , 5
2014-12-13,82.0,49.0,5.0,51.0, 1, 6
2014-12-14,112.0,38.0,4.0,45.0, , 6
2014-12-15,92.0,45.0,11.0,51.0, , 8
2014-12-16,92.0,24.0,15.0,46.0, , 5
2014-12-17,67.0,26.0,18.0,44.0, , 4
2014-12-18,66.0,28.0,19.0,44.0, , 4
2014-12-19,65.0,32.0,19.0,51.0, , 4
2014-12-20,70.0,28.0,18.0,43.0, , 3
2014-12-21,67.0,29.0,23.0,39.0, , 3
2014-12-22,60.0,28.0,14.0,43.0, , 5
2014-12-23,69.0,34.0,18.0,37.0, , 5
2014-12-24,83.0,34.0,17.0,46.0, , 4
2014-12-25,78.0,40.0,17.0,50.0, , 5
2014-12-26,84.0,21.0,21.0,27.0, , 2
2014-12-27,58.0,37.0,15.0,31.0, , 3
2014-12-28,83.0,38.83939246877,25.34909974863641,27.22512814306259, , 
2014-07-01,62.0,40.0,42.0,59.0, , 5
2014-07-02,64.0,52.0,50.0,79.0, , 7
2014-07-03,74.0,44.0,36.0,63.0, , 7
2014-07-04,74.0,24.0,19.0,26.0, , 4
2014-07-05,42.0,24.0,24.0,34.0, , 4
2014-07-06,51.0,37.0,18.0,48.0, , 6
2014-07-07,70.0,32.0,21.0,46.0, , 6
2014-07-08,64.0,36.0,22.0,37.0, , 5
2014-07-09,65.0,29.0,18.0,35.0, , 6
2014-07-10,53.0,31.0,21.0,38.0, , 6
2014-07-11,59.0,37.0,36.0,43.0, , 5
2014-07-12,71.0,30.0,20.0,28.0, , 3
2014-07-13,59.0,33.0,32.0,41.0, , 4
2014-07-14,63.0,42.0,29.0,53.0, , 7
2014-07-15,85.0,46.0,43.0,63.0, , 7
2014-07-16,82.0,50.0,46.0,65.0, , 6
2014-07-17,81.0,53.0,63.0,80.0, , 7
2014-07-18,84.0,50.0,53.0,55.0, , 4
2014-07-19,84.0,27.0,28.0,33.0, , 4
2014-07-20,63.0,32.0,38.0,40.0, , 5
2014-07-21,66.0,40.0,44.0,45.0, , 4
2014-07-22,70.0,53.0,42.0,61.0, , 7
2014-07-23,101.0,53.0,55.0,74.0, 1, 6
2014-07-24,82.0,52.0,50.0,64.0, , 5
2014-07-25,78.0,45.0,39.0,46.0, , 4
2014-07-26,78.0,76.0,47.0,53.0, , 4
2014-07-27,79.0,32.0,34.0,48.0, , 4
2014-07-28,71.0,31.0,28.0,40.0, 1, 5
2014-07-29,62.0,37.0,36.0,50.0, , 6
2014-07-30,68.0,42.0,39.0,58.0, , 5
2014-07-31,67.0,46.0,43.0,61.0, , 6
2014-08-01,76.0,36.0,28.0,39.0, 1, 4
2014-08-02,63.0,23.0,27.0,38.0, , 3
2014-08-03,54.0,29.0,28.0,49.0, , 4
2014-08-04,61.0,36.0,35.0,53.0, , 4
2014-08-05,70.0,33.0,12.0,46.0, , 6
2014-08-06,72.0,34.0,17.0,45.0, , 6
2014-08-07,79.0,26.0,16.0,37.0, , 5
2014-08-08,63.0,23.0,26.0,32.0, , 4
2014-08-09,53.0,23.0,23.0,26.0, , 3
2014-08-10,52.0,29.0,25.0,29.0, , 3
2014-08-11,44.0,64.0,24.0,31.0, , 3
2014-08-12,46.0,53.0,22.0,38.0, , 4
2014-08-13,53.0,24.0,25.0,36.0, , 3
2014-08-14,53.0,21.0,28.0,27.0, , 2
2014-08-15,48.0,29.0,32.0,40.0, , 3
2014-08-16,63.0,22.0,60.0,30.0, , 2
2014-08-17,44.0,31.0,27.0,39.0, , 3
2014-08-18,46.0,28.0,25.0,40.0, , 3
2014-08-19,52.0,41.0,27.0,49.0, , 4
2014-08-20,57.0,39.0,29.0,54.0, , 5
2014-08-21,59.0,29.0,27.0,41.0, , 4
2014-08-22,54.0,27.0,32.0,36.0, , 3
2014-08-23,51.0,29.0,30.0,48.0, , 3
2014-08-24,54.0,29.0,19.0,41.0, , 4
2014-08-25,59.0,23.0,19.0,41.0, , 5
2014-08-26,56.0,29.0,16.0,43.0, , 5
2014-08-27,63.0,30.0,15.0,41.0, , 6
2014-08-28,59.0,34.0,24.0,49.0, , 6
2014-08-29,61.0,28.0,20.0,39.0, , 4
2014-08-30,61.0,29.0,27.0,37.0, , 4
2014-08-31,58.0,43.0,32.0,61.0, , 6
2014-09-01,78.0,44.0,23.0,45.0, , 5
2014-09-02,75.0,45.0,30.0,42.0, , 5
2014-09-03,82.0,47.0,14.0,41.0, , 6
2014-09-04,89.0,53.0,22.0,48.0, , 7
2014-09-05,108.0,64.0,32.0,47.0, , 6
2014-09-06,135.0,61.0,42.0,49.0, , 6
2014-09-07,122.0,61.0,40.0,47.0, , 6
2014-09-08,121.0,61.0,32.0,50.0, 1, 5
2014-09-09,114.0,59.0,25.0,50.0, 1, 5
2014-09-10,102.0,69.0,24.0,46.0, , 6
2014-09-11,100.0,59.0,28.0,51.0, , 6
2014-09-12,89.0,75.0,31.0,49.0, , 4
2014-09-13,110.0,60.0,32.0,51.0, , 4
2014-09-14,103.0,62.0,31.0,54.0, , 7
2014-09-15,98.0,65.0,37.0,67.0, 1, 7
2014-09-16,93.0,56.0,26.0,65.0, 1, 8
2014-09-17,83.0,48.0,20.0,64.0, , 9
2014-09-18,79.0,42.0,16.0,54.0, , 8
2014-09-19,74.0,40.0,28.0,49.0, , 6
2014-09-20,76.0,35.0,29.0,38.0, 3, 4
2014-09-21,75.0,52.0,27.0,47.0, 5, 5
2014-09-22,102.0,62.0,24.0,53.0, 5, 5
2014-09-23,125.0,58.0,25.0,55.0, 4, 7
2014-09-24,131.0,44.0,20.0,54.0, , 8
2014-09-25,71.0,48.0,23.0,66.0, , 7
2014-09-26,82.0,48.0,28.0,49.0, , 2
2014-09-27,76.0,39.0,29.0,56.0, , 7
2014-09-28,72.0,41.0,19.0,58.0, , 7
2014-09-29,87.0,51.0,20.0,71.0, , 10
2014-09-30,104.0,49.0,22.0,65.0, , 9
2014-04-01,96.0,59.0,17.0,59.0, , 7
2014-04-02,88.0,59.0,23.0,58.0, , 7
2014-04-03,81.0,82.0,20.0,56.0, , 7
2014-04-04,81.0,44.0,47.0,50.0, , 5
2014-04-05,68.0,34.0,16.0,32.0, , 4
2014-04-06,46.0,46.0,28.0,35.0, , 5
2014-04-07,54.0,32.0,29.0,49.0, , 4
2014-04-08,45.0,48.0,24.0,60.0, , 6
2014-04-09,69.0,64.0,26.0,69.0, , 6
2014-04-10,89.0,70.0,31.0,56.0, , 6
2014-04-11,101.0,66.0,36.0,50.0, , 5
2014-04-12,102.0,39.0,30.0,47.0, , 3
2014-04-13,62.0,57.0,32.0,45.0, , 4
2014-04-14,63.0,70.0,30.0,57.0, , 4
2014-04-15,64.0,55.0,34.0,59.0, , 5
2014-04-16,74.0,59.0,38.0,62.0, , 6
2014-04-17,67.0,69.0,31.0,45.0, , 4
2014-04-18,64.0,92.0,28.0,47.0, , 3
2014-04-19,64.0,61.0,34.0,46.0, , 4
2014-04-20,69.0,45.0,35.0,56.0, , 4
2014-04-21,63.0,51.0,30.0,55.0, , 6
2014-04-22,72.0,45.0,33.0,55.0, , 7
2014-04-23,74.0,62.0,27.0,58.0, , 5
2014-04-24,99.0,46.0,23.0,49.0, , 6
2014-04-25,101.0,29.0,17.0,43.0, , 4
2014-04-26,65.0,23.0,29.0,35.0, , 3
2014-04-27,47.0,31.0,23.0,47.0, , 5
2014-04-28,62.0,39.0,19.0,54.0, , 7
2014-04-29,74.0,80.0,24.0,56.0, , 8
2014-04-30,88.0,31.0,19.0,40.0, , 4
2014-05-01,67.0,40.0,30.0,38.0, , 4
2014-05-02,74.0,38.0,34.0,43.0, , 3
2014-05-03,60.0,47.0,39.0,56.0, , 3
2014-05-04,81.0,52.0,39.0,69.0, , 7
2014-05-05,82.0,39.0,31.0,47.0, , 5
2014-05-06,58.0,68.0,25.0,44.0, , 5
2014-05-07,48.0,26.0,25.0,26.0, , 2
2014-05-08,38.0,31.0,29.0,35.0, , 4
2014-05-09,43.0,26.0,27.0,32.0, , 3
2014-05-10,49.0,32.0,29.0,28.0, , 2
2014-05-11,35.0,61.0,21.0,41.0, , 4
2014-05-12,39.0,28.0,23.0,41.0, , 5
2014-05-13,45.0,38.0,31.0,47.0, , 6
2014-05-14,57.0,43.0,33.0,51.0, , 4
2014-05-15,63.0,85.0,32.0,54.0, , 5
2014-05-16,69.0,59.0,42.0,60.0, 1, 5
2014-05-17,82.0,51.0,44.0,61.0, , 5
2014-05-18,74.0,48.0,43.0,63.0, , 5
2014-05-19,64.0,34.0,27.0,53.0, , 6
2014-05-20,55.0,37.0,26.0,52.0, , 6
2014-05-21,70.0,29.0,29.0,49.0, , 5
2014-05-22,58.0,31.0,25.0,49.0, , 5
2014-05-23,58.0,25.0,26.0,38.0, , 4
2014-05-24,54.0,31.0,32.0,47.0, , 4
2014-05-25,60.0,34.0,24.0,49.0, , 7
2014-05-26,65.0,30.0,23.0,37.0, , 5
2014-05-27,59.0,32.0,21.0,45.0, , 6
2014-05-28,58.0,31.0,33.0,44.0, , 4
2014-05-29,60.0,40.0,30.0,50.0, , 6
2014-05-30,72.0,50.0,35.0,43.0, , 3
2014-05-31,86.0,37.0,34.0,49.0, , 4
2014-06-01,70.0,79.0,35.0,55.0, , 6
2014-06-02,81.0,36.0,27.0,57.0, , 5
2014-06-03,67.0,28.0,22.0,43.0, , 5
2014-06-04,51.0,32.0,28.0,48.0, , 6
2014-06-05,52.0,64.0,38.0,71.0, , 8
2014-06-06,71.0,43.0,39.0,53.0, , 5
2014-06-07,71.0,33.0,39.0,41.0, , 3
2014-06-08,64.0,32.0,34.0,49.0, , 5
2014-06-09,66.0,42.0,14.0,56.0, 1, 8
2014-06-10,78.0,37.0,35.0,48.0, , 5
2014-06-11,65.0,41.0,38.0,57.0, 1, 5
2014-06-12,60.0,47.0,44.0,60.0, , 5
2014-06-13,75.0,42.0,26.0,36.0, , 3
2014-06-14,62.0,43.0,32.0,34.0, , 3
2014-06-15,57.0,45.0,29.0,38.0, , 4
2014-06-16,56.0,45.0,24.0,39.0, , 4
2014-06-17,61.0,50.0,31.0,43.0, , 4
2014-06-18,66.0,43.0,23.0,42.0, , 5
2014-06-19,61.0,49.0,23.0,43.0, , 5
2014-06-20,63.0,69.0,31.0,47.0, , 3
2014-06-21,60.0,63.0,43.0,57.0, , 3
2014-06-22,70.0,53.0,31.0,55.0, , 4
2014-06-23,62.0,54.0,39.0,61.0, 1, 5
2014-06-24,72.0,48.0,32.0,50.0, , 4
2014-06-25,70.0,52.0,40.0,63.0, , 5
2014-06-26,71.0,45.0,27.0,47.0, , 6
2014-06-27,67.0,35.0,20.0,43.0, , 4
2014-06-28,67.0,28.0,22.0,35.0, , 3
2014-06-29,58.0,39.0,29.0,53.0, , 6
2014-06-30,69.0,38.0,34.0,54.0, 1, 4
2014-01-01,43.0,30.0,22.0,42.0, , 4
2014-01-02,53.0,33.0,22.0,34.0, , 2
2014-01-03,50.0,28.0,23.0,41.0, , 3
2014-01-04,52.0,23.0,19.0,34.0, , 3
2014-01-05,45.0,20.0,20.0,30.0, , 3
2014-01-06,40.0,32.0,18.0,40.0, , 5
2014-01-07,54.0,41.0,12.0,51.0, , 6
2014-01-08,76.0,30.0,15.0,40.0, , 4
2014-01-09,55.0,43.0,9.0,49.0, , 6
2014-01-10,70.0,54.0,6.0,58.0, , 9
2014-01-11,112.0,42.0,6.0,37.0, , 5
2014-01-12,91.0,39.0,15.0,51.0, , 6
2014-01-13,72.0,36.0,16.0,56.0, , 6
2014-01-14,62.0,28.0,15.0,48.0, , 5
2014-01-15,66.0,23.0,21.0,46.0, , 5
2014-01-16,50.0,31.0,15.0,49.0, , 5
2014-01-17,59.0,36.0,6.0,47.0, , 6
2014-01-18,73.0,38.0,14.0,54.0, , 6
2014-01-19,81.0,47.0,5.0,60.0, , 8
2014-01-20,79.0,35.0,14.0,44.0, , 5
2014-01-21,65.0,79.0,8.0,46.0, , 6
2014-01-22,80.0,36.0,15.0,51.0, , 5
2014-01-23,68.0,45.0,10.0,57.0, , 7
2014-01-24,72.0,32.0,25.0,41.0, , 4
2014-01-25,66.0,33.0,26.0,39.0, , 3
2014-01-26,56.0,27.0,22.0,41.0, , 4
2014-01-27,46.0,30.0,15.0,44.0, , 4
2014-01-28,56.0,35.0,10.0,48.0, 1, 6
2014-01-29,74.0,46.0,3.0,49.0, , 7
2014-01-30,85.0,43.0,17.0,45.0, , 7
2014-01-31,87.0,26.0,20.0,44.0, , 4
2014-02-01,54.0,37.0,18.0,42.0, , 5
2014-02-02,68.0,41.0,18.0,45.0, , 6
2014-02-03,76.0,32.0,17.0,43.0, , 5
2014-02-04,52.0,27.0,22.0,37.0, , 4
2014-02-05,47.0,34.0,17.0,46.0, , 5
2014-02-06,58.0,30.0,24.0,37.0, , 3
2014-02-07,48.0,18.0,24.0,28.0, , 2
2014-02-08,36.0,20.0,25.0,27.0, , 3
2014-02-09,41.0,33.0,20.0,44.0, , 6
2014-02-10,56.0,68.0,17.0,40.0, , 4
2014-02-11,51.0,30.0,21.0,38.0, , 4
2014-02-12,54.0,29.0,19.0,48.0, , 4
2014-02-13,55.0,28.0,28.0,47.0, , 5
2014-02-14,57.0,26.0,25.0,28.0, , 3
2014-02-15,43.0,26.0,21.0,33.0, , 3
2014-02-16,50.0,39.0,25.0,51.0, , 6
2014-02-17,69.0,44.0,11.0,49.0, , 6
2014-02-18,82.0,74.0,15.0,53.0, , 5
2014-02-19,67.0,22.0,22.0,41.0, , 4
2014-02-20,54.0,26.0,23.0,44.0, , 4
2014-02-21,45.0,30.0,19.0,45.0, , 5
2014-02-22,66.0,33.0,24.0,39.0, , 3
2014-02-23,62.0,40.0,20.0,54.0, , 5
2014-02-24,76.0,27.0,23.0,44.0, , 4
2014-02-25,53.0,41.0,18.0,53.0, , 5
2014-02-26,65.0,31.0,17.0,52.0, , 4
2014-02-27,60.0,30.0,16.0,57.0, , 5
2014-02-28,61.0,40.0,18.0,60.0, , 5
2014-03-01,87.0,45.0,24.0,47.0, , 5
2014-03-02,100.0,25.0,21.0,50.0, , 5
2014-03-03,53.0,44.0,15.0,65.0, , 8
2014-03-04,78.0,80.0,22.0,72.0, , 8
2014-03-05,97.0,64.0,20.0,70.0, , 10
2014-03-06,123.0,66.0,20.0,67.0, , 8
2014-03-07,132.0,67.0,25.0,58.0, , 6
2014-03-08,145.0,63.0,28.0,61.0, , 7
2014-03-09,119.0,71.0,27.0,68.0, , 8
2014-03-10,138.0,80.0,13.0,44.0, , 6
2014-03-11,105.24748621109474,86.0,22.0,67.0, , 9
2014-03-12,109.2002326828176,91.0,23.0,84.0, , 10
2014-03-13,117.5649967175054,98.0,15.0,71.0, , 9
2014-03-14,85.94210457323479,64.0,23.0,40.0, , 4
2014-03-15,113.0,42.0,25.0,40.0, , 4
2014-03-16,67.0,81.0,15.0,46.0, , 4
2014-03-17,81.0,42.0,24.0,43.0, , 4
2014-03-18,74.0,51.0,22.0,53.0, , 6
2014-03-19,64.0,56.0,31.0,52.0, , 5
2014-03-20,69.0,34.0,27.0,47.0, , 6
2014-03-21,56.0,24.0,27.0,39.0, , 3
2014-03-22,40.0,23.0,25.0,40.0, , 3
2014-03-23,41.0,44.0,17.0,60.0, , 6
2014-03-24,72.0,37.0,16.0,54.0, , 5
2014-03-25,77.0,53.0,21.0,53.0, 1, 6
2014-03-26,99.0,54.0,25.0,63.0, , 7
2014-03-27,114.0,59.0,31.0,63.0, , 7
2014-03-28,123.0,60.0,33.0,55.0, , 6
2014-03-29,95.0,59.0,24.0,66.0, , 6
2014-03-30,92.0,61.0,22.0,66.0, , 8
2014-03-31,99.0,64.0,29.0,65.0, , 8
2021-06-01,55.61885615352874,31.0,28.29490434811637,35.0, , 
2021-06-02,62.244894634274324,42.0,40.0,36.0, , 
2020-03-31,52.06982755496552,29.0,36.0,16.0, , 
2019-12-31,66.94283072856011,36.0,2.0,24.0, , 
2018-12-31,56.85613026742307,30.0,20.0,38.0, , 
2017-10-17,77.87708258108535,52.0,13.0,50.0, , 6
2017-01-15,69.525870931361,39.0,2.0,29.0, , 2
2016-01-01,52.143477625632116,24.0,18.0,34.0, , 2
2014-12-31,93.51968602849158,71.0,17.0,52.0, 1, 8
2013-12-31,46.75570578188653,19.0,22.0,30.0, , 2
