date,pm25,pm10,o3,no2,so2,co
2013-12-31,,,,30.0,,
2014-01-01,,42.0,,32.0,,
2014-01-02,,14.0,,28.0,,
2014-01-03,,17.0,,26.0,,
2014-01-04,,19.0,,28.0,,
2014-01-05,,16.0,,23.0,,
2014-01-06,,11.0,,21.0,,
2014-01-07,,19.0,,29.0,,
2014-01-08,,20.0,,24.0,,
2014-01-09,,22.0,,32.0,,
2014-01-10,,21.0,,20.0,,
2014-01-11,,30.0,,,,
2014-01-12,,,,41.0,,
2014-01-13,,25.0,,43.0,,
2014-01-14,,23.0,,48.0,,
2014-01-15,,21.0,,42.0,,
2014-01-16,,18.0,,41.0,,
2014-01-17,,13.0,,38.0,,
2014-01-18,,18.0,,40.0,,
2014-01-19,,21.0,,30.0,,
2014-01-20,,39.0,,38.0,,
2014-01-21,,38.0,,29.0,,
2014-01-22,,29.0,,33.0,,
2014-01-23,,33.0,,36.0,,
2014-01-24,,24.0,,,,
2014-01-29,,,1.0,,1.0,
2014-01-30,,44.0,6.0,39.0,1.0,
2014-01-31,,53.0,23.0,21.0,1.0,
2014-02-01,,28.0,19.0,23.0,1.0,
2014-02-02,,21.0,10.0,30.0,1.0,
2014-02-03,,28.0,15.0,29.0,1.0,
2014-02-04,,25.0,18.0,22.0,,
2014-02-05,,16.0,25.0,22.0,1.0,
2014-02-06,,19.0,19.0,28.0,,
2014-02-07,,16.0,22.0,20.0,1.0,
2014-02-08,,14.0,28.0,12.0,,
2014-02-09,,15.0,19.0,39.0,1.0,
2014-02-10,,19.0,22.0,32.0,1.0,
2014-02-11,,21.0,22.0,28.0,1.0,
2014-02-12,,20.0,24.0,31.0,,
2014-02-13,,18.0,22.0,29.0,2.0,
2014-02-14,,20.0,28.0,15.0,1.0,
2014-02-15,,19.0,23.0,25.0,,
2014-02-16,,21.0,9.0,37.0,1.0,
2014-02-17,,29.0,10.0,35.0,2.0,
2014-02-18,,26.0,11.0,36.0,1.0,
2014-02-19,,25.0,11.0,28.0,1.0,
2014-02-20,,24.0,25.0,30.0,,
2014-02-21,,20.0,23.0,30.0,,
2014-02-22,,19.0,12.0,24.0,2.0,
2014-02-23,,20.0,7.0,28.0,1.0,
2014-02-24,,19.0,19.0,30.0,,
2014-02-25,,20.0,21.0,35.0,2.0,
2014-02-26,,26.0,14.0,33.0,1.0,
2014-02-27,,24.0,12.0,33.0,1.0,
2014-02-28,,28.0,16.0,26.0,1.0,
2014-03-01,,25.0,27.0,28.0,1.0,
2014-03-02,,22.0,23.0,36.0,1.0,
2014-03-03,,22.0,15.0,41.0,1.0,
2014-03-04,,26.0,17.0,39.0,1.0,
2014-03-05,,33.0,14.0,44.0,3.0,
2014-03-06,,45.0,21.0,41.0,2.0,
2014-03-07,,49.0,15.0,32.0,1.0,
2014-03-08,,42.0,24.0,29.0,3.0,
2014-03-09,,49.0,19.0,35.0,2.0,
2014-03-10,,52.0,22.0,25.0,,
2014-03-11,,41.0,8.0,33.0,,
2014-03-12,,42.0,9.0,45.0,1.0,
2014-03-13,,64.0,15.0,31.0,1.0,
2014-03-14,,63.0,25.0,18.0,1.0,
2014-03-15,,53.0,25.0,23.0,,
2014-03-16,,32.0,19.0,26.0,,
2014-03-17,,26.0,23.0,24.0,,
2014-03-18,,30.0,26.0,22.0,,
2014-03-19,,30.0,29.0,28.0,1.0,
2014-03-20,,33.0,28.0,33.0,,
2014-03-21,,22.0,28.0,25.0,1.0,
2014-03-22,,18.0,27.0,27.0,,
2014-03-23,,17.0,23.0,31.0,,
2014-03-24,,20.0,19.0,36.0,1.0,
2014-03-25,,29.0,23.0,42.0,,
2014-03-26,,23.0,17.0,27.0,,
2014-03-27,,35.0,17.0,26.0,1.0,
2014-03-28,,38.0,21.0,33.0,1.0,
2014-03-29,,50.0,21.0,39.0,1.0,
2014-03-30,,42.0,23.0,38.0,1.0,
2014-03-31,,56.0,27.0,47.0,6.0,
2014-04-01,,65.0,19.0,43.0,2.0,
2014-04-02,,78.0,11.0,34.0,2.0,
2014-04-03,,68.0,12.0,40.0,1.0,
2014-04-04,,60.0,29.0,39.0,2.0,
2014-04-05,,50.0,20.0,28.0,2.0,
2014-04-06,,31.0,20.0,24.0,1.0,
2014-04-07,,23.0,28.0,22.0,,
2014-04-08,,17.0,27.0,30.0,1.0,
2014-04-09,,24.0,19.0,35.0,2.0,
2014-04-10,,36.0,19.0,33.0,1.0,
2014-04-11,,36.0,24.0,36.0,2.0,
2014-04-12,,25.0,27.0,21.0,1.0,
2014-04-13,,27.0,29.0,13.0,,
2014-04-14,,34.0,25.0,29.0,,
2014-04-15,,26.0,22.0,39.0,1.0,
2014-04-16,,30.0,30.0,36.0,1.0,
2014-04-17,,32.0,25.0,23.0,1.0,
2014-04-18,,24.0,26.0,18.0,1.0,
2014-04-19,,21.0,32.0,18.0,1.0,
2014-04-20,,53.0,24.0,23.0,1.0,
2014-04-21,,48.0,32.0,34.0,1.0,
2014-04-22,,38.0,17.0,41.0,1.0,
2014-04-23,,44.0,11.0,37.0,1.0,
2014-04-24,,50.0,23.0,28.0,,
2014-04-25,,47.0,29.0,23.0,1.0,
2014-04-26,,32.0,22.0,34.0,,
2014-04-27,,23.0,18.0,33.0,1.0,
2014-04-28,,23.0,19.0,34.0,,
2014-04-29,,41.0,28.0,34.0,,
2014-04-30,,49.0,35.0,36.0,1.0,
2014-05-01,,43.0,24.0,28.0,1.0,
2014-05-02,,26.0,17.0,22.0,,
2014-05-03,,18.0,32.0,32.0,,
2014-05-04,,17.0,28.0,38.0,1.0,
2014-05-05,,26.0,32.0,35.0,1.0,
2014-05-06,,32.0,30.0,27.0,1.0,
2014-05-07,,24.0,27.0,27.0,,
2014-05-08,,23.0,31.0,22.0,1.0,
2014-05-09,,24.0,28.0,30.0,1.0,
2014-05-10,,34.0,29.0,20.0,,
2014-05-11,,22.0,27.0,22.0,,
2014-05-12,,17.0,22.0,29.0,,
2014-05-13,,26.0,25.0,26.0,,
2014-05-14,,21.0,21.0,31.0,,
2014-05-15,,24.0,20.0,36.0,2.0,
2014-05-16,,27.0,25.0,27.0,1.0,
2014-05-17,,26.0,30.0,27.0,1.0,
2014-05-18,,27.0,28.0,31.0,1.0,
2014-05-19,,26.0,35.0,36.0,1.0,
2014-05-20,,26.0,28.0,38.0,1.0,
2014-05-21,,25.0,32.0,32.0,1.0,
2014-05-22,,22.0,24.0,36.0,1.0,
2014-05-23,,22.0,29.0,27.0,1.0,
2014-05-24,,24.0,25.0,29.0,1.0,
2014-05-25,,21.0,21.0,35.0,,
2014-05-26,,26.0,25.0,38.0,,
2014-05-27,,26.0,14.0,28.0,,
2014-05-28,,30.0,11.0,15.0,,
2014-05-29,,12.0,24.0,26.0,,
2014-05-30,,17.0,22.0,25.0,1.0,
2014-05-31,,22.0,33.0,28.0,1.0,
2014-06-01,,28.0,35.0,33.0,2.0,
2014-06-02,,27.0,30.0,39.0,2.0,
2014-06-03,,36.0,20.0,30.0,,
2014-06-04,,25.0,28.0,26.0,1.0,
2014-06-05,,18.0,28.0,33.0,2.0,
2014-06-06,,23.0,35.0,27.0,1.0,
2014-06-07,,30.0,32.0,37.0,,
2014-06-08,,27.0,41.0,,1.0,
2014-06-09,,15.0,30.0,40.0,1.0,
2014-06-10,,22.0,19.0,25.0,1.0,
2014-06-11,,23.0,36.0,36.0,1.0,
2014-06-12,,30.0,35.0,24.0,1.0,
2014-06-13,,26.0,33.0,14.0,1.0,
2014-06-14,,19.0,33.0,12.0,,
2014-06-15,,18.0,31.0,18.0,,
2014-06-16,,19.0,31.0,19.0,,
2014-06-17,,26.0,23.0,17.0,,
2014-06-18,,23.0,22.0,16.0,,
2014-06-19,,15.0,21.0,14.0,,
2014-06-20,,18.0,35.0,13.0,1.0,
2014-06-21,,17.0,25.0,9.0,,
2014-06-22,,18.0,26.0,23.0,,
2014-06-23,,14.0,25.0,28.0,1.0,
2014-06-24,,18.0,29.0,25.0,,
2014-06-25,,20.0,43.0,37.0,1.0,
2014-06-26,,27.0,40.0,40.0,2.0,
2014-06-27,,30.0,29.0,21.0,1.0,
2014-06-28,,24.0,35.0,19.0,,
2014-06-29,,18.0,29.0,23.0,1.0,
2014-06-30,,14.0,30.0,22.0,,
2014-07-01,,17.0,31.0,27.0,,
2014-07-02,,18.0,52.0,39.0,2.0,
2014-07-03,,22.0,56.0,47.0,2.0,
2014-07-04,,23.0,33.0,29.0,1.0,
2014-07-05,,21.0,24.0,21.0,,
2014-07-06,,15.0,25.0,26.0,,
2014-07-07,,19.0,26.0,23.0,,
2014-07-08,,21.0,30.0,14.0,,
2014-07-09,,20.0,43.0,28.0,,
2014-07-10,,37.0,41.0,34.0,1.0,
2014-07-11,,38.0,49.0,26.0,,
2014-07-12,,37.0,43.0,22.0,,
2014-07-13,,30.0,28.0,21.0,,
2014-07-14,,17.0,25.0,23.0,1.0,
2014-07-15,,23.0,39.0,28.0,2.0,
2014-07-16,,23.0,49.0,37.0,1.0,
2014-07-17,,30.0,88.0,35.0,1.0,
2014-07-18,,32.0,83.0,36.0,,
2014-07-19,,34.0,45.0,35.0,,
2014-07-20,,26.0,41.0,28.0,,
2014-07-21,,27.0,43.0,24.0,,
2014-07-22,,29.0,44.0,25.0,,
2014-07-23,,22.0,43.0,24.0,,
2014-07-24,,20.0,32.0,30.0,,
2014-07-25,,20.0,42.0,24.0,,
2014-07-26,,24.0,44.0,20.0,,
2014-07-27,,29.0,34.0,27.0,,
2014-07-28,,20.0,32.0,24.0,,
2014-07-29,,18.0,27.0,18.0,,
2014-07-30,,17.0,45.0,31.0,1.0,
2014-07-31,,26.0,39.0,35.0,2.0,
2014-08-01,,28.0,45.0,31.0,,
2014-08-02,,32.0,36.0,29.0,,
2014-08-03,,25.0,32.0,22.0,,
2014-08-04,,17.0,33.0,28.0,2.0,
2014-08-05,,19.0,24.0,29.0,1.0,
2014-08-06,,22.0,33.0,21.0,,
2014-08-07,,26.0,31.0,26.0,,
2014-08-08,,25.0,33.0,18.0,,
2014-08-09,,20.0,35.0,18.0,,
2014-08-10,,19.0,29.0,18.0,,
2014-08-11,,19.0,34.0,23.0,,
2014-08-12,,19.0,28.0,25.0,1.0,
2014-08-13,,19.0,29.0,23.0,,
2014-08-14,,15.0,28.0,26.0,,
2014-08-15,,14.0,32.0,17.0,,
2014-08-16,,15.0,30.0,23.0,,
2014-08-17,,15.0,25.0,19.0,,
2014-08-18,,19.0,26.0,24.0,,
2014-08-19,,16.0,21.0,30.0,,
2014-08-20,,12.0,30.0,33.0,,
2014-08-21,,16.0,21.0,31.0,,
2014-08-22,,13.0,29.0,30.0,,
2014-08-23,,13.0,31.0,28.0,1.0,
2014-08-24,,12.0,23.0,39.0,1.0,
2014-08-25,,14.0,31.0,25.0,,
2014-08-26,,22.0,35.0,36.0,,
2014-08-27,,20.0,16.0,31.0,1.0,
2014-08-28,,21.0,29.0,28.0,,
2014-08-29,,23.0,26.0,21.0,,
2014-08-30,,21.0,26.0,20.0,,
2014-08-31,,17.0,25.0,32.0,,
2014-09-01,,18.0,,,,
2014-09-02,,20.0,33.0,27.0,,
2014-09-03,,23.0,24.0,30.0,,
2014-09-04,,27.0,27.0,41.0,1.0,
2014-09-05,,49.0,33.0,32.0,,
2014-09-06,,52.0,38.0,27.0,,
2014-09-07,,32.0,30.0,26.0,,
2014-09-08,,23.0,24.0,26.0,,
2014-09-09,,21.0,25.0,30.0,1.0,
2014-09-10,,23.0,31.0,30.0,1.0,
2014-09-11,,34.0,34.0,33.0,,
2014-09-12,,25.0,31.0,24.0,,
2014-09-13,,25.0,28.0,18.0,,
2014-09-14,,23.0,29.0,29.0,,
2014-09-15,,21.0,30.0,31.0,,
2014-09-16,,34.0,34.0,38.0,,
2014-09-17,,40.0,37.0,37.0,1.0,
2014-09-18,,42.0,27.0,40.0,,
2014-09-19,,35.0,38.0,31.0,,
2014-09-20,,36.0,33.0,15.0,1.0,
2014-09-21,,23.0,29.0,15.0,3.0,
2014-09-22,,30.0,22.0,39.0,11.0,
2014-09-23,,37.0,20.0,33.0,6.0,
2014-09-24,,48.0,26.0,30.0,,
2014-09-25,,25.0,20.0,27.0,,
2014-09-26,,20.0,23.0,38.0,2.0,
2014-09-27,,23.0,20.0,35.0,,
2014-09-28,,24.0,8.0,39.0,1.0,
2014-09-29,,32.0,26.0,36.0,,
2014-09-30,,38.0,20.0,37.0,,
2014-10-01,,36.0,18.0,32.0,,
2014-10-02,,26.0,19.0,39.0,,
2014-10-03,,24.0,29.0,31.0,,
2014-10-04,,36.0,26.0,20.0,,
2014-10-05,,19.0,29.0,20.0,,
2014-10-06,,18.0,21.0,25.0,,
2014-10-07,,19.0,24.0,26.0,,
2014-10-08,,13.0,18.0,26.0,1.0,
2014-10-09,,16.0,22.0,27.0,1.0,
2014-10-10,,31.0,22.0,32.0,1.0,
2014-10-11,,29.0,11.0,36.0,,
2014-10-12,,23.0,24.0,28.0,,
2014-10-13,,19.0,15.0,28.0,,
2014-10-14,,15.0,15.0,28.0,,
2014-10-15,,18.0,26.0,36.0,,
2014-10-16,,21.0,21.0,35.0,,
2014-10-17,,28.0,20.0,43.0,,
2014-10-18,,263.0,12.0,34.0,2.0,
2014-10-19,,22.0,23.0,28.0,1.0,
2014-10-20,,23.0,25.0,23.0,,
2014-10-21,,17.0,25.0,18.0,,
2014-10-22,,23.0,28.0,16.0,,
2014-10-23,,30.0,21.0,29.0,,
2014-10-24,54.0,24.0,15.0,29.0,,
2014-10-25,56.0,19.0,23.0,29.0,,
2014-10-26,46.0,20.0,21.0,28.0,1.0,
2014-10-27,48.0,21.0,21.0,32.0,1.0,
2014-10-28,70.0,29.0,3.0,26.0,,
2014-10-29,85.0,36.0,23.0,28.0,1.0,
2014-10-30,69.0,32.0,7.0,25.0,1.0,
2014-10-31,92.0,40.0,2.0,32.0,1.0,
2014-11-01,82.0,42.0,10.0,28.0,2.0,
2014-11-02,62.0,29.0,22.0,21.0,1.0,
2014-11-03,32.0,13.0,24.0,23.0,,
2014-11-04,40.0,20.0,20.0,35.0,1.0,
2014-11-05,75.0,36.0,2.0,36.0,1.0,
2014-11-06,102.0,41.0,3.0,36.0,,
2014-11-07,80.0,25.0,15.0,26.0,1.0,
2014-11-08,43.0,17.0,19.0,23.0,1.0,
2014-11-09,41.0,20.0,14.0,18.0,,
2014-11-10,56.0,23.0,15.0,30.0,2.0,
2014-11-11,61.0,27.0,10.0,29.0,1.0,
2014-11-12,61.0,23.0,3.0,33.0,,
2014-11-13,65.0,32.0,4.0,41.0,,
2014-11-14,70.0,30.0,4.0,26.0,1.0,
2014-11-15,71.0,40.0,9.0,24.0,,
2014-11-16,70.0,27.0,16.0,31.0,,
2014-11-17,61.0,21.0,12.0,28.0,,
2014-11-18,62.0,30.0,8.0,20.0,,
2014-11-19,83.0,33.0,7.0,24.0,,
2014-11-20,77.0,33.0,6.0,23.0,,
2014-11-21,85.0,31.0,7.0,23.0,1.0,
2014-11-22,73.0,28.0,3.0,27.0,,
2014-11-23,78.0,30.0,10.0,25.0,,
2014-11-24,53.0,24.0,24.0,41.0,,
2014-11-25,54.0,30.0,9.0,39.0,,
2014-11-26,70.0,30.0,9.0,24.0,,
2014-11-27,77.0,34.0,,26.0,,
2014-11-28,85.0,36.0,2.0,19.0,1.0,
2014-11-29,97.0,40.0,4.0,17.0,,
2014-11-30,119.0,49.0,1.0,18.0,,
2014-12-01,94.0,42.0,6.0,18.0,,
2014-12-02,111.0,48.0,4.0,22.0,,
2014-12-03,107.0,42.0,10.0,20.0,,
2014-12-04,113.0,50.0,5.0,22.0,,
2014-12-05,125.0,49.0,1.0,27.0,1.0,
2014-12-06,77.0,28.0,21.0,38.0,,
2014-12-07,54.0,22.0,20.0,30.0,1.0,
2014-12-08,44.0,19.0,24.0,34.0,,
2014-12-09,46.0,24.0,14.0,48.0,2.0,
2014-12-10,49.0,20.0,27.0,23.0,1.0,
2014-12-11,28.0,19.0,27.0,20.0,,
2014-12-12,21.0,14.0,27.0,24.0,,
2014-12-13,35.0,16.0,24.0,37.0,1.0,
2014-12-14,56.0,23.0,9.0,31.0,1.0,
2014-12-15,64.0,20.0,23.0,34.0,,
2014-12-16,51.0,21.0,23.0,35.0,,
2014-12-17,49.0,18.0,15.0,28.0,,
2014-12-18,33.0,15.0,22.0,21.0,,
2014-12-19,28.0,16.0,27.0,17.0,,
2014-12-20,32.0,21.0,29.0,12.0,,
2014-12-21,38.0,22.0,29.0,20.0,1.0,
2014-12-22,38.0,18.0,27.0,12.0,,
2014-12-23,47.0,19.0,25.0,15.0,,
2014-12-24,25.0,15.0,27.0,16.0,,
2014-12-25,28.0,21.0,27.0,17.0,1.0,
2014-12-26,36.0,21.0,18.0,35.0,,
2014-12-27,56.0,17.0,19.0,12.0,,
2014-12-28,43.0,16.0,21.0,19.0,,
2014-12-31,,50.0,16.0,26.0,1.0,
2015-01-01,156.0,27.0,27.0,14.0,,
2015-01-02,78.0,23.0,28.0,25.0,,
2015-01-03,37.0,24.0,30.0,25.0,,
2015-01-04,38.0,29.0,15.0,33.0,1.0,
2015-01-05,66.0,31.0,7.0,33.0,1.0,
2015-01-06,80.0,23.0,21.0,31.0,,
2015-01-07,62.0,19.0,23.0,24.0,,
2015-01-08,54.0,19.0,26.0,18.0,,
2015-01-09,41.0,18.0,29.0,9.0,,
2015-01-10,53.0,21.0,29.0,10.0,,
2015-01-11,50.0,21.0,28.0,17.0,,
2015-01-12,47.0,11.0,25.0,25.0,,
2015-01-13,39.0,11.0,27.0,26.0,,
2015-01-14,20.0,11.0,28.0,23.0,,
2015-01-15,21.0,10.0,28.0,9.0,,
2015-01-16,30.0,19.0,22.0,29.0,1.0,
2015-01-17,44.0,22.0,14.0,25.0,,
2015-01-18,58.0,22.0,6.0,44.0,,
2015-01-19,66.0,27.0,7.0,37.0,1.0,
2015-01-20,71.0,39.0,4.0,32.0,1.0,
2015-01-21,99.0,39.0,9.0,24.0,1.0,
2015-01-22,101.0,39.0,6.0,37.0,,
2015-01-23,101.0,46.0,27.0,25.0,1.0,
2015-01-24,117.0,28.0,21.0,40.0,,
2015-01-25,54.0,25.0,27.0,22.0,,
2015-01-26,53.0,25.0,28.0,25.0,,
2015-01-27,45.0,21.0,26.0,20.0,,
2015-01-28,53.0,14.0,27.0,27.0,,
2015-01-29,41.0,13.0,25.0,45.0,,
2015-01-30,29.0,16.0,23.0,42.0,,
2015-01-31,37.0,16.0,25.0,31.0,,
2015-02-01,44.0,14.0,28.0,29.0,,
2015-02-02,30.0,16.0,22.0,43.0,,
2015-02-03,31.0,19.0,20.0,43.0,,
2015-02-04,48.0,17.0,16.0,31.0,,
2015-02-05,44.0,20.0,15.0,24.0,1.0,
2015-02-06,58.0,29.0,25.0,29.0,,
2015-02-07,81.0,31.0,30.0,17.0,,
2015-02-08,59.0,30.0,26.0,20.0,,
2015-02-09,49.0,16.0,27.0,35.0,,
2015-02-10,36.0,24.0,25.0,30.0,,
2015-02-11,67.0,46.0,3.0,35.0,,
2015-02-12,114.0,53.0,9.0,33.0,1.0,
2015-02-13,136.0,39.0,14.0,27.0,,
2015-02-14,100.0,42.0,16.0,23.0,,
2015-02-15,96.0,67.0,9.0,38.0,2.0,
2015-02-16,158.0,59.0,26.0,31.0,,
2015-02-17,149.0,31.0,15.0,39.0,2.0,
2015-02-18,64.0,41.0,18.0,27.0,1.0,
2015-02-19,91.0,33.0,18.0,28.0,,
2015-02-20,90.0,15.0,28.0,31.0,,
2015-02-21,48.0,17.0,25.0,32.0,1.0,
2015-02-22,39.0,17.0,28.0,22.0,,
2015-02-23,48.0,17.0,28.0,22.0,,
2015-02-24,32.0,21.0,22.0,33.0,1.0,
2015-02-25,41.0,25.0,14.0,30.0,,
2015-02-26,68.0,22.0,31.0,25.0,,
2015-02-27,55.0,23.0,28.0,28.0,1.0,
2015-02-28,51.0,18.0,31.0,16.0,,
2015-03-01,42.0,19.0,32.0,19.0,,
2015-03-02,33.0,19.0,26.0,27.0,,
2015-03-03,28.0,19.0,31.0,17.0,,
2015-03-04,26.0,25.0,25.0,33.0,,
2015-03-05,38.0,23.0,27.0,37.0,1.0,
2015-03-06,43.0,30.0,24.0,28.0,1.0,
2015-03-07,66.0,33.0,29.0,27.0,1.0,
2015-03-08,82.0,25.0,25.0,32.0,,
2015-03-09,64.0,27.0,28.0,24.0,,
2015-03-10,64.0,30.0,23.0,38.0,,
2015-03-11,51.0,30.0,25.0,34.0,1.0,
2015-03-12,57.0,29.0,22.0,23.0,,
2015-03-13,68.0,27.0,24.0,18.0,,
2015-03-14,66.0,32.0,17.0,12.0,,
2015-03-15,76.0,43.0,18.0,27.0,,
2015-03-16,82.0,61.0,20.0,37.0,2.0,
2015-03-17,138.0,61.0,22.0,23.0,1.0,
2015-03-18,153.0,60.0,28.0,28.0,,
2015-03-19,150.0,54.0,34.0,37.0,,
2015-03-20,123.0,35.0,30.0,16.0,,
2015-03-21,83.0,13.0,30.0,16.0,,
2015-03-22,29.0,24.0,17.0,31.0,,
2015-03-23,57.0,44.0,16.0,39.0,1.0,
2015-03-24,97.0,37.0,25.0,29.0,1.0,
2015-03-25,97.0,22.0,22.0,33.0,1.0,
2015-03-26,62.0,22.0,30.0,23.0,,
2015-03-27,47.0,26.0,25.0,27.0,,
2015-03-28,60.0,19.0,30.0,14.0,,
2015-03-29,50.0,21.0,33.0,14.0,,
2015-03-30,38.0,31.0,34.0,11.0,,
2015-03-31,47.0,44.0,32.0,14.0,,
2015-04-01,61.0,20.0,30.0,13.0,,
2015-04-02,35.0,17.0,28.0,29.0,1.0,
2015-04-03,29.0,16.0,31.0,18.0,1.0,
2015-04-04,39.0,11.0,32.0,20.0,1.0,
2015-04-05,23.0,10.0,33.0,25.0,1.0,
2015-04-06,27.0,17.0,25.0,33.0,,
2015-04-07,50.0,29.0,35.0,37.0,,
2015-04-08,80.0,27.0,29.0,31.0,1.0,
2015-04-09,73.0,50.0,34.0,42.0,4.0,6.0
2015-04-10,90.0,44.0,34.0,32.0,1.0,3.0
2015-04-11,,23.0,37.0,24.0,1.0,2.0
2015-04-12,,19.0,31.0,21.0,1.0,2.0
2015-04-13,,26.0,31.0,34.0,1.0,3.0
2015-04-14,67.0,31.0,39.0,33.0,1.0,3.0
2015-04-15,67.0,19.0,32.0,26.0,1.0,2.0
2015-04-16,45.0,15.0,35.0,24.0,1.0,2.0
2015-04-17,30.0,17.0,35.0,21.0,1.0,2.0
2015-04-18,,19.0,37.0,24.0,1.0,2.0
2015-04-19,48.0,25.0,37.0,30.0,,3.0
2015-04-20,62.0,25.0,34.0,28.0,1.0,2.0
2015-04-21,53.0,19.0,34.0,24.0,,2.0
2015-04-22,65.0,16.0,37.0,26.0,1.0,2.0
2015-04-23,,34.0,44.0,45.0,2.0,4.0
2015-04-24,,19.0,34.0,26.0,1.0,2.0
2015-04-25,,15.0,29.0,23.0,,2.0
2015-04-26,,12.0,29.0,14.0,1.0,2.0
2015-04-27,,17.0,27.0,26.0,,2.0
2015-04-28,,17.0,29.0,29.0,1.0,3.0
2015-04-29,,15.0,32.0,29.0,,2.0
2015-04-30,,17.0,34.0,24.0,,2.0
2015-05-01,,12.0,38.0,22.0,1.0,2.0
2015-05-02,,13.0,27.0,19.0,1.0,2.0
2015-05-03,,18.0,34.0,23.0,1.0,2.0
2015-05-04,,21.0,41.0,18.0,,2.0
2015-05-05,61.0,18.0,35.0,23.0,1.0,2.0
2015-05-06,61.0,18.0,35.0,21.0,,2.0
2015-05-07,,23.0,37.0,32.0,1.0,4.0
2015-05-08,,20.0,38.0,19.0,,2.0
2015-05-09,,16.0,39.0,26.0,2.0,2.0
2015-05-10,,19.0,36.0,29.0,1.0,3.0
2015-05-11,,18.0,36.0,25.0,1.0,2.0
2015-05-12,,16.0,33.0,22.0,2.0,2.0
2015-05-13,,11.0,34.0,14.0,,2.0
2015-05-14,,17.0,39.0,21.0,,2.0
2015-05-15,,11.0,37.0,23.0,1.0,2.0
2015-05-16,,19.0,35.0,30.0,,2.0
2015-05-17,,16.0,30.0,30.0,1.0,2.0
2015-05-18,,15.0,32.0,23.0,,2.0
2015-05-19,,14.0,32.0,23.0,1.0,2.0
2015-05-20,,15.0,33.0,26.0,2.0,2.0
2015-05-21,,24.0,32.0,32.0,2.0,3.0
2015-05-22,,21.0,36.0,17.0,1.0,2.0
2015-05-23,,17.0,38.0,23.0,2.0,2.0
2015-05-24,,15.0,31.0,12.0,,1.0
2015-05-25,,19.0,29.0,12.0,,1.0
2015-05-26,,17.0,36.0,25.0,1.0,2.0
2015-05-27,,15.0,34.0,21.0,1.0,2.0
2015-05-28,,19.0,31.0,30.0,1.0,3.0
2015-05-29,,11.0,29.0,19.0,,1.0
2015-05-30,,9.0,22.0,22.0,1.0,2.0
2015-05-31,,15.0,29.0,26.0,,3.0
2015-06-01,,13.0,25.0,19.0,1.0,2.0
2015-06-02,,25.0,32.0,17.0,1.0,2.0
2015-06-03,,18.0,41.0,29.0,1.0,3.0
2015-06-04,,24.0,55.0,37.0,1.0,4.0
2015-06-05,,15.0,35.0,23.0,1.0,2.0
2015-06-06,,19.0,32.0,16.0,1.0,1.0
2015-06-07,,16.0,31.0,22.0,1.0,2.0
2015-06-08,,18.0,32.0,25.0,2.0,2.0
2015-06-09,,20.0,37.0,24.0,,2.0
2015-06-10,,14.0,47.0,24.0,,2.0
2015-06-11,,21.0,63.0,28.0,1.0,3.0
2015-06-12,106.0,28.0,45.0,25.0,1.0,2.0
2015-06-13,65.0,32.0,41.0,22.0,,2.0
2015-06-14,61.0,50.0,33.0,23.0,,2.0
2015-06-15,53.0,17.0,31.0,30.0,1.0,2.0
2015-06-16,61.0,25.0,33.0,30.0,1.0,3.0
2015-06-17,49.0,24.0,30.0,15.0,,2.0
2015-06-18,117.0,18.0,28.0,16.0,,2.0
2015-06-19,35.0,16.0,28.0,18.0,1.0,2.0
2015-06-20,36.0,23.0,24.0,20.0,1.0,2.0
2015-06-21,63.0,14.0,27.0,22.0,1.0,2.0
2015-06-22,38.0,21.0,28.0,16.0,,2.0
2015-06-23,45.0,21.0,34.0,23.0,1.0,2.0
2015-06-24,50.0,24.0,34.0,29.0,2.0,3.0
2015-06-25,58.0,23.0,37.0,36.0,1.0,4.0
2015-06-26,54.0,24.0,31.0,19.0,3.0,2.0
2015-06-27,61.0,31.0,34.0,28.0,2.0,3.0
2015-06-28,67.0,23.0,26.0,24.0,2.0,2.0
2015-06-29,57.0,23.0,43.0,29.0,1.0,3.0
2015-06-30,57.0,30.0,91.0,39.0,2.0,3.0
2015-07-01,69.0,38.0,56.0,43.0,2.0,3.0
2015-07-02,79.0,,,,,
2015-07-07,,18.0,25.0,16.0,,2.0
2015-07-08,41.0,20.0,25.0,12.0,,1.0
2015-07-09,37.0,23.0,42.0,29.0,1.0,2.0
2015-07-10,55.0,30.0,52.0,24.0,3.0,3.0
2015-07-11,72.0,23.0,25.0,13.0,,2.0
2015-07-12,48.0,22.0,23.0,17.0,,2.0
2015-07-13,47.0,17.0,30.0,14.0,,2.0
2015-07-14,36.0,21.0,24.0,22.0,,3.0
2015-07-15,54.0,21.0,41.0,26.0,2.0,3.0
2015-07-16,51.0,32.0,33.0,19.0,,2.0
2015-07-17,56.0,19.0,33.0,21.0,,2.0
2015-07-18,42.0,18.0,35.0,26.0,,2.0
2015-07-19,50.0,23.0,26.0,31.0,,3.0
2015-07-20,56.0,15.0,31.0,16.0,,2.0
2015-07-21,38.0,21.0,31.0,20.0,,2.0
2015-07-22,44.0,17.0,31.0,16.0,1.0,2.0
2015-07-23,38.0,36.0,43.0,29.0,2.0,3.0
2015-07-24,60.0,30.0,35.0,14.0,,2.0
2015-07-25,72.0,23.0,31.0,21.0,1.0,2.0
2015-07-26,45.0,19.0,27.0,15.0,1.0,2.0
2015-07-27,44.0,19.0,26.0,17.0,,2.0
2015-07-28,38.0,14.0,26.0,16.0,,1.0
2015-07-29,34.0,21.0,27.0,12.0,1.0,1.0
2015-07-30,33.0,27.0,32.0,27.0,1.0,2.0
2015-07-31,45.0,22.0,44.0,24.0,1.0,2.0
2015-08-01,52.0,35.0,64.0,36.0,1.0,3.0
2015-08-02,77.0,26.0,46.0,31.0,1.0,3.0
2015-08-03,61.0,24.0,31.0,23.0,,2.0
2015-08-04,52.0,30.0,45.0,25.0,1.0,3.0
2015-08-05,58.0,32.0,34.0,29.0,1.0,3.0
2015-08-06,59.0,28.0,31.0,24.0,2.0,3.0
2015-08-07,57.0,23.0,32.0,13.0,,1.0
2015-08-08,55.0,22.0,41.0,17.0,1.0,2.0
2015-08-09,48.0,28.0,39.0,29.0,1.0,3.0
2015-08-10,64.0,28.0,23.0,20.0,2.0,3.0
2015-08-11,62.0,26.0,26.0,21.0,,2.0
2015-08-12,53.0,29.0,46.0,18.0,,2.0
2015-08-13,61.0,46.0,42.0,30.0,1.0,4.0
2015-08-14,62.0,22.0,29.0,20.0,,2.0
2015-08-15,47.0,21.0,25.0,12.0,,1.0
2015-08-16,48.0,16.0,26.0,18.0,,2.0
2015-08-17,38.0,17.0,24.0,22.0,,3.0
2015-08-18,36.0,32.0,30.0,31.0,1.0,4.0
2015-08-19,75.0,34.0,41.0,34.0,1.0,4.0
2015-08-20,81.0,28.0,33.0,40.0,1.0,6.0
2015-08-21,73.0,37.0,57.0,36.0,1.0,5.0
2015-08-22,87.0,35.0,50.0,24.0,1.0,4.0
2015-08-23,79.0,21.0,30.0,26.0,1.0,4.0
2015-08-24,60.0,18.0,28.0,18.0,,2.0
2015-08-25,44.0,17.0,25.0,19.0,,4.0
2015-08-26,45.0,17.0,20.0,24.0,,4.0
2015-08-27,43.0,17.0,18.0,20.0,,2.0
2015-08-28,42.0,27.0,23.0,28.0,2.0,3.0
2015-08-29,55.0,26.0,36.0,19.0,1.0,3.0
2015-08-30,66.0,30.0,26.0,32.0,,11.0
2015-08-31,80.0,18.0,30.0,18.0,,15.0
2015-09-01,40.0,17.0,29.0,23.0,1.0,2.0
2015-09-02,37.0,19.0,25.0,33.0,,5.0
2015-09-03,40.0,17.0,25.0,26.0,,5.0
2015-09-04,41.0,22.0,27.0,15.0,,2.0
2015-09-05,40.0,21.0,28.0,10.0,,1.0
2015-09-06,40.0,16.0,24.0,20.0,,2.0
2015-09-07,43.0,20.0,26.0,25.0,,3.0
2015-09-08,44.0,27.0,28.0,26.0,,3.0
2015-09-09,57.0,20.0,28.0,24.0,,3.0
2015-09-10,51.0,26.0,29.0,27.0,,3.0
2015-09-11,64.0,33.0,23.0,27.0,1.0,4.0
2015-09-12,81.0,23.0,26.0,23.0,,3.0
2015-09-13,53.0,22.0,20.0,23.0,,3.0
2015-09-14,61.0,18.0,21.0,20.0,,2.0
2015-09-15,38.0,18.0,12.0,26.0,,4.0
2015-09-16,45.0,19.0,22.0,26.0,,3.0
2015-09-17,43.0,29.0,27.0,30.0,1.0,4.0
2015-09-18,63.0,22.0,31.0,23.0,,3.0
2015-09-19,51.0,25.0,32.0,29.0,1.0,2.0
2015-09-20,53.0,38.0,29.0,30.0,1.0,3.0
2015-09-21,75.0,25.0,21.0,33.0,1.0,3.0
2015-09-22,66.0,22.0,24.0,30.0,1.0,3.0
2015-09-23,49.0,22.0,15.0,28.0,1.0,3.0
2015-09-24,53.0,27.0,22.0,28.0,,4.0
2015-09-25,59.0,31.0,27.0,33.0,1.0,5.0
2015-09-26,65.0,23.0,27.0,24.0,,2.0
2015-09-27,51.0,41.0,24.0,31.0,,2.0
2015-09-28,58.0,33.0,24.0,27.0,,4.0
2015-09-29,55.0,24.0,23.0,23.0,,2.0
2015-09-30,51.0,34.0,28.0,28.0,,2.0
2015-10-01,64.0,38.0,22.0,29.0,,3.0
2015-10-02,87.0,49.0,12.0,28.0,1.0,4.0
2015-10-03,121.0,57.0,22.0,34.0,1.0,5.0
2015-10-04,145.0,43.0,11.0,30.0,,6.0
2015-10-05,98.0,26.0,9.0,25.0,,4.0
2015-10-06,67.0,21.0,8.0,22.0,,3.0
2015-10-07,54.0,24.0,21.0,25.0,,2.0
2015-10-08,50.0,31.0,22.0,31.0,,3.0
2015-10-09,68.0,33.0,22.0,19.0,,2.0
2015-10-10,80.0,33.0,24.0,15.0,,2.0
2015-10-11,74.0,33.0,20.0,24.0,1.0,3.0
2015-10-12,91.0,43.0,22.0,25.0,,3.0
2015-10-13,102.0,28.0,18.0,27.0,,3.0
2015-10-14,74.0,35.0,15.0,26.0,,4.0
2015-10-15,92.0,40.0,17.0,27.0,,4.0
2015-10-16,105.0,25.0,16.0,27.0,,4.0
2015-10-17,68.0,31.0,8.0,27.0,,5.0
2015-10-18,89.0,37.0,14.0,29.0,,4.0
2015-10-19,100.0,24.0,21.0,35.0,,3.0
2015-10-20,68.0,25.0,13.0,33.0,,4.0
2015-10-21,74.0,21.0,24.0,23.0,3.0,2.0
2015-10-22,59.0,36.0,13.0,39.0,5.0,5.0
2015-10-23,101.0,29.0,15.0,27.0,6.0,3.0
2015-10-24,82.0,25.0,27.0,25.0,3.0,4.0
2015-10-25,63.0,35.0,11.0,26.0,,4.0
2015-10-26,84.0,44.0,4.0,25.0,,5.0
2015-10-27,102.0,45.0,1.0,28.0,1.0,5.0
2015-10-28,111.0,38.0,11.0,33.0,4.0,4.0
2015-10-29,101.0,38.0,5.0,29.0,1.0,5.0
2015-10-30,92.0,45.0,4.0,22.0,1.0,5.0
2015-10-31,116.0,50.0,,24.0,1.0,7.0
2015-11-01,131.0,44.0,1.0,27.0,2.0,8.0
2015-11-02,124.0,49.0,2.0,34.0,,7.0
2015-11-03,121.0,28.0,9.0,30.0,1.0,4.0
2015-11-04,78.0,37.0,6.0,25.0,1.0,4.0
2015-11-05,88.0,17.0,16.0,22.0,,2.0
2015-11-06,59.0,17.0,21.0,15.0,,1.0
2015-11-07,61.0,24.0,21.0,22.0,,2.0
2015-11-08,72.0,26.0,28.0,18.0,,1.0
2015-11-09,69.0,30.0,27.0,14.0,2.0,1.0
2015-11-10,80.0,31.0,23.0,21.0,2.0,2.0
2015-11-11,67.0,24.0,22.0,28.0,,2.0
2015-11-12,54.0,26.0,29.0,22.0,,2.0
2015-11-13,60.0,21.0,30.0,17.0,,1.0
2015-11-14,39.0,25.0,23.0,13.0,,1.0
2015-11-15,56.0,22.0,27.0,21.0,,2.0
2015-11-16,45.0,21.0,27.0,21.0,,2.0
2015-11-17,50.0,26.0,28.0,15.0,,1.0
2015-11-18,60.0,23.0,28.0,21.0,,1.0
2015-11-19,48.0,20.0,26.0,24.0,,1.0
2015-11-20,37.0,15.0,26.0,22.0,,2.0
2015-11-21,33.0,15.0,26.0,22.0,,2.0
2015-11-22,32.0,22.0,20.0,35.0,,4.0
2015-11-23,46.0,24.0,12.0,26.0,,3.0
2015-11-24,63.0,21.0,14.0,32.0,,3.0
2015-11-25,45.0,26.0,17.0,41.0,,4.0
2015-11-26,48.0,32.0,10.0,30.0,1.0,3.0
2015-11-27,73.0,20.0,28.0,18.0,,1.0
2015-11-28,44.0,28.0,29.0,13.0,,1.0
2015-11-29,54.0,29.0,28.0,19.0,,1.0
2015-11-30,50.0,23.0,26.0,29.0,,3.0
2015-12-01,48.0,23.0,27.0,26.0,1.0,2.0
2015-12-02,51.0,27.0,14.0,28.0,2.0,3.0
2015-12-03,68.0,24.0,24.0,23.0,,2.0
2015-12-04,57.0,23.0,20.0,14.0,1.0,2.0
2015-12-05,58.0,20.0,24.0,14.0,1.0,2.0
2015-12-06,59.0,33.0,13.0,25.0,1.0,3.0
2015-12-07,81.0,28.0,19.0,25.0,,3.0
2015-12-08,73.0,30.0,24.0,28.0,,2.0
2015-12-09,53.0,25.0,12.0,22.0,1.0,2.0
2015-12-10,63.0,23.0,25.0,25.0,,2.0
2015-12-11,60.0,25.0,27.0,28.0,,2.0
2015-12-12,60.0,20.0,25.0,26.0,,3.0
2015-12-13,50.0,38.0,4.0,28.0,,4.0
2015-12-14,98.0,48.0,,29.0,1.0,5.0
2015-12-15,120.0,26.0,24.0,24.0,,2.0
2015-12-16,67.0,37.0,17.0,23.0,1.0,3.0
2015-12-17,71.0,32.0,15.0,26.0,1.0,2.0
2015-12-18,67.0,32.0,14.0,20.0,1.0,2.0
2015-12-19,78.0,27.0,18.0,18.0,1.0,2.0
2015-12-20,71.0,15.0,26.0,18.0,,1.0
2015-12-21,40.0,17.0,20.0,16.0,,1.0
2015-12-22,54.0,24.0,25.0,20.0,,2.0
2015-12-23,55.0,23.0,27.0,19.0,1.0,2.0
2015-12-24,60.0,29.0,28.0,16.0,,1.0
2015-12-25,58.0,17.0,23.0,11.0,1.0,1.0
2015-12-26,58.0,44.0,19.0,16.0,,2.0
2015-12-27,79.0,55.0,8.0,24.0,1.0,3.0
2015-12-28,85.0,27.0,6.0,25.0,,3.0
2015-12-29,69.0,22.0,16.0,18.0,,2.0
2015-12-30,58.0,,,,,
2016-01-01,,24.0,11.0,16.0,,3.0
2016-01-02,69.0,15.0,21.0,15.0,,2.0
2016-01-03,44.0,20.0,20.0,24.0,,4.0
2016-01-04,59.0,29.0,16.0,26.0,,4.0
2016-01-05,66.0,66.0,1.0,21.0,,7.0
2016-01-06,161.0,31.0,21.0,19.0,,4.0
2016-01-07,86.0,31.0,30.0,25.0,1.0,3.0
2016-01-08,55.0,26.0,17.0,23.0,1.0,3.0
2016-01-09,68.0,14.0,28.0,18.0,1.0,2.0
2016-01-10,41.0,18.0,22.0,28.0,,3.0
2016-01-11,54.0,31.0,20.0,23.0,,2.0
2016-01-12,50.0,34.0,21.0,28.0,,3.0
2016-01-13,52.0,38.0,19.0,29.0,1.0,3.0
2016-01-14,63.0,37.0,17.0,31.0,,3.0
2016-01-15,77.0,19.0,28.0,20.0,,3.0
2016-01-16,47.0,26.0,26.0,25.0,,3.0
2016-01-17,50.0,41.0,11.0,35.0,,4.0
2016-01-18,80.0,52.0,1.0,42.0,1.0,6.0
2016-01-19,102.0,30.0,15.0,45.0,1.0,5.0
2016-01-20,60.0,40.0,1.0,41.0,,6.0
2016-01-21,106.0,42.0,6.0,31.0,,4.0
2016-01-22,105.0,38.0,17.0,27.0,,3.0
2016-01-23,67.0,26.0,15.0,20.0,1.0,3.0
2016-01-24,74.0,31.0,9.0,24.0,2.0,4.0
2016-01-25,72.0,36.0,24.0,23.0,,2.0
2016-01-26,64.0,13.0,27.0,17.0,,2.0
2016-01-27,54.0,22.0,27.0,25.0,1.0,2.0
2016-01-28,50.0,19.0,26.0,14.0,,2.0
2016-01-29,60.0,15.0,28.0,14.0,,2.0
2016-01-30,50.0,18.0,28.0,19.0,,2.0
2016-01-31,41.0,23.0,30.0,12.0,,1.0
2016-02-01,63.0,31.0,30.0,10.0,,2.0
2016-02-02,57.0,21.0,28.0,18.0,1.0,2.0
2016-02-03,48.0,20.0,22.0,29.0,1.0,3.0
2016-02-04,49.0,21.0,13.0,29.0,,3.0
2016-02-05,62.0,17.0,23.0,19.0,,3.0
2016-02-06,53.0,12.0,25.0,14.0,1.0,2.0
2016-02-07,39.0,24.0,28.0,15.0,1.0,2.0
2016-02-08,70.0,23.0,29.0,25.0,,3.0
2016-02-09,53.0,48.0,26.0,24.0,,3.0
2016-02-10,47.0,28.0,24.0,32.0,,4.0
2016-02-11,47.0,32.0,11.0,34.0,,5.0
2016-02-12,86.0,32.0,10.0,22.0,,4.0
2016-02-13,94.0,28.0,24.0,16.0,,3.0
2016-02-14,83.0,26.0,26.0,28.0,1.0,3.0
2016-02-15,66.0,33.0,17.0,45.0,1.0,7.0
2016-02-16,68.0,38.0,9.0,32.0,,5.0
2016-02-17,96.0,38.0,6.0,34.0,1.0,5.0
2016-02-18,111.0,30.0,20.0,38.0,1.0,5.0
2016-02-19,82.0,16.0,25.0,17.0,,2.0
2016-02-20,46.0,18.0,28.0,12.0,,1.0
2016-02-21,44.0,22.0,28.0,23.0,,2.0
2016-02-22,44.0,19.0,24.0,30.0,,3.0
2016-02-23,46.0,19.0,22.0,40.0,,4.0
2016-02-24,49.0,16.0,26.0,31.0,,4.0
2016-02-25,44.0,35.0,21.0,41.0,1.0,5.0
2016-02-26,72.0,30.0,25.0,26.0,,4.0
2016-02-27,85.0,23.0,29.0,24.0,,3.0
2016-02-28,64.0,22.0,28.0,34.0,,3.0
2016-02-29,64.0,36.0,14.0,30.0,1.0,4.0
2016-03-01,97.0,18.0,28.0,26.0,1.0,3.0
2016-03-02,50.0,26.0,26.0,36.0,2.0,4.0
2016-03-03,47.0,21.0,17.0,35.0,1.0,5.0
2016-03-04,61.0,30.0,20.0,49.0,1.0,6.0
2016-03-05,75.0,32.0,19.0,34.0,1.0,5.0
2016-03-06,88.0,16.0,28.0,31.0,1.0,3.0
2016-03-07,43.0,20.0,27.0,36.0,1.0,4.0
2016-03-08,51.0,29.0,24.0,24.0,,4.0
2016-03-09,77.0,44.0,21.0,32.0,2.0,4.0
2016-03-10,115.0,51.0,13.0,27.0,,4.0
2016-03-11,137.0,42.0,20.0,26.0,1.0,4.0
2016-03-12,106.0,27.0,26.0,17.0,,3.0
2016-03-13,79.0,35.0,24.0,24.0,,3.0
2016-03-14,90.0,30.0,16.0,32.0,,3.0
2016-03-15,81.0,26.0,25.0,23.0,,3.0
2016-03-16,77.0,37.0,27.0,30.0,,3.0
2016-03-17,92.0,24.0,25.0,28.0,1.0,3.0
2016-03-18,56.0,25.0,31.0,20.0,2.0,3.0
2016-03-19,50.0,21.0,31.0,15.0,,2.0
2016-03-20,47.0,31.0,28.0,24.0,,3.0
2016-03-21,66.0,27.0,25.0,24.0,1.0,3.0
2016-03-22,63.0,17.0,25.0,26.0,,3.0
2016-03-23,40.0,39.0,20.0,29.0,,3.0
2016-03-24,102.0,23.0,28.0,27.0,,3.0
2016-03-25,51.0,23.0,15.0,32.0,,4.0
2016-03-26,77.0,18.0,29.0,19.0,,3.0
2016-03-27,45.0,16.0,31.0,13.0,,2.0
2016-03-28,50.0,18.0,32.0,21.0,,2.0
2016-03-29,42.0,20.0,29.0,26.0,,3.0
2016-03-30,46.0,33.0,27.0,39.0,1.0,4.0
2016-03-31,67.0,29.0,31.0,32.0,,3.0
2016-04-01,59.0,38.0,24.0,33.0,1.0,4.0
2016-04-02,92.0,33.0,28.0,23.0,1.0,4.0
2016-04-03,84.0,25.0,26.0,31.0,,3.0
2016-04-04,72.0,26.0,29.0,36.0,,3.0
2016-04-05,67.0,28.0,32.0,26.0,,2.0
2016-04-06,62.0,19.0,26.0,22.0,,2.0
2016-04-07,48.0,21.0,29.0,30.0,,3.0
2016-04-08,54.0,32.0,33.0,30.0,1.0,3.0
2016-04-09,86.0,19.0,33.0,23.0,,2.0
2016-04-10,59.0,33.0,32.0,23.0,,3.0
2016-04-11,81.0,20.0,31.0,28.0,1.0,2.0
2016-04-12,60.0,29.0,24.0,35.0,3.0,3.0
2016-04-13,75.0,39.0,28.0,41.0,1.0,4.0
2016-04-14,103.0,27.0,29.0,36.0,,3.0
2016-04-15,69.0,18.0,33.0,19.0,,2.0
2016-04-16,42.0,14.0,32.0,19.0,,2.0
2016-04-17,36.0,19.0,31.0,28.0,,2.0
2016-04-18,52.0,28.0,28.0,17.0,,2.0
2016-04-19,54.0,32.0,32.0,30.0,,2.0
2016-04-20,58.0,28.0,31.0,27.0,1.0,2.0
2016-04-21,59.0,24.0,29.0,30.0,,2.0
2016-04-22,54.0,16.0,31.0,15.0,,2.0
2016-04-23,36.0,15.0,30.0,12.0,,2.0
2016-04-24,34.0,19.0,29.0,27.0,,2.0
2016-04-25,41.0,16.0,31.0,17.0,,2.0
2016-04-26,38.0,16.0,35.0,14.0,,2.0
2016-04-27,39.0,19.0,30.0,35.0,,3.0
2016-04-28,50.0,19.0,28.0,26.0,,2.0
2016-04-29,53.0,23.0,34.0,21.0,,2.0
2016-04-30,45.0,21.0,36.0,22.0,,2.0
2016-05-01,60.0,25.0,30.0,36.0,1.0,4.0
2016-05-02,64.0,22.0,31.0,16.0,,2.0
2016-05-03,53.0,33.0,37.0,36.0,2.0,3.0
2016-05-04,73.0,24.0,43.0,26.0,,3.0
2016-05-05,64.0,35.0,45.0,32.0,,3.0
2016-05-06,73.0,52.0,62.0,39.0,1.0,5.0
2016-05-07,80.0,24.0,55.0,20.0,1.0,3.0
2016-05-08,63.0,34.0,49.0,26.0,,3.0
2016-05-09,64.0,32.0,38.0,31.0,,3.0
2016-05-10,65.0,30.0,49.0,31.0,,3.0
2016-05-11,78.0,32.0,53.0,25.0,,2.0
2016-05-12,74.0,29.0,37.0,26.0,,2.0
2016-05-13,61.0,26.0,34.0,10.0,,1.0
2016-05-14,45.0,16.0,34.0,11.0,,1.0
2016-05-15,48.0,12.0,31.0,18.0,,2.0
2016-05-16,42.0,22.0,40.0,30.0,,2.0
2016-05-17,62.0,25.0,29.0,35.0,1.0,3.0
2016-05-18,70.0,31.0,35.0,31.0,,3.0
2016-05-19,91.0,21.0,29.0,24.0,,2.0
2016-05-20,65.0,26.0,28.0,24.0,1.0,2.0
2016-05-21,70.0,18.0,20.0,23.0,,3.0
2016-05-22,64.0,18.0,27.0,18.0,,2.0
2016-05-23,65.0,31.0,25.0,16.0,,2.0
2016-05-24,56.0,21.0,23.0,23.0,,2.0
2016-05-25,54.0,35.0,34.0,34.0,1.0,4.0
2016-05-26,89.0,35.0,37.0,28.0,,3.0
2016-05-27,97.0,39.0,41.0,20.0,,3.0
2016-05-28,104.0,33.0,34.0,18.0,,3.0
2016-05-29,93.0,30.0,29.0,17.0,,2.0
2016-05-30,86.0,26.0,37.0,23.0,,3.0
2016-05-31,71.0,40.0,34.0,21.0,,3.0
2016-06-01,104.0,38.0,31.0,18.0,,2.0
2016-06-02,79.0,40.0,22.0,28.0,,4.0
2016-06-03,90.0,48.0,45.0,26.0,,3.0
2016-06-04,119.0,24.0,32.0,13.0,,2.0
2016-06-05,70.0,35.0,35.0,24.0,1.0,2.0
2016-06-06,72.0,30.0,34.0,26.0,,3.0
2016-06-07,66.0,28.0,29.0,20.0,,2.0
2016-06-08,63.0,38.0,45.0,19.0,,2.0
2016-06-09,67.0,33.0,36.0,25.0,,2.0
2016-06-10,66.0,24.0,35.0,23.0,,2.0
2016-06-11,69.0,25.0,38.0,23.0,,2.0
2016-06-12,66.0,18.0,30.0,21.0,,2.0
2016-06-13,57.0,23.0,22.0,23.0,,2.0
2016-06-14,60.0,25.0,16.0,26.0,,3.0
2016-06-15,61.0,26.0,22.0,27.0,,3.0
2016-06-16,62.0,28.0,32.0,22.0,,2.0
2016-06-17,68.0,20.0,29.0,16.0,,2.0
2016-06-18,50.0,26.0,34.0,13.0,,1.0
2016-06-19,61.0,29.0,23.0,19.0,,2.0
2016-06-20,57.0,26.0,15.0,22.0,,3.0
2016-06-21,67.0,20.0,27.0,25.0,,3.0
2016-06-22,58.0,20.0,27.0,32.0,,3.0
2016-06-23,57.0,27.0,30.0,24.0,,2.0
2016-06-24,80.0,25.0,28.0,22.0,,2.0
2016-06-25,61.0,17.0,30.0,16.0,,2.0
2016-06-26,51.0,22.0,25.0,18.0,,2.0
2016-06-27,53.0,27.0,29.0,29.0,1.0,3.0
2016-06-28,66.0,19.0,24.0,21.0,,2.0
2016-06-29,53.0,16.0,21.0,23.0,,2.0
2016-06-30,41.0,15.0,19.0,21.0,,2.0
2016-07-01,46.0,21.0,27.0,21.0,,1.0
2016-07-02,47.0,19.0,24.0,20.0,,2.0
2016-07-03,49.0,27.0,28.0,26.0,1.0,3.0
2016-07-04,61.0,22.0,27.0,18.0,,2.0
2016-07-05,54.0,18.0,25.0,18.0,1.0,2.0
2016-07-06,50.0,21.0,36.0,30.0,1.0,3.0
2016-07-07,59.0,23.0,21.0,28.0,,2.0
2016-07-08,59.0,24.0,24.0,25.0,1.0,2.0
2016-07-09,58.0,14.0,27.0,20.0,1.0,2.0
2016-07-10,46.0,22.0,25.0,15.0,,2.0
2016-07-11,49.0,18.0,24.0,18.0,,2.0
2016-07-12,50.0,20.0,24.0,22.0,1.0,2.0
2016-07-13,51.0,22.0,23.0,16.0,,2.0
2016-07-14,45.0,19.0,29.0,21.0,,2.0
2016-07-15,53.0,17.0,19.0,18.0,,2.0
2016-07-16,53.0,15.0,23.0,15.0,,2.0
2016-07-17,48.0,23.0,35.0,22.0,2.0,3.0
2016-07-18,67.0,36.0,66.0,36.0,1.0,4.0
2016-07-19,72.0,30.0,62.0,30.0,1.0,3.0
2016-07-20,66.0,38.0,40.0,25.0,,2.0
2016-07-21,80.0,38.0,41.0,29.0,,3.0
2016-07-22,90.0,25.0,35.0,17.0,,3.0
2016-07-23,74.0,31.0,35.0,19.0,,2.0
2016-07-24,82.0,17.0,25.0,19.0,,2.0
2016-07-25,52.0,24.0,29.0,22.0,1.0,3.0
2016-07-26,58.0,20.0,22.0,20.0,1.0,3.0
2016-07-27,54.0,22.0,21.0,21.0,,3.0
2016-07-28,62.0,18.0,23.0,21.0,,2.0
2016-07-29,50.0,17.0,26.0,20.0,,2.0
2016-07-30,39.0,14.0,24.0,16.0,1.0,2.0
2016-07-31,44.0,17.0,27.0,21.0,,2.0
2016-08-01,48.0,23.0,19.0,21.0,,3.0
2016-08-02,49.0,12.0,17.0,14.0,,2.0
2016-08-03,30.0,22.0,26.0,16.0,,2.0
2016-08-04,49.0,20.0,26.0,18.0,1.0,3.0
2016-08-05,48.0,22.0,27.0,19.0,1.0,3.0
2016-08-06,57.0,21.0,17.0,23.0,1.0,2.0
2016-08-07,57.0,23.0,25.0,14.0,,2.0
2016-08-08,51.0,23.0,21.0,19.0,,2.0
2016-08-09,52.0,19.0,19.0,16.0,,2.0
2016-08-10,45.0,17.0,14.0,21.0,,2.0
2016-08-11,41.0,20.0,16.0,16.0,,2.0
2016-08-12,48.0,22.0,22.0,19.0,,2.0
2016-08-13,48.0,17.0,21.0,18.0,,3.0
2016-08-14,44.0,16.0,25.0,20.0,,3.0
2016-08-15,42.0,14.0,27.0,18.0,,2.0
2016-08-16,42.0,20.0,32.0,20.0,,2.0
2016-08-17,49.0,22.0,35.0,25.0,1.0,3.0
2016-08-18,59.0,36.0,35.0,29.0,1.0,4.0
2016-08-19,92.0,22.0,27.0,17.0,,2.0
2016-08-20,57.0,18.0,24.0,14.0,,2.0
2016-08-21,40.0,27.0,24.0,19.0,,2.0
2016-08-22,53.0,27.0,32.0,31.0,1.0,4.0
2016-08-23,64.0,34.0,60.0,38.0,1.0,5.0
2016-08-24,83.0,40.0,66.0,51.0,,6.0
2016-08-25,86.0,41.0,34.0,31.0,,4.0
2016-08-26,91.0,20.0,35.0,17.0,,3.0
2016-08-27,61.0,34.0,28.0,24.0,,3.0
2016-08-28,83.0,20.0,28.0,18.0,,2.0
2016-08-29,45.0,25.0,28.0,33.0,1.0,4.0
2016-08-30,61.0,36.0,40.0,36.0,1.0,4.0
2016-08-31,81.0,35.0,24.0,23.0,2.0,3.0
2016-09-01,70.0,27.0,21.0,28.0,,3.0
2016-09-02,62.0,19.0,21.0,24.0,1.0,2.0
2016-09-03,47.0,16.0,24.0,14.0,,2.0
2016-09-04,36.0,21.0,25.0,20.0,1.0,3.0
2016-09-05,44.0,24.0,13.0,26.0,2.0,5.0
2016-09-06,65.0,35.0,43.0,37.0,1.0,6.0
2016-09-07,83.0,32.0,41.0,40.0,1.0,4.0
2016-09-08,77.0,30.0,18.0,32.0,1.0,4.0
2016-09-09,58.0,29.0,34.0,33.0,1.0,3.0
2016-09-10,61.0,18.0,18.0,21.0,,3.0
2016-09-11,43.0,38.0,33.0,32.0,1.0,5.0
2016-09-12,87.0,41.0,58.0,48.0,1.0,5.0
2016-09-13,94.0,48.0,51.0,48.0,1.0,5.0
2016-09-14,96.0,51.0,46.0,40.0,1.0,4.0
2016-09-15,110.0,25.0,26.0,23.0,,3.0
2016-09-16,64.0,26.0,21.0,23.0,,3.0
2016-09-17,71.0,21.0,27.0,18.0,,2.0
2016-09-18,53.0,24.0,21.0,29.0,1.0,4.0
2016-09-19,52.0,29.0,30.0,34.0,,4.0
2016-09-20,55.0,37.0,30.0,29.0,1.0,3.0
2016-09-21,67.0,42.0,21.0,40.0,1.0,5.0
2016-09-22,90.0,30.0,28.0,32.0,,3.0
2016-09-23,73.0,25.0,37.0,36.0,1.0,4.0
2016-09-24,65.0,24.0,30.0,27.0,1.0,3.0
2016-09-25,66.0,28.0,18.0,32.0,1.0,5.0
2016-09-26,56.0,35.0,17.0,35.0,2.0,5.0
2016-09-27,66.0,29.0,24.0,19.0,,2.0
2016-09-28,60.0,28.0,19.0,21.0,1.0,3.0
2016-09-29,62.0,21.0,22.0,32.0,,3.0
2016-09-30,51.0,23.0,20.0,27.0,1.0,3.0
2016-10-01,60.0,16.0,25.0,17.0,,2.0
2016-10-02,47.0,21.0,23.0,27.0,,2.0
2016-10-03,45.0,16.0,18.0,20.0,,2.0
2016-10-04,52.0,19.0,21.0,20.0,,2.0
2016-10-05,44.0,17.0,18.0,23.0,,2.0
2016-10-06,42.0,21.0,15.0,22.0,,2.0
2016-10-07,38.0,18.0,22.0,21.0,,2.0
2016-10-08,53.0,20.0,19.0,23.0,,3.0
2016-10-09,52.0,24.0,20.0,31.0,,4.0
2016-10-10,56.0,25.0,11.0,28.0,,4.0
2016-10-11,58.0,20.0,11.0,15.0,,2.0
2016-10-12,60.0,26.0,10.0,14.0,,3.0
2016-10-13,61.0,28.0,8.0,17.0,,3.0
2016-10-14,77.0,36.0,11.0,20.0,,4.0
2016-10-15,87.0,25.0,19.0,20.0,,3.0
2016-10-16,69.0,27.0,14.0,30.0,,4.0
2016-10-17,69.0,24.0,20.0,26.0,,3.0
2016-10-18,56.0,20.0,22.0,23.0,,2.0
2016-10-19,62.0,26.0,14.0,19.0,1.0,3.0
2016-10-20,46.0,31.0,14.0,25.0,,4.0
2016-10-21,71.0,27.0,13.0,20.0,,4.0
2016-10-22,72.0,35.0,15.0,34.0,,7.0
2016-10-23,94.0,33.0,5.0,17.0,,4.0
2016-10-24,89.0,41.0,9.0,25.0,,4.0
2016-10-25,96.0,50.0,5.0,28.0,,5.0
2016-10-26,120.0,37.0,9.0,29.0,,4.0
2016-10-27,89.0,24.0,17.0,22.0,,2.0
2016-10-28,53.0,37.0,19.0,33.0,,5.0
2016-10-29,64.0,41.0,6.0,36.0,,8.0
2016-10-30,92.0,49.0,8.0,35.0,,8.0
2016-10-31,103.0,34.0,16.0,33.0,,5.0
2016-11-01,78.0,25.0,17.0,24.0,,3.0
2016-11-02,43.0,28.0,4.0,40.0,,6.0
2016-11-03,57.0,33.0,7.0,26.0,1.0,3.0
2016-11-04,74.0,21.0,21.0,25.0,,3.0
2016-11-05,59.0,19.0,19.0,28.0,,3.0
2016-11-06,40.0,19.0,11.0,24.0,,3.0
2016-11-07,50.0,31.0,5.0,33.0,,5.0
2016-11-08,72.0,26.0,6.0,27.0,,4.0
2016-11-09,71.0,21.0,,24.0,,4.0
2016-11-10,81.0,40.0,9.0,28.0,,5.0
2016-11-11,106.0,45.0,6.0,23.0,,4.0
2016-11-12,121.0,35.0,3.0,21.0,,4.0
2016-11-13,99.0,39.0,,24.0,1.0,5.0
2016-11-14,160.0,19.0,4.0,20.0,,3.0
2016-11-15,64.0,17.0,21.0,24.0,,2.0
2016-11-16,48.0,18.0,25.0,29.0,,2.0
2016-11-17,46.0,14.0,22.0,26.0,,2.0
2016-11-18,41.0,15.0,15.0,23.0,,2.0
2016-11-19,52.0,14.0,20.0,14.0,,1.0
2016-11-20,43.0,16.0,20.0,22.0,,2.0
2016-11-21,48.0,17.0,22.0,23.0,,3.0
2016-11-22,47.0,34.0,6.0,30.0,,5.0
2016-11-23,86.0,15.0,18.0,20.0,,2.0
2016-11-24,46.0,17.0,14.0,22.0,,2.0
2016-11-25,60.0,35.0,2.0,30.0,,6.0
2016-11-26,91.0,31.0,19.0,28.0,,3.0
2016-11-27,62.0,23.0,18.0,30.0,,3.0
2016-11-28,55.0,38.0,8.0,40.0,1.0,6.0
2016-11-29,91.0,29.0,13.0,39.0,1.0,4.0
2016-11-30,74.0,30.0,14.0,24.0,,2.0
2016-12-01,65.0,29.0,22.0,34.0,,3.0
2016-12-02,57.0,43.0,13.0,44.0,,7.0
2016-12-03,79.0,31.0,10.0,29.0,,5.0
2016-12-04,84.0,43.0,2.0,40.0,1.0,8.0
2016-12-05,103.0,57.0,,40.0,2.0,9.0
2016-12-06,141.0,37.0,1.0,32.0,2.0,5.0
2016-12-07,102.0,31.0,5.0,31.0,2.0,4.0
2016-12-08,91.0,48.0,9.0,23.0,1.0,3.0
2016-12-09,104.0,40.0,2.0,28.0,,4.0
2016-12-10,105.0,23.0,24.0,15.0,,1.0
2016-12-11,53.0,33.0,9.0,34.0,,5.0
2016-12-12,80.0,38.0,8.0,25.0,1.0,4.0
2016-12-13,104.0,45.0,,25.0,1.0,5.0
2016-12-14,110.0,34.0,1.0,25.0,,4.0
2016-12-15,94.0,36.0,3.0,27.0,,4.0
2016-12-16,96.0,39.0,9.0,27.0,,4.0
2016-12-17,100.0,31.0,10.0,27.0,,4.0
2016-12-18,76.0,42.0,8.0,28.0,,5.0
2016-12-19,104.0,36.0,1.0,28.0,,5.0
2016-12-20,94.0,32.0,5.0,24.0,,3.0
2016-12-21,90.0,30.0,4.0,28.0,2.0,4.0
2016-12-22,84.0,30.0,17.0,27.0,1.0,3.0
2016-12-23,79.0,28.0,26.0,15.0,,2.0
2016-12-24,57.0,25.0,27.0,10.0,,1.0
2016-12-25,50.0,23.0,28.0,8.0,,1.0
2016-12-26,51.0,35.0,25.0,21.0,,2.0
2016-12-27,58.0,27.0,8.0,33.0,,5.0
2016-12-28,68.0,38.0,2.0,32.0,,4.0
2016-12-29,101.0,41.0,,34.0,,5.0
2016-12-30,113.0,48.0,,27.0,1.0,4.0
2016-12-31,126.0,77.0,5.0,25.0,1.0,4.0
2017-01-01,155.0,27.0,22.0,28.0,,3.0
2017-01-02,52.0,19.0,22.0,21.0,,2.0
2017-01-03,43.0,31.0,27.0,14.0,,2.0
2017-01-04,57.0,24.0,23.0,30.0,,3.0
2017-01-05,49.0,32.0,13.0,28.0,2.0,4.0
2017-01-06,81.0,35.0,10.0,26.0,2.0,4.0
2017-01-07,95.0,22.0,20.0,34.0,,4.0
2017-01-08,52.0,31.0,6.0,29.0,1.0,5.0
2017-01-09,84.0,24.0,16.0,33.0,,4.0
2017-01-10,50.0,30.0,25.0,18.0,1.0,2.0
2017-01-11,57.0,25.0,25.0,22.0,,2.0
2017-01-12,46.0,21.0,28.0,18.0,,2.0
2017-01-13,48.0,22.0,29.0,18.0,,2.0
2017-01-14,43.0,24.0,20.0,37.0,,5.0
2017-01-15,52.0,26.0,16.0,37.0,,4.0
2017-01-16,64.0,41.0,14.0,36.0,,6.0
2017-01-17,104.0,47.0,1.0,40.0,,7.0
2017-01-18,124.0,51.0,5.0,42.0,1.0,7.0
2017-01-19,119.0,39.0,7.0,41.0,1.0,5.0
2017-01-20,92.0,28.0,12.0,25.0,,4.0
2017-01-21,80.0,53.0,2.0,43.0,1.0,8.0
2017-01-22,137.0,59.0,1.0,43.0,1.0,9.0
2017-01-23,151.0,36.0,6.0,41.0,1.0,7.0
2017-01-24,87.0,51.0,10.0,30.0,1.0,5.0
2017-01-25,129.0,46.0,8.0,32.0,1.0,5.0
2017-01-26,113.0,44.0,6.0,36.0,1.0,5.0
2017-01-27,103.0,28.0,14.0,32.0,1.0,4.0
2017-01-28,73.0,26.0,14.0,24.0,1.0,3.0
2017-01-29,74.0,18.0,21.0,26.0,,3.0
2017-01-30,54.0,27.0,17.0,30.0,,4.0
2017-01-31,70.0,29.0,8.0,26.0,1.0,4.0
2017-02-01,79.0,26.0,7.0,24.0,,4.0
2017-02-02,71.0,25.0,16.0,31.0,1.0,4.0
2017-02-03,59.0,21.0,18.0,27.0,,4.0
2017-02-04,52.0,28.0,14.0,30.0,,4.0
2017-02-05,78.0,35.0,8.0,28.0,,5.0
2017-02-06,90.0,37.0,5.0,21.0,,5.0
2017-02-07,100.0,43.0,10.0,18.0,,3.0
2017-02-08,114.0,48.0,13.0,19.0,,3.0
2017-02-09,128.0,57.0,8.0,20.0,,4.0
2017-02-10,152.0,69.0,10.0,19.0,1.0,5.0
2017-02-11,164.0,59.0,17.0,14.0,1.0,5.0
2017-02-12,154.0,57.0,17.0,25.0,1.0,5.0
2017-02-13,153.0,55.0,19.0,33.0,2.0,6.0
2017-02-14,143.0,51.0,6.0,41.0,3.0,7.0
2017-02-15,115.0,27.0,19.0,30.0,1.0,3.0
2017-02-16,66.0,28.0,18.0,21.0,,3.0
2017-02-17,59.0,31.0,16.0,30.0,1.0,4.0
2017-02-18,91.0,35.0,19.0,25.0,1.0,3.0
2017-02-19,95.0,19.0,13.0,22.0,,3.0
2017-02-20,60.0,24.0,24.0,23.0,2.0,3.0
2017-02-21,52.0,17.0,27.0,20.0,,2.0
2017-02-22,46.0,15.0,30.0,14.0,,2.0
2017-02-23,62.0,24.0,32.0,23.0,,3.0
2017-02-24,45.0,21.0,27.0,27.0,1.0,3.0
2017-02-25,62.0,21.0,26.0,17.0,,3.0
2017-02-26,59.0,13.0,30.0,22.0,,3.0
2017-02-27,37.0,14.0,34.0,23.0,,3.0
2017-02-28,37.0,20.0,25.0,28.0,,3.0
2017-03-01,51.0,21.0,30.0,22.0,,2.0
2017-03-02,50.0,31.0,17.0,34.0,1.0,4.0
2017-03-03,63.0,19.0,23.0,29.0,1.0,3.0
2017-03-04,53.0,19.0,30.0,19.0,1.0,3.0
2017-03-05,48.0,34.0,24.0,34.0,1.0,4.0
2017-03-06,68.0,31.0,19.0,26.0,1.0,3.0
2017-03-07,78.0,23.0,20.0,28.0,1.0,4.0
2017-03-08,61.0,28.0,28.0,25.0,1.0,3.0
2017-03-09,56.0,30.0,27.0,40.0,1.0,4.0
2017-03-10,61.0,38.0,15.0,35.0,2.0,5.0
2017-03-11,86.0,27.0,21.0,27.0,1.0,4.0
2017-03-12,69.0,37.0,18.0,30.0,,4.0
2017-03-13,79.0,31.0,76.0,30.0,,3.0
2017-03-14,76.0,34.0,26.0,30.0,,3.0
2017-03-15,67.0,48.0,25.0,42.0,3.0,4.0
2017-03-16,98.0,24.0,27.0,21.0,,2.0
2017-03-17,56.0,18.0,28.0,20.0,,3.0
2017-03-18,44.0,22.0,28.0,15.0,1.0,2.0
2017-03-19,57.0,22.0,28.0,20.0,,2.0
2017-03-20,48.0,20.0,31.0,22.0,1.0,2.0
2017-03-21,46.0,28.0,27.0,32.0,1.0,3.0
2017-03-22,62.0,29.0,24.0,25.0,,3.0
2017-03-23,74.0,29.0,28.0,20.0,1.0,3.0
2017-03-24,78.0,20.0,32.0,22.0,,2.0
2017-03-25,60.0,20.0,27.0,18.0,,2.0
2017-03-26,62.0,35.0,24.0,31.0,1.0,4.0
2017-03-27,89.0,43.0,33.0,48.0,1.0,7.0
2017-03-28,96.0,24.0,33.0,23.0,,3.0
2017-03-29,58.0,26.0,34.0,33.0,2.0,4.0
2017-03-30,63.0,25.0,30.0,29.0,1.0,3.0
2017-03-31,56.0,24.0,32.0,34.0,,3.0
2017-04-01,60.0,26.0,32.0,26.0,1.0,3.0
2017-04-02,67.0,24.0,33.0,26.0,,3.0
2017-04-03,64.0,40.0,25.0,35.0,1.0,4.0
2017-04-04,87.0,35.0,33.0,21.0,,2.0
2017-04-05,74.0,34.0,32.0,20.0,,2.0
2017-04-06,61.0,31.0,205.0,24.0,1.0,2.0
2017-04-07,60.0,24.0,31.0,28.0,1.0,2.0
2017-04-08,59.0,41.0,43.0,34.0,2.0,4.0
2017-04-09,106.0,32.0,32.0,19.0,,2.0
2017-04-10,62.0,21.0,34.0,24.0,,2.0
2017-04-11,51.0,27.0,26.0,21.0,,2.0
2017-04-12,59.0,23.0,32.0,18.0,,2.0
2017-04-13,49.0,21.0,34.0,34.0,,3.0
2017-04-14,53.0,22.0,33.0,19.0,,2.0
2017-04-15,48.0,20.0,33.0,24.0,,2.0
2017-04-16,46.0,18.0,36.0,18.0,,2.0
2017-04-17,42.0,19.0,34.0,25.0,,2.0
2017-04-18,48.0,20.0,37.0,33.0,,3.0
2017-04-19,55.0,29.0,35.0,40.0,1.0,3.0
2017-04-20,74.0,30.0,29.0,26.0,,3.0
2017-04-21,72.0,24.0,34.0,13.0,,2.0
2017-04-22,51.0,18.0,33.0,17.0,,2.0
2017-04-23,44.0,21.0,23.0,26.0,1.0,2.0
2017-04-24,57.0,16.0,31.0,17.0,,2.0
2017-04-25,34.0,21.0,27.0,30.0,,3.0
2017-04-26,46.0,20.0,34.0,26.0,,2.0
2017-04-27,46.0,15.0,30.0,24.0,,2.0
2017-04-28,42.0,17.0,33.0,27.0,,3.0
2017-04-29,50.0,22.0,42.0,19.0,1.0,2.0
2017-04-30,61.0,21.0,36.0,28.0,,3.0
2017-05-01,54.0,33.0,28.0,28.0,,3.0
2017-05-02,83.0,22.0,27.0,23.0,,3.0
2017-05-03,64.0,22.0,26.0,22.0,,2.0
2017-05-04,61.0,17.0,33.0,21.0,,2.0
2017-05-05,50.0,26.0,29.0,16.0,,3.0
2017-05-06,78.0,25.0,35.0,14.0,,2.0
2017-05-07,71.0,23.0,35.0,18.0,,2.0
2017-05-08,52.0,27.0,32.0,24.0,,2.0
2017-05-09,57.0,23.0,26.0,31.0,,3.0
2017-05-10,57.0,28.0,38.0,31.0,1.0,3.0
2017-05-11,71.0,21.0,31.0,27.0,1.0,4.0
2017-05-12,62.0,21.0,29.0,26.0,1.0,3.0
2017-05-13,69.0,26.0,34.0,24.0,1.0,2.0
2017-05-14,71.0,24.0,29.0,30.0,1.0,3.0
2017-05-15,62.0,21.0,38.0,31.0,2.0,3.0
2017-05-16,63.0,24.0,60.0,36.0,,4.0
2017-05-17,60.0,24.0,31.0,26.0,1.0,3.0
2017-05-18,67.0,15.0,32.0,23.0,,2.0
2017-05-19,52.0,20.0,34.0,28.0,1.0,3.0
2017-05-20,60.0,20.0,36.0,25.0,2.0,3.0
2017-05-21,61.0,25.0,48.0,30.0,1.0,3.0
2017-05-22,65.0,33.0,26.0,31.0,2.0,3.0
2017-05-23,71.0,28.0,29.0,24.0,3.0,3.0
2017-05-24,60.0,19.0,32.0,20.0,,2.0
2017-05-25,59.0,16.0,36.0,22.0,,3.0
2017-05-26,49.0,20.0,60.0,24.0,1.0,3.0
2017-05-27,61.0,16.0,36.0,22.0,1.0,2.0
2017-05-28,52.0,27.0,37.0,20.0,1.0,3.0
2017-05-29,81.0,27.0,33.0,22.0,,2.0
2017-05-30,76.0,22.0,29.0,20.0,1.0,2.0
2017-05-31,55.0,23.0,36.0,29.0,1.0,3.0
2017-06-01,56.0,34.0,52.0,33.0,1.0,3.0
2017-06-02,67.0,27.0,39.0,27.0,1.0,3.0
2017-06-03,71.0,18.0,32.0,18.0,,2.0
2017-06-04,55.0,18.0,34.0,18.0,1.0,2.0
2017-06-05,51.0,17.0,28.0,16.0,,2.0
2017-06-06,42.0,21.0,29.0,14.0,,2.0
2017-06-07,53.0,22.0,29.0,20.0,,2.0
2017-06-08,56.0,21.0,30.0,26.0,,3.0
2017-06-09,53.0,29.0,39.0,23.0,1.0,3.0
2017-06-10,65.0,19.0,45.0,24.0,1.0,2.0
2017-06-11,57.0,20.0,29.0,16.0,,2.0
2017-06-12,51.0,18.0,29.0,17.0,,2.0
2017-06-13,52.0,19.0,37.0,26.0,1.0,3.0
2017-06-14,55.0,25.0,51.0,31.0,1.0,3.0
2017-06-15,64.0,27.0,26.0,16.0,,2.0
2017-06-16,51.0,21.0,26.0,19.0,2.0,3.0
2017-06-17,55.0,24.0,33.0,23.0,1.0,3.0
2017-06-18,69.0,21.0,21.0,26.0,1.0,3.0
2017-06-19,62.0,,,,,
2018-01-05,,18.0,18.0,26.0,1.0,3.0
2018-01-06,43.0,12.0,20.0,9.0,,2.0
2018-01-07,34.0,16.0,17.0,15.0,,3.0
2018-01-08,47.0,28.0,10.0,21.0,1.0,5.0
2018-01-09,72.0,25.0,3.0,25.0,1.0,4.0
2018-01-10,69.0,36.0,7.0,27.0,,4.0
2018-01-11,87.0,31.0,3.0,22.0,,5.0
2018-01-12,81.0,38.0,7.0,18.0,,6.0
2018-01-13,98.0,30.0,10.0,15.0,,4.0
2018-01-14,86.0,24.0,19.0,18.0,,3.0
2018-01-15,71.0,15.0,28.0,17.0,,2.0
2018-01-16,34.0,17.0,29.0,12.0,,2.0
2018-01-17,50.0,17.0,28.0,20.0,,3.0
2018-01-18,59.0,14.0,25.0,29.0,,3.0
2018-01-19,36.0,20.0,22.0,33.0,1.0,4.0
2018-01-20,55.0,17.0,26.0,26.0,,3.0
2018-01-21,38.0,22.0,22.0,23.0,1.0,3.0
2018-01-22,58.0,19.0,22.0,24.0,,3.0
2018-01-23,55.0,8.0,27.0,14.0,,2.0
2018-01-24,29.0,21.0,27.0,27.0,,3.0
2018-01-25,55.0,36.0,5.0,32.0,1.0,4.0
2018-01-26,84.0,21.0,20.0,24.0,1.0,3.0
2018-01-27,66.0,17.0,23.0,13.0,1.0,2.0
2018-01-28,49.0,18.0,27.0,14.0,1.0,2.0
2018-01-29,47.0,24.0,22.0,27.0,1.0,3.0
2018-01-30,52.0,16.0,27.0,22.0,,2.0
2018-01-31,48.0,16.0,25.0,21.0,,3.0
2018-02-01,41.0,19.0,22.0,24.0,,3.0
2018-02-02,39.0,16.0,17.0,28.0,1.0,4.0
2018-02-03,44.0,14.0,21.0,14.0,,3.0
2018-02-04,45.0,20.0,19.0,18.0,,3.0
2018-02-05,69.0,23.0,20.0,24.0,,3.0
2018-02-06,69.0,30.0,21.0,38.0,1.0,4.0
2018-02-07,76.0,39.0,11.0,37.0,1.0,5.0
2018-02-08,97.0,35.0,15.0,28.0,1.0,4.0
2018-02-09,101.0,32.0,23.0,23.0,1.0,4.0
2018-02-10,88.0,13.0,29.0,13.0,,3.0
2018-02-11,35.0,18.0,27.0,23.0,,3.0
2018-02-12,38.0,22.0,23.0,27.0,1.0,3.0
2018-02-13,58.0,30.0,21.0,24.0,,3.0
2018-02-14,64.0,20.0,21.0,26.0,,3.0
2018-02-15,57.0,25.0,25.0,32.0,,3.0
2018-02-16,51.0,44.0,15.0,35.0,1.0,6.0
2018-02-17,90.0,50.0,14.0,30.0,2.0,5.0
2018-02-18,125.0,47.0,10.0,32.0,1.0,5.0
2018-02-19,118.0,57.0,9.0,33.0,1.0,5.0
2018-02-20,143.0,56.0,23.0,31.0,1.0,5.0
2018-02-21,145.0,33.0,23.0,23.0,,3.0
2018-02-22,94.0,31.0,24.0,21.0,,3.0
2018-02-23,88.0,22.0,26.0,14.0,,3.0
2018-02-24,71.0,12.0,28.0,11.0,,2.0
2018-02-25,63.0,17.0,27.0,20.0,,2.0
2018-02-26,59.0,16.0,28.0,24.0,,3.0
2018-02-27,73.0,36.0,25.0,17.0,,3.0
2018-02-28,87.0,58.0,27.0,14.0,,3.0
2018-03-01,84.0,52.0,29.0,15.0,1.0,4.0
2018-03-02,117.0,60.0,21.0,20.0,1.0,5.0
2018-03-03,154.0,55.0,21.0,23.0,1.0,6.0
2018-03-04,138.0,25.0,25.0,30.0,1.0,5.0
2018-03-05,70.0,31.0,21.0,37.0,1.0,6.0
2018-03-06,76.0,37.0,18.0,36.0,1.0,6.0
2018-03-07,92.0,21.0,27.0,23.0,,4.0
2018-03-08,58.0,27.0,24.0,32.0,,4.0
2018-03-09,56.0,22.0,18.0,23.0,1.0,4.0
2018-03-10,65.0,22.0,17.0,22.0,,4.0
2018-03-11,67.0,23.0,24.0,28.0,,5.0
2018-03-12,52.0,18.0,23.0,25.0,,4.0
2018-03-13,47.0,22.0,25.0,27.0,,5.0
2018-03-14,64.0,25.0,18.0,21.0,,4.0
2018-03-15,68.0,28.0,18.0,16.0,,4.0
2018-03-16,88.0,24.0,29.0,8.0,,2.0
2018-03-17,51.0,27.0,31.0,8.0,,3.0
2018-03-18,57.0,24.0,31.0,20.0,,3.0
2018-03-19,60.0,28.0,32.0,26.0,,3.0
2018-03-20,53.0,30.0,30.0,32.0,,3.0
2018-03-21,59.0,27.0,26.0,22.0,,3.0
2018-03-22,64.0,30.0,27.0,28.0,,4.0
2018-03-23,70.0,31.0,24.0,25.0,,4.0
2018-03-24,79.0,47.0,20.0,21.0,,4.0
2018-03-25,127.0,30.0,24.0,32.0,1.0,4.0
2018-03-26,73.0,27.0,25.0,28.0,,4.0
2018-03-27,70.0,22.0,23.0,27.0,,3.0
2018-03-28,62.0,20.0,32.0,28.0,,3.0
2018-03-29,54.0,19.0,32.0,25.0,,4.0
2018-03-30,54.0,22.0,31.0,30.0,,4.0
2018-03-31,65.0,31.0,29.0,21.0,,3.0
2018-04-01,90.0,30.0,28.0,23.0,,4.0
2018-04-02,82.0,17.0,28.0,25.0,1.0,4.0
2018-04-03,54.0,16.0,28.0,29.0,,4.0
2018-04-04,48.0,20.0,31.0,18.0,,2.0
2018-04-05,43.0,26.0,31.0,30.0,1.0,4.0
2018-04-06,56.0,22.0,35.0,28.0,1.0,4.0
2018-04-07,57.0,38.0,35.0,31.0,,4.0
2018-04-08,85.0,43.0,24.0,20.0,,3.0
2018-04-09,100.0,49.0,31.0,25.0,,4.0
2018-04-10,113.0,46.0,24.0,22.0,,3.0
2018-04-11,108.0,43.0,15.0,23.0,,4.0
2018-04-12,104.0,45.0,20.0,31.0,,5.0
2018-04-13,105.0,40.0,30.0,28.0,,3.0
2018-04-14,110.0,41.0,26.0,29.0,,4.0
2018-04-15,113.0,21.0,34.0,24.0,,3.0
2018-04-16,65.0,43.0,40.0,30.0,1.0,3.0
2018-04-17,67.0,49.0,46.0,39.0,2.0,4.0
2018-04-18,76.0,55.0,43.0,42.0,1.0,4.0
2018-04-19,97.0,61.0,49.0,51.0,4.0,5.0
2018-04-20,137.0,30.0,38.0,22.0,,3.0
2018-04-21,80.0,35.0,52.0,18.0,1.0,3.0
2018-04-22,79.0,24.0,34.0,16.0,,2.0
2018-04-23,54.0,24.0,29.0,17.0,,3.0
2018-04-24,56.0,15.0,33.0,14.0,,2.0
2018-04-25,45.0,26.0,33.0,17.0,,2.0
2018-04-26,45.0,24.0,35.0,22.0,2.0,3.0
2018-04-27,55.0,23.0,26.0,22.0,,3.0
2018-04-28,62.0,27.0,28.0,20.0,,3.0
2018-04-29,78.0,19.0,32.0,26.0,,3.0
2018-04-30,47.0,17.0,36.0,22.0,,2.0
2018-05-01,38.0,23.0,38.0,26.0,1.0,3.0
2018-05-02,58.0,20.0,34.0,23.0,2.0,3.0
2018-05-03,49.0,21.0,41.0,35.0,,3.0
2018-05-04,52.0,22.0,44.0,17.0,,2.0
2018-05-05,60.0,24.0,51.0,24.0,1.0,3.0
2018-05-06,64.0,50.0,49.0,34.0,1.0,4.0
2018-05-07,76.0,50.0,65.0,40.0,1.0,4.0
2018-05-08,79.0,73.0,47.0,48.0,4.0,5.0
2018-05-09,126.0,26.0,32.0,21.0,,2.0
2018-05-10,69.0,24.0,40.0,29.0,,3.0
2018-05-11,61.0,26.0,50.0,28.0,,3.0
2018-05-12,70.0,38.0,37.0,22.0,1.0,3.0
2018-05-13,98.0,40.0,54.0,24.0,,3.0
2018-05-14,104.0,39.0,51.0,27.0,,3.0
2018-05-15,84.0,45.0,38.0,18.0,1.0,2.0
2018-05-16,83.0,39.0,31.0,15.0,,2.0
2018-05-17,57.0,31.0,31.0,14.0,,2.0
2018-05-18,59.0,36.0,31.0,22.0,,3.0
2018-05-19,73.0,38.0,43.0,21.0,,3.0
2018-05-20,89.0,22.0,50.0,16.0,,3.0
2018-05-21,65.0,31.0,42.0,35.0,,4.0
2018-05-22,65.0,37.0,49.0,31.0,,3.0
2018-05-23,85.0,27.0,47.0,25.0,,3.0
2018-05-24,64.0,33.0,44.0,27.0,,3.0
2018-05-25,88.0,31.0,63.0,21.0,,3.0
2018-05-26,79.0,23.0,48.0,19.0,,3.0
2018-05-27,65.0,34.0,60.0,31.0,1.0,4.0
2018-05-28,74.0,43.0,48.0,28.0,,3.0
2018-05-29,112.0,47.0,37.0,31.0,,4.0
2018-05-30,117.0,43.0,39.0,32.0,,4.0
2018-05-31,112.0,41.0,42.0,30.0,1.0,4.0
2018-06-01,105.0,31.0,26.0,21.0,,3.0
2018-06-02,88.0,28.0,34.0,18.0,1.0,3.0
2018-06-03,77.0,22.0,41.0,19.0,,3.0
2018-06-04,67.0,26.0,35.0,22.0,,2.0
2018-06-05,59.0,36.0,44.0,27.0,,3.0
2018-06-06,73.0,37.0,60.0,34.0,1.0,3.0
2018-06-07,86.0,37.0,32.0,35.0,1.0,3.0
2018-06-08,91.0,25.0,39.0,17.0,,2.0
2018-06-09,63.0,22.0,38.0,14.0,,2.0
2018-06-10,58.0,17.0,26.0,23.0,,2.0
2018-06-11,52.0,20.0,26.0,27.0,,2.0
2018-06-12,45.0,20.0,27.0,18.0,,2.0
2018-06-13,41.0,21.0,26.0,23.0,1.0,3.0
2018-06-14,54.0,36.0,33.0,26.0,1.0,3.0
2018-06-15,75.0,26.0,30.0,22.0,1.0,3.0
2018-06-16,65.0,18.0,27.0,13.0,,2.0
2018-06-17,50.0,16.0,28.0,15.0,,2.0
2018-06-18,47.0,17.0,21.0,16.0,,3.0
2018-06-19,45.0,19.0,19.0,15.0,,3.0
2018-06-20,55.0,31.0,23.0,10.0,,2.0
2018-06-21,47.0,31.0,25.0,8.0,,2.0
2018-06-22,52.0,23.0,33.0,12.0,,2.0
2018-06-23,49.0,18.0,28.0,10.0,,2.0
2018-06-24,41.0,21.0,24.0,13.0,,2.0
2018-06-25,45.0,22.0,33.0,20.0,,2.0
2018-06-26,53.0,25.0,36.0,23.0,,2.0
2018-06-27,56.0,27.0,42.0,24.0,,2.0
2018-06-28,72.0,27.0,37.0,22.0,,2.0
2018-06-29,68.0,22.0,41.0,16.0,,2.0
2018-06-30,51.0,22.0,40.0,17.0,,2.0
2018-07-01,47.0,19.0,42.0,22.0,,2.0
2018-07-02,37.0,18.0,39.0,22.0,,2.0
2018-07-03,39.0,22.0,36.0,22.0,,2.0
2018-07-04,45.0,17.0,23.0,16.0,,2.0
2018-07-05,41.0,25.0,34.0,24.0,,2.0
2018-07-06,53.0,21.0,32.0,20.0,1.0,2.0
2018-07-07,40.0,19.0,32.0,14.0,,2.0
2018-07-08,48.0,27.0,24.0,19.0,,2.0
2018-07-09,48.0,32.0,29.0,14.0,,2.0
2018-07-10,48.0,36.0,31.0,21.0,,2.0
2018-07-11,59.0,33.0,28.0,15.0,,2.0
2018-07-12,62.0,25.0,30.0,21.0,,2.0
2018-07-13,51.0,15.0,32.0,20.0,,2.0
2018-07-14,49.0,15.0,43.0,19.0,,2.0
2018-07-15,40.0,28.0,57.0,29.0,1.0,3.0
2018-07-16,53.0,26.0,42.0,22.0,1.0,3.0
2018-07-17,63.0,25.0,32.0,22.0,2.0,3.0
2018-07-18,52.0,31.0,35.0,21.0,,2.0
2018-07-19,63.0,24.0,40.0,22.0,,2.0
2018-07-20,48.0,22.0,43.0,15.0,1.0,2.0
2018-07-21,50.0,21.0,44.0,20.0,1.0,3.0
2018-07-22,64.0,30.0,33.0,28.0,2.0,3.0
2018-07-23,61.0,40.0,53.0,28.0,1.0,4.0
2018-07-24,63.0,29.0,49.0,32.0,,3.0
2018-07-25,85.0,37.0,76.0,29.0,,3.0
2018-07-26,87.0,37.0,71.0,39.0,1.0,4.0
2018-07-27,77.0,30.0,40.0,20.0,,3.0
2018-07-28,61.0,23.0,36.0,19.0,1.0,2.0
2018-07-29,48.0,20.0,29.0,19.0,1.0,3.0
2018-07-30,56.0,19.0,30.0,19.0,,3.0
2018-07-31,61.0,22.0,28.0,24.0,1.0,3.0
2018-08-01,46.0,29.0,41.0,28.0,3.0,3.0
2018-08-02,59.0,31.0,48.0,32.0,1.0,3.0
2018-08-03,58.0,18.0,30.0,16.0,,2.0
2018-08-04,40.0,13.0,32.0,11.0,1.0,2.0
2018-08-05,31.0,25.0,49.0,24.0,1.0,3.0
2018-08-06,47.0,34.0,77.0,34.0,1.0,4.0
2018-08-07,65.0,28.0,43.0,18.0,,3.0
2018-08-08,49.0,23.0,31.0,26.0,,3.0
2018-08-09,51.0,15.0,26.0,15.0,,2.0
2018-08-10,39.0,12.0,29.0,14.0,,2.0
2018-08-11,31.0,16.0,34.0,20.0,4.0,3.0
2018-08-12,46.0,18.0,27.0,22.0,,3.0
2018-08-13,54.0,14.0,31.0,13.0,,2.0
2018-08-14,31.0,25.0,22.0,19.0,,3.0
2018-08-15,53.0,17.0,26.0,16.0,,3.0
2018-08-16,42.0,19.0,26.0,17.0,,3.0
2018-08-17,42.0,20.0,23.0,16.0,,3.0
2018-08-18,43.0,24.0,22.0,12.0,1.0,3.0
2018-08-19,52.0,17.0,20.0,13.0,,2.0
2018-08-20,36.0,22.0,24.0,23.0,1.0,3.0
2018-08-21,49.0,23.0,31.0,22.0,1.0,4.0
2018-08-22,63.0,27.0,16.0,20.0,1.0,3.0
2018-08-23,61.0,17.0,23.0,15.0,,3.0
2018-08-24,41.0,10.0,21.0,16.0,,2.0
2018-08-25,32.0,14.0,30.0,18.0,1.0,3.0
2018-08-26,42.0,14.0,23.0,14.0,,3.0
2018-08-27,35.0,20.0,23.0,25.0,1.0,5.0
2018-08-28,46.0,36.0,24.0,28.0,,5.0
2018-08-29,79.0,20.0,25.0,15.0,,2.0
2018-08-30,38.0,22.0,21.0,27.0,,3.0
2018-08-31,41.0,19.0,32.0,26.0,,3.0
2018-09-01,44.0,17.0,37.0,21.0,,3.0
2018-09-02,42.0,23.0,29.0,25.0,,3.0
2018-09-03,53.0,36.0,32.0,26.0,,4.0
2018-09-04,83.0,34.0,20.0,31.0,,4.0
2018-09-05,79.0,23.0,24.0,25.0,,3.0
2018-09-06,57.0,15.0,25.0,21.0,,3.0
2018-09-07,37.0,15.0,25.0,18.0,,3.0
2018-09-08,31.0,18.0,32.0,20.0,1.0,3.0
2018-09-09,44.0,20.0,27.0,20.0,,3.0
2018-09-10,43.0,27.0,25.0,16.0,,3.0
2018-09-11,50.0,14.0,23.0,25.0,,3.0
2018-09-12,35.0,27.0,24.0,29.0,,4.0
2018-09-13,51.0,20.0,27.0,32.0,1.0,4.0
2018-09-14,46.0,17.0,28.0,20.0,,3.0
2018-09-15,33.0,22.0,29.0,26.0,1.0,4.0
2018-09-16,49.0,25.0,31.0,34.0,1.0,4.0
2018-09-17,60.0,32.0,30.0,25.0,1.0,3.0
2018-09-18,60.0,25.0,26.0,18.0,1.0,3.0
2018-09-19,52.0,28.0,24.0,22.0,,4.0
2018-09-20,54.0,21.0,26.0,15.0,,2.0
2018-09-21,38.0,15.0,23.0,18.0,,3.0
2018-09-22,35.0,17.0,21.0,20.0,,3.0
2018-09-23,51.0,19.0,26.0,18.0,,2.0
2018-09-24,36.0,18.0,21.0,34.0,1.0,5.0
2018-09-25,45.0,27.0,25.0,30.0,1.0,4.0
2018-09-26,62.0,31.0,25.0,37.0,1.0,5.0
2018-09-27,65.0,27.0,24.0,26.0,,3.0
2018-09-28,40.0,27.0,25.0,30.0,,5.0
2018-09-29,49.0,24.0,28.0,22.0,1.0,5.0
2018-09-30,56.0,17.0,25.0,17.0,,2.0
2018-10-01,36.0,22.0,25.0,19.0,,2.0
2018-10-02,43.0,30.0,26.0,20.0,,2.0
2018-10-03,50.0,26.0,11.0,24.0,,4.0
2018-10-04,58.0,43.0,18.0,33.0,1.0,6.0
2018-10-05,88.0,43.0,19.0,31.0,1.0,7.0
2018-10-06,90.0,15.0,29.0,18.0,,3.0
2018-10-07,31.0,22.0,19.0,30.0,,4.0
2018-10-08,49.0,29.0,19.0,33.0,1.0,4.0
2018-10-09,64.0,44.0,26.0,36.0,1.0,5.0
2018-10-10,104.0,29.0,20.0,28.0,,4.0
2018-10-11,63.0,18.0,22.0,23.0,,3.0
2018-10-12,42.0,21.0,30.0,22.0,,3.0
2018-10-13,52.0,20.0,31.0,21.0,,3.0
2018-10-14,55.0,25.0,21.0,31.0,,4.0
2018-10-15,60.0,43.0,14.0,41.0,1.0,7.0
2018-10-16,87.0,33.0,23.0,28.0,,3.0
2018-10-17,70.0,23.0,24.0,28.0,,2.0
2018-10-18,46.0,25.0,25.0,31.0,,3.0
2018-10-19,51.0,36.0,19.0,37.0,,5.0
2018-10-20,69.0,41.0,18.0,31.0,2.0,4.0
2018-10-21,90.0,26.0,24.0,27.0,,2.0
2018-10-22,51.0,31.0,21.0,14.0,,2.0
2018-10-23,52.0,19.0,17.0,13.0,,2.0
2018-10-24,36.0,18.0,19.0,22.0,,2.0
2018-10-25,37.0,15.0,23.0,22.0,,2.0
2018-10-26,42.0,12.0,20.0,27.0,,2.0
2018-10-27,33.0,8.0,22.0,12.0,,1.0
2018-10-28,21.0,13.0,17.0,17.0,,2.0
2018-10-29,34.0,11.0,17.0,13.0,,3.0
2018-10-30,34.0,20.0,14.0,24.0,,4.0
2018-10-31,49.0,17.0,9.0,26.0,,3.0
2018-11-01,51.0,15.0,21.0,27.0,,3.0
2018-11-02,40.0,25.0,11.0,31.0,,4.0
2018-11-03,65.0,33.0,6.0,26.0,,5.0
2018-11-04,88.0,34.0,2.0,19.0,,4.0
2018-11-05,90.0,30.0,4.0,29.0,,5.0
2018-11-06,71.0,15.0,15.0,23.0,,3.0
2018-11-07,51.0,26.0,15.0,30.0,,4.0
2018-11-08,50.0,29.0,11.0,26.0,,4.0
2018-11-09,68.0,13.0,15.0,18.0,,3.0
2018-11-10,45.0,12.0,19.0,16.0,,2.0
2018-11-11,41.0,18.0,7.0,30.0,,4.0
2018-11-12,61.0,23.0,21.0,23.0,,3.0
2018-11-13,56.0,26.0,9.0,28.0,1.0,4.0
2018-11-14,57.0,27.0,3.0,30.0,,4.0
2018-11-15,69.0,33.0,1.0,26.0,,4.0
2018-11-16,88.0,32.0,9.0,20.0,,3.0
2018-11-17,86.0,26.0,17.0,16.0,,2.0
2018-11-18,81.0,13.0,16.0,15.0,,1.0
2018-11-19,35.0,20.0,17.0,13.0,,2.0
2018-11-20,64.0,31.0,9.0,19.0,,3.0
2018-11-21,93.0,42.0,3.0,17.0,,4.0
2018-11-22,113.0,37.0,,22.0,,5.0
2018-11-23,100.0,30.0,6.0,16.0,,3.0
2018-11-24,88.0,34.0,5.0,14.0,,3.0
2018-11-25,99.0,35.0,7.0,15.0,,3.0
2018-11-26,99.0,35.0,6.0,23.0,,4.0
2018-11-27,91.0,21.0,9.0,19.0,,3.0
2018-11-28,65.0,14.0,13.0,22.0,,3.0
2018-11-29,42.0,19.0,17.0,24.0,,3.0
2018-11-30,46.0,18.0,17.0,19.0,1.0,3.0
2018-12-01,51.0,11.0,21.0,12.0,1.0,2.0
2018-12-02,38.0,22.0,23.0,14.0,,2.0
2018-12-03,55.0,25.0,17.0,36.0,,4.0
2018-12-04,52.0,25.0,6.0,29.0,,4.0
2018-12-05,63.0,19.0,26.0,19.0,,2.0
2018-12-06,54.0,12.0,26.0,15.0,,2.0
2018-12-07,39.0,20.0,32.0,8.0,,1.0
2018-12-08,45.0,19.0,32.0,8.0,,1.0
2018-12-09,42.0,19.0,29.0,14.0,,2.0
2018-12-10,46.0,24.0,22.0,31.0,,3.0
2018-12-11,48.0,26.0,14.0,31.0,,5.0
2018-12-12,60.0,18.0,10.0,19.0,,2.0
2018-12-13,62.0,22.0,5.0,19.0,,3.0
2018-12-14,69.0,30.0,11.0,17.0,,3.0
2018-12-15,81.0,30.0,9.0,19.0,,4.0
2018-12-16,88.0,20.0,14.0,27.0,,3.0
2018-12-17,56.0,25.0,14.0,24.0,,3.0
2018-12-18,60.0,17.0,13.0,25.0,,3.0
2018-12-19,51.0,18.0,19.0,25.0,,2.0
2018-12-20,52.0,15.0,24.0,15.0,,2.0
2018-12-21,42.0,17.0,24.0,15.0,,2.0
2018-12-22,38.0,18.0,21.0,24.0,,2.0
2018-12-23,42.0,16.0,20.0,24.0,,3.0
2018-12-24,45.0,18.0,21.0,20.0,,2.0
2018-12-25,49.0,32.0,8.0,23.0,,4.0
2018-12-26,83.0,40.0,1.0,34.0,2.0,7.0
2018-12-27,103.0,44.0,,32.0,,8.0
2018-12-28,110.0,25.0,27.0,18.0,,2.0
2018-12-29,60.0,21.0,26.0,17.0,,2.0
2018-12-30,42.0,,,,,
2018-12-31,,45.0,29.0,14.0,,2.0
2019-01-01,76.0,28.0,29.0,19.0,,2.0
2019-01-02,51.0,25.0,23.0,31.0,,3.0
2019-01-03,45.0,20.0,21.0,18.0,,2.0
2019-01-04,41.0,14.0,25.0,12.0,,2.0
2019-01-05,35.0,15.0,22.0,18.0,,2.0
2019-01-06,42.0,23.0,19.0,18.0,,3.0
2019-01-07,60.0,24.0,29.0,9.0,1.0,2.0
2019-01-08,60.0,22.0,28.0,16.0,,2.0
2019-01-09,47.0,27.0,17.0,35.0,,4.0
2019-01-10,48.0,17.0,22.0,20.0,,2.0
2019-01-11,35.0,17.0,23.0,13.0,1.0,2.0
2019-01-12,40.0,17.0,25.0,10.0,,2.0
2019-01-13,42.0,19.0,26.0,17.0,,2.0
2019-01-14,47.0,19.0,20.0,19.0,,2.0
2019-01-15,44.0,17.0,23.0,18.0,,2.0
2019-01-16,49.0,16.0,25.0,17.0,,2.0
2019-01-17,41.0,26.0,15.0,41.0,,4.0
2019-01-18,55.0,27.0,11.0,26.0,,4.0
2019-01-19,78.0,26.0,13.0,28.0,1.0,5.0
2019-01-20,72.0,41.0,4.0,41.0,,8.0
2019-01-21,104.0,45.0,6.0,26.0,1.0,4.0
2019-01-22,116.0,31.0,16.0,24.0,,3.0
2019-01-23,91.0,46.0,9.0,28.0,,5.0
2019-01-24,127.0,43.0,12.0,27.0,,4.0
2019-01-25,114.0,13.0,22.0,14.0,,2.0
2019-01-26,39.0,10.0,25.0,11.0,,2.0
2019-01-27,34.0,15.0,22.0,15.0,,2.0
2019-01-28,37.0,18.0,21.0,30.0,,4.0
2019-01-29,44.0,23.0,14.0,28.0,,5.0
2019-01-30,59.0,26.0,18.0,31.0,,4.0
2019-01-31,61.0,34.0,12.0,27.0,,4.0
2019-02-01,72.0,48.0,6.0,23.0,,5.0
2019-02-02,120.0,19.0,19.0,25.0,,4.0
2019-02-03,59.0,18.0,14.0,23.0,1.0,3.0
2019-02-04,53.0,35.0,9.0,26.0,,4.0
2019-02-05,90.0,20.0,9.0,27.0,1.0,4.0
2019-02-06,67.0,17.0,27.0,14.0,,2.0
2019-02-07,49.0,14.0,22.0,18.0,,3.0
2019-02-08,45.0,22.0,30.0,9.0,,2.0
2019-02-09,50.0,9.0,26.0,16.0,,3.0
2019-02-10,34.0,23.0,24.0,21.0,1.0,3.0
2019-02-11,47.0,22.0,20.0,24.0,1.0,3.0
2019-02-12,48.0,29.0,15.0,27.0,1.0,4.0
2019-02-13,70.0,36.0,10.0,35.0,2.0,6.0
2019-02-14,90.0,34.0,9.0,41.0,4.0,6.0
2019-02-15,74.0,42.0,13.0,35.0,2.0,6.0
2019-02-16,103.0,41.0,21.0,30.0,1.0,5.0
2019-02-17,112.0,38.0,18.0,32.0,1.0,5.0
2019-02-18,84.0,21.0,23.0,13.0,,3.0
2019-02-19,49.0,25.0,27.0,20.0,1.0,4.0
2019-02-20,56.0,30.0,14.0,26.0,,4.0
2019-02-21,78.0,34.0,8.0,29.0,,5.0
2019-02-22,80.0,29.0,13.0,22.0,,5.0
2019-02-23,82.0,31.0,20.0,32.0,2.0,6.0
2019-02-24,84.0,49.0,12.0,42.0,2.0,7.0
2019-02-25,96.0,56.0,13.0,47.0,3.0,10.0
2019-02-26,112.0,46.0,13.0,42.0,4.0,7.0
2019-02-27,104.0,45.0,24.0,31.0,,4.0
2019-02-28,111.0,31.0,26.0,20.0,,3.0
2019-03-01,74.0,26.0,25.0,18.0,,4.0
2019-03-02,72.0,12.0,26.0,10.0,,3.0
2019-03-03,37.0,13.0,30.0,10.0,1.0,2.0
2019-03-04,37.0,17.0,29.0,18.0,,3.0
2019-03-05,42.0,15.0,18.0,13.0,,4.0
2019-03-06,48.0,15.0,30.0,10.0,,3.0
2019-03-07,44.0,21.0,32.0,16.0,,3.0
2019-03-08,52.0,19.0,34.0,13.0,,2.0
2019-03-09,46.0,13.0,30.0,19.0,,3.0
2019-03-10,39.0,20.0,32.0,12.0,,3.0
2019-03-11,50.0,21.0,30.0,20.0,,3.0
2019-03-12,49.0,23.0,31.0,14.0,,2.0
2019-03-13,56.0,19.0,32.0,14.0,,3.0
2019-03-14,45.0,18.0,30.0,17.0,,3.0
2019-03-15,40.0,18.0,34.0,12.0,,2.0
2019-03-16,48.0,12.0,34.0,12.0,,2.0
2019-03-17,28.0,23.0,32.0,19.0,1.0,3.0
2019-03-18,47.0,30.0,24.0,32.0,,5.0
2019-03-19,67.0,27.0,26.0,25.0,,4.0
2019-03-20,69.0,23.0,20.0,27.0,,4.0
2019-03-21,59.0,49.0,20.0,25.0,,4.0
2019-03-22,132.0,31.0,30.0,23.0,,3.0
2019-03-23,80.0,25.0,32.0,23.0,1.0,3.0
2019-03-24,55.0,34.0,35.0,13.0,,3.0
2019-03-25,55.0,30.0,35.0,18.0,,3.0
2019-03-26,50.0,27.0,25.0,24.0,2.0,4.0
2019-03-27,61.0,31.0,18.0,34.0,,4.0
2019-03-28,66.0,51.0,22.0,39.0,1.0,6.0
2019-03-29,117.0,56.0,29.0,32.0,3.0,5.0
2019-03-30,139.0,25.0,37.0,14.0,,2.0
2019-03-31,59.0,19.0,34.0,23.0,,3.0
2019-04-01,45.0,38.0,24.0,31.0,1.0,4.0
2019-04-02,90.0,17.0,28.0,28.0,,4.0
2019-04-03,47.0,21.0,23.0,32.0,,4.0
2019-04-04,59.0,23.0,36.0,30.0,,3.0
2019-04-05,55.0,36.0,24.0,17.0,,4.0
2019-04-06,100.0,44.0,43.0,20.0,,4.0
2019-04-07,122.0,41.0,39.0,27.0,,4.0
2019-04-08,98.0,26.0,39.0,19.0,,3.0
2019-04-09,68.0,17.0,33.0,19.0,,3.0
2019-04-10,44.0,22.0,34.0,24.0,,3.0
2019-04-11,53.0,18.0,34.0,15.0,,3.0
2019-04-12,50.0,15.0,35.0,8.0,,3.0
2019-04-13,47.0,21.0,34.0,12.0,,3.0
2019-04-14,64.0,30.0,29.0,25.0,,4.0
2019-04-15,76.0,27.0,31.0,20.0,,3.0
2019-04-16,67.0,29.0,27.0,36.0,,5.0
2019-04-17,73.0,33.0,46.0,25.0,,3.0
2019-04-18,73.0,33.0,46.0,28.0,,3.0
2019-04-19,70.0,35.0,60.0,23.0,,3.0
2019-04-20,82.0,54.0,60.0,20.0,1.0,4.0
2019-04-21,131.0,39.0,59.0,24.0,1.0,4.0
2019-04-22,101.0,33.0,47.0,21.0,,3.0
2019-04-23,64.0,46.0,40.0,21.0,,4.0
2019-04-24,69.0,12.0,28.0,19.0,,3.0
2019-04-25,44.0,14.0,31.0,21.0,,3.0
2019-04-26,49.0,14.0,29.0,15.0,,3.0
2019-04-27,46.0,11.0,21.0,18.0,,3.0
2019-04-28,38.0,18.0,35.0,21.0,,3.0
2019-04-29,47.0,21.0,36.0,21.0,,3.0
2019-04-30,50.0,25.0,37.0,21.0,1.0,3.0
2019-05-01,60.0,28.0,30.0,21.0,,3.0
2019-05-02,71.0,20.0,34.0,16.0,,3.0
2019-05-03,35.0,16.0,30.0,11.0,,2.0
2019-05-04,32.0,19.0,34.0,9.0,,2.0
2019-05-05,42.0,19.0,26.0,21.0,,3.0
2019-05-06,45.0,22.0,28.0,27.0,,4.0
2019-05-07,50.0,24.0,28.0,23.0,,4.0
2019-05-08,58.0,19.0,29.0,21.0,,3.0
2019-05-09,51.0,18.0,34.0,18.0,1.0,3.0
2019-05-10,44.0,16.0,38.0,13.0,,2.0
2019-05-11,41.0,13.0,35.0,12.0,,2.0
2019-05-12,36.0,16.0,30.0,10.0,,2.0
2019-05-13,40.0,18.0,38.0,22.0,,2.0
2019-05-14,44.0,20.0,38.0,15.0,,2.0
2019-05-15,42.0,17.0,35.0,17.0,,2.0
2019-05-16,42.0,17.0,26.0,18.0,,3.0
2019-05-17,53.0,32.0,29.0,19.0,,4.0
2019-05-18,88.0,34.0,33.0,8.0,,3.0
2019-05-19,100.0,23.0,30.0,12.0,,3.0
2019-05-20,66.0,21.0,34.0,11.0,,3.0
2019-05-21,57.0,21.0,34.0,16.0,,3.0
2019-05-22,55.0,24.0,43.0,28.0,1.0,4.0
2019-05-23,60.0,28.0,30.0,27.0,1.0,4.0
2019-05-24,63.0,18.0,29.0,14.0,1.0,3.0
2019-05-25,50.0,26.0,25.0,14.0,,3.0
2019-05-26,58.0,15.0,27.0,12.0,,3.0
2019-05-27,43.0,16.0,32.0,24.0,,3.0
2019-05-28,37.0,18.0,36.0,23.0,,3.0
2019-05-29,45.0,14.0,26.0,12.0,,3.0
2019-05-30,43.0,14.0,25.0,12.0,,3.0
2019-05-31,44.0,15.0,30.0,16.0,,3.0
2019-06-01,45.0,19.0,46.0,21.0,,3.0
2019-06-02,58.0,15.0,28.0,14.0,,3.0
2019-06-03,50.0,22.0,38.0,26.0,1.0,3.0
2019-06-04,58.0,18.0,26.0,22.0,,4.0
2019-06-05,59.0,11.0,32.0,15.0,,3.0
2019-06-06,20.0,19.0,35.0,24.0,,4.0
2019-06-07,32.0,17.0,28.0,7.0,,2.0
2019-06-08,50.0,22.0,29.0,13.0,,3.0
2019-06-09,56.0,18.0,35.0,13.0,,3.0
2019-06-10,59.0,13.0,34.0,17.0,,3.0
2019-06-11,45.0,14.0,27.0,32.0,,4.0
2019-06-12,44.0,12.0,27.0,20.0,,3.0
2019-06-13,33.0,17.0,30.0,24.0,1.0,3.0
2019-06-14,46.0,13.0,34.0,17.0,,3.0
2019-06-15,44.0,16.0,23.0,16.0,,3.0
2019-06-16,49.0,16.0,24.0,21.0,1.0,3.0
2019-06-17,45.0,31.0,35.0,32.0,2.0,3.0
2019-06-18,59.0,17.0,37.0,24.0,,3.0
2019-06-19,37.0,43.0,35.0,17.0,,3.0
2019-06-20,50.0,18.0,31.0,16.0,,3.0
2019-06-21,43.0,19.0,38.0,18.0,,2.0
2019-06-22,48.0,20.0,48.0,15.0,,3.0
2019-06-23,70.0,31.0,46.0,30.0,,4.0
2019-06-24,63.0,35.0,91.0,31.0,,5.0
2019-06-25,83.0,32.0,47.0,19.0,,3.0
2019-06-26,73.0,19.0,30.0,12.0,,2.0
2019-06-27,40.0,26.0,32.0,15.0,,2.0
2019-06-28,50.0,26.0,72.0,24.0,,4.0
2019-06-29,61.0,26.0,38.0,22.0,,3.0
2019-06-30,63.0,16.0,28.0,11.0,,2.0
2019-07-01,43.0,14.0,25.0,13.0,,2.0
2019-07-02,31.0,16.0,27.0,15.0,,2.0
2019-07-03,35.0,19.0,30.0,17.0,,2.0
2019-07-04,34.0,19.0,31.0,15.0,1.0,3.0
2019-07-05,50.0,18.0,21.0,14.0,1.0,3.0
2019-07-06,45.0,12.0,22.0,5.0,,1.0
2019-07-07,19.0,11.0,22.0,9.0,,1.0
2019-07-08,11.0,17.0,24.0,15.0,,2.0
2019-07-09,28.0,22.0,18.0,26.0,,4.0
2019-07-10,50.0,33.0,28.0,25.0,,4.0
2019-07-11,91.0,23.0,21.0,19.0,,3.0
2019-07-12,60.0,13.0,25.0,8.0,,2.0
2019-07-13,39.0,11.0,23.0,5.0,,2.0
2019-07-14,28.0,14.0,20.0,10.0,,3.0
2019-07-15,31.0,13.0,19.0,14.0,1.0,3.0
2019-07-16,35.0,21.0,28.0,24.0,,3.0
2019-07-17,51.0,25.0,27.0,22.0,,4.0
2019-07-18,58.0,22.0,26.0,18.0,,4.0
2019-07-19,52.0,17.0,26.0,17.0,,3.0
2019-07-20,47.0,14.0,25.0,10.0,,2.0
2019-07-21,40.0,14.0,22.0,16.0,,3.0
2019-07-22,37.0,21.0,65.0,24.0,1.0,4.0
2019-07-23,57.0,32.0,84.0,29.0,,4.0
2019-07-24,70.0,41.0,87.0,40.0,,5.0
2019-07-25,87.0,38.0,88.0,28.0,1.0,4.0
2019-07-26,84.0,31.0,54.0,19.0,,3.0
2019-07-27,71.0,31.0,33.0,16.0,1.0,4.0
2019-07-28,76.0,18.0,30.0,18.0,,3.0
2019-07-29,45.0,26.0,43.0,23.0,,3.0
2019-07-30,51.0,17.0,23.0,13.0,,3.0
2019-07-31,46.0,19.0,32.0,14.0,,3.0
2019-08-01,48.0,18.0,29.0,15.0,,3.0
2019-08-02,48.0,17.0,28.0,12.0,1.0,2.0
2019-08-03,35.0,17.0,37.0,21.0,,4.0
2019-08-04,45.0,19.0,28.0,17.0,,3.0
2019-08-05,51.0,20.0,28.0,14.0,,3.0
2019-08-06,43.0,17.0,26.0,12.0,,3.0
2019-08-07,40.0,18.0,29.0,13.0,,3.0
2019-08-08,37.0,19.0,21.0,20.0,,3.0
2019-08-09,53.0,24.0,27.0,9.0,,2.0
2019-08-10,50.0,25.0,25.0,6.0,,2.0
2019-08-11,51.0,19.0,24.0,6.0,,3.0
2019-08-12,39.0,13.0,28.0,12.0,,3.0
2019-08-13,34.0,16.0,26.0,19.0,,3.0
2019-08-14,48.0,15.0,23.0,11.0,,3.0
2019-08-15,40.0,20.0,25.0,22.0,,4.0
2019-08-16,45.0,14.0,18.0,13.0,,3.0
2019-08-17,38.0,17.0,27.0,12.0,,3.0
2019-08-18,42.0,23.0,28.0,13.0,,3.0
2019-08-19,44.0,17.0,34.0,15.0,,3.0
2019-08-20,41.0,24.0,34.0,24.0,,4.0
2019-08-21,53.0,28.0,37.0,30.0,,4.0
2019-08-22,61.0,24.0,39.0,29.0,,4.0
2019-08-23,56.0,30.0,63.0,28.0,,4.0
2019-08-24,69.0,30.0,74.0,32.0,1.0,4.0
2019-08-25,79.0,35.0,66.0,32.0,,4.0
2019-08-26,84.0,37.0,80.0,32.0,1.0,4.0
2019-08-27,95.0,31.0,41.0,32.0,,4.0
2019-08-28,108.0,9.0,31.0,15.0,,3.0
2019-08-29,32.0,21.0,29.0,21.0,,4.0
2019-08-30,55.0,33.0,48.0,27.0,1.0,5.0
2019-08-31,77.0,13.0,26.0,10.0,,2.0
2019-09-01,34.0,15.0,29.0,16.0,,3.0
2019-09-02,30.0,17.0,29.0,15.0,,3.0
2019-09-03,32.0,18.0,19.0,17.0,,3.0
2019-09-04,39.0,18.0,24.0,11.0,,2.0
2019-09-05,31.0,19.0,22.0,21.0,,3.0
2019-09-06,37.0,15.0,22.0,17.0,,3.0
2019-09-07,36.0,20.0,26.0,14.0,,2.0
2019-09-08,38.0,14.0,23.0,23.0,,4.0
2019-09-09,27.0,21.0,25.0,26.0,,4.0
2019-09-10,46.0,16.0,15.0,17.0,,3.0
2019-09-11,51.0,19.0,20.0,16.0,,4.0
2019-09-12,45.0,20.0,22.0,7.0,,2.0
2019-09-13,40.0,17.0,28.0,11.0,,3.0
2019-09-14,35.0,21.0,27.0,14.0,,3.0
2019-09-15,49.0,17.0,21.0,14.0,,3.0
2019-09-16,31.0,30.0,22.0,20.0,,3.0
2019-09-17,39.0,32.0,23.0,22.0,,3.0
2019-09-18,36.0,19.0,24.0,24.0,,3.0
2019-09-19,30.0,20.0,25.0,27.0,,4.0
2019-09-20,39.0,19.0,28.0,22.0,,3.0
2019-09-21,41.0,21.0,34.0,23.0,,4.0
2019-09-22,46.0,20.0,22.0,19.0,,4.0
2019-09-23,46.0,16.0,16.0,18.0,1.0,3.0
2019-09-24,29.0,18.0,14.0,18.0,1.0,4.0
2019-09-25,43.0,16.0,15.0,18.0,,4.0
2019-09-26,44.0,19.0,19.0,14.0,,3.0
2019-09-27,40.0,17.0,24.0,12.0,,3.0
2019-09-28,36.0,14.0,22.0,9.0,,2.0
2019-09-29,34.0,15.0,24.0,15.0,,3.0
2019-09-30,35.0,14.0,21.0,18.0,,3.0
2019-10-01,30.0,14.0,22.0,17.0,,2.0
2019-10-02,21.0,16.0,17.0,25.0,,4.0
2019-10-03,32.0,13.0,13.0,20.0,,3.0
2019-10-04,40.0,16.0,19.0,21.0,,4.0
2019-10-05,46.0,13.0,15.0,13.0,,3.0
2019-10-06,46.0,19.0,12.0,13.0,,3.0
2019-10-07,61.0,20.0,20.0,20.0,,4.0
2019-10-08,44.0,15.0,21.0,20.0,,3.0
2019-10-09,28.0,17.0,19.0,18.0,,3.0
2019-10-10,37.0,15.0,18.0,14.0,,3.0
2019-10-11,37.0,9.0,27.0,20.0,,3.0
2019-10-12,28.0,18.0,24.0,14.0,,3.0
2019-10-13,44.0,21.0,20.0,22.0,,4.0
2019-10-14,38.0,17.0,16.0,26.0,,4.0
2019-10-15,45.0,15.0,13.0,20.0,,3.0
2019-10-16,37.0,23.0,19.0,25.0,,4.0
2019-10-17,35.0,14.0,24.0,16.0,,3.0
2019-10-18,35.0,14.0,20.0,17.0,,3.0
2019-10-19,34.0,22.0,12.0,23.0,,4.0
2019-10-20,59.0,17.0,16.0,21.0,,4.0
2019-10-21,52.0,24.0,11.0,24.0,,5.0
2019-10-22,61.0,25.0,8.0,25.0,,5.0
2019-10-23,69.0,26.0,20.0,18.0,,4.0
2019-10-24,66.0,17.0,16.0,16.0,,3.0
2019-10-25,42.0,12.0,22.0,10.0,,2.0
2019-10-26,33.0,16.0,24.0,13.0,1.0,2.0
2019-10-27,31.0,22.0,21.0,30.0,,4.0
2019-10-28,37.0,19.0,27.0,29.0,,3.0
2019-10-29,35.0,22.0,16.0,24.0,,3.0
2019-10-30,61.0,28.0,14.0,26.0,,3.0
2019-10-31,68.0,25.0,4.0,22.0,,4.0
2019-11-01,71.0,12.0,23.0,13.0,,3.0
2019-11-02,34.0,11.0,15.0,18.0,,3.0
2019-11-03,33.0,18.0,12.0,25.0,,4.0
2019-11-04,56.0,18.0,6.0,26.0,,4.0
2019-11-05,50.0,20.0,18.0,28.0,,3.0
2019-11-06,33.0,18.0,13.0,23.0,,4.0
2019-11-07,49.0,20.0,10.0,26.0,1.0,4.0
2019-11-08,53.0,17.0,21.0,19.0,,3.0
2019-11-09,47.0,26.0,13.0,26.0,,5.0
2019-11-10,74.0,19.0,15.0,22.0,,4.0
2019-11-11,56.0,11.0,20.0,22.0,,3.0
2019-11-12,31.0,14.0,14.0,28.0,,4.0
2019-11-13,44.0,16.0,7.0,22.0,,4.0
2019-11-14,54.0,29.0,9.0,18.0,,3.0
2019-11-15,80.0,25.0,3.0,27.0,,5.0
2019-11-16,69.0,28.0,8.0,21.0,,4.0
2019-11-17,76.0,21.0,19.0,23.0,,2.0
2019-11-18,47.0,16.0,22.0,32.0,,4.0
2019-11-19,40.0,29.0,8.0,33.0,,5.0
2019-11-20,74.0,30.0,11.0,20.0,,4.0
2019-11-21,90.0,21.0,10.0,25.0,,5.0
2019-11-22,56.0,21.0,6.0,15.0,,4.0
2019-11-23,68.0,33.0,3.0,20.0,,6.0
2019-11-24,87.0,25.0,3.0,19.0,,5.0
2019-11-25,74.0,19.0,12.0,20.0,,3.0
2019-11-26,53.0,12.0,15.0,19.0,,3.0
2019-11-27,35.0,14.0,21.0,15.0,,3.0
2019-11-28,30.0,25.0,22.0,24.0,,2.0
2019-11-29,43.0,21.0,13.0,39.0,,6.0
2019-11-30,50.0,22.0,12.0,31.0,,5.0
2019-12-01,59.0,13.0,16.0,27.0,,3.0
2019-12-02,26.0,14.0,14.0,19.0,,3.0
2019-12-03,26.0,34.0,1.0,40.0,1.0,7.0
2019-12-04,78.0,32.0,1.0,27.0,,5.0
2019-12-05,89.0,20.0,14.0,17.0,,3.0
2019-12-06,58.0,18.0,22.0,14.0,,2.0
2019-12-07,41.0,17.0,28.0,10.0,,2.0
2019-12-08,39.0,21.0,27.0,16.0,,2.0
2019-12-09,37.0,21.0,22.0,19.0,,2.0
2019-12-10,49.0,22.0,17.0,27.0,,4.0
2019-12-11,47.0,17.0,19.0,21.0,,3.0
2019-12-12,43.0,13.0,21.0,22.0,,3.0
2019-12-13,35.0,18.0,30.0,15.0,,2.0
2019-12-14,38.0,19.0,31.0,13.0,,2.0
2019-12-15,42.0,20.0,18.0,28.0,,3.0
2019-12-16,55.0,17.0,15.0,23.0,,3.0
2019-12-17,53.0,19.0,19.0,25.0,,3.0
2019-12-18,54.0,22.0,12.0,20.0,,3.0
2019-12-19,52.0,11.0,22.0,18.0,,3.0
2019-12-20,28.0,12.0,20.0,15.0,,2.0
2019-12-21,29.0,13.0,20.0,12.0,,2.0
2019-12-22,33.0,17.0,21.0,16.0,,2.0
2019-12-23,35.0,22.0,24.0,16.0,,2.0
2019-12-24,44.0,16.0,22.0,14.0,,2.0
2019-12-25,35.0,21.0,12.0,21.0,,3.0
2019-12-26,58.0,19.0,15.0,19.0,,3.0
2019-12-27,61.0,30.0,6.0,22.0,,4.0
2019-12-28,84.0,30.0,4.0,22.0,1.0,4.0
2019-12-29,83.0,,,,,
2019-12-31,,78.0,9.0,20.0,,3.0
2020-01-01,165.0,27.0,7.0,18.0,,3.0
2020-01-02,84.0,20.0,22.0,15.0,,2.0
2020-01-03,44.0,24.0,22.0,13.0,,2.0
2020-01-04,46.0,16.0,21.0,20.0,,2.0
2020-01-05,39.0,20.0,16.0,21.0,,2.0
2020-01-06,58.0,27.0,13.0,22.0,,3.0
2020-01-07,57.0,17.0,18.0,18.0,,2.0
2020-01-08,47.0,17.0,12.0,18.0,,2.0
2020-01-09,45.0,19.0,24.0,19.0,,2.0
2020-01-10,35.0,18.0,20.0,18.0,,2.0
2020-01-11,45.0,16.0,24.0,12.0,,2.0
2020-01-12,38.0,21.0,18.0,21.0,,2.0
2020-01-13,48.0,9.0,23.0,13.0,,2.0
2020-01-14,30.0,12.0,25.0,15.0,,2.0
2020-01-15,31.0,19.0,17.0,22.0,,3.0
2020-01-16,49.0,17.0,27.0,17.0,,2.0
2020-01-17,43.0,17.0,22.0,20.0,,2.0
2020-01-18,34.0,33.0,25.0,19.0,,2.0
2020-01-19,69.0,26.0,8.0,35.0,,4.0
2020-01-20,48.0,34.0,,32.0,,4.0
2020-01-21,88.0,34.0,5.0,32.0,,4.0
2020-01-22,84.0,25.0,4.0,31.0,,4.0
2020-01-23,62.0,42.0,4.0,28.0,,4.0
2020-01-24,106.0,37.0,6.0,21.0,,3.0
2020-01-25,95.0,31.0,12.0,16.0,,3.0
2020-01-26,79.0,16.0,15.0,17.0,,3.0
2020-01-27,39.0,9.0,26.0,11.0,,1.0
2020-01-28,16.0,18.0,25.0,11.0,,1.0
2020-01-29,33.0,20.0,25.0,15.0,,2.0
2020-01-30,45.0,15.0,18.0,14.0,,2.0
2020-01-31,35.0,16.0,29.0,10.0,,2.0
2020-02-01,37.0,21.0,25.0,15.0,,2.0
2020-02-02,43.0,27.0,25.0,14.0,,2.0
2020-02-03,61.0,20.0,26.0,17.0,,2.0
2020-02-04,36.0,29.0,23.0,28.0,,3.0
2020-02-05,44.0,32.0,18.0,28.0,,4.0
2020-02-06,56.0,35.0,11.0,28.0,,4.0
2020-02-07,85.0,25.0,11.0,22.0,,4.0
2020-02-08,67.0,13.0,32.0,7.0,,2.0
2020-02-09,37.0,25.0,30.0,6.0,,2.0
2020-02-10,48.0,20.0,30.0,7.0,,2.0
2020-02-11,51.0,20.0,29.0,12.0,,2.0
2020-02-12,37.0,21.0,24.0,22.0,,5.0
2020-02-13,40.0,19.0,22.0,19.0,,3.0
2020-02-14,41.0,21.0,26.0,12.0,,3.0
2020-02-15,47.0,15.0,33.0,6.0,,2.0
2020-02-16,25.0,25.0,31.0,9.0,,2.0
2020-02-17,44.0,22.0,28.0,9.0,,2.0
2020-02-18,42.0,23.0,28.0,12.0,,2.0
2020-02-19,41.0,19.0,29.0,15.0,,2.0
2020-02-20,36.0,23.0,27.0,11.0,,2.0
2020-02-21,46.0,27.0,31.0,8.0,,2.0
2020-02-22,52.0,22.0,29.0,9.0,,2.0
2020-02-23,44.0,20.0,27.0,16.0,,2.0
2020-02-24,42.0,15.0,28.0,15.0,,2.0
2020-02-25,27.0,15.0,28.0,17.0,,3.0
2020-02-26,25.0,19.0,29.0,25.0,,3.0
2020-02-27,36.0,21.0,25.0,22.0,,3.0
2020-02-28,50.0,31.0,30.0,10.0,,3.0
2020-02-29,56.0,18.0,29.0,10.0,,2.0
2020-03-01,32.0,18.0,22.0,24.0,,4.0
2020-03-02,34.0,17.0,27.0,22.0,,3.0
2020-03-03,29.0,21.0,27.0,25.0,,4.0
2020-03-04,48.0,22.0,18.0,21.0,,4.0
2020-03-05,56.0,30.0,27.0,18.0,,4.0
2020-03-06,78.0,21.0,27.0,22.0,,4.0
2020-03-07,47.0,18.0,25.0,12.0,,3.0
2020-03-08,46.0,19.0,25.0,17.0,,3.0
2020-03-09,42.0,16.0,26.0,10.0,,3.0
2020-03-10,38.0,15.0,29.0,14.0,,3.0
2020-03-11,32.0,18.0,32.0,9.0,,3.0
2020-03-12,35.0,21.0,28.0,12.0,,3.0
2020-03-13,38.0,22.0,27.0,18.0,,4.0
2020-03-14,52.0,15.0,27.0,14.0,,3.0
2020-03-15,46.0,19.0,26.0,19.0,,3.0
2020-03-16,53.0,23.0,25.0,18.0,,3.0
2020-03-17,51.0,20.0,26.0,15.0,,3.0
2020-03-18,40.0,20.0,26.0,19.0,,3.0
2020-03-19,41.0,21.0,28.0,16.0,,3.0
2020-03-20,38.0,17.0,26.0,8.0,,2.0
2020-03-21,37.0,12.0,31.0,7.0,,2.0
2020-03-22,36.0,22.0,27.0,19.0,,3.0
2020-03-23,51.0,25.0,29.0,18.0,,4.0
2020-03-24,61.0,31.0,32.0,20.0,,4.0
2020-03-25,69.0,34.0,36.0,17.0,,3.0
2020-03-26,81.0,42.0,35.0,18.0,,4.0
2020-03-27,103.0,41.0,35.0,9.0,,3.0
2020-03-28,73.0,24.0,31.0,4.0,,3.0
2020-03-29,39.0,,,,,
2020-03-31,,27.0,33.0,27.0,,2.0
2020-04-01,47.0,18.0,30.0,14.0,,2.0
2020-04-02,45.0,24.0,35.0,16.0,,3.0
2020-04-03,40.0,23.0,36.0,21.0,,3.0
2020-04-04,51.0,24.0,40.0,12.0,,3.0
2020-04-05,62.0,27.0,30.0,15.0,,2.0
2020-04-06,60.0,30.0,37.0,20.0,,3.0
2020-04-07,60.0,38.0,41.0,26.0,,3.0
2020-04-08,80.0,46.0,40.0,23.0,,3.0
2020-04-09,83.0,23.0,27.0,14.0,,2.0
2020-04-10,39.0,22.0,33.0,17.0,,3.0
2020-04-11,47.0,36.0,41.0,27.0,1.0,5.0
2020-04-12,89.0,29.0,31.0,6.0,,2.0
2020-04-13,43.0,23.0,33.0,15.0,,2.0
2020-04-14,36.0,29.0,31.0,25.0,,3.0
2020-04-15,59.0,33.0,36.0,19.0,,3.0
2020-04-16,66.0,23.0,30.0,12.0,,2.0
2020-04-17,37.0,26.0,27.0,12.0,,3.0
2020-04-18,50.0,21.0,34.0,8.0,,2.0
2020-04-19,36.0,28.0,35.0,13.0,,2.0
2020-04-20,35.0,38.0,38.0,11.0,,2.0
2020-04-21,44.0,31.0,40.0,13.0,,2.0
2020-04-22,44.0,33.0,48.0,22.0,,3.0
2020-04-23,59.0,37.0,37.0,17.0,,3.0
2020-04-24,64.0,18.0,35.0,10.0,,2.0
2020-04-25,31.0,21.0,36.0,14.0,1.0,3.0
2020-04-26,53.0,29.0,42.0,19.0,1.0,3.0
2020-04-27,73.0,24.0,30.0,20.0,,2.0
2020-04-28,42.0,18.0,28.0,16.0,,3.0
2020-04-29,47.0,16.0,31.0,15.0,,2.0
2020-04-30,29.0,14.0,31.0,12.0,,2.0
2020-05-01,35.0,16.0,32.0,10.0,,2.0
2020-05-02,39.0,19.0,32.0,15.0,,2.0
2020-05-03,49.0,17.0,34.0,13.0,,2.0
2020-05-04,40.0,15.0,36.0,9.0,,2.0
2020-05-05,30.0,18.0,36.0,17.0,,2.0
2020-05-06,36.0,28.0,43.0,25.0,,3.0
2020-05-07,59.0,37.0,48.0,32.0,1.0,4.0
2020-05-08,81.0,35.0,47.0,19.0,,3.0
2020-05-09,73.0,26.0,34.0,7.0,,2.0
2020-05-10,57.0,23.0,27.0,9.0,,2.0
2020-05-11,34.0,20.0,33.0,12.0,,3.0
2020-05-12,35.0,14.0,28.0,16.0,,2.0
2020-05-13,30.0,23.0,33.0,16.0,,2.0
2020-05-14,26.0,21.0,32.0,18.0,,2.0
2020-05-15,41.0,15.0,33.0,13.0,,2.0
2020-05-16,35.0,18.0,35.0,15.0,,2.0
2020-05-17,43.0,22.0,32.0,15.0,,2.0
2020-05-18,55.0,27.0,30.0,21.0,1.0,3.0
2020-05-19,47.0,21.0,33.0,18.0,,3.0
2020-05-20,53.0,22.0,44.0,18.0,,3.0
2020-05-21,38.0,28.0,31.0,19.0,,3.0
2020-05-22,55.0,31.0,31.0,7.0,,2.0
2020-05-23,56.0,28.0,25.0,7.0,,2.0
2020-05-24,48.0,23.0,27.0,13.0,,3.0
2020-05-25,43.0,23.0,35.0,19.0,,3.0
2020-05-26,50.0,26.0,29.0,15.0,,2.0
2020-05-27,46.0,17.0,29.0,17.0,,2.0
2020-05-28,33.0,23.0,36.0,18.0,,2.0
2020-05-29,37.0,19.0,42.0,11.0,,2.0
2020-05-30,40.0,18.0,33.0,10.0,,2.0
2020-05-31,46.0,22.0,35.0,14.0,,2.0
2020-06-01,39.0,31.0,42.0,25.0,1.0,4.0
2020-06-02,61.0,27.0,34.0,19.0,,3.0
2020-06-03,54.0,23.0,32.0,11.0,,2.0
2020-06-04,28.0,11.0,26.0,12.0,,2.0
2020-06-05,23.0,15.0,26.0,8.0,,2.0
2020-06-06,31.0,13.0,26.0,6.0,,2.0
2020-06-07,26.0,13.0,26.0,13.0,,2.0
2020-06-08,28.0,23.0,30.0,18.0,,2.0
2020-06-09,31.0,21.0,28.0,22.0,,2.0
2020-06-10,37.0,18.0,28.0,19.0,,3.0
2020-06-11,46.0,22.0,39.0,16.0,,3.0
2020-06-12,53.0,19.0,43.0,14.0,,3.0
2020-06-13,34.0,33.0,31.0,17.0,,3.0
2020-06-14,87.0,23.0,34.0,19.0,,2.0
2020-06-15,45.0,29.0,33.0,32.0,,3.0
2020-06-16,60.0,23.0,36.0,17.0,,2.0
2020-06-17,34.0,17.0,37.0,17.0,,3.0
2020-06-18,25.0,21.0,33.0,18.0,,4.0
2020-06-19,37.0,19.0,27.0,10.0,,4.0
2020-06-20,32.0,19.0,29.0,11.0,,4.0
2020-06-21,44.0,32.0,26.0,14.0,,3.0
2020-06-22,51.0,27.0,42.0,22.0,1.0,3.0
2020-06-23,56.0,28.0,51.0,21.0,,3.0
2020-06-24,61.0,23.0,47.0,19.0,,3.0
2020-06-25,57.0,28.0,63.0,20.0,,3.0
2020-06-26,58.0,23.0,30.0,13.0,,3.0
2020-06-27,57.0,19.0,29.0,6.0,,2.0
2020-06-28,33.0,25.0,27.0,9.0,,2.0
2020-06-29,48.0,23.0,22.0,9.0,,2.0
2020-06-30,34.0,18.0,24.0,10.0,,2.0
2020-07-01,28.0,19.0,26.0,10.0,,2.0
2020-07-02,38.0,21.0,26.0,10.0,,2.0
2020-07-03,42.0,18.0,22.0,5.0,,2.0
2020-07-04,34.0,18.0,27.0,5.0,,2.0
2020-07-05,40.0,23.0,22.0,7.0,,2.0
2020-07-06,42.0,20.0,25.0,14.0,,2.0
2020-07-07,35.0,15.0,18.0,21.0,,3.0
2020-07-08,22.0,17.0,9.0,10.0,,3.0
2020-07-09,18.0,12.0,24.0,11.0,,2.0
2020-07-10,16.0,15.0,27.0,13.0,,3.0
2020-07-11,28.0,18.0,26.0,14.0,,3.0
2020-07-12,31.0,19.0,39.0,15.0,,3.0
2020-07-13,38.0,20.0,22.0,17.0,,3.0
2020-07-14,35.0,17.0,32.0,12.0,,2.0
2020-07-15,33.0,16.0,21.0,11.0,,2.0
2020-07-16,35.0,24.0,19.0,14.0,,3.0
2020-07-17,44.0,27.0,32.0,19.0,,4.0
2020-07-18,64.0,23.0,23.0,15.0,,3.0
2020-07-19,50.0,20.0,24.0,9.0,,2.0
2020-07-20,34.0,18.0,26.0,11.0,,2.0
2020-07-21,31.0,15.0,23.0,15.0,,3.0
2020-07-22,29.0,19.0,37.0,18.0,,3.0
2020-07-23,39.0,19.0,24.0,12.0,,2.0
2020-07-24,38.0,16.0,15.0,11.0,,3.0
2020-07-25,39.0,13.0,22.0,7.0,,2.0
2020-07-26,32.0,18.0,22.0,15.0,,3.0
2020-07-27,39.0,25.0,24.0,10.0,,2.0
2020-07-28,37.0,27.0,25.0,9.0,,2.0
2020-07-29,30.0,29.0,44.0,20.0,,3.0
2020-07-30,50.0,27.0,57.0,23.0,,3.0
2020-07-31,59.0,26.0,29.0,14.0,,3.0
2020-08-01,54.0,20.0,27.0,10.0,,2.0
2020-08-02,40.0,18.0,24.0,20.0,,3.0
2020-08-03,36.0,20.0,31.0,15.0,,2.0
2020-08-04,38.0,24.0,45.0,19.0,1.0,3.0
2020-08-05,44.0,26.0,46.0,29.0,,4.0
2020-08-06,51.0,35.0,83.0,32.0,,4.0
2020-08-07,69.0,38.0,82.0,30.0,,4.0
2020-08-08,77.0,36.0,56.0,18.0,,4.0
2020-08-09,83.0,31.0,67.0,20.0,,3.0
2020-08-10,67.0,34.0,73.0,23.0,,4.0
2020-08-11,82.0,37.0,80.0,27.0,,4.0
2020-08-12,78.0,34.0,75.0,26.0,,4.0
2020-08-13,76.0,41.0,49.0,22.0,,3.0
2020-08-14,108.0,32.0,47.0,14.0,,3.0
2020-08-15,85.0,25.0,49.0,14.0,,3.0
2020-08-16,70.0,27.0,33.0,22.0,,4.0
2020-08-17,66.0,21.0,26.0,17.0,,3.0
2020-08-18,50.0,19.0,35.0,21.0,,3.0
2020-08-19,46.0,19.0,26.0,17.0,,3.0
2020-08-20,43.0,22.0,30.0,18.0,,3.0
2020-08-21,58.0,26.0,29.0,10.0,,2.0
2020-08-22,53.0,23.0,24.0,7.0,,2.0
2020-08-23,41.0,18.0,25.0,12.0,,2.0
2020-08-24,37.0,20.0,23.0,15.0,,3.0
2020-08-25,39.0,21.0,25.0,7.0,,2.0
2020-08-26,36.0,25.0,22.0,21.0,,4.0
2020-08-27,52.0,21.0,20.0,16.0,,3.0
2020-08-28,43.0,17.0,26.0,15.0,,3.0
2020-08-29,34.0,20.0,25.0,12.0,,3.0
2020-08-30,39.0,16.0,27.0,17.0,,2.0
2020-08-31,30.0,19.0,25.0,24.0,,3.0
2020-09-01,28.0,22.0,32.0,27.0,,4.0
2020-09-02,25.0,23.0,19.0,23.0,,3.0
2020-09-03,53.0,21.0,23.0,19.0,,3.0
2020-09-04,43.0,16.0,21.0,14.0,,2.0
2020-09-05,37.0,18.0,24.0,14.0,,2.0
2020-09-06,35.0,19.0,26.0,20.0,,3.0
2020-09-07,38.0,21.0,14.0,15.0,,3.0
2020-09-08,39.0,22.0,16.0,13.0,,3.0
2020-09-09,47.0,23.0,25.0,25.0,,4.0
2020-09-10,46.0,27.0,30.0,27.0,,4.0
2020-09-11,54.0,24.0,23.0,17.0,,3.0
2020-09-12,48.0,22.0,23.0,15.0,,3.0
2020-09-13,48.0,34.0,41.0,29.0,,5.0
2020-09-14,71.0,48.0,47.0,43.0,,6.0
2020-09-15,96.0,48.0,39.0,23.0,,4.0
2020-09-16,90.0,24.0,24.0,14.0,,2.0
2020-09-17,33.0,21.0,28.0,14.0,,2.0
2020-09-18,34.0,23.0,30.0,13.0,,3.0
2020-09-19,39.0,25.0,36.0,13.0,,3.0
2020-09-20,50.0,33.0,39.0,28.0,,4.0
2020-09-21,73.0,44.0,38.0,37.0,,5.0
2020-09-22,92.0,36.0,24.0,22.0,,4.0
2020-09-23,74.0,17.0,26.0,15.0,,2.0
2020-09-24,25.0,15.0,24.0,15.0,,3.0
2020-09-25,25.0,19.0,25.0,14.0,,3.0
2020-09-26,33.0,19.0,22.0,9.0,,3.0
2020-09-27,29.0,30.0,8.0,18.0,,5.0
2020-09-28,60.0,21.0,23.0,20.0,,4.0
2020-09-29,37.0,26.0,14.0,21.0,,5.0
2020-09-30,62.0,19.0,16.0,17.0,,4.0
2020-10-01,43.0,18.0,18.0,16.0,,3.0
2020-10-02,46.0,26.0,16.0,14.0,,4.0
2020-10-03,62.0,16.0,22.0,9.0,,3.0
2020-10-04,26.0,13.0,20.0,14.0,,3.0
2020-10-05,30.0,15.0,19.0,17.0,,3.0
2020-10-06,31.0,17.0,22.0,16.0,,3.0
2020-10-07,37.0,20.0,24.0,17.0,,2.0
2020-10-08,38.0,20.0,24.0,22.0,,3.0
2020-10-09,35.0,18.0,23.0,16.0,,3.0
2020-10-10,31.0,16.0,26.0,14.0,,3.0
2020-10-11,34.0,23.0,23.0,24.0,,3.0
2020-10-12,40.0,21.0,15.0,19.0,,3.0
2020-10-13,44.0,21.0,22.0,20.0,,3.0
2020-10-14,44.0,17.0,21.0,21.0,,3.0
2020-10-15,37.0,17.0,23.0,26.0,,4.0
2020-10-16,42.0,25.0,18.0,25.0,,4.0
2020-10-17,61.0,25.0,25.0,18.0,,4.0
2020-10-18,52.0,18.0,16.0,25.0,,4.0
2020-10-19,50.0,24.0,14.0,18.0,,3.0
2020-10-20,54.0,22.0,24.0,12.0,,3.0
2020-10-21,42.0,17.0,21.0,15.0,,3.0
2020-10-22,39.0,24.0,22.0,22.0,,4.0
2020-10-23,56.0,17.0,20.0,12.0,,2.0
2020-10-24,33.0,13.0,26.0,11.0,,1.0
2020-10-25,26.0,15.0,20.0,14.0,,1.0
2020-10-26,34.0,18.0,18.0,14.0,,2.0
2020-10-27,37.0,18.0,21.0,14.0,,2.0
2020-10-28,35.0,19.0,23.0,14.0,,2.0
2020-10-29,38.0,24.0,25.0,11.0,,2.0
2020-10-30,43.0,20.0,24.0,10.0,,3.0
2020-10-31,42.0,22.0,20.0,13.0,,3.0
2020-11-01,43.0,15.0,27.0,9.0,,2.0
2020-11-02,33.0,24.0,25.0,15.0,,3.0
2020-11-03,38.0,21.0,22.0,22.0,,4.0
2020-11-04,41.0,23.0,15.0,31.0,,5.0
2020-11-05,57.0,35.0,12.0,27.0,,4.0
2020-11-06,74.0,31.0,5.0,20.0,,5.0
2020-11-07,73.0,33.0,3.0,19.0,,7.0
2020-11-08,80.0,37.0,10.0,27.0,,6.0
2020-11-09,68.0,41.0,1.0,24.0,,6.0
2020-11-10,89.0,35.0,10.0,20.0,,4.0
2020-11-11,75.0,22.0,22.0,18.0,,3.0
2020-11-12,42.0,26.0,14.0,24.0,,3.0
2020-11-13,57.0,22.0,18.0,22.0,,4.0
2020-11-14,54.0,19.0,27.0,18.0,,3.0
2020-11-15,40.0,20.0,26.0,20.0,,3.0
2020-11-16,36.0,18.0,21.0,14.0,,3.0
2020-11-17,40.0,21.0,17.0,18.0,,3.0
2020-11-18,51.0,22.0,28.0,13.0,,3.0
2020-11-19,37.0,22.0,25.0,24.0,,3.0
2020-11-20,40.0,20.0,21.0,15.0,,3.0
2020-11-21,50.0,20.0,22.0,15.0,,3.0
2020-11-22,37.0,21.0,18.0,27.0,,5.0
2020-11-23,40.0,28.0,9.0,22.0,,3.0
2020-11-24,70.0,26.0,6.0,19.0,,4.0
2020-11-25,69.0,32.0,15.0,31.0,,4.0
2020-11-26,51.0,26.0,19.0,19.0,,4.0
2020-11-27,62.0,36.0,11.0,16.0,,4.0
2020-11-28,90.0,31.0,11.0,14.0,,4.0
2020-11-29,80.0,49.0,18.0,21.0,,4.0
2020-11-30,119.0,27.0,24.0,15.0,,3.0
2020-12-01,35.0,24.0,,19.0,,5.0
2020-12-02,56.0,19.0,11.0,19.0,,3.0
2020-12-03,54.0,13.0,19.0,14.0,,3.0
2020-12-04,28.0,19.0,15.0,21.0,,4.0
2020-12-05,48.0,27.0,10.0,19.0,,4.0
2020-12-06,78.0,27.0,15.0,24.0,,4.0
2020-12-07,62.0,34.0,4.0,26.0,,5.0
2020-12-08,87.0,31.0,3.0,23.0,,5.0
2020-12-09,84.0,29.0,3.0,21.0,,4.0
2020-12-10,70.0,26.0,5.0,20.0,,4.0
2020-12-11,62.0,26.0,2.0,19.0,,5.0
2020-12-12,70.0,21.0,20.0,17.0,,4.0
2020-12-13,58.0,16.0,18.0,17.0,,3.0
2020-12-14,38.0,19.0,9.0,22.0,,4.0
2020-12-15,58.0,22.0,8.0,22.0,,3.0
2020-12-16,61.0,18.0,14.0,20.0,,3.0
2020-12-17,49.0,20.0,15.0,18.0,,3.0
2020-12-18,47.0,17.0,14.0,15.0,,2.0
2020-12-19,46.0,19.0,17.0,15.0,,3.0
2020-12-20,50.0,18.0,17.0,15.0,,2.0
2020-12-21,40.0,16.0,22.0,17.0,,3.0
2020-12-22,35.0,21.0,20.0,22.0,,4.0
2020-12-23,50.0,16.0,25.0,14.0,,2.0
2020-12-24,31.0,18.0,26.0,16.0,,2.0
2020-12-25,36.0,17.0,22.0,12.0,,2.0
2020-12-26,41.0,12.0,25.0,10.0,,2.0
2020-12-27,39.0,20.0,18.0,19.0,,3.0
2020-12-28,54.0,20.0,19.0,25.0,,4.0
2020-12-29,53.0,13.0,19.0,21.0,,3.0
2020-12-30,32.0,26.0,14.0,25.0,,4.0
2020-12-31,71.0,103.0,11.0,28.0,,7.0
2021-01-01,172.0,26.0,8.0,24.0,,5.0
2021-01-02,58.0,26.0,15.0,11.0,,3.0
2021-01-03,71.0,18.0,16.0,11.0,,2.0
2021-01-04,38.0,12.0,12.0,11.0,,2.0
2021-01-05,32.0,17.0,11.0,16.0,,3.0
2021-01-06,41.0,14.0,16.0,14.0,,3.0
2021-01-07,31.0,19.0,10.0,21.0,,5.0
2021-01-08,37.0,21.0,23.0,29.0,,4.0
2021-01-09,51.0,21.0,18.0,23.0,,4.0
2021-01-10,53.0,21.0,23.0,15.0,,2.0
2021-01-11,55.0,20.0,27.0,15.0,,2.0
2021-01-12,30.0,21.0,28.0,15.0,,2.0
2021-01-13,35.0,22.0,17.0,19.0,,3.0
2021-01-14,40.0,28.0,14.0,24.0,,4.0
2021-01-15,60.0,25.0,12.0,17.0,,4.0
2021-01-16,66.0,27.0,24.0,14.0,,3.0
2021-01-17,60.0,22.0,21.0,15.0,,2.0
2021-01-18,39.0,25.0,24.0,10.0,,2.0
2021-01-19,41.0,18.0,26.0,12.0,,2.0
2021-01-20,42.0,17.0,28.0,11.0,,2.0
2021-01-21,32.0,20.0,25.0,17.0,,2.0
2021-01-22,32.0,22.0,22.0,23.0,,3.0
2021-01-23,49.0,17.0,24.0,21.0,,3.0
2021-01-24,37.0,49.0,27.0,23.0,,3.0
2021-01-25,72.0,31.0,27.0,20.0,,2.0
2021-01-26,42.0,22.0,19.0,18.0,,2.0
2021-01-27,53.0,18.0,14.0,22.0,,3.0
2021-01-28,37.0,19.0,24.0,17.0,,3.0
2021-01-29,45.0,16.0,21.0,9.0,,2.0
2021-01-30,42.0,21.0,16.0,14.0,,3.0
2021-01-31,64.0,29.0,12.0,21.0,,4.0
2021-02-01,81.0,29.0,19.0,24.0,,4.0
2021-02-02,72.0,23.0,23.0,22.0,,3.0
2021-02-03,38.0,26.0,19.0,22.0,,4.0
2021-02-04,57.0,30.0,9.0,23.0,,5.0
2021-02-05,77.0,28.0,22.0,11.0,,3.0
2021-02-06,76.0,21.0,28.0,3.0,,2.0
2021-02-07,52.0,23.0,29.0,13.0,,2.0
2021-02-08,45.0,19.0,25.0,17.0,,2.0
2021-02-09,38.0,18.0,25.0,20.0,,2.0
2021-02-10,44.0,28.0,28.0,33.0,,3.0
2021-02-11,61.0,26.0,26.0,20.0,,3.0
2021-02-12,65.0,24.0,28.0,16.0,,3.0
2021-02-13,60.0,23.0,25.0,12.0,,3.0
2021-02-14,54.0,22.0,23.0,20.0,,4.0
2021-02-15,57.0,26.0,20.0,20.0,1.0,4.0
2021-02-16,62.0,24.0,28.0,18.0,,3.0
2021-02-17,46.0,21.0,25.0,18.0,,3.0
2021-02-18,39.0,22.0,22.0,20.0,,3.0
2021-02-19,45.0,29.0,25.0,13.0,,2.0
2021-02-20,56.0,32.0,26.0,21.0,,5.0
2021-02-21,60.0,30.0,21.0,24.0,,4.0
2021-02-22,58.0,49.0,20.0,22.0,,4.0
2021-02-23,71.0,34.0,25.0,21.0,,3.0
2021-02-24,54.0,49.0,20.0,25.0,,3.0
2021-02-25,69.0,30.0,25.0,20.0,,3.0
2021-02-26,55.0,30.0,20.0,24.0,,3.0
2021-02-27,69.0,25.0,24.0,19.0,,3.0
2021-02-28,62.0,21.0,21.0,15.0,,2.0
2021-03-01,63.0,37.0,10.0,22.0,,5.0
2021-03-02,94.0,50.0,20.0,26.0,,6.0
2021-03-03,125.0,39.0,31.0,20.0,,3.0
2021-03-04,69.0,28.0,31.0,22.0,,3.0
2021-03-05,49.0,24.0,33.0,27.0,,3.0
2021-03-06,47.0,24.0,29.0,18.0,,3.0
2021-03-07,65.0,36.0,27.0,20.0,,3.0
2021-03-08,72.0,28.0,22.0,15.0,,3.0
2021-03-09,57.0,28.0,28.0,19.0,,4.0
2021-03-10,78.0,28.0,30.0,7.0,,3.0
2021-03-11,60.0,23.0,30.0,11.0,,3.0
2021-03-12,37.0,23.0,32.0,7.0,,3.0
2021-03-13,35.0,21.0,28.0,9.0,,3.0
2021-03-14,35.0,25.0,31.0,9.0,,3.0
2021-03-15,41.0,28.0,29.0,16.0,,3.0
2021-03-16,38.0,16.0,28.0,19.0,,3.0
2021-03-17,31.0,25.0,28.0,24.0,,3.0
2021-03-18,47.0,21.0,30.0,20.0,,3.0
2021-03-19,38.0,25.0,28.0,18.0,,3.0
2021-03-20,46.0,22.0,33.0,10.0,,3.0
2021-03-21,43.0,26.0,33.0,19.0,,3.0
2021-03-22,41.0,32.0,27.0,27.0,,4.0
2021-03-23,77.0,44.0,32.0,27.0,,4.0
2021-03-24,96.0,45.0,30.0,26.0,,4.0
2021-03-25,89.0,24.0,37.0,20.0,1.0,3.0
2021-03-26,55.0,19.0,31.0,11.0,,2.0
2021-03-27,40.0,23.0,32.0,9.0,,3.0
2021-03-28,46.0,23.0,32.0,14.0,,2.0
2021-03-29,49.0,33.0,41.0,36.0,1.0,4.0
2021-03-30,71.0,52.0,41.0,46.0,1.0,5.0
2021-03-31,108.0,52.0,32.0,27.0,1.0,3.0
2021-04-01,85.0,28.0,32.0,16.0,,2.0
2021-04-02,48.0,33.0,37.0,15.0,1.0,2.0
2021-04-03,58.0,26.0,35.0,9.0,,2.0
2021-04-04,42.0,24.0,32.0,6.0,,2.0
2021-04-05,48.0,18.0,31.0,8.0,1.0,2.0
2021-04-06,35.0,19.0,31.0,10.0,1.0,2.0
2021-04-07,41.0,21.0,33.0,18.0,1.0,2.0
2021-04-08,37.0,24.0,30.0,17.0,,3.0
2021-04-09,48.0,16.0,32.0,12.0,,2.0
2021-04-10,34.0,11.0,33.0,8.0,,2.0
2021-04-11,27.0,14.0,33.0,18.0,,2.0
2021-04-12,32.0,19.0,34.0,17.0,,2.0
2021-04-13,38.0,24.0,33.0,28.0,,3.0
2021-04-14,45.0,30.0,36.0,25.0,1.0,2.0
2021-04-15,49.0,29.0,36.0,23.0,1.0,2.0
2021-04-16,58.0,37.0,35.0,15.0,1.0,2.0
2021-04-17,67.0,26.0,34.0,17.0,1.0,3.0
2021-04-18,59.0,39.0,35.0,23.0,1.0,3.0
2021-04-19,84.0,42.0,38.0,29.0,1.0,3.0
2021-04-20,84.0,44.0,36.0,23.0,1.0,3.0
2021-04-21,84.0,34.0,32.0,19.0,,2.0
2021-04-22,51.0,26.0,37.0,20.0,1.0,3.0
2021-04-23,49.0,20.0,36.0,16.0,1.0,2.0
2021-04-24,41.0,19.0,35.0,10.0,1.0,2.0
2021-04-25,41.0,23.0,36.0,19.0,1.0,2.0
2021-04-26,46.0,19.0,40.0,10.0,1.0,2.0
2021-04-27,45.0,30.0,39.0,22.0,1.0,3.0
2021-04-28,58.0,28.0,36.0,15.0,,2.0
2021-04-29,64.0,32.0,32.0,26.0,,3.0
2021-04-30,61.0,21.0,39.0,15.0,,2.0
2021-05-01,49.0,16.0,34.0,10.0,,2.0
2021-05-02,34.0,23.0,37.0,19.0,,2.0
2021-05-03,60.0,20.0,34.0,10.0,,2.0
2021-05-04,37.0,21.0,32.0,9.0,,2.0
2021-05-05,40.0,19.0,30.0,17.0,,3.0
2021-05-06,42.0,16.0,34.0,14.0,,2.0
2021-05-07,39.0,22.0,26.0,18.0,,3.0
2021-05-08,58.0,19.0,34.0,19.0,,3.0
2021-05-09,52.0,19.0,31.0,18.0,,3.0
2021-05-10,42.0,26.0,24.0,29.0,,4.0
2021-05-11,58.0,23.0,35.0,20.0,,2.0
2021-05-12,55.0,21.0,39.0,15.0,,3.0
2021-05-13,46.0,20.0,32.0,18.0,,3.0
2021-05-14,49.0,20.0,31.0,16.0,,3.0
2021-05-15,51.0,19.0,31.0,13.0,,2.0
2021-05-16,42.0,18.0,33.0,16.0,,3.0
2021-05-17,39.0,19.0,34.0,16.0,,2.0
2021-05-18,45.0,19.0,31.0,21.0,,3.0
2021-05-19,44.0,22.0,33.0,19.0,,3.0
2021-05-20,50.0,28.0,33.0,9.0,,2.0
2021-05-21,39.0,23.0,32.0,8.0,,2.0
2021-05-22,30.0,18.0,35.0,14.0,,2.0
2021-05-23,38.0,14.0,31.0,13.0,,2.0
2021-05-24,28.0,16.0,32.0,15.0,,2.0
2021-05-25,35.0,18.0,33.0,14.0,,2.0
2021-05-26,34.0,21.0,30.0,11.0,,2.0
2021-05-27,41.0,20.0,33.0,19.0,,2.0
2021-05-28,45.0,18.0,36.0,14.0,,2.0
2021-05-29,47.0,21.0,37.0,9.0,,2.0
2021-05-30,56.0,24.0,37.0,15.0,,3.0
2021-05-31,57.0,24.0,47.0,21.0,,3.0
2021-06-01,49.0,25.0,58.0,20.0,,6.0
2021-06-02,60.0,30.0,45.0,21.0,,3.0
2021-06-03,73.0,34.0,50.0,24.0,,3.0
2021-06-04,73.0,31.0,38.0,12.0,,3.0
2021-06-05,82.0,20.0,35.0,9.0,,2.0
2021-06-06,40.0,21.0,42.0,18.0,,2.0
2021-06-07,45.0,21.0,46.0,19.0,,3.0
2021-06-08,50.0,26.0,40.0,19.0,,3.0
2021-06-09,48.0,22.0,31.0,19.0,,3.0
2021-06-10,52.0,22.0,28.0,15.0,,3.0
2021-06-11,60.0,19.0,27.0,10.0,,2.0
2021-06-12,43.0,22.0,35.0,12.0,,2.0
2021-06-13,50.0,28.0,57.0,18.0,,3.0
2021-06-14,62.0,24.0,36.0,12.0,,2.0
2021-06-15,42.0,29.0,57.0,20.0,,3.0
2021-06-16,50.0,40.0,54.0,25.0,,4.0
2021-06-17,73.0,36.0,46.0,20.0,,4.0
2021-06-18,73.0,29.0,26.0,14.0,,3.0
2021-06-19,56.0,22.0,35.0,10.0,,2.0
2021-06-20,35.0,20.0,30.0,17.0,,2.0
2021-06-21,29.0,24.0,29.0,12.0,,2.0
2021-06-22,44.0,23.0,30.0,15.0,,2.0
2021-06-23,33.0,21.0,33.0,20.0,,3.0
2021-06-24,44.0,26.0,22.0,21.0,,3.0
2021-06-25,69.0,22.0,35.0,13.0,,3.0
2021-06-26,66.0,29.0,38.0,9.0,,3.0
2021-06-27,74.0,24.0,28.0,21.0,,3.0
2021-06-28,62.0,29.0,22.0,15.0,,3.0
2021-06-29,49.0,20.0,24.0,13.0,,2.0
2021-06-30,38.0,27.0,26.0,12.0,,2.0
2021-07-01,56.0,22.0,31.0,15.0,,2.0
2021-07-02,47.0,24.0,40.0,19.0,,3.0
2021-07-03,66.0,24.0,20.0,15.0,,3.0
2021-07-04,53.0,18.0,25.0,13.0,,2.0
2021-07-05,47.0,19.0,26.0,9.0,,2.0
2021-07-06,34.0,18.0,26.0,15.0,,2.0
2021-07-07,43.0,19.0,30.0,17.0,,2.0
2021-07-08,44.0,21.0,31.0,16.0,,2.0
2021-07-09,56.0,27.0,32.0,19.0,,3.0
2021-07-10,75.0,22.0,32.0,17.0,,3.0
2021-07-11,66.0,24.0,35.0,20.0,,3.0
2021-07-12,69.0,31.0,30.0,16.0,,2.0
2021-07-13,77.0,30.0,33.0,9.0,,2.0
2021-07-14,59.0,27.0,29.0,11.0,,2.0
2021-07-15,59.0,33.0,23.0,10.0,,1.0
2021-07-16,55.0,29.0,24.0,9.0,,2.0
2021-07-17,43.0,19.0,22.0,7.0,,2.0
2021-07-18,40.0,20.0,27.0,15.0,,3.0
2021-07-19,41.0,21.0,33.0,15.0,,3.0
2021-07-20,48.0,26.0,43.0,17.0,,3.0
2021-07-21,58.0,25.0,32.0,14.0,,2.0
2021-07-22,51.0,22.0,26.0,14.0,,2.0
2021-07-23,47.0,25.0,27.0,14.0,,3.0
2021-07-24,69.0,38.0,37.0,13.0,,3.0
2021-07-25,77.0,26.0,32.0,16.0,,2.0
2021-07-26,49.0,28.0,30.0,16.0,,2.0
2021-07-27,67.0,22.0,25.0,13.0,,2.0
2021-07-28,50.0,20.0,26.0,10.0,,1.0
2021-07-29,36.0,23.0,24.0,14.0,,2.0
2021-07-30,47.0,17.0,32.0,10.0,,2.0
2021-07-31,36.0,20.0,25.0,14.0,,2.0
2021-08-01,43.0,18.0,26.0,12.0,,2.0
2021-08-02,41.0,19.0,31.0,21.0,,3.0
2021-08-03,32.0,20.0,35.0,18.0,,3.0
2021-08-04,38.0,23.0,46.0,19.0,,4.0
2021-08-05,59.0,21.0,26.0,12.0,,3.0
2021-08-06,42.0,17.0,25.0,11.0,,3.0
2021-08-07,31.0,17.0,26.0,9.0,,2.0
2021-08-08,38.0,21.0,21.0,10.0,,2.0
2021-08-09,45.0,19.0,25.0,12.0,,3.0
2021-08-10,39.0,21.0,33.0,20.0,,3.0
2021-08-11,56.0,22.0,24.0,19.0,,3.0
2021-08-12,58.0,21.0,24.0,15.0,,3.0
2021-08-13,51.0,28.0,25.0,13.0,,3.0
2021-08-14,49.0,19.0,29.0,15.0,,3.0
2021-08-15,44.0,24.0,27.0,8.0,,2.0
2021-08-16,43.0,20.0,27.0,15.0,1.0,3.0
2021-08-17,32.0,15.0,25.0,14.0,,3.0
2021-08-18,29.0,17.0,24.0,15.0,,3.0
2021-08-19,39.0,20.0,25.0,16.0,,3.0
2021-08-20,51.0,24.0,29.0,18.0,,4.0
2021-08-21,65.0,19.0,26.0,12.0,,3.0
2021-08-22,47.0,17.0,32.0,15.0,,3.0
2021-08-23,42.0,17.0,32.0,17.0,,3.0
2021-08-24,39.0,19.0,29.0,14.0,,3.0
2021-08-25,42.0,21.0,24.0,10.0,,2.0
2021-08-26,34.0,20.0,24.0,14.0,,3.0
2021-08-27,31.0,19.0,25.0,10.0,2.0,3.0
2021-08-28,36.0,20.0,25.0,9.0,1.0,3.0
2021-08-29,31.0,23.0,29.0,14.0,,3.0
2021-08-30,46.0,31.0,28.0,17.0,1.0,3.0
2021-08-31,42.0,28.0,29.0,20.0,,3.0
2021-09-01,28.0,24.0,30.0,22.0,,3.0
2021-09-02,32.0,26.0,32.0,22.0,,3.0
2021-09-03,41.0,23.0,31.0,14.0,,3.0
2021-09-04,41.0,22.0,34.0,15.0,,3.0
2021-09-05,50.0,27.0,37.0,26.0,,4.0
2021-09-06,64.0,33.0,51.0,34.0,,4.0
2021-09-07,67.0,31.0,51.0,29.0,,4.0
2021-09-08,65.0,33.0,36.0,27.0,,4.0
2021-09-09,61.0,28.0,27.0,23.0,,4.0
2021-09-10,54.0,21.0,25.0,15.0,,3.0
2021-09-11,50.0,21.0,28.0,12.0,1.0,3.0
2021-09-12,38.0,17.0,30.0,18.0,,3.0
2021-09-13,29.0,21.0,29.0,20.0,,3.0
2021-09-14,47.0,28.0,30.0,18.0,,3.0
2021-09-15,58.0,19.0,35.0,16.0,,3.0
2021-09-16,36.0,34.0,29.0,25.0,,4.0
2021-09-17,74.0,22.0,32.0,22.0,,5.0
2021-09-18,56.0,17.0,23.0,10.0,,3.0
2021-09-19,41.0,18.0,28.0,15.0,,3.0
2021-09-20,41.0,22.0,30.0,25.0,,4.0
2021-09-21,43.0,27.0,31.0,27.0,,4.0
2021-09-22,54.0,28.0,26.0,16.0,,3.0
2021-09-23,62.0,22.0,31.0,17.0,,3.0
2021-09-24,20.0,33.0,20.0,20.0,,4.0
2021-09-25,65.0,27.0,31.0,24.0,1.0,4.0
2021-09-26,73.0,24.0,28.0,17.0,,3.0
2021-09-27,48.0,21.0,26.0,23.0,,3.0
2021-09-28,41.0,17.0,24.0,15.0,,3.0
2021-09-29,,19.0,21.0,17.0,,3.0
2021-09-30,,19.0,20.0,16.0,,3.0
2021-10-01,,16.0,21.0,16.0,,3.0
2021-10-02,,14.0,25.0,14.0,,3.0
2021-10-03,,14.0,25.0,14.0,,3.0
2021-10-04,,16.0,22.0,14.0,,3.0
2021-10-05,,16.0,22.0,14.0,,3.0
2021-10-06,,16.0,25.0,16.0,,3.0
2021-10-07,,24.0,22.0,30.0,,4.0
2021-10-08,,25.0,18.0,21.0,,4.0
2021-10-09,,39.0,19.0,19.0,,4.0
2021-10-10,,41.0,27.0,20.0,,6.0
2021-10-11,,22.0,23.0,20.0,,2.0
2021-10-12,,19.0,25.0,19.0,,2.0
2021-10-13,,20.0,26.0,24.0,,2.0
2021-10-14,,16.0,24.0,17.0,,2.0
2021-10-15,,23.0,26.0,18.0,,2.0
2021-10-16,,28.0,20.0,28.0,,4.0
2021-10-17,,25.0,17.0,23.0,,3.0
2021-10-18,,28.0,11.0,22.0,,3.0
2021-10-19,,24.0,14.0,16.0,,3.0
2021-10-20,,23.0,26.0,12.0,,2.0
2021-10-21,,20.0,28.0,10.0,,2.0
2021-10-22,,21.0,28.0,11.0,,2.0
2021-10-23,,24.0,22.0,28.0,,4.0
2021-10-24,,23.0,18.0,18.0,,3.0
2021-10-25,,25.0,8.0,22.0,,4.0
2021-10-26,,23.0,21.0,20.0,,3.0
2021-10-27,,21.0,19.0,16.0,,2.0
2021-10-28,,22.0,16.0,20.0,,3.0
2021-10-29,,21.0,23.0,15.0,,2.0
2021-10-30,,17.0,20.0,16.0,,2.0
2021-10-31,,18.0,22.0,15.0,,2.0
2021-11-01,,18.0,23.0,17.0,,2.0
2021-11-02,,18.0,16.0,26.0,,4.0
2021-11-03,,23.0,9.0,31.0,,6.0
2021-11-04,,23.0,21.0,28.0,,6.0
2021-11-05,,18.0,22.0,24.0,,3.0
2021-11-06,,20.0,26.0,17.0,,2.0
2021-11-07,,23.0,26.0,10.0,,2.0
2021-11-08,,27.0,20.0,25.0,,3.0
2021-11-09,,32.0,10.0,26.0,,3.0
2021-11-10,,36.0,8.0,28.0,,4.0
2021-11-11,,41.0,2.0,26.0,,5.0
2021-11-12,,40.0,9.0,21.0,,4.0
2021-11-13,,22.0,15.0,19.0,,3.0
2021-11-14,,21.0,9.0,12.0,,3.0
2021-11-15,,25.0,15.0,13.0,,3.0
2021-11-16,,39.0,13.0,18.0,,4.0
2021-11-17,,32.0,22.0,22.0,,3.0
2021-11-18,,28.0,20.0,21.0,,2.0
2021-11-19,,24.0,20.0,17.0,,2.0
2021-11-20,,19.0,24.0,16.0,,2.0
2021-11-21,,18.0,23.0,10.0,,2.0
2021-11-22,,25.0,20.0,26.0,,3.0
2021-11-23,,21.0,22.0,26.0,,4.0
2021-11-24,,20.0,14.0,27.0,,3.0
2021-11-25,,30.0,20.0,26.0,,4.0
2021-11-26,,16.0,19.0,22.0,,3.0
2021-11-27,,11.0,25.0,19.0,,2.0
2021-11-28,,18.0,20.0,20.0,,3.0
2021-11-29,,15.0,23.0,19.0,,2.0
2021-11-30,,14.0,21.0,15.0,,2.0
2021-12-01,,17.0,26.0,10.0,,2.0
2021-12-02,,16.0,27.0,22.0,,2.0
2021-12-03,,18.0,15.0,21.0,,2.0
2021-12-04,,22.0,23.0,20.0,,3.0
2021-12-05,,17.0,20.0,17.0,,2.0
2021-12-06,72.0,27.0,15.0,15.0,,3.0
2021-12-07,43.0,21.0,22.0,21.0,,3.0
2021-12-08,37.0,21.0,22.0,16.0,,2.0
2021-12-09,57.0,23.0,12.0,22.0,,3.0
2021-12-10,50.0,24.0,17.0,22.0,,4.0
2021-12-11,65.0,26.0,13.0,27.0,,4.0
2021-12-12,57.0,22.0,15.0,16.0,,3.0
2021-12-13,51.0,20.0,17.0,21.0,2.0,3.0
2021-12-14,59.0,22.0,9.0,21.0,,3.0
2021-12-15,53.0,24.0,17.0,23.0,,2.0
2021-12-16,66.0,31.0,8.0,30.0,,5.0
2021-12-17,51.0,20.0,20.0,25.0,,3.0
2021-12-18,31.0,12.0,21.0,18.0,,2.0
2021-12-19,29.0,14.0,24.0,11.0,,2.0
2021-12-20,50.0,27.0,26.0,30.0,,3.0
2021-12-21,67.0,30.0,8.0,32.0,,5.0
2021-12-22,88.0,37.0,1.0,29.0,,6.0
2021-12-23,95.0,38.0,3.0,22.0,,4.0
2021-12-24,35.0,24.0,18.0,16.0,,3.0
2021-12-25,51.0,14.0,24.0,7.0,,2.0
2021-12-26,52.0,17.0,19.0,12.0,,3.0
2021-12-27,60.0,23.0,8.0,16.0,,4.0
2021-12-28,35.0,20.0,25.0,13.0,,2.0
2021-12-29,34.0,19.0,22.0,17.0,,3.0
2021-12-30,41.0,21.0,20.0,9.0,,2.0
2021-12-31,39.0,20.0,20.0,10.0,,2.0
2022-01-01,81.0,41.0,14.0,14.0,,2.0
2022-01-02,43.0,20.0,30.0,10.0,,2.0
2022-01-03,27.0,24.0,24.0,16.0,,2.0
2022-01-04,30.0,23.0,28.0,8.0,,2.0
2022-01-05,46.0,27.0,26.0,27.0,,3.0
2022-01-06,59.0,19.0,25.0,20.0,,2.0
2022-01-07,48.0,17.0,25.0,18.0,,2.0
2022-01-08,38.0,21.0,28.0,20.0,,2.0
2022-01-09,42.0,32.0,4.0,36.0,,5.0
2022-01-10,82.0,29.0,8.0,29.0,,3.0
2022-01-11,77.0,27.0,7.0,53.0,,5.0
2022-01-12,60.0,21.0,5.0,25.0,,3.0
2022-01-13,59.0,24.0,19.0,26.0,,3.0
2022-01-14,61.0,24.0,14.0,19.0,,3.0
2022-01-15,69.0,37.0,27.0,18.0,,3.0
2022-01-16,78.0,30.0,26.0,15.0,,2.0
2022-01-17,52.0,30.0,14.0,28.0,,3.0
2022-01-18,54.0,29.0,27.0,20.0,,3.0
2022-01-19,69.0,26.0,30.0,12.0,,2.0
2022-01-20,41.0,23.0,28.0,18.0,,2.0
2022-01-21,40.0,21.0,24.0,14.0,,3.0
2022-01-22,36.0,24.0,23.0,22.0,,3.0
2022-01-23,52.0,36.0,21.0,18.0,,3.0
2022-01-24,95.0,40.0,16.0,21.0,,3.0
2022-01-25,95.0,43.0,18.0,21.0,,2.0
2022-01-26,89.0,27.0,29.0,12.0,,2.0
2022-01-27,51.0,29.0,29.0,20.0,,2.0
2022-01-28,53.0,24.0,30.0,9.0,,2.0
2022-01-29,44.0,32.0,30.0,12.0,,2.0
2022-01-30,46.0,31.0,30.0,5.0,,2.0
2022-01-31,74.0,29.0,28.0,14.0,1.0,2.0
2022-02-01,46.0,34.0,28.0,19.0,1.0,2.0
2022-02-02,55.0,22.0,20.0,22.0,,2.0
2022-02-03,41.0,17.0,29.0,14.0,,2.0
2022-02-04,33.0,21.0,30.0,10.0,,2.0
2022-02-05,36.0,19.0,32.0,6.0,,2.0
2022-02-06,35.0,28.0,29.0,14.0,,2.0
2022-02-07,49.0,22.0,28.0,15.0,,2.0
2022-02-08,40.0,20.0,24.0,18.0,,2.0
2022-02-09,42.0,19.0,25.0,22.0,,2.0
2022-02-10,40.0,26.0,28.0,17.0,,3.0
2022-02-11,51.0,30.0,23.0,26.0,1.0,3.0
2022-02-12,63.0,23.0,27.0,16.0,,2.0
2022-02-13,54.0,22.0,30.0,14.0,,2.0
2022-02-14,25.0,18.0,27.0,14.0,,2.0
2022-02-15,30.0,17.0,25.0,10.0,,2.0
2022-02-16,34.0,26.0,32.0,10.0,,2.0
2022-02-17,62.0,28.0,32.0,11.0,,2.0
2022-02-18,69.0,24.0,30.0,9.0,,2.0
2022-02-19,52.0,22.0,38.0,17.0,,2.0
2022-02-20,52.0,27.0,33.0,13.0,,2.0
2022-02-21,37.0,36.0,31.0,21.0,,2.0
2022-02-22,52.0,27.0,30.0,19.0,,2.0
2022-02-23,50.0,20.0,28.0,14.0,,2.0
2022-02-24,39.0,24.0,30.0,11.0,,2.0
2022-02-25,43.0,28.0,28.0,30.0,,3.0
2022-02-26,60.0,24.0,27.0,14.0,,2.0
2022-02-27,55.0,24.0,24.0,22.0,1.0,2.0
2022-02-28,59.0,40.0,11.0,31.0,1.0,4.0
2022-03-01,99.0,40.0,20.0,22.0,,4.0
2022-03-02,97.0,59.0,25.0,25.0,,3.0
2022-03-03,73.0,30.0,22.0,20.0,,3.0
2022-03-04,72.0,33.0,19.0,18.0,,3.0
2022-03-05,83.0,27.0,30.0,15.0,,2.0
2022-03-06,56.0,22.0,29.0,22.0,,2.0
2022-03-07,52.0,30.0,29.0,18.0,,2.0
2022-03-08,58.0,37.0,30.0,26.0,,3.0
2022-03-09,83.0,45.0,34.0,29.0,,3.0
2022-03-10,91.0,42.0,30.0,18.0,,3.0
2022-03-11,68.0,28.0,31.0,17.0,,2.0
2022-03-12,54.0,20.0,34.0,17.0,,2.0
2022-03-13,55.0,22.0,29.0,22.0,,2.0
2022-03-14,46.0,34.0,25.0,31.0,,3.0
2022-03-15,69.0,33.0,25.0,22.0,,3.0
2022-03-16,64.0,25.0,28.0,17.0,,2.0
2022-03-17,45.0,30.0,31.0,27.0,,3.0
2022-03-18,62.0,22.0,29.0,12.0,,2.0
2022-03-19,49.0,30.0,30.0,15.0,,3.0
2022-03-20,89.0,49.0,35.0,28.0,,3.0
2022-03-21,108.0,54.0,33.0,30.0,,5.0
2022-03-22,114.0,56.0,38.0,34.0,,4.0
2022-03-23,111.0,62.0,41.0,33.0,,4.0
2022-03-24,126.0,59.0,42.0,31.0,,3.0
2022-03-25,126.0,56.0,46.0,29.0,,3.0
2022-03-26,107.0,25.0,34.0,12.0,,2.0
2022-03-27,40.0,24.0,25.0,20.0,,2.0
2022-03-28,53.0,30.0,37.0,16.0,,2.0
2022-03-29,72.0,29.0,32.0,20.0,,2.0
2022-03-30,44.0,17.0,30.0,19.0,,2.0
2022-03-31,31.0,14.0,32.0,14.0,,2.0
2022-04-01,32.0,18.0,35.0,16.0,,2.0
2022-04-02,42.0,17.0,35.0,21.0,,2.0
2022-04-03,35.0,18.0,30.0,13.0,,2.0
2022-04-04,27.0,16.0,23.0,15.0,,2.0
2022-04-05,31.0,21.0,29.0,12.0,,2.0
2022-04-06,38.0,20.0,32.0,8.0,,2.0
2022-04-07,43.0,19.0,32.0,13.0,,2.0
2022-04-08,39.0,18.0,33.0,12.0,,2.0
2022-04-09,27.0,18.0,35.0,18.0,,2.0
2022-04-10,31.0,29.0,37.0,27.0,1.0,3.0
2022-04-11,64.0,27.0,39.0,28.0,1.0,3.0
2022-04-12,63.0,23.0,29.0,26.0,,2.0
2022-04-13,46.0,24.0,31.0,24.0,2.0,3.0
2022-04-14,58.0,19.0,32.0,19.0,,2.0
2022-04-15,49.0,20.0,34.0,13.0,,2.0
2022-04-16,56.0,21.0,37.0,15.0,,2.0
2022-04-17,58.0,25.0,40.0,20.0,,3.0
2022-04-18,59.0,31.0,36.0,27.0,,3.0
2022-04-19,63.0,22.0,36.0,24.0,,2.0
2022-04-20,50.0,22.0,37.0,15.0,,2.0
2022-04-21,51.0,26.0,35.0,12.0,,2.0
2022-04-22,56.0,25.0,36.0,8.0,,2.0
2022-04-23,61.0,21.0,34.0,8.0,,2.0
2022-04-24,45.0,24.0,31.0,19.0,,2.0
2022-04-25,55.0,20.0,36.0,16.0,,2.0
2022-04-26,42.0,22.0,35.0,18.0,,2.0
2022-04-27,43.0,23.0,35.0,19.0,,2.0
2022-04-28,49.0,21.0,34.0,14.0,,2.0
2022-04-29,41.0,20.0,33.0,14.0,,2.0
2022-04-30,45.0,22.0,36.0,22.0,,2.0
2022-05-01,61.0,21.0,37.0,19.0,,2.0
2022-05-02,45.0,28.0,33.0,23.0,,2.0
2022-05-03,65.0,27.0,33.0,22.0,1.0,2.0
2022-05-04,49.0,37.0,24.0,25.0,1.0,3.0
2022-05-05,70.0,25.0,36.0,22.0,,3.0
2022-05-06,57.0,29.0,28.0,21.0,,2.0
2022-05-07,64.0,21.0,36.0,8.0,,2.0
2022-05-08,45.0,25.0,40.0,6.0,1.0,3.0
2022-05-09,54.0,31.0,31.0,16.0,1.0,2.0
2022-05-10,56.0,24.0,31.0,16.0,,2.0
2022-05-11,43.0,22.0,30.0,14.0,,1.0
2022-05-12,31.0,22.0,35.0,12.0,,1.0
2022-05-13,36.0,28.0,38.0,16.0,,2.0
2022-05-14,57.0,28.0,45.0,15.0,,2.0
2022-05-15,52.0,26.0,33.0,20.0,,2.0
2022-05-16,51.0,25.0,34.0,23.0,,2.0
2022-05-17,43.0,33.0,35.0,21.0,,3.0
2022-05-18,54.0,29.0,28.0,25.0,,3.0
2022-05-19,59.0,24.0,32.0,21.0,,3.0
2022-05-20,54.0,21.0,26.0,12.0,,2.0
2022-05-21,45.0,22.0,40.0,17.0,,3.0
2022-05-22,49.0,29.0,29.0,20.0,,3.0
2022-05-23,58.0,18.0,30.0,14.0,,2.0
2022-05-24,33.0,19.0,29.0,15.0,,2.0
2022-05-25,39.0,22.0,28.0,11.0,,2.0
2022-05-26,46.0,22.0,30.0,10.0,,2.0
2022-05-27,44.0,20.0,29.0,9.0,,1.0
2022-05-28,34.0,17.0,28.0,10.0,,1.0
2022-05-29,35.0,18.0,30.0,20.0,,2.0
2022-05-30,33.0,32.0,33.0,23.0,,3.0
2022-05-31,50.0,16.0,35.0,15.0,,2.0
2022-06-01,30.0,20.0,34.0,20.0,,2.0
2022-06-02,36.0,19.0,41.0,15.0,,2.0
2022-06-03,36.0,18.0,34.0,7.0,,1.0
2022-06-04,40.0,20.0,27.0,13.0,,2.0
2022-06-05,59.0,19.0,28.0,9.0,,1.0
2022-06-06,40.0,18.0,33.0,10.0,,2.0
2022-06-07,41.0,20.0,24.0,19.0,,2.0
2022-06-08,45.0,20.0,26.0,12.0,,2.0
2022-06-09,37.0,21.0,23.0,14.0,,2.0
2022-06-10,43.0,24.0,30.0,11.0,,2.0
2022-06-11,50.0,23.0,30.0,11.0,,2.0
2022-06-12,53.0,23.0,29.0,11.0,,2.0
2022-06-13,40.0,21.0,38.0,21.0,,2.0
2022-06-14,37.0,22.0,42.0,18.0,,2.0
2022-06-15,44.0,23.0,54.0,19.0,,2.0
2022-06-16,40.0,30.0,71.0,25.0,1.0,2.0
2022-06-17,64.0,29.0,41.0,15.0,,2.0
2022-06-18,55.0,20.0,27.0,8.0,,1.0
2022-06-19,32.0,20.0,26.0,10.0,,1.0
2022-06-20,34.0,23.0,31.0,19.0,,2.0
2022-06-21,37.0,21.0,35.0,19.0,,2.0
2022-06-22,36.0,26.0,63.0,20.0,,2.0
2022-06-23,52.0,28.0,39.0,20.0,,3.0
2022-06-24,55.0,19.0,25.0,18.0,,2.0
2022-06-25,48.0,19.0,30.0,13.0,,2.0
2022-06-26,49.0,23.0,24.0,22.0,,2.0
2022-06-27,45.0,20.0,40.0,15.0,,2.0
2022-06-28,38.0,25.0,43.0,20.0,1.0,2.0
2022-06-29,48.0,27.0,31.0,18.0,1.0,2.0
2022-06-30,51.0,16.0,26.0,14.0,,2.0
2022-07-01,33.0,18.0,36.0,16.0,,2.0
2022-07-02,33.0,17.0,28.0,13.0,,2.0
2022-07-03,29.0,16.0,29.0,13.0,,2.0
2022-07-04,29.0,18.0,26.0,13.0,,1.0
2022-07-05,30.0,16.0,28.0,13.0,,1.0
2022-07-06,27.0,21.0,22.0,8.0,,1.0
2022-07-07,33.0,24.0,27.0,14.0,,2.0
2022-07-08,43.0,18.0,21.0,10.0,,1.0
2022-07-09,29.0,16.0,26.0,8.0,,1.0
2022-07-10,28.0,16.0,20.0,11.0,,2.0
2022-07-11,24.0,20.0,38.0,20.0,1.0,2.0
2022-07-12,48.0,23.0,37.0,16.0,1.0,2.0
2022-07-13,50.0,23.0,23.0,13.0,,1.0
2022-07-14,32.0,20.0,26.0,12.0,,1.0
2022-07-15,26.0,18.0,27.0,7.0,,1.0
2022-07-16,26.0,18.0,35.0,14.0,,1.0
2022-07-17,34.0,36.0,76.0,26.0,1.0,3.0
2022-07-18,56.0,48.0,93.0,41.0,1.0,4.0
2022-07-19,68.0,39.0,44.0,16.0,,3.0
2022-07-20,67.0,28.0,32.0,13.0,,2.0
2022-07-21,46.0,19.0,23.0,12.0,,2.0
2022-07-22,26.0,17.0,37.0,17.0,,2.0
2022-07-23,30.0,21.0,42.0,15.0,,2.0
2022-07-24,53.0,23.0,27.0,15.0,,2.0
2022-07-25,50.0,21.0,24.0,9.0,,2.0
2022-07-26,28.0,22.0,25.0,14.0,,1.0
2022-07-27,27.0,20.0,31.0,10.0,,1.0
2022-07-28,27.0,20.0,36.0,9.0,,1.0
2022-07-29,39.0,22.0,37.0,14.0,,2.0
2022-07-30,37.0,21.0,21.0,14.0,,2.0
2022-07-31,45.0,18.0,27.0,12.0,,2.0
2022-08-01,31.0,22.0,26.0,12.0,,2.0
2022-08-02,44.0,29.0,21.0,10.0,,2.0
2022-08-03,48.0,26.0,31.0,17.0,,2.0
2022-08-04,43.0,24.0,25.0,7.0,,1.0
2022-08-05,30.0,16.0,29.0,11.0,,1.0
2022-08-06,26.0,23.0,33.0,16.0,,2.0
2022-08-07,41.0,23.0,26.0,15.0,,2.0
2022-08-08,40.0,16.0,26.0,14.0,,1.0
2022-08-09,36.0,19.0,39.0,13.0,,1.0
2022-08-10,40.0,24.0,48.0,16.0,,2.0
2022-08-11,48.0,27.0,58.0,18.0,,2.0
2022-08-12,52.0,30.0,56.0,22.0,,2.0
2022-08-13,49.0,27.0,59.0,17.0,,3.0
2022-08-14,61.0,29.0,49.0,20.0,,3.0
2022-08-15,65.0,33.0,54.0,19.0,,3.0
2022-08-16,81.0,35.0,37.0,23.0,,3.0
2022-08-17,70.0,22.0,37.0,20.0,,2.0
2022-08-18,40.0,22.0,23.0,14.0,,2.0
2022-08-19,46.0,21.0,31.0,13.0,,2.0
2022-08-20,38.0,21.0,29.0,12.0,,2.0
2022-08-21,40.0,22.0,40.0,17.0,,2.0
2022-08-22,44.0,28.0,36.0,18.0,,2.0
2022-08-23,52.0,21.0,30.0,20.0,1.0,2.0
2022-08-24,54.0,35.0,61.0,24.0,,2.0
2022-08-25,73.0,23.0,30.0,10.0,,1.0
2022-08-26,33.0,22.0,27.0,13.0,,1.0
2022-08-27,34.0,18.0,27.0,13.0,,1.0
2022-08-28,30.0,21.0,29.0,19.0,,1.0
2022-08-29,31.0,17.0,29.0,16.0,,1.0
2022-08-30,32.0,21.0,32.0,15.0,,1.0
2022-08-31,27.0,17.0,35.0,16.0,,2.0
2022-09-01,35.0,22.0,41.0,20.0,,2.0
2022-09-02,40.0,21.0,47.0,19.0,,2.0
2022-09-03,41.0,30.0,44.0,25.0,,3.0
2022-09-04,75.0,37.0,45.0,27.0,,3.0
2022-09-05,58.0,23.0,34.0,21.0,,2.0
2022-09-06,43.0,18.0,31.0,18.0,,3.0
2022-09-07,35.0,16.0,24.0,19.0,,2.0
2022-09-08,35.0,14.0,20.0,17.0,,2.0
2022-09-09,32.0,13.0,30.0,15.0,,2.0
2022-09-10,40.0,19.0,33.0,21.0,,3.0
2022-09-11,49.0,22.0,38.0,22.0,,3.0
2022-09-12,56.0,21.0,27.0,20.0,,2.0
2022-09-13,37.0,19.0,28.0,24.0,,2.0
2022-09-14,25.0,18.0,27.0,13.0,,1.0
2022-09-15,24.0,15.0,25.0,14.0,,2.0
2022-09-16,26.0,17.0,24.0,7.0,,1.0
2022-09-17,26.0,14.0,23.0,10.0,,2.0
2022-09-18,24.0,21.0,24.0,13.0,,1.0
2022-09-19,36.0,25.0,24.0,19.0,,2.0
2022-09-20,35.0,21.0,27.0,27.0,,4.0
2022-09-21,35.0,26.0,28.0,28.0,,5.0
2022-09-22,54.0,26.0,20.0,31.0,,4.0
2022-09-23,62.0,19.0,21.0,14.0,,2.0
2022-09-24,38.0,12.0,24.0,18.0,,2.0
2022-09-25,24.0,12.0,23.0,15.0,,2.0
2022-09-26,22.0,15.0,22.0,22.0,,3.0
2022-09-27,24.0,12.0,20.0,24.0,,3.0
2022-09-28,23.0,19.0,20.0,26.0,,4.0
2022-09-29,44.0,18.0,21.0,22.0,,4.0
2022-09-30,49.0,14.0,24.0,12.0,,2.0
2022-10-01,30.0,19.0,24.0,13.0,,2.0
2022-10-02,33.0,22.0,19.0,26.0,,4.0
2022-10-03,46.0,22.0,20.0,20.0,,3.0
2022-10-04,55.0,13.0,26.0,10.0,,2.0
2022-10-05,27.0,18.0,23.0,12.0,,2.0
2022-10-06,28.0,21.0,20.0,17.0,,2.0
2022-10-07,39.0,17.0,22.0,13.0,,2.0
2022-10-08,29.0,18.0,21.0,18.0,,3.0
2022-10-09,47.0,25.0,21.0,18.0,,2.0
2022-10-10,45.0,24.0,21.0,25.0,,4.0
2022-10-11,49.0,29.0,15.0,27.0,1.0,5.0
2022-10-12,64.0,25.0,19.0,29.0,,4.0
2022-10-13,55.0,20.0,15.0,24.0,,4.0
2022-10-14,56.0,21.0,21.0,17.0,,3.0
2022-10-15,52.0,16.0,23.0,15.0,,3.0
2022-10-16,29.0,20.0,12.0,20.0,,3.0
2022-10-17,42.0,26.0,22.0,23.0,,4.0
2022-10-18,36.0,18.0,23.0,20.0,,3.0
2022-10-19,29.0,23.0,13.0,17.0,,4.0
2022-10-20,52.0,25.0,12.0,21.0,1.0,4.0
2022-10-21,53.0,20.0,23.0,19.0,,3.0
2022-10-22,41.0,21.0,15.0,18.0,,4.0
2022-10-23,44.0,17.0,29.0,14.0,,3.0
2022-10-24,27.0,18.0,22.0,18.0,,4.0
2022-10-25,38.0,17.0,19.0,17.0,,3.0
2022-10-26,36.0,21.0,12.0,21.0,,4.0
2022-10-27,38.0,29.0,22.0,16.0,,3.0
2022-10-28,56.0,29.0,8.0,22.0,,4.0
2022-10-29,62.0,34.0,13.0,20.0,,4.0
2022-10-30,63.0,29.0,8.0,21.0,,4.0
2022-10-31,60.0,21.0,23.0,8.0,,2.0
2022-11-01,36.0,16.0,24.0,11.0,,2.0
2022-11-02,36.0,18.0,26.0,16.0,,2.0
2022-11-03,36.0,17.0,24.0,24.0,,3.0
2022-11-04,34.0,15.0,14.0,18.0,,3.0
2022-11-05,40.0,12.0,17.0,11.0,,2.0
2022-11-06,33.0,14.0,19.0,13.0,,2.0
2022-11-07,37.0,14.0,22.0,16.0,,2.0
2022-11-08,36.0,14.0,22.0,14.0,,2.0
2022-11-09,33.0,20.0,17.0,18.0,,2.0
2022-11-10,38.0,22.0,12.0,18.0,,3.0
2022-11-11,62.0,29.0,8.0,21.0,,5.0
2022-11-12,76.0,26.0,9.0,20.0,,6.0
2022-11-13,74.0,31.0,4.0,17.0,,4.0
2022-11-14,81.0,25.0,18.0,16.0,,3.0
2022-11-15,58.0,15.0,16.0,18.0,,3.0
2022-11-16,40.0,12.0,22.0,15.0,,2.0
2022-11-17,28.0,15.0,16.0,18.0,,3.0
2022-11-18,43.0,17.0,13.0,11.0,,2.0
2022-11-19,55.0,26.0,6.0,19.0,,4.0
2022-11-20,72.0,25.0,11.0,21.0,,4.0
2022-11-21,65.0,14.0,16.0,15.0,,2.0
2022-11-22,34.0,16.0,18.0,17.0,,3.0
2022-11-23,42.0,17.0,20.0,19.0,,3.0
2022-11-24,42.0,20.0,18.0,22.0,,3.0
2022-11-25,42.0,24.0,10.0,22.0,1.0,4.0
2022-11-26,57.0,17.0,14.0,11.0,,3.0
2022-11-27,40.0,24.0,8.0,24.0,,4.0
2022-11-28,69.0,31.0,10.0,30.0,,4.0
2022-11-29,73.0,31.0,4.0,20.0,,5.0
2022-11-30,63.0,39.0,10.0,18.0,,4.0
2022-12-01,89.0,33.0,16.0,13.0,,3.0
2022-12-02,90.0,27.0,16.0,9.0,,2.0
2022-12-03,79.0,30.0,9.0,8.0,,3.0
2022-12-04,82.0,23.0,9.0,12.0,,3.0
2022-12-05,55.0,18.0,20.0,25.0,,4.0
2022-12-06,40.0,16.0,23.0,24.0,,3.0
2022-12-07,36.0,15.0,24.0,27.0,,3.0
2022-12-08,37.0,26.0,11.0,30.0,,4.0
2022-12-09,77.0,33.0,3.0,24.0,,4.0
2022-12-10,93.0,27.0,17.0,17.0,,3.0
2022-12-11,76.0,34.0,8.0,23.0,1.0,5.0
2022-12-12,86.0,39.0,1.0,29.0,,5.0
2022-12-13,89.0,37.0,7.0,30.0,1.0,5.0
2022-12-14,77.0,28.0,14.0,36.0,,5.0
2022-12-15,60.0,30.0,18.0,32.0,1.0,5.0
2022-12-16,53.0,42.0,7.0,21.0,,3.0
2022-12-17,116.0,38.0,8.0,19.0,,3.0
2022-12-18,89.0,19.0,13.0,18.0,,3.0
2022-12-19,52.0,14.0,14.0,21.0,,3.0
2022-12-20,43.0,20.0,14.0,24.0,,3.0
2022-12-21,58.0,19.0,15.0,22.0,,3.0
2022-12-22,63.0,17.0,21.0,24.0,,3.0
2022-12-23,51.0,28.0,23.0,15.0,,2.0
2022-12-24,58.0,23.0,14.0,20.0,,3.0
2022-12-25,60.0,15.0,27.0,10.0,,1.0
2022-12-26,35.0,17.0,28.0,14.0,,2.0
2022-12-27,28.0,12.0,22.0,9.0,,2.0
2022-12-28,27.0,14.0,27.0,9.0,,1.0
2022-12-29,29.0,17.0,26.0,12.0,,1.0
2022-12-30,36.0,16.0,26.0,11.0,,1.0
2022-12-31,37.0,37.0,27.0,12.0,,1.0
2023-01-01,67.0,16.0,25.0,16.0,,2.0
2023-01-02,29.0,20.0,21.0,21.0,,2.0
2023-01-03,54.0,15.0,27.0,8.0,,2.0
2023-01-04,34.0,27.0,21.0,12.0,,2.0
2023-01-05,53.0,18.0,25.0,15.0,,2.0
2023-01-06,27.0,10.0,21.0,16.0,,2.0
2023-01-07,29.0,11.0,25.0,18.0,,2.0
2023-01-08,30.0,14.0,25.0,16.0,,2.0
2023-01-09,28.0,21.0,24.0,17.0,,2.0
2023-01-10,41.0,18.0,26.0,10.0,,1.0
2023-01-11,35.0,19.0,30.0,7.0,,1.0
2023-01-12,34.0,24.0,28.0,8.0,,1.0
2023-01-13,43.0,19.0,29.0,13.0,,1.0
2023-01-14,31.0,15.0,30.0,7.0,,1.0
2023-01-15,28.0,13.0,30.0,19.0,,2.0
2023-01-16,31.0,14.0,27.0,23.0,,2.0
2023-01-17,27.0,15.0,29.0,21.0,,2.0
2023-01-18,32.0,15.0,28.0,16.0,,2.0
2023-01-19,35.0,22.0,15.0,22.0,1.0,3.0
2023-01-20,68.0,28.0,14.0,20.0,,3.0
2023-01-21,79.0,18.0,21.0,17.0,,2.0
2023-01-22,48.0,20.0,16.0,16.0,,2.0
2023-01-23,55.0,22.0,17.0,16.0,,2.0
2023-01-24,65.0,40.0,15.0,22.0,,3.0
2023-01-25,110.0,32.0,28.0,25.0,1.0,3.0
2023-01-26,57.0,18.0,24.0,16.0,,2.0
2023-01-27,30.0,18.0,25.0,19.0,,2.0
2023-01-28,43.0,25.0,16.0,19.0,,2.0
2023-01-29,61.0,25.0,26.0,9.0,,1.0
2023-01-30,32.0,26.0,27.0,12.0,,2.0
2023-01-31,38.0,27.0,27.0,6.0,,1.0
2023-02-01,41.0,23.0,24.0,9.0,,1.0
2023-02-02,36.0,22.0,26.0,11.0,,2.0
2023-02-03,38.0,30.0,21.0,26.0,,3.0
2023-02-04,57.0,28.0,29.0,12.0,,1.0
2023-02-05,48.0,35.0,21.0,24.0,,3.0
2023-02-06,54.0,33.0,13.0,23.0,,4.0
2023-02-07,69.0,39.0,10.0,28.0,,4.0
2023-02-08,84.0,34.0,11.0,30.0,,4.0
2023-02-09,79.0,29.0,20.0,24.0,,2.0
2023-02-10,54.0,26.0,19.0,16.0,,2.0
2023-02-11,51.0,23.0,21.0,24.0,,2.0
2023-02-12,60.0,34.0,17.0,23.0,,3.0
2023-02-13,90.0,48.0,13.0,29.0,,6.0
2023-02-14,117.0,54.0,7.0,31.0,1.0,6.0
2023-02-15,134.0,48.0,20.0,21.0,,6.0
2023-02-16,103.0,24.0,22.0,12.0,,4.0
2023-02-17,48.0,22.0,26.0,9.0,,2.0
2023-02-18,46.0,16.0,28.0,12.0,,2.0
2023-02-19,30.0,20.0,23.0,11.0,,1.0
2023-02-20,39.0,26.0,16.0,17.0,,2.0
2023-02-21,65.0,34.0,10.0,18.0,,3.0
2023-02-22,91.0,36.0,24.0,21.0,,2.0
2023-02-23,73.0,21.0,29.0,14.0,,2.0
2023-02-24,37.0,22.0,31.0,14.0,,2.0
2023-02-25,39.0,16.0,29.0,14.0,,2.0
2023-02-26,30.0,19.0,28.0,23.0,,2.0
2023-02-27,35.0,23.0,24.0,24.0,,2.0
2023-02-28,43.0,32.0,24.0,23.0,,3.0
2023-03-01,76.0,27.0,20.0,16.0,,2.0
2023-03-02,71.0,25.0,30.0,22.0,,2.0
2023-03-03,44.0,18.0,32.0,13.0,,2.0
2023-03-04,32.0,12.0,32.0,18.0,,2.0
2023-03-05,24.0,15.0,27.0,18.0,,2.0
2023-03-06,31.0,12.0,29.0,18.0,,2.0
2023-03-07,24.0,17.0,23.0,21.0,,2.0
2023-03-08,49.0,16.0,27.0,14.0,,2.0
2023-03-09,47.0,13.0,32.0,12.0,,2.0
2023-03-10,26.0,18.0,30.0,27.0,,3.0
2023-03-11,37.0,23.0,28.0,14.0,,2.0
2023-03-12,46.0,24.0,32.0,7.0,,1.0
2023-03-13,33.0,21.0,31.0,11.0,,1.0
2023-03-14,33.0,18.0,28.0,21.0,,2.0
2023-03-15,34.0,17.0,29.0,17.0,,2.0
2023-03-16,42.0,24.0,20.0,25.0,,3.0
2023-03-17,52.0,25.0,27.0,21.0,,2.0
2023-03-18,63.0,22.0,24.0,16.0,,2.0
2023-03-19,62.0,19.0,25.0,17.0,,2.0
2023-03-20,50.0,18.0,27.0,15.0,,2.0
2023-03-21,47.0,17.0,24.0,14.0,,2.0
2023-03-22,36.0,17.0,33.0,10.0,,2.0
2023-03-23,39.0,17.0,33.0,8.0,,1.0
2023-03-24,34.0,21.0,33.0,8.0,,1.0
2023-03-25,44.0,21.0,32.0,15.0,,2.0
2023-03-26,41.0,17.0,31.0,11.0,,1.0
2023-03-27,36.0,22.0,29.0,24.0,,2.0
2023-03-28,48.0,21.0,25.0,22.0,,3.0
2023-03-29,56.0,23.0,36.0,12.0,,2.0
2023-03-30,54.0,20.0,27.0,18.0,,2.0
2023-03-31,32.0,12.0,23.0,14.0,,2.0
2023-04-01,34.0,11.0,30.0,8.0,,1.0
2023-04-02,38.0,11.0,35.0,14.0,,2.0
2023-04-03,37.0,19.0,38.0,22.0,,2.0
2023-04-04,48.0,30.0,35.0,25.0,,3.0
2023-04-05,66.0,31.0,25.0,24.0,,3.0
2023-04-06,71.0,14.0,27.0,12.0,,2.0
2023-04-07,41.0,18.0,28.0,14.0,,3.0
2023-04-08,64.0,27.0,32.0,14.0,,2.0
2023-04-09,83.0,22.0,28.0,12.0,,2.0
2023-04-10,51.0,16.0,36.0,9.0,,2.0
2023-04-11,29.0,16.0,38.0,12.0,,2.0
2023-04-12,26.0,15.0,35.0,10.0,,2.0
2023-04-13,31.0,21.0,37.0,22.0,,2.0
2023-04-14,34.0,17.0,35.0,13.0,,2.0
2023-04-15,43.0,20.0,26.0,10.0,,2.0
2023-04-16,50.0,27.0,30.0,15.0,,2.0
2023-04-17,73.0,24.0,30.0,13.0,,2.0
2023-04-18,66.0,20.0,40.0,11.0,,1.0
2023-04-19,52.0,18.0,34.0,14.0,,2.0
2023-04-20,44.0,24.0,30.0,15.0,,2.0
2023-04-21,72.0,22.0,28.0,20.0,,3.0
2023-04-22,53.0,22.0,29.0,11.0,,2.0
2023-04-23,17.0,13.0,33.0,7.0,,1.0
2023-04-24,26.0,18.0,34.0,10.0,,1.0
2023-04-25,33.0,17.0,36.0,19.0,,2.0
2023-04-26,34.0,19.0,39.0,17.0,,2.0
2023-04-27,44.0,19.0,30.0,15.0,,2.0
2023-04-28,54.0,20.0,39.0,12.0,,2.0
2023-04-29,58.0,16.0,35.0,15.0,,2.0
2023-04-30,37.0,23.0,32.0,22.0,,2.0
2023-05-01,44.0,18.0,37.0,12.0,,2.0
2023-05-02,33.0,18.0,34.0,14.0,,2.0
2023-05-03,42.0,23.0,42.0,14.0,,2.0
2023-05-04,56.0,22.0,39.0,21.0,,2.0
2023-05-05,42.0,23.0,33.0,19.0,,3.0
2023-05-06,66.0,21.0,28.0,19.0,,3.0
2023-05-07,61.0,35.0,23.0,22.0,,3.0
2023-05-08,93.0,25.0,24.0,16.0,,3.0
2023-05-09,50.0,18.0,25.0,18.0,,2.0
2023-05-10,51.0,17.0,26.0,20.0,,2.0
2023-05-11,45.0,19.0,35.0,14.0,,2.0
2023-05-12,52.0,29.0,44.0,16.0,,2.0
2023-05-13,69.0,25.0,36.0,12.0,,2.0
2023-05-14,58.0,30.0,30.0,16.0,,2.0
2023-05-15,60.0,22.0,29.0,10.0,,2.0
2023-05-16,39.0,25.0,32.0,15.0,,2.0
2023-05-17,29.0,19.0,33.0,7.0,,2.0
2023-05-18,20.0,20.0,39.0,10.0,,2.0
2023-05-19,40.0,20.0,36.0,12.0,,2.0
2023-05-20,49.0,19.0,35.0,12.0,,2.0
2023-05-21,46.0,27.0,42.0,15.0,,3.0
2023-05-22,70.0,30.0,35.0,9.0,,2.0
2023-05-23,49.0,28.0,32.0,16.0,,2.0
2023-05-24,49.0,26.0,34.0,15.0,,2.0
2023-05-25,51.0,29.0,34.0,13.0,,2.0
2023-05-26,52.0,28.0,35.0,12.0,,2.0
2023-05-27,48.0,25.0,37.0,12.0,,2.0
2023-05-28,51.0,22.0,34.0,10.0,,1.0
2023-05-29,36.0,20.0,34.0,13.0,,1.0
2023-05-30,33.0,21.0,34.0,14.0,,2.0
2023-05-31,33.0,21.0,32.0,12.0,,2.0
2023-06-01,24.0,28.0,34.0,15.0,,2.0
2023-06-02,28.0,25.0,37.0,15.0,,2.0
2023-06-03,33.0,17.0,36.0,13.0,,2.0
2023-06-04,36.0,27.0,33.0,14.0,,2.0
2023-06-05,35.0,39.0,37.0,15.0,,2.0
2023-06-06,48.0,31.0,36.0,14.0,,2.0
2023-06-07,37.0,33.0,38.0,15.0,,2.0
2023-06-08,39.0,29.0,55.0,13.0,,2.0
2023-06-09,50.0,24.0,55.0,12.0,,2.0
2023-06-10,48.0,29.0,60.0,18.0,,3.0
2023-06-11,57.0,30.0,59.0,22.0,,2.0
2023-06-12,58.0,29.0,51.0,15.0,,2.0
2023-06-13,42.0,29.0,45.0,13.0,,2.0
2023-06-14,31.0,24.0,46.0,18.0,,2.0
2023-06-15,39.0,32.0,47.0,21.0,,2.0
2023-06-16,40.0,34.0,52.0,22.0,,2.0
2023-06-17,59.0,30.0,63.0,16.0,,3.0
2023-06-18,64.0,25.0,41.0,11.0,,3.0
2023-06-19,52.0,24.0,50.0,19.0,,3.0
2023-06-20,44.0,22.0,38.0,13.0,,3.0
2023-06-21,34.0,25.0,40.0,20.0,,3.0
2023-06-22,45.0,23.0,36.0,13.0,,2.0
2023-06-23,44.0,22.0,41.0,18.0,,3.0
2023-06-24,46.0,20.0,81.0,15.0,,3.0
2023-06-25,44.0,27.0,36.0,8.0,,2.0
2023-06-26,32.0,25.0,29.0,11.0,,2.0
2023-06-27,34.0,17.0,23.0,9.0,,3.0
2023-06-28,43.0,21.0,21.0,6.0,,3.0
2023-06-29,50.0,22.0,34.0,6.0,,2.0
2023-06-30,32.0,18.0,22.0,7.0,,2.0
2023-07-01,23.0,22.0,32.0,8.0,,2.0
2023-07-02,47.0,20.0,30.0,3.0,,2.0
2023-07-03,26.0,18.0,29.0,6.0,,2.0
2023-07-04,26.0,15.0,28.0,9.0,,2.0
2023-07-05,32.0,29.0,30.0,15.0,,3.0
2023-07-06,36.0,25.0,55.0,21.0,,3.0
2023-07-07,49.0,23.0,70.0,18.0,1.0,3.0
2023-07-08,61.0,27.0,50.0,22.0,,3.0
2023-07-09,65.0,18.0,27.0,12.0,,2.0
2023-07-10,44.0,31.0,30.0,15.0,,3.0
2023-07-11,40.0,17.0,28.0,9.0,,2.0
2023-07-12,31.0,17.0,34.0,11.0,,2.0
2023-07-13,34.0,19.0,35.0,15.0,,3.0
2023-07-14,44.0,14.0,27.0,9.0,,3.0
2023-07-15,31.0,21.0,29.0,5.0,,2.0
2023-07-16,37.0,37.0,29.0,8.0,,2.0
2023-07-17,44.0,23.0,29.0,11.0,,2.0
2023-07-18,40.0,16.0,33.0,10.0,,3.0
2023-07-19,33.0,8.0,27.0,8.0,,2.0
2023-07-20,24.0,15.0,30.0,11.0,,1.0
2023-07-21,29.0,15.0,27.0,11.0,,2.0
2023-07-22,40.0,11.0,27.0,7.0,,3.0
2023-07-23,29.0,13.0,26.0,7.0,,3.0
2023-07-24,25.0,14.0,27.0,7.0,,2.0
2023-07-25,23.0,12.0,28.0,11.0,,2.0
2023-07-26,28.0,9.0,19.0,11.0,,3.0
2023-07-27,22.0,13.0,17.0,9.0,,2.0
2023-07-28,26.0,12.0,29.0,11.0,,2.0
2023-07-29,24.0,18.0,27.0,8.0,,2.0
2023-07-30,38.0,10.0,28.0,7.0,,3.0
2023-07-31,19.0,13.0,23.0,7.0,,3.0
2023-08-01,26.0,13.0,28.0,10.0,,3.0
2023-08-02,25.0,13.0,28.0,8.0,,3.0
2023-08-03,24.0,13.0,25.0,9.0,,3.0
2023-08-04,29.0,15.0,25.0,13.0,,3.0
2023-08-05,43.0,7.0,33.0,10.0,,2.0
2023-08-06,26.0,14.0,28.0,6.0,,2.0
2023-08-07,26.0,13.0,27.0,7.0,,2.0
2023-08-08,26.0,14.0,29.0,11.0,,2.0
2023-08-09,33.0,17.0,35.0,14.0,1.0,3.0
2023-08-10,37.0,20.0,31.0,15.0,,3.0
2023-08-11,51.0,16.0,29.0,11.0,,3.0
2023-08-12,40.0,15.0,26.0,9.0,,3.0
2023-08-13,33.0,16.0,38.0,12.0,,3.0
2023-08-14,35.0,15.0,31.0,11.0,,2.0
2023-08-15,31.0,16.0,33.0,17.0,,3.0
2023-08-16,39.0,15.0,29.0,9.0,,2.0
2023-08-17,34.0,16.0,33.0,11.0,,3.0
2023-08-18,51.0,18.0,30.0,13.0,,3.0
2023-08-19,51.0,16.0,25.0,10.0,,2.0
2023-08-20,36.0,16.0,31.0,15.0,,2.0
2023-08-21,38.0,17.0,27.0,13.0,,2.0
2023-08-22,40.0,18.0,30.0,15.0,,3.0
2023-08-23,45.0,21.0,28.0,23.0,,3.0
2023-08-24,53.0,24.0,33.0,13.0,,2.0
2023-08-25,57.0,17.0,27.0,12.0,,3.0
2023-08-26,32.0,17.0,31.0,11.0,,3.0
2023-08-27,32.0,16.0,30.0,13.0,,3.0
2023-08-28,31.0,19.0,29.0,19.0,,3.0
2023-08-29,33.0,18.0,27.0,16.0,,3.0
2023-08-30,38.0,17.0,32.0,12.0,,3.0
2023-08-31,29.0,21.0,18.0,18.0,,3.0
2023-09-01,43.0,24.0,33.0,14.0,,3.0
2023-09-02,61.0,19.0,34.0,18.0,,3.0
2023-09-03,41.0,22.0,39.0,19.0,,4.0
2023-09-04,49.0,25.0,44.0,23.0,,4.0
2023-09-05,47.0,37.0,62.0,29.0,,4.0
2023-09-06,59.0,28.0,57.0,30.0,,4.0
2023-09-07,59.0,44.0,72.0,29.0,,4.0
2023-09-08,81.0,55.0,75.0,35.0,1.0,4.0
2023-09-09,124.0,43.0,66.0,31.0,,4.0
2023-09-10,79.0,38.0,42.0,18.0,,3.0
2023-09-11,73.0,29.0,27.0,16.0,,3.0
2023-09-12,66.0,17.0,30.0,13.0,,2.0
2023-09-13,21.0,27.0,35.0,19.0,,3.0
2023-09-14,42.0,37.0,40.0,19.0,,3.0
2023-09-15,55.0,24.0,41.0,21.0,,3.0
2023-09-16,56.0,28.0,41.0,13.0,,3.0
2023-09-17,65.0,23.0,30.0,17.0,,3.0
2023-09-18,47.0,21.0,27.0,8.0,,2.0
2023-09-19,31.0,20.0,27.0,14.0,,2.0
2023-09-20,31.0,16.0,25.0,20.0,,3.0
2023-09-21,27.0,16.0,25.0,15.0,,3.0
2023-09-22,32.0,17.0,23.0,16.0,,3.0
2023-09-23,31.0,19.0,32.0,15.0,,3.0
2023-09-24,39.0,20.0,22.0,17.0,,3.0
2023-09-25,43.0,31.0,28.0,25.0,,4.0
2023-09-26,61.0,29.0,31.0,22.0,,4.0
2023-09-27,63.0,22.0,27.0,11.0,,3.0
2023-09-28,49.0,,,,,
