date,pm25,pm10,o3,no2,so2
2014-05-02,25.0,14.0,33.0,9.0,
2014-05-03,15.0,12.0,32.0,10.0,1.0
2014-05-04,16.0,18.0,23.0,19.0,
2014-05-05,21.0,37.0,27.0,29.0,
2014-05-06,42.0,38.0,31.0,25.0,1.0
2014-05-07,42.0,17.0,29.0,18.0,
2014-05-08,41.0,27.0,24.0,19.0,
2014-05-09,52.0,22.0,28.0,15.0,1.0
2014-05-10,33.0,19.0,31.0,13.0,
2014-05-11,32.0,18.0,25.0,15.0,1.0
2014-05-12,30.0,22.0,16.0,23.0,
2014-05-13,36.0,22.0,31.0,17.0,
2014-05-14,23.0,34.0,24.0,19.0,
2014-05-15,33.0,22.0,21.0,18.0,1.0
2014-05-16,32.0,45.0,35.0,26.0,3.0
2014-05-17,57.0,53.0,41.0,23.0,1.0
2014-05-18,54.0,58.0,42.0,20.0,1.0
2014-05-19,74.0,44.0,32.0,26.0,1.0
2014-05-20,69.0,37.0,22.0,29.0,1.0
2014-05-21,67.0,29.0,41.0,19.0,1.0
2014-05-22,51.0,53.0,38.0,33.0,2.0
2014-05-23,62.0,48.0,37.0,22.0,1.0
2014-05-24,72.0,52.0,32.0,28.0,3.0
2014-05-25,76.0,40.0,35.0,14.0,1.0
2014-05-26,46.0,23.0,17.0,14.0,1.0
2014-05-27,24.0,18.0,16.0,15.0,1.0
2014-05-28,16.0,11.0,17.0,14.0,1.0
2014-05-29,20.0,18.0,14.0,16.0,2.0
2014-05-30,36.0,15.0,16.0,15.0,3.0
2014-05-31,31.0,16.0,25.0,14.0,3.0
2014-06-01,24.0,24.0,20.0,17.0,2.0
2014-06-02,32.0,23.0,19.0,15.0,2.0
2014-06-03,46.0,51.0,28.0,18.0,3.0
2014-06-04,75.0,68.0,36.0,24.0,4.0
2014-06-05,71.0,58.0,25.0,28.0,3.0
2014-06-06,72.0,33.0,36.0,24.0,2.0
2014-06-07,53.0,20.0,40.0,14.0,1.0
2014-06-08,37.0,25.0,35.0,20.0,1.0
2014-06-09,46.0,55.0,22.0,19.0,1.0
2014-06-10,58.0,29.0,22.0,18.0,1.0
2014-06-11,36.0,14.0,25.0,23.0,1.0
2014-06-12,30.0,14.0,20.0,24.0,1.0
2014-06-13,30.0,24.0,20.0,14.0,1.0
2014-06-14,31.0,23.0,25.0,14.0,2.0
2014-06-15,22.0,20.0,23.0,15.0,2.0
2014-06-16,18.0,32.0,16.0,13.0,2.0
2014-06-17,19.0,17.0,22.0,13.0,2.0
2014-06-18,16.0,13.0,22.0,14.0,2.0
2014-06-19,13.0,14.0,21.0,12.0,2.0
2014-06-20,18.0,10.0,24.0,7.0,1.0
2014-06-21,17.0,8.0,24.0,10.0,2.0
2014-06-22,16.0,15.0,22.0,14.0,2.0
2014-06-23,22.0,20.0,20.0,18.0,2.0
2014-06-24,24.0,51.0,17.0,17.0,2.0
2014-06-25,39.0,35.0,21.0,19.0,2.0
2014-06-26,45.0,27.0,21.0,18.0,2.0
2014-06-27,35.0,19.0,25.0,18.0,1.0
2014-06-28,31.0,23.0,26.0,15.0,
2014-06-29,36.0,31.0,13.0,15.0,
2014-06-30,31.0,47.0,14.0,18.0,
2014-07-01,36.0,19.0,25.0,9.0,
2014-07-02,39.0,17.0,30.0,13.0,1.0
2014-07-03,33.0,17.0,28.0,11.0,1.0
2014-07-04,35.0,18.0,21.0,17.0,3.0
2014-07-05,40.0,28.0,33.0,20.0,2.0
2014-07-06,44.0,33.0,35.0,14.0,1.0
2014-07-07,54.0,30.0,30.0,20.0,1.0
2014-07-08,52.0,36.0,26.0,30.0,2.0
2014-07-09,57.0,30.0,21.0,11.0,1.0
2014-07-10,40.0,28.0,21.0,11.0,1.0
2014-07-11,33.0,35.0,35.0,12.0,1.0
2014-07-12,36.0,34.0,34.0,9.0,2.0
2014-07-13,54.0,25.0,25.0,14.0,2.0
2014-07-14,50.0,18.0,39.0,14.0,2.0
2014-07-15,43.0,18.0,30.0,15.0,2.0
2014-07-16,43.0,20.0,28.0,14.0,4.0
2014-07-17,40.0,19.0,27.0,16.0,3.0
2014-07-18,43.0,18.0,30.0,12.0,3.0
2014-07-19,36.0,29.0,26.0,22.0,3.0
2014-07-20,55.0,30.0,27.0,17.0,3.0
2014-07-21,50.0,40.0,24.0,23.0,1.0
2014-07-22,57.0,40.0,28.0,25.0,
2014-07-23,53.0,36.0,38.0,27.0,
2014-07-24,60.0,29.0,40.0,24.0,2.0
2014-07-25,55.0,23.0,32.0,18.0,1.0
2014-07-26,57.0,27.0,33.0,20.0,1.0
2014-07-27,51.0,30.0,38.0,23.0,1.0
2014-07-28,59.0,30.0,42.0,18.0,1.0
2014-07-29,61.0,32.0,49.0,23.0,1.0
2014-07-30,73.0,30.0,45.0,14.0,2.0
2014-07-31,61.0,22.0,32.0,9.0,1.0
2014-08-01,29.0,18.0,36.0,16.0,2.0
2014-08-02,44.0,29.0,57.0,17.0,2.0
2014-08-03,52.0,33.0,66.0,17.0,2.0
2014-08-04,64.0,32.0,49.0,21.0,2.0
2014-08-05,63.0,36.0,51.0,22.0,3.0
2014-08-06,66.0,61.0,39.0,22.0,2.0
2014-08-07,60.0,20.0,43.0,15.0,3.0
2014-08-08,41.0,24.0,44.0,18.0,3.0
2014-08-09,49.0,21.0,43.0,15.0,3.0
2014-08-10,47.0,22.0,36.0,16.0,2.0
2014-08-11,51.0,18.0,35.0,12.0,
2014-08-12,33.0,16.0,37.0,13.0,
2014-08-13,22.0,22.0,37.0,20.0,
2014-08-14,36.0,17.0,38.0,18.0,
2014-08-15,31.0,14.0,34.0,13.0,
2014-08-16,23.0,20.0,17.0,18.0,
2014-08-17,23.0,14.0,28.0,11.0,
2014-08-18,26.0,11.0,27.0,10.0,
2014-08-19,22.0,15.0,31.0,12.0,
2014-08-20,25.0,14.0,29.0,10.0,
2014-08-21,19.0,15.0,32.0,16.0,
2014-08-22,23.0,19.0,35.0,22.0,
2014-08-23,33.0,12.0,28.0,19.0,
2014-08-24,28.0,15.0,21.0,28.0,
2014-08-25,30.0,18.0,20.0,25.0,
2014-08-26,36.0,18.0,18.0,22.0,
2014-08-27,24.0,17.0,19.0,27.0,
2014-08-28,26.0,17.0,18.0,27.0,
2014-08-29,24.0,16.0,22.0,21.0,
2014-08-30,26.0,22.0,23.0,14.0,1.0
2014-08-31,25.0,19.0,24.0,16.0,
2014-09-01,24.0,22.0,27.0,20.0,
2014-09-02,33.0,16.0,28.0,12.0,1.0
2014-09-03,28.0,17.0,28.0,13.0,2.0
2014-09-04,35.0,17.0,31.0,11.0,1.0
2014-09-05,29.0,22.0,30.0,21.0,
2014-09-06,44.0,20.0,33.0,21.0,1.0
2014-09-07,47.0,24.0,25.0,24.0,
2014-09-08,48.0,22.0,25.0,16.0,
2014-09-09,43.0,31.0,24.0,27.0,1.0
2014-09-10,65.0,34.0,26.0,26.0,
2014-09-11,73.0,28.0,26.0,16.0,1.0
2014-09-12,67.0,21.0,26.0,18.0,
2014-09-13,47.0,26.0,25.0,25.0,
2014-09-14,52.0,29.0,17.0,22.0,4.0
2014-09-15,61.0,32.0,22.0,23.0,4.0
2014-09-16,63.0,39.0,15.0,29.0,4.0
2014-09-17,70.0,37.0,22.0,31.0,4.0
2014-09-18,64.0,39.0,16.0,28.0,3.0
2014-09-19,74.0,45.0,23.0,23.0,1.0
2014-09-20,86.0,39.0,30.0,16.0,1.0
2014-09-21,80.0,32.0,19.0,22.0,
2014-09-22,68.0,12.0,18.0,14.0,
2014-09-23,16.0,11.0,21.0,9.0,
2014-09-24,20.0,14.0,21.0,11.0,1.0
2014-09-25,38.0,18.0,24.0,10.0,1.0
2014-09-26,50.0,9.0,23.0,6.0,
2014-09-27,17.0,11.0,21.0,6.0,1.0
2014-09-28,19.0,25.0,22.0,12.0,
2014-09-29,32.0,20.0,20.0,15.0,1.0
2014-09-30,29.0,28.0,12.0,21.0,2.0
2014-10-01,43.0,25.0,16.0,21.0,1.0
2014-10-02,41.0,21.0,15.0,17.0,2.0
2014-10-03,47.0,23.0,18.0,17.0,1.0
2014-10-04,62.0,18.0,21.0,11.0,1.0
2014-10-05,43.0,24.0,19.0,11.0,2.0
2014-10-06,47.0,24.0,20.0,11.0,1.0
2014-10-07,49.0,30.0,22.0,10.0,1.0
2014-10-08,68.0,33.0,13.0,13.0,1.0
2014-10-09,80.0,15.0,11.0,13.0,
2014-10-10,48.0,17.0,19.0,8.0,1.0
2014-10-11,46.0,21.0,11.0,18.0,
2014-10-12,47.0,23.0,6.0,14.0,1.0
2014-10-13,44.0,16.0,8.0,20.0,1.0
2014-10-14,32.0,15.0,13.0,14.0,
2014-10-15,25.0,15.0,17.0,18.0,
2014-10-16,23.0,19.0,18.0,26.0,1.0
2014-10-17,24.0,17.0,17.0,26.0,2.0
2014-10-18,30.0,10.0,22.0,10.0,1.0
2014-10-19,20.0,15.0,8.0,20.0,
2014-10-20,22.0,15.0,20.0,16.0,
2014-10-21,23.0,16.0,23.0,16.0,1.0
2014-10-22,28.0,16.0,22.0,14.0,2.0
2014-10-23,27.0,15.0,24.0,7.0,1.0
2014-10-24,23.0,,,,
2014-10-26,,16.0,21.0,8.0,
2014-10-27,39.0,15.0,20.0,7.0,
2014-10-28,33.0,22.0,27.0,9.0,1.0
2014-10-29,55.0,14.0,25.0,17.0,2.0
2014-10-30,24.0,21.0,17.0,20.0,1.0
2014-10-31,21.0,24.0,25.0,21.0,1.0
2014-11-01,30.0,15.0,23.0,6.0,1.0
2014-11-02,37.0,33.0,16.0,9.0,1.0
2014-11-03,77.0,25.0,17.0,11.0,1.0
2014-11-04,68.0,27.0,22.0,17.0,1.0
2014-11-05,40.0,9.0,20.0,16.0,1.0
2014-11-06,18.0,12.0,9.0,21.0,
2014-11-07,19.0,19.0,9.0,12.0,
2014-11-08,20.0,20.0,16.0,13.0,
2014-11-09,41.0,17.0,16.0,11.0,
2014-11-10,38.0,14.0,9.0,8.0,
2014-11-11,41.0,35.0,12.0,21.0,
2014-11-12,39.0,28.0,13.0,16.0,1.0
2014-11-13,27.0,30.0,15.0,20.0,1.0
2014-11-14,34.0,26.0,12.0,16.0,1.0
2014-11-15,36.0,32.0,14.0,13.0,1.0
2014-11-16,52.0,33.0,21.0,13.0,1.0
2014-11-17,49.0,34.0,12.0,14.0,
2014-11-18,59.0,33.0,14.0,19.0,1.0
2014-11-19,56.0,32.0,9.0,25.0,4.0
2014-11-20,59.0,30.0,8.0,24.0,3.0
2014-11-21,61.0,19.0,4.0,23.0,
2014-11-22,59.0,17.0,6.0,20.0,
2014-11-23,52.0,13.0,20.0,9.0,
2014-11-24,34.0,24.0,18.0,9.0,
2014-11-25,68.0,21.0,11.0,11.0,
2014-11-26,58.0,21.0,9.0,12.0,
2014-11-27,53.0,15.0,14.0,15.0,
2014-11-28,42.0,13.0,20.0,15.0,
2014-11-29,34.0,40.0,21.0,16.0,2.0
2014-11-30,56.0,44.0,14.0,27.0,3.0
2014-12-01,52.0,24.0,21.0,13.0,6.0
2014-12-02,46.0,19.0,24.0,12.0,1.0
2014-12-03,35.0,14.0,20.0,20.0,
2014-12-04,31.0,13.0,18.0,16.0,
2014-12-05,33.0,10.0,18.0,9.0,
2014-12-06,29.0,10.0,23.0,10.0,1.0
2014-12-07,21.0,10.0,25.0,8.0,
2014-12-08,27.0,12.0,22.0,14.0,1.0
2014-12-09,16.0,15.0,25.0,7.0,
2014-12-10,26.0,19.0,18.0,9.0,
2014-12-11,44.0,21.0,17.0,10.0,
2014-12-12,55.0,7.0,23.0,8.0,
2014-12-13,20.0,9.0,21.0,11.0,1.0
2014-12-14,27.0,15.0,23.0,9.0,
2014-12-15,35.0,14.0,23.0,12.0,2.0
2014-12-16,30.0,11.0,20.0,19.0,
2014-12-17,25.0,11.0,19.0,15.0,1.0
2014-12-18,26.0,7.0,23.0,11.0,
2014-12-19,11.0,13.0,25.0,11.0,
2014-12-20,16.0,12.0,24.0,8.0,
2014-12-21,14.0,10.0,22.0,20.0,
2014-12-22,20.0,12.0,14.0,23.0,1.0
2014-12-23,36.0,11.0,17.0,9.0,1.0
2014-12-24,28.0,16.0,20.0,11.0,2.0
2014-12-25,29.0,7.0,21.0,9.0,1.0
2014-12-26,16.0,8.0,22.0,17.0,1.0
2014-12-27,20.0,9.0,25.0,20.0,1.0
2014-12-28,28.0,,,,
2014-12-31,,17.0,21.0,9.0,
2015-01-01,41.0,9.0,26.0,6.0,
2015-01-02,13.0,7.0,30.0,5.0,
2015-01-03,10.0,8.0,18.0,11.0,1.0
2015-01-04,20.0,32.0,18.0,20.0,4.0
2015-01-05,37.0,45.0,19.0,29.0,5.0
2015-01-06,42.0,14.0,27.0,11.0,1.0
2015-01-07,15.0,12.0,23.0,9.0,
2015-01-08,28.0,6.0,18.0,15.0,
2015-01-09,13.0,8.0,22.0,11.0,
2015-01-10,22.0,11.0,25.0,9.0,1.0
2015-01-11,23.0,21.0,16.0,18.0,4.0
2015-01-12,43.0,12.0,24.0,15.0,
2015-01-13,22.0,12.0,26.0,12.0,
2015-01-14,18.0,11.0,24.0,13.0,
2015-01-15,22.0,12.0,25.0,9.0,
2015-01-16,29.0,16.0,25.0,10.0,2.0
2015-01-17,31.0,10.0,25.0,8.0,
2015-01-18,24.0,12.0,19.0,16.0,
2015-01-19,24.0,12.0,18.0,16.0,2.0
2015-01-20,27.0,18.0,18.0,14.0,1.0
2015-01-21,38.0,33.0,11.0,22.0,4.0
2015-01-22,45.0,18.0,11.0,18.0,2.0
2015-01-23,48.0,9.0,21.0,11.0,1.0
2015-01-24,25.0,12.0,22.0,8.0,
2015-01-25,39.0,12.0,22.0,13.0,
2015-01-26,36.0,16.0,28.0,11.0,
2015-01-27,33.0,10.0,24.0,11.0,1.0
2015-01-28,23.0,12.0,23.0,9.0,
2015-01-29,38.0,17.0,21.0,11.0,
2015-01-30,48.0,15.0,18.0,9.0,1.0
2015-01-31,48.0,6.0,14.0,11.0,
2015-02-01,20.0,7.0,15.0,13.0,
2015-02-02,19.0,16.0,20.0,14.0,
2015-02-03,52.0,27.0,15.0,22.0,2.0
2015-02-04,71.0,18.0,20.0,17.0,1.0
2015-02-05,49.0,10.0,22.0,17.0,1.0
2015-02-06,22.0,8.0,28.0,13.0,
2015-02-07,16.0,46.0,31.0,12.0,1.0
2015-02-08,20.0,17.0,27.0,14.0,
2015-02-09,17.0,7.0,29.0,16.0,
2015-02-10,14.0,21.0,28.0,17.0,1.0
2015-02-11,16.0,12.0,23.0,14.0,1.0
2015-02-12,24.0,10.0,18.0,18.0,
2015-02-13,19.0,15.0,22.0,13.0,1.0
2015-02-14,42.0,52.0,28.0,19.0,1.0
2015-02-15,28.0,29.0,29.0,9.0,
2015-02-16,18.0,35.0,30.0,11.0,4.0
2015-02-17,32.0,21.0,31.0,16.0,2.0
2015-02-18,39.0,9.0,22.0,12.0,
2015-02-19,15.0,14.0,24.0,10.0,
2015-02-20,35.0,14.0,19.0,13.0,1.0
2015-02-21,38.0,18.0,30.0,8.0,
2015-02-22,49.0,12.0,30.0,12.0,1.0
2015-02-23,20.0,25.0,26.0,13.0,
2015-02-24,75.0,18.0,23.0,16.0,
2015-02-25,37.0,18.0,23.0,14.0,1.0
2015-02-26,33.0,21.0,25.0,15.0,
2015-02-27,45.0,21.0,25.0,15.0,
2015-02-28,51.0,20.0,23.0,10.0,
2015-03-01,55.0,21.0,22.0,11.0,
2015-03-02,59.0,11.0,19.0,16.0,
2015-03-03,30.0,5.0,24.0,10.0,1.0
2015-03-04,14.0,13.0,22.0,14.0,1.0
2015-03-05,18.0,11.0,27.0,13.0,1.0
2015-03-06,11.0,10.0,26.0,12.0,1.0
2015-03-07,19.0,19.0,23.0,8.0,1.0
2015-03-08,44.0,35.0,28.0,15.0,1.0
2015-03-09,36.0,20.0,26.0,14.0,1.0
2015-03-10,25.0,48.0,26.0,22.0,
2015-03-11,37.0,28.0,26.0,27.0,
2015-03-12,25.0,33.0,25.0,22.0,
2015-03-13,36.0,31.0,25.0,20.0,
2015-03-14,38.0,29.0,28.0,19.0,1.0
2015-03-15,46.0,35.0,28.0,23.0,
2015-03-16,55.0,38.0,22.0,31.0,
2015-03-17,67.0,58.0,24.0,45.0,
2015-03-18,85.0,45.0,32.0,33.0,
2015-03-19,69.0,22.0,29.0,16.0,
2015-03-20,33.0,44.0,33.0,21.0,
2015-03-21,25.0,27.0,30.0,15.0,2.0
2015-03-22,16.0,8.0,30.0,7.0,
2015-03-23,15.0,25.0,26.0,14.0,
2015-03-24,28.0,19.0,29.0,19.0,
2015-03-25,29.0,24.0,29.0,15.0,
2015-03-26,29.0,25.0,30.0,17.0,
2015-03-27,49.0,25.0,27.0,14.0,
2015-03-28,67.0,16.0,25.0,10.0,
2015-03-29,33.0,34.0,22.0,11.0,
2015-03-30,67.0,9.0,22.0,8.0,
2015-03-31,15.0,17.0,20.0,15.0,
2015-04-01,27.0,18.0,14.0,18.0,1.0
2015-04-02,32.0,22.0,16.0,19.0,
2015-04-03,29.0,17.0,25.0,15.0,
2015-04-04,31.0,21.0,28.0,13.0,
2015-04-05,42.0,33.0,30.0,18.0,
2015-04-06,44.0,22.0,26.0,15.0,
2015-04-07,33.0,36.0,30.0,9.0,
2015-04-08,22.0,29.0,31.0,12.0,
2015-04-09,24.0,26.0,33.0,11.0,
2015-04-10,28.0,21.0,32.0,14.0,
2015-04-11,32.0,20.0,32.0,12.0,1.0
2015-04-12,43.0,18.0,31.0,12.0,1.0
2015-04-13,21.0,17.0,29.0,10.0,
2015-04-14,12.0,23.0,30.0,13.0,
2015-04-15,17.0,15.0,29.0,12.0,
2015-04-16,17.0,17.0,26.0,19.0,
2015-04-17,23.0,28.0,30.0,21.0,
2015-04-18,30.0,20.0,31.0,16.0,1.0
2015-04-19,22.0,29.0,35.0,17.0,
2015-04-20,16.0,35.0,34.0,25.0,
2015-04-21,25.0,30.0,33.0,13.0,
2015-04-22,19.0,33.0,36.0,9.0,
2015-04-23,21.0,21.0,32.0,11.0,
2015-04-24,21.0,20.0,29.0,14.0,1.0
2015-04-25,19.0,17.0,29.0,14.0,1.0
2015-04-26,31.0,18.0,24.0,17.0,
2015-04-27,28.0,24.0,26.0,17.0,
2015-04-28,35.0,16.0,25.0,23.0,
2015-04-29,22.0,14.0,25.0,16.0,1.0
2015-04-30,25.0,37.0,32.0,18.0,1.0
2015-05-01,37.0,17.0,31.0,13.0,1.0
2015-05-02,20.0,11.0,31.0,8.0,1.0
2015-05-03,20.0,23.0,27.0,14.0,
2015-05-04,16.0,33.0,29.0,16.0,1.0
2015-05-05,34.0,26.0,31.0,16.0,1.0
2015-05-06,48.0,25.0,27.0,22.0,
2015-05-07,41.0,18.0,32.0,14.0,1.0
2015-05-08,30.0,16.0,31.0,8.0,1.0
2015-05-09,19.0,26.0,37.0,15.0,1.0
2015-05-10,30.0,16.0,32.0,11.0,1.0
2015-05-11,25.0,19.0,33.0,15.0,4.0
2015-05-12,25.0,16.0,34.0,14.0,1.0
2015-05-13,28.0,10.0,34.0,6.0,
2015-05-14,13.0,11.0,29.0,8.0,1.0
2015-05-15,12.0,15.0,27.0,11.0,1.0
2015-05-16,17.0,19.0,28.0,11.0,1.0
2015-05-17,23.0,22.0,22.0,19.0,1.0
2015-05-18,28.0,19.0,28.0,10.0,1.0
2015-05-19,25.0,16.0,35.0,12.0,1.0
2015-05-20,30.0,19.0,29.0,25.0,1.0
2015-05-21,32.0,17.0,36.0,10.0,
2015-05-22,30.0,16.0,34.0,8.0,
2015-05-23,26.0,13.0,30.0,9.0,1.0
2015-05-24,20.0,22.0,27.0,16.0,
2015-05-25,32.0,41.0,32.0,28.0,
2015-05-26,40.0,20.0,30.0,13.0,
2015-05-27,29.0,21.0,27.0,12.0,
2015-05-28,20.0,19.0,31.0,14.0,
2015-05-29,27.0,19.0,34.0,13.0,
2015-05-30,29.0,14.0,35.0,9.0,
2015-05-31,25.0,16.0,33.0,13.0,
2015-06-01,29.0,20.0,32.0,17.0,
2015-06-02,32.0,18.0,33.0,10.0,
2015-06-03,27.0,20.0,33.0,8.0,1.0
2015-06-04,13.0,20.0,31.0,12.0,
2015-06-05,16.0,27.0,29.0,21.0,
2015-06-06,33.0,20.0,40.0,5.0,
2015-06-07,31.0,16.0,28.0,10.0,1.0
2015-06-08,20.0,20.0,27.0,15.0,
2015-06-09,19.0,19.0,31.0,11.0,
2015-06-10,20.0,26.0,33.0,11.0,
2015-06-11,22.0,20.0,31.0,12.0,
2015-06-12,28.0,15.0,34.0,9.0,
2015-06-13,25.0,21.0,27.0,21.0,3.0
2015-06-14,45.0,13.0,31.0,8.0,
2015-06-15,20.0,12.0,24.0,7.0,
2015-06-16,11.0,14.0,29.0,8.0,
2015-06-17,19.0,13.0,28.0,18.0,
2015-06-18,26.0,15.0,23.0,9.0,
2015-06-19,34.0,29.0,25.0,15.0,
2015-06-20,65.0,13.0,17.0,12.0,
2015-06-21,28.0,17.0,25.0,16.0,
2015-06-22,28.0,17.0,29.0,13.0,
2015-06-23,28.0,13.0,26.0,11.0,
2015-06-24,37.0,19.0,32.0,13.0,
2015-06-25,27.0,17.0,28.0,12.0,
2015-06-26,28.0,12.0,26.0,7.0,
2015-06-27,22.0,14.0,23.0,8.0,
2015-06-28,21.0,20.0,32.0,11.0,
2015-06-29,29.0,22.0,30.0,14.0,
2015-06-30,37.0,29.0,25.0,14.0,
2015-07-01,32.0,28.0,25.0,20.0,
2015-07-02,31.0,27.0,31.0,12.0,
2015-07-03,36.0,21.0,39.0,10.0,
2015-07-04,38.0,20.0,31.0,12.0,
2015-07-05,21.0,26.0,26.0,8.0,
2015-07-06,26.0,17.0,28.0,7.0,
2015-07-07,26.0,13.0,20.0,12.0,
2015-07-08,26.0,19.0,31.0,11.0,
2015-07-09,32.0,23.0,29.0,13.0,
2015-07-10,29.0,20.0,22.0,15.0,
2015-07-11,30.0,17.0,16.0,11.0,
2015-07-12,26.0,22.0,19.0,14.0,
2015-07-13,28.0,18.0,26.0,15.0,
2015-07-14,32.0,21.0,29.0,14.0,
2015-07-15,34.0,26.0,28.0,16.0,
2015-07-16,35.0,14.0,31.0,12.0,
2015-07-17,23.0,15.0,32.0,11.0,
2015-07-18,33.0,11.0,27.0,4.0,
2015-07-19,24.0,17.0,27.0,11.0,
2015-07-20,27.0,14.0,27.0,7.0,
2015-07-21,17.0,10.0,29.0,8.0,
2015-07-22,17.0,16.0,31.0,10.0,
2015-07-23,30.0,13.0,26.0,6.0,
2015-07-24,23.0,14.0,31.0,10.0,
2015-07-25,23.0,21.0,28.0,12.0,
2015-07-26,35.0,13.0,27.0,11.0,
2015-07-27,26.0,26.0,29.0,16.0,
2015-07-28,32.0,26.0,32.0,24.0,1.0
2015-07-29,47.0,13.0,35.0,11.0,
2015-07-30,26.0,11.0,30.0,12.0,
2015-07-31,20.0,8.0,22.0,11.0,
2015-08-01,17.0,10.0,34.0,10.0,
2015-08-02,27.0,14.0,29.0,15.0,
2015-08-03,28.0,14.0,28.0,14.0,
2015-08-04,23.0,27.0,30.0,26.0,
2015-08-05,42.0,27.0,31.0,18.0,
2015-08-06,44.0,21.0,34.0,15.0,
2015-08-07,33.0,20.0,42.0,12.0,
2015-08-08,43.0,15.0,31.0,8.0,
2015-08-09,36.0,25.0,28.0,21.0,
2015-08-10,39.0,30.0,36.0,26.0,
2015-08-11,42.0,28.0,28.0,19.0,
2015-08-12,49.0,17.0,24.0,13.0,
2015-08-13,23.0,16.0,26.0,12.0,
2015-08-14,18.0,17.0,23.0,16.0,
2015-08-15,25.0,29.0,26.0,17.0,
2015-08-16,32.0,28.0,25.0,23.0,
2015-08-17,29.0,30.0,30.0,21.0,
2015-08-18,30.0,33.0,27.0,24.0,
2015-08-19,30.0,30.0,23.0,29.0,
2015-08-20,39.0,26.0,35.0,17.0,
2015-08-21,37.0,26.0,36.0,21.0,
2015-08-22,35.0,31.0,39.0,26.0,
2015-08-23,48.0,34.0,30.0,18.0,
2015-08-24,55.0,34.0,33.0,19.0,
2015-08-25,49.0,23.0,28.0,12.0,
2015-08-26,37.0,19.0,27.0,15.0,
2015-08-27,34.0,11.0,38.0,14.0,
2015-08-28,31.0,11.0,25.0,7.0,
2015-08-29,16.0,14.0,25.0,12.0,
2015-08-30,20.0,17.0,28.0,17.0,
2015-08-31,27.0,26.0,24.0,21.0,
2015-09-01,31.0,20.0,16.0,17.0,
2015-09-02,29.0,9.0,19.0,17.0,
2015-09-03,21.0,17.0,30.0,19.0,
2015-09-04,25.0,11.0,34.0,14.0,
2015-09-05,22.0,14.0,27.0,23.0,
2015-09-06,26.0,13.0,12.0,19.0,
2015-09-07,23.0,12.0,17.0,16.0,
2015-09-08,20.0,17.0,17.0,19.0,
2015-09-09,28.0,18.0,20.0,18.0,
2015-09-10,29.0,29.0,22.0,22.0,
2015-09-11,45.0,22.0,25.0,17.0,
2015-09-12,41.0,14.0,25.0,9.0,
2015-09-13,29.0,22.0,24.0,13.0,
2015-09-14,37.0,27.0,25.0,11.0,
2015-09-15,40.0,20.0,18.0,14.0,
2015-09-16,51.0,23.0,18.0,15.0,
2015-09-17,59.0,16.0,33.0,8.0,
2015-09-18,49.0,11.0,33.0,3.0,
2015-09-19,22.0,11.0,24.0,9.0,
2015-09-20,21.0,13.0,18.0,25.0,
2015-09-21,27.0,9.0,28.0,10.0,
2015-09-22,25.0,14.0,22.0,8.0,
2015-09-23,24.0,24.0,33.0,16.0,
2015-09-24,47.0,14.0,28.0,14.0,
2015-09-25,32.0,11.0,23.0,11.0,
2015-09-26,22.0,10.0,21.0,10.0,
2015-09-27,16.0,15.0,18.0,15.0,
2015-09-28,20.0,17.0,19.0,17.0,
2015-09-29,27.0,10.0,24.0,12.0,
2015-09-30,15.0,11.0,21.0,11.0,
2015-10-01,21.0,11.0,25.0,9.0,
2015-10-02,20.0,12.0,26.0,6.0,
2015-10-03,19.0,,,,
2015-10-04,,19.0,19.0,21.0,
2015-10-05,30.0,21.0,17.0,24.0,
2015-10-06,23.0,25.0,18.0,30.0,
2015-10-07,33.0,26.0,18.0,32.0,
2015-10-08,35.0,24.0,18.0,31.0,
2015-10-09,31.0,16.0,23.0,21.0,
2015-10-10,21.0,17.0,23.0,22.0,
2015-10-11,30.0,17.0,20.0,18.0,
2015-10-12,32.0,22.0,20.0,27.0,
2015-10-13,35.0,14.0,21.0,20.0,
2015-10-14,22.0,13.0,15.0,19.0,
2015-10-15,25.0,16.0,22.0,17.0,1.0
2015-10-16,28.0,28.0,22.0,27.0,
2015-10-17,58.0,17.0,15.0,17.0,
2015-10-18,30.0,20.0,19.0,17.0,
2015-10-19,26.0,19.0,20.0,13.0,
2015-10-20,22.0,23.0,13.0,9.0,
2015-10-21,35.0,23.0,16.0,8.0,1.0
2015-10-22,46.0,12.0,18.0,12.0,
2015-10-23,18.0,15.0,19.0,15.0,
2015-10-24,13.0,12.0,22.0,8.0,
2015-10-25,21.0,14.0,21.0,11.0,
2015-10-26,10.0,15.0,20.0,15.0,
2015-10-27,14.0,28.0,19.0,27.0,1.0
2015-10-28,29.0,19.0,19.0,23.0,
2015-10-29,23.0,36.0,8.0,29.0,
2015-10-30,43.0,16.0,23.0,14.0,
2015-10-31,42.0,30.0,27.0,7.0,1.0
2015-11-01,84.0,21.0,15.0,10.0,
2015-11-02,50.0,19.0,20.0,15.0,
2015-11-03,28.0,15.0,23.0,13.0,
2015-11-04,22.0,,,,
2015-11-10,,17.0,17.0,18.0,
2015-11-11,21.0,18.0,16.0,26.0,
2015-11-12,29.0,13.0,16.0,13.0,
2015-11-13,18.0,14.0,20.0,8.0,
2015-11-14,23.0,12.0,22.0,11.0,1.0
2015-11-15,15.0,12.0,22.0,13.0,
2015-11-16,17.0,12.0,22.0,13.0,
2015-11-17,18.0,8.0,25.0,18.0,
2015-11-18,16.0,10.0,22.0,24.0,
2015-11-19,19.0,7.0,11.0,15.0,
2015-11-20,10.0,8.0,19.0,9.0,1.0
2015-11-21,10.0,9.0,12.0,7.0,
2015-11-22,18.0,38.0,18.0,24.0,1.0
2015-11-23,26.0,17.0,21.0,18.0,
2015-11-24,21.0,17.0,20.0,10.0,
2015-11-25,37.0,18.0,18.0,9.0,
2015-11-26,52.0,7.0,26.0,7.0,
2015-11-27,11.0,15.0,26.0,7.0,1.0
2015-11-28,34.0,17.0,21.0,7.0,
2015-11-29,43.0,9.0,27.0,5.0,
2015-11-30,15.0,15.0,23.0,12.0,
2015-12-01,15.0,32.0,22.0,17.0,
2015-12-02,26.0,9.0,22.0,15.0,
2015-12-03,14.0,10.0,21.0,13.0,
2015-12-04,19.0,8.0,25.0,7.0,
2015-12-05,16.0,6.0,26.0,4.0,
2015-12-06,13.0,16.0,30.0,8.0,
2015-12-07,20.0,25.0,25.0,12.0,
2015-12-08,19.0,18.0,20.0,8.0,2.0
2015-12-09,25.0,12.0,24.0,8.0,
2015-12-10,17.0,17.0,22.0,15.0,1.0
2015-12-11,18.0,12.0,19.0,19.0,
2015-12-12,18.0,8.0,16.0,20.0,
2015-12-13,17.0,18.0,14.0,21.0,
2015-12-14,22.0,12.0,19.0,16.0,
2015-12-15,14.0,7.0,21.0,14.0,
2015-12-16,15.0,9.0,20.0,15.0,
2015-12-17,21.0,7.0,12.0,9.0,
2015-12-18,15.0,10.0,20.0,10.0,
2015-12-19,22.0,10.0,17.0,7.0,
2015-12-20,22.0,20.0,23.0,8.0,1.0
2015-12-21,38.0,17.0,25.0,11.0,
2015-12-22,23.0,13.0,24.0,10.0,
2015-12-23,14.0,18.0,25.0,5.0,
2015-12-24,26.0,12.0,29.0,3.0,
2015-12-25,20.0,19.0,28.0,5.0,
2015-12-26,16.0,11.0,27.0,16.0,
2015-12-27,22.0,13.0,12.0,31.0,2.0
2015-12-28,28.0,19.0,17.0,32.0,1.0
2015-12-29,41.0,12.0,21.0,19.0,
2015-12-30,27.0,,,,
2016-01-03,,15.0,17.0,12.0,
2016-01-04,33.0,,,,
2016-01-05,,12.0,11.0,9.0,
2016-01-06,49.0,19.0,5.0,13.0,1.0
2016-01-07,62.0,20.0,11.0,18.0,1.0
2016-01-08,66.0,14.0,11.0,9.0,2.0
2016-01-09,58.0,14.0,7.0,16.0,5.0
2016-01-10,60.0,8.0,24.0,5.0,1.0
2016-01-11,33.0,8.0,24.0,9.0,1.0
2016-01-12,25.0,11.0,23.0,8.0,
2016-01-13,31.0,10.0,17.0,15.0,6.0
2016-01-14,36.0,9.0,15.0,15.0,2.0
2016-01-15,32.0,13.0,5.0,20.0,
2016-01-16,50.0,9.0,15.0,12.0,1.0
2016-01-17,38.0,13.0,6.0,17.0,3.0
2016-01-18,46.0,16.0,3.0,18.0,4.0
2016-01-19,55.0,17.0,6.0,19.0,4.0
2016-01-20,53.0,26.0,1.0,26.0,1.0
2016-01-21,64.0,24.0,2.0,26.0,2.0
2016-01-22,63.0,11.0,20.0,11.0,1.0
2016-01-23,32.0,14.0,25.0,12.0,
2016-01-24,57.0,16.0,9.0,16.0,
2016-01-25,65.0,3.0,19.0,8.0,
2016-01-26,17.0,4.0,19.0,9.0,
2016-01-27,11.0,5.0,22.0,7.0,
2016-01-28,11.0,6.0,26.0,6.0,
2016-01-29,18.0,11.0,26.0,4.0,2.0
2016-01-30,28.0,9.0,30.0,4.0,
2016-01-31,19.0,6.0,23.0,7.0,1.0
2016-02-01,17.0,5.0,25.0,6.0,
2016-02-02,14.0,6.0,23.0,11.0,
2016-02-03,20.0,6.0,22.0,10.0,
2016-02-04,16.0,6.0,22.0,6.0,
2016-02-05,17.0,6.0,21.0,8.0,
2016-02-06,21.0,15.0,11.0,6.0,1.0
2016-02-07,53.0,14.0,21.0,9.0,
2016-02-08,59.0,14.0,23.0,8.0,
2016-02-09,48.0,12.0,23.0,7.0,
2016-02-10,36.0,10.0,19.0,8.0,
2016-02-11,40.0,7.0,24.0,4.0,
2016-02-12,21.0,6.0,23.0,5.0,
2016-02-13,25.0,8.0,21.0,4.0,
2016-02-14,32.0,9.0,23.0,9.0,
2016-02-15,31.0,9.0,22.0,8.0,
2016-02-16,19.0,7.0,25.0,5.0,
2016-02-17,15.0,10.0,22.0,7.0,
2016-02-18,20.0,11.0,16.0,12.0,
2016-02-19,38.0,8.0,15.0,7.0,
2016-02-20,36.0,8.0,19.0,4.0,
2016-02-21,34.0,7.0,17.0,16.0,
2016-02-22,19.0,8.0,22.0,8.0,
2016-02-23,25.0,6.0,25.0,4.0,
2016-02-24,12.0,8.0,25.0,5.0,
2016-02-25,15.0,8.0,24.0,7.0,
2016-02-26,21.0,8.0,26.0,4.0,
2016-02-27,27.0,9.0,25.0,6.0,
2016-02-28,20.0,14.0,21.0,12.0,2.0
2016-02-29,30.0,7.0,25.0,8.0,
2016-03-01,24.0,25.0,24.0,10.0,
2016-03-02,34.0,14.0,23.0,12.0,1.0
2016-03-03,39.0,21.0,19.0,14.0,1.0
2016-03-04,59.0,11.0,15.0,8.0,
2016-03-05,47.0,6.0,21.0,6.0,
2016-03-06,31.0,14.0,21.0,11.0,
2016-03-07,52.0,12.0,8.0,13.0,
2016-03-08,50.0,10.0,22.0,10.0,
2016-03-09,37.0,15.0,21.0,12.0,5.0
2016-03-10,42.0,25.0,22.0,16.0,7.0
2016-03-11,51.0,23.0,24.0,12.0,
2016-03-12,46.0,16.0,28.0,5.0,
2016-03-13,46.0,23.0,25.0,9.0,
2016-03-14,38.0,21.0,25.0,8.0,
2016-03-15,27.0,15.0,24.0,5.0,
2016-03-16,18.0,16.0,29.0,5.0,
2016-03-17,15.0,12.0,25.0,5.0,
2016-03-18,14.0,16.0,23.0,4.0,
2016-03-19,17.0,12.0,26.0,4.0,
2016-03-20,16.0,11.0,23.0,8.0,
2016-03-21,20.0,19.0,27.0,9.0,
2016-03-22,39.0,20.0,27.0,7.0,
2016-03-23,26.0,18.0,24.0,9.0,
2016-03-24,38.0,8.0,27.0,6.0,
2016-03-25,27.0,15.0,19.0,9.0,
2016-03-26,61.0,7.0,25.0,4.0,
2016-03-27,18.0,24.0,27.0,11.0,
2016-03-28,64.0,27.0,35.0,8.0,
2016-03-29,62.0,25.0,32.0,12.0,
2016-03-30,50.0,26.0,21.0,15.0,
2016-03-31,29.0,17.0,22.0,6.0,
2016-04-01,24.0,15.0,29.0,3.0,
2016-04-02,23.0,10.0,25.0,5.0,
2016-04-03,25.0,24.0,26.0,22.0,
2016-04-04,42.0,25.0,25.0,12.0,
2016-04-05,50.0,19.0,30.0,10.0,1.0
2016-04-06,55.0,15.0,29.0,8.0,2.0
2016-04-07,27.0,15.0,32.0,5.0,4.0
2016-04-08,25.0,8.0,26.0,6.0,1.0
2016-04-09,30.0,12.0,24.0,7.0,1.0
2016-04-10,24.0,23.0,28.0,12.0,
2016-04-11,27.0,37.0,28.0,21.0,1.0
2016-04-12,41.0,29.0,32.0,14.0,
2016-04-13,32.0,22.0,30.0,5.0,
2016-04-14,23.0,17.0,30.0,6.0,
2016-04-15,21.0,12.0,34.0,7.0,
2016-04-16,30.0,11.0,30.0,8.0,
2016-04-17,37.0,10.0,33.0,5.0,
2016-04-18,21.0,12.0,31.0,5.0,4.0
2016-04-19,22.0,9.0,26.0,6.0,
2016-04-20,17.0,25.0,31.0,11.0,
2016-04-21,20.0,21.0,26.0,22.0,
2016-04-22,25.0,19.0,28.0,22.0,1.0
2016-04-23,24.0,20.0,31.0,15.0,
2016-04-24,32.0,8.0,31.0,4.0,3.0
2016-04-25,20.0,6.0,30.0,9.0,
2016-04-26,17.0,7.0,30.0,6.0,1.0
2016-04-27,19.0,11.0,24.0,8.0,
2016-04-28,36.0,9.0,36.0,7.0,
2016-04-29,35.0,13.0,28.0,11.0,
2016-04-30,46.0,12.0,41.0,9.0,
2016-05-01,38.0,17.0,40.0,12.0,
2016-05-02,41.0,23.0,40.0,18.0,1.0
2016-05-03,50.0,23.0,42.0,18.0,1.0
2016-05-04,49.0,16.0,45.0,6.0,1.0
2016-05-05,39.0,13.0,38.0,6.0,1.0
2016-05-06,31.0,13.0,42.0,5.0,
2016-05-07,30.0,12.0,43.0,5.0,
2016-05-08,31.0,17.0,42.0,8.0,1.0
2016-05-09,28.0,23.0,42.0,10.0,1.0
2016-05-10,31.0,12.0,37.0,4.0,
2016-05-11,17.0,9.0,29.0,9.0,1.0
2016-05-12,24.0,10.0,30.0,5.0,
2016-05-13,31.0,22.0,29.0,6.0,
2016-05-14,44.0,15.0,39.0,4.0,
2016-05-15,53.0,10.0,31.0,7.0,
2016-05-16,38.0,13.0,26.0,9.0,1.0
2016-05-17,27.0,13.0,29.0,10.0,
2016-05-18,24.0,20.0,36.0,12.0,2.0
2016-05-19,30.0,9.0,36.0,7.0,
2016-05-20,36.0,12.0,43.0,4.0,
2016-05-21,41.0,8.0,33.0,3.0,1.0
2016-05-22,33.0,12.0,29.0,10.0,
2016-05-23,32.0,13.0,38.0,11.0,
2016-05-24,47.0,24.0,41.0,21.0,
2016-05-25,52.0,23.0,22.0,15.0,
2016-05-26,44.0,13.0,25.0,6.0,2.0
2016-05-27,22.0,11.0,23.0,3.0,
2016-05-28,37.0,8.0,23.0,2.0,
2016-05-29,25.0,31.0,28.0,14.0,
2016-05-30,42.0,28.0,33.0,15.0,
2016-05-31,44.0,30.0,36.0,14.0,
2016-06-01,43.0,45.0,26.0,29.0,
2016-06-02,56.0,17.0,41.0,10.0,
2016-06-03,63.0,9.0,33.0,2.0,
2016-06-04,15.0,8.0,29.0,2.0,
2016-06-05,17.0,10.0,28.0,4.0,
2016-06-06,21.0,12.0,32.0,5.0,1.0
2016-06-07,25.0,10.0,30.0,5.0,
2016-06-08,30.0,9.0,26.0,3.0,1.0
2016-06-09,11.0,7.0,28.0,5.0,
2016-06-10,22.0,7.0,24.0,3.0,
2016-06-11,25.0,6.0,24.0,1.0,
2016-06-12,22.0,9.0,26.0,4.0,
2016-06-13,24.0,10.0,28.0,7.0,
2016-06-14,31.0,17.0,41.0,11.0,
2016-06-15,40.0,14.0,31.0,9.0,
2016-06-16,55.0,9.0,28.0,10.0,
2016-06-17,39.0,7.0,28.0,4.0,
2016-06-18,26.0,7.0,27.0,2.0,
2016-06-19,23.0,14.0,31.0,6.0,1.0
2016-06-20,41.0,16.0,29.0,11.0,
2016-06-21,47.0,12.0,33.0,5.0,
2016-06-22,42.0,9.0,25.0,5.0,1.0
2016-06-23,32.0,9.0,27.0,7.0,
2016-06-24,43.0,21.0,36.0,8.0,
2016-06-25,62.0,22.0,37.0,8.0,
2016-06-26,65.0,9.0,29.0,5.0,
2016-06-27,37.0,9.0,34.0,3.0,
2016-06-28,31.0,14.0,34.0,8.0,
2016-06-29,45.0,14.0,31.0,7.0,
2016-06-30,43.0,12.0,34.0,5.0,
2016-07-01,36.0,13.0,32.0,5.0,
2016-07-02,53.0,9.0,31.0,4.0,
2016-07-03,35.0,8.0,20.0,5.0,
2016-07-04,23.0,8.0,21.0,3.0,
2016-07-05,17.0,8.0,25.0,1.0,
2016-07-06,18.0,6.0,21.0,3.0,
2016-07-07,15.0,7.0,23.0,3.0,
2016-07-08,22.0,8.0,28.0,3.0,
2016-07-09,23.0,9.0,28.0,6.0,
2016-07-10,35.0,10.0,22.0,5.0,
2016-07-11,34.0,9.0,27.0,4.0,
2016-07-12,26.0,11.0,24.0,3.0,
2016-07-13,25.0,11.0,28.0,4.0,
2016-07-14,27.0,11.0,22.0,10.0,
2016-07-15,38.0,8.0,24.0,3.0,
2016-07-16,30.0,8.0,28.0,4.0,
2016-07-17,23.0,10.0,26.0,6.0,
2016-07-18,22.0,8.0,26.0,4.0,
2016-07-19,23.0,14.0,23.0,5.0,
2016-07-20,20.0,11.0,20.0,3.0,
2016-07-21,39.0,15.0,16.0,4.0,
2016-07-22,53.0,15.0,19.0,4.0,
2016-07-23,52.0,14.0,26.0,6.0,
2016-07-24,57.0,16.0,30.0,7.0,
2016-07-25,54.0,17.0,29.0,13.0,2.0
2016-07-26,56.0,16.0,32.0,8.0,
2016-07-27,49.0,11.0,22.0,10.0,
2016-07-28,25.0,8.0,32.0,4.0,
2016-07-29,25.0,9.0,36.0,5.0,
2016-07-30,31.0,8.0,34.0,3.0,
2016-07-31,27.0,10.0,24.0,7.0,
2016-08-01,21.0,9.0,29.0,4.0,
2016-08-02,20.0,11.0,29.0,3.0,
2016-08-03,27.0,10.0,24.0,7.0,
2016-08-04,22.0,12.0,25.0,5.0,
2016-08-05,36.0,12.0,26.0,13.0,1.0
2016-08-06,30.0,12.0,26.0,6.0,
2016-08-07,27.0,10.0,29.0,3.0,
2016-08-08,26.0,13.0,28.0,6.0,
2016-08-09,22.0,10.0,24.0,4.0,
2016-08-10,21.0,7.0,22.0,3.0,
2016-08-11,33.0,6.0,22.0,3.0,
2016-08-12,14.0,8.0,24.0,4.0,
2016-08-13,19.0,8.0,26.0,5.0,
2016-08-14,21.0,6.0,21.0,5.0,
2016-08-15,16.0,6.0,12.0,4.0,
2016-08-16,21.0,8.0,24.0,3.0,
2016-08-17,21.0,10.0,19.0,4.0,
2016-08-18,29.0,13.0,26.0,6.0,
2016-08-19,37.0,11.0,26.0,6.0,
2016-08-20,36.0,16.0,33.0,7.0,
2016-08-21,45.0,15.0,34.0,6.0,
2016-08-22,47.0,16.0,27.0,6.0,
2016-08-23,33.0,15.0,16.0,6.0,
2016-08-24,26.0,16.0,24.0,7.0,
2016-08-25,34.0,12.0,25.0,7.0,
2016-08-26,37.0,15.0,37.0,2.0,
2016-08-27,28.0,10.0,24.0,2.0,
2016-08-28,17.0,8.0,20.0,6.0,
2016-08-29,19.0,10.0,18.0,5.0,
2016-08-30,21.0,13.0,21.0,5.0,
2016-08-31,24.0,17.0,35.0,3.0,
2016-09-01,34.0,14.0,27.0,4.0,
2016-09-02,24.0,9.0,21.0,5.0,
2016-09-03,27.0,6.0,25.0,3.0,
2016-09-04,12.0,12.0,18.0,6.0,
2016-09-05,25.0,13.0,23.0,6.0,
2016-09-06,20.0,13.0,24.0,4.0,
2016-09-07,23.0,14.0,19.0,5.0,
2016-09-08,19.0,12.0,18.0,9.0,3.0
2016-09-09,26.0,13.0,23.0,5.0,
2016-09-10,33.0,11.0,29.0,3.0,3.0
2016-09-11,31.0,16.0,30.0,5.0,
2016-09-12,31.0,16.0,22.0,8.0,
2016-09-13,36.0,12.0,18.0,8.0,
2016-09-14,23.0,16.0,17.0,8.0,
2016-09-15,30.0,11.0,17.0,5.0,
2016-09-16,24.0,8.0,17.0,4.0,
2016-09-17,20.0,10.0,22.0,4.0,
2016-09-18,21.0,10.0,9.0,7.0,
2016-09-19,34.0,23.0,,18.0,
2016-09-20,28.0,,,,
2016-09-21,27.0,,11.0,8.0,
2016-09-22,36.0,8.0,18.0,7.0,
2016-09-23,27.0,11.0,21.0,3.0,
2016-09-24,33.0,10.0,27.0,3.0,1.0
2016-09-25,27.0,12.0,25.0,7.0,1.0
2016-09-26,23.0,14.0,24.0,10.0,
2016-09-27,32.0,14.0,26.0,6.0,
2016-09-28,33.0,9.0,19.0,7.0,
2016-09-29,19.0,11.0,26.0,3.0,
2016-09-30,18.0,8.0,28.0,2.0,
2016-10-01,15.0,9.0,22.0,9.0,
2016-10-02,19.0,13.0,18.0,11.0,
2016-10-03,24.0,11.0,17.0,5.0,
2016-10-04,21.0,9.0,19.0,4.0,
2016-10-05,24.0,9.0,16.0,6.0,
2016-10-06,15.0,9.0,19.0,5.0,
2016-10-07,21.0,9.0,23.0,1.0,
2016-10-08,17.0,8.0,17.0,2.0,
2016-10-09,19.0,10.0,19.0,6.0,
2016-10-10,19.0,14.0,19.0,7.0,
2016-10-11,39.0,16.0,17.0,10.0,1.0
2016-10-12,40.0,11.0,16.0,6.0,
2016-10-13,26.0,8.0,15.0,7.0,
2016-10-14,27.0,8.0,9.0,6.0,
2016-10-15,30.0,6.0,21.0,3.0,
2016-10-16,17.0,9.0,20.0,6.0,
2016-10-17,23.0,17.0,22.0,7.0,
2016-10-18,33.0,21.0,22.0,9.0,
2016-10-19,53.0,26.0,24.0,8.0,1.0
2016-10-20,66.0,21.0,24.0,5.0,1.0
2016-10-21,59.0,19.0,24.0,4.0,1.0
2016-10-22,54.0,18.0,20.0,4.0,1.0
2016-10-23,48.0,14.0,21.0,4.0,
2016-10-24,40.0,12.0,22.0,7.0,
2016-10-25,39.0,15.0,6.0,9.0,
2016-10-26,38.0,9.0,20.0,7.0,1.0
2016-10-27,25.0,5.0,20.0,6.0,1.0
2016-10-28,17.0,6.0,27.0,2.0,
2016-10-29,10.0,7.0,21.0,4.0,
2016-10-30,13.0,15.0,11.0,10.0,1.0
2016-10-31,31.0,20.0,22.0,14.0,
2016-11-01,49.0,11.0,24.0,6.0,
2016-11-02,30.0,12.0,19.0,7.0,
2016-11-03,36.0,13.0,17.0,13.0,
2016-11-04,32.0,11.0,16.0,7.0,
2016-11-05,38.0,8.0,19.0,4.0,
2016-11-06,32.0,10.0,19.0,4.0,
2016-11-07,33.0,11.0,22.0,6.0,
2016-11-08,36.0,9.0,20.0,7.0,1.0
2016-11-09,37.0,11.0,12.0,9.0,
2016-11-10,45.0,9.0,12.0,13.0,
2016-11-11,36.0,8.0,13.0,13.0,
2016-11-12,34.0,6.0,20.0,5.0,
2016-11-13,23.0,10.0,12.0,12.0,
2016-11-14,32.0,9.0,13.0,7.0,
2016-11-15,31.0,7.0,12.0,9.0,
2016-11-16,25.0,8.0,15.0,8.0,
2016-11-17,18.0,11.0,15.0,5.0,
2016-11-18,33.0,11.0,24.0,5.0,
2016-11-19,33.0,9.0,23.0,4.0,
2016-11-20,28.0,17.0,20.0,5.0,
2016-11-21,48.0,19.0,14.0,6.0,
2016-11-22,57.0,23.0,11.0,4.0,
2016-11-23,66.0,9.0,20.0,5.0,
2016-11-24,26.0,17.0,23.0,7.0,
2016-11-25,21.0,3.0,25.0,4.0,
2016-11-26,12.0,10.0,24.0,2.0,
2016-11-27,13.0,9.0,23.0,11.0,
2016-11-28,25.0,10.0,25.0,14.0,
2016-11-29,18.0,8.0,25.0,12.0,
2016-11-30,19.0,8.0,21.0,16.0,
2016-12-01,16.0,13.0,14.0,19.0,
2016-12-02,33.0,10.0,23.0,4.0,
2016-12-03,21.0,9.0,23.0,7.0,1.0
2016-12-04,20.0,7.0,26.0,4.0,1.0
2016-12-05,18.0,14.0,22.0,6.0,
2016-12-06,31.0,8.0,23.0,9.0,
2016-12-07,17.0,7.0,18.0,13.0,
2016-12-08,22.0,6.0,20.0,9.0,
2016-12-09,18.0,18.0,25.0,8.0,
2016-12-10,19.0,11.0,22.0,9.0,
2016-12-11,21.0,11.0,22.0,13.0,2.0
2016-12-12,21.0,6.0,23.0,8.0,
2016-12-13,12.0,11.0,16.0,11.0,1.0
2016-12-14,27.0,9.0,21.0,9.0,
2016-12-15,20.0,9.0,19.0,14.0,
2016-12-16,25.0,6.0,16.0,9.0,
2016-12-17,25.0,5.0,16.0,6.0,
2016-12-18,16.0,7.0,17.0,13.0,
2016-12-19,22.0,5.0,13.0,8.0,1.0
2016-12-20,16.0,9.0,24.0,6.0,1.0
2016-12-21,27.0,16.0,18.0,6.0,
2016-12-22,41.0,13.0,24.0,6.0,
2016-12-23,22.0,10.0,29.0,3.0,
2016-12-24,18.0,11.0,31.0,2.0,
2016-12-25,20.0,10.0,28.0,3.0,
2016-12-26,18.0,9.0,28.0,12.0,
2016-12-27,19.0,14.0,26.0,14.0,
2016-12-28,18.0,10.0,24.0,9.0,1.0
2016-12-29,22.0,13.0,23.0,8.0,1.0
2016-12-30,29.0,15.0,21.0,8.0,1.0
2016-12-31,35.0,17.0,20.0,11.0,1.0
2017-01-01,45.0,18.0,24.0,18.0,1.0
2017-01-02,21.0,15.0,16.0,23.0,
2017-01-03,34.0,20.0,23.0,13.0,
2017-01-04,29.0,10.0,23.0,21.0,
2017-01-05,23.0,19.0,26.0,28.0,
2017-01-06,44.0,10.0,26.0,8.0,
2017-01-07,19.0,6.0,29.0,7.0,1.0
2017-01-08,17.0,7.0,23.0,9.0,1.0
2017-01-09,15.0,11.0,23.0,6.0,
2017-01-10,30.0,33.0,22.0,7.0,1.0
2017-01-11,86.0,23.0,24.0,5.0,1.0
2017-01-12,51.0,14.0,24.0,11.0,
2017-01-13,33.0,16.0,20.0,11.0,
2017-01-14,45.0,9.0,18.0,13.0,
2017-01-15,26.0,18.0,23.0,23.0,
2017-01-16,33.0,12.0,26.0,13.0,
2017-01-17,19.0,6.0,24.0,8.0,
2017-01-18,13.0,5.0,24.0,10.0,
2017-01-19,12.0,15.0,30.0,17.0,
2017-01-20,22.0,7.0,26.0,11.0,
2017-01-21,17.0,,,,
2017-01-22,,5.0,18.0,10.0,
2017-01-23,12.0,21.0,22.0,18.0,
2017-01-24,26.0,21.0,21.0,12.0,
2017-01-25,32.0,9.0,22.0,11.0,
2017-01-26,23.0,13.0,11.0,20.0,
2017-01-27,38.0,9.0,18.0,7.0,
2017-01-28,28.0,13.0,20.0,6.0,
2017-01-29,42.0,16.0,21.0,10.0,
2017-01-30,50.0,10.0,22.0,12.0,
2017-01-31,21.0,10.0,23.0,14.0,
2017-02-01,17.0,17.0,28.0,11.0,
2017-02-02,54.0,28.0,28.0,12.0,
2017-02-03,81.0,23.0,20.0,10.0,
2017-02-04,68.0,11.0,25.0,10.0,
2017-02-05,38.0,36.0,26.0,13.0,
2017-02-06,28.0,53.0,17.0,22.0,3.0
2017-02-07,43.0,90.0,17.0,31.0,
2017-02-08,52.0,45.0,19.0,31.0,3.0
2017-02-09,45.0,23.0,15.0,24.0,1.0
2017-02-10,50.0,17.0,27.0,15.0,1.0
2017-02-11,42.0,15.0,29.0,8.0,
2017-02-12,24.0,11.0,28.0,12.0,
2017-02-13,21.0,13.0,29.0,21.0,
2017-02-14,24.0,20.0,24.0,28.0,
2017-02-15,33.0,14.0,20.0,12.0,
2017-02-16,35.0,21.0,20.0,12.0,
2017-02-17,46.0,6.0,28.0,8.0,
2017-02-18,16.0,6.0,22.0,4.0,
2017-02-19,17.0,6.0,29.0,14.0,
2017-02-20,16.0,20.0,27.0,19.0,
2017-02-21,27.0,19.0,29.0,12.0,
2017-02-22,11.0,7.0,28.0,10.0,
2017-02-23,15.0,6.0,29.0,11.0,
2017-02-24,18.0,10.0,28.0,8.0,
2017-02-25,23.0,8.0,28.0,13.0,
2017-02-26,20.0,10.0,24.0,16.0,
2017-02-27,27.0,13.0,20.0,13.0,
2017-02-28,34.0,13.0,27.0,16.0,
2017-03-01,35.0,12.0,28.0,10.0,
2017-03-02,20.0,14.0,29.0,12.0,
2017-03-03,26.0,13.0,25.0,14.0,
2017-03-04,25.0,51.0,29.0,14.0,
2017-03-05,41.0,45.0,28.0,12.0,
2017-03-06,40.0,39.0,27.0,7.0,
2017-03-07,43.0,11.0,26.0,8.0,
2017-03-08,24.0,14.0,28.0,11.0,
2017-03-09,31.0,16.0,17.0,15.0,
2017-03-10,43.0,18.0,24.0,13.0,
2017-03-11,26.0,8.0,31.0,8.0,
2017-03-12,20.0,9.0,29.0,7.0,
2017-03-13,18.0,15.0,31.0,10.0,
2017-03-14,31.0,21.0,25.0,10.0,
2017-03-15,24.0,23.0,31.0,12.0,
2017-03-16,19.0,11.0,31.0,8.0,2.0
2017-03-17,20.0,14.0,28.0,10.0,
2017-03-18,20.0,12.0,22.0,13.0,
2017-03-19,25.0,15.0,24.0,13.0,
2017-03-20,22.0,9.0,31.0,10.0,
2017-03-21,23.0,13.0,30.0,7.0,
2017-03-22,19.0,20.0,30.0,10.0,
2017-03-23,20.0,24.0,30.0,13.0,
2017-03-24,23.0,16.0,27.0,14.0,
2017-03-25,21.0,15.0,35.0,7.0,
2017-03-26,27.0,34.0,36.0,9.0,
2017-03-27,34.0,34.0,34.0,12.0,
2017-03-28,32.0,34.0,30.0,15.0,
2017-03-29,28.0,33.0,32.0,13.0,
2017-03-30,30.0,11.0,31.0,17.0,
2017-03-31,23.0,12.0,26.0,11.0,
2017-04-01,31.0,15.0,18.0,11.0,
2017-04-02,31.0,13.0,18.0,17.0,
2017-04-03,27.0,13.0,27.0,9.0,
2017-04-04,21.0,13.0,30.0,10.0,1.0
2017-04-05,24.0,29.0,31.0,17.0,
2017-04-06,29.0,25.0,28.0,16.0,
2017-04-07,20.0,18.0,31.0,10.0,
2017-04-08,21.0,14.0,27.0,7.0,
2017-04-09,21.0,26.0,34.0,11.0,
2017-04-10,38.0,14.0,31.0,9.0,
2017-04-11,23.0,24.0,30.0,13.0,
2017-04-12,28.0,24.0,29.0,17.0,
2017-04-13,28.0,27.0,32.0,11.0,
2017-04-14,36.0,30.0,35.0,14.0,
2017-04-15,33.0,31.0,33.0,15.0,
2017-04-16,32.0,26.0,33.0,11.0,
2017-04-17,26.0,31.0,30.0,13.0,
2017-04-18,28.0,29.0,32.0,16.0,1.0
2017-04-19,27.0,23.0,36.0,8.0,1.0
2017-04-20,26.0,16.0,35.0,10.0,
2017-04-21,26.0,13.0,30.0,11.0,
2017-04-22,21.0,13.0,31.0,9.0,
2017-04-23,17.0,18.0,29.0,12.0,1.0
2017-04-24,21.0,15.0,27.0,13.0,
2017-04-25,22.0,10.0,31.0,12.0,
2017-04-26,22.0,15.0,31.0,11.0,1.0
2017-04-27,21.0,25.0,29.0,16.0,
2017-04-28,30.0,25.0,29.0,13.0,
2017-04-29,32.0,6.0,32.0,10.0,
2017-04-30,16.0,22.0,31.0,10.0,
2017-05-01,37.0,44.0,36.0,19.0,
2017-05-02,37.0,43.0,33.0,17.0,
2017-05-03,28.0,25.0,32.0,13.0,
2017-05-04,24.0,28.0,32.0,11.0,
2017-05-05,27.0,27.0,37.0,10.0,
2017-05-06,32.0,24.0,32.0,10.0,1.0
2017-05-07,25.0,28.0,28.0,14.0,
2017-05-08,29.0,23.0,25.0,13.0,
2017-05-09,22.0,21.0,23.0,15.0,1.0
2017-05-10,29.0,20.0,25.0,15.0,2.0
2017-05-11,26.0,19.0,31.0,13.0,
2017-05-12,26.0,21.0,30.0,15.0,
2017-05-13,28.0,27.0,33.0,12.0,
2017-05-14,31.0,25.0,34.0,16.0,
2017-05-15,30.0,19.0,28.0,13.0,
2017-05-16,28.0,30.0,26.0,19.0,
2017-05-17,34.0,20.0,27.0,18.0,
2017-05-18,36.0,29.0,52.0,19.0,
2017-05-19,47.0,30.0,42.0,17.0,
2017-05-20,43.0,22.0,32.0,11.0,
2017-05-21,23.0,30.0,32.0,12.0,
2017-05-22,35.0,23.0,30.0,10.0,
2017-05-23,24.0,26.0,27.0,13.0,
2017-05-24,29.0,23.0,33.0,11.0,
2017-05-25,34.0,20.0,30.0,12.0,
2017-05-26,26.0,22.0,29.0,12.0,
2017-05-27,28.0,25.0,32.0,12.0,
2017-05-28,33.0,27.0,30.0,14.0,
2017-05-29,46.0,22.0,24.0,11.0,
2017-05-30,26.0,15.0,28.0,13.0,
2017-05-31,25.0,11.0,25.0,9.0,
2017-06-01,24.0,15.0,24.0,9.0,
2017-06-02,20.0,12.0,31.0,9.0,
2017-06-03,17.0,23.0,25.0,13.0,
2017-06-04,25.0,19.0,22.0,15.0,
2017-06-05,30.0,19.0,32.0,11.0,
2017-06-06,31.0,36.0,34.0,21.0,
2017-06-07,40.0,26.0,30.0,23.0,
2017-06-08,42.0,26.0,30.0,17.0,
2017-06-09,36.0,27.0,32.0,16.0,
2017-06-10,39.0,24.0,33.0,9.0,
2017-06-11,35.0,12.0,29.0,13.0,
2017-06-12,28.0,10.0,28.0,9.0,
2017-06-13,22.0,22.0,27.0,17.0,
2017-06-14,31.0,40.0,25.0,27.0,
2017-06-15,47.0,33.0,26.0,27.0,
2017-06-16,40.0,30.0,33.0,23.0,
2017-06-17,40.0,18.0,30.0,16.0,
2017-06-18,31.0,17.0,26.0,12.0,
2017-06-19,24.0,14.0,23.0,9.0,
2017-06-20,20.0,9.0,22.0,7.0,
2017-06-21,17.0,14.0,22.0,9.0,
2017-06-22,19.0,13.0,20.0,6.0,
2017-06-23,18.0,18.0,25.0,15.0,
2017-06-24,41.0,13.0,29.0,3.0,
2017-06-25,27.0,14.0,27.0,9.0,
2017-06-26,25.0,9.0,23.0,6.0,
2017-06-27,19.0,12.0,27.0,7.0,
2017-06-28,22.0,25.0,31.0,13.0,1.0
2017-06-29,27.0,26.0,26.0,7.0,1.0
2017-06-30,30.0,21.0,21.0,6.0,1.0
2017-07-01,23.0,16.0,31.0,8.0,1.0
2017-07-02,24.0,18.0,26.0,10.0,
2017-07-03,31.0,15.0,22.0,11.0,
2017-07-04,22.0,11.0,20.0,7.0,
2017-07-05,18.0,12.0,21.0,7.0,
2017-07-06,18.0,14.0,24.0,8.0,
2017-07-07,19.0,19.0,29.0,13.0,
2017-07-08,28.0,23.0,26.0,15.0,
2017-07-09,36.0,25.0,32.0,16.0,
2017-07-10,36.0,26.0,21.0,15.0,
2017-07-11,39.0,17.0,30.0,10.0,
2017-07-12,34.0,12.0,25.0,9.0,
2017-07-13,26.0,8.0,23.0,6.0,
2017-07-14,16.0,14.0,23.0,12.0,
2017-07-15,23.0,18.0,28.0,9.0,
2017-07-16,26.0,14.0,25.0,9.0,
2017-07-17,26.0,11.0,20.0,6.0,
2017-07-18,19.0,10.0,16.0,7.0,
2017-07-19,26.0,13.0,17.0,9.0,
2017-07-20,20.0,18.0,20.0,10.0,
2017-07-21,22.0,18.0,18.0,13.0,
2017-07-22,27.0,19.0,23.0,10.0,
2017-07-23,26.0,30.0,14.0,18.0,
2017-07-24,36.0,38.0,12.0,15.0,
2017-07-25,44.0,25.0,19.0,18.0,
2017-07-26,37.0,34.0,21.0,14.0,
2017-07-27,37.0,24.0,31.0,10.0,
2017-07-28,34.0,18.0,25.0,12.0,
2017-07-29,37.0,14.0,31.0,5.0,
2017-07-30,27.0,17.0,31.0,8.0,
2017-07-31,32.0,16.0,33.0,7.0,
2017-08-01,28.0,14.0,28.0,11.0,
2017-08-02,30.0,15.0,32.0,6.0,
2017-08-03,30.0,13.0,28.0,13.0,
2017-08-04,27.0,15.0,29.0,6.0,
2017-08-05,22.0,9.0,22.0,3.0,
2017-08-06,20.0,12.0,20.0,8.0,
2017-08-07,24.0,20.0,30.0,13.0,
2017-08-08,31.0,33.0,24.0,18.0,
2017-08-09,37.0,24.0,42.0,9.0,1.0
2017-08-10,40.0,19.0,34.0,15.0,1.0
2017-08-11,33.0,28.0,33.0,17.0,
2017-08-12,43.0,12.0,30.0,5.0,4.0
2017-08-13,25.0,13.0,22.0,8.0,1.0
2017-08-14,21.0,16.0,25.0,13.0,1.0
2017-08-15,26.0,25.0,15.0,12.0,
2017-08-16,35.0,37.0,30.0,18.0,
2017-08-17,46.0,29.0,31.0,15.0,
2017-08-18,48.0,23.0,31.0,12.0,
2017-08-19,38.0,13.0,29.0,7.0,
2017-08-20,26.0,18.0,21.0,12.0,
2017-08-21,28.0,25.0,27.0,19.0,
2017-08-22,35.0,22.0,16.0,15.0,
2017-08-23,28.0,16.0,19.0,10.0,
2017-08-24,20.0,20.0,12.0,14.0,
2017-08-25,24.0,8.0,23.0,6.0,
2017-08-26,16.0,9.0,20.0,10.0,
2017-08-27,14.0,14.0,15.0,11.0,1.0
2017-08-28,21.0,21.0,30.0,15.0,
2017-08-29,24.0,20.0,35.0,12.0,
2017-08-30,37.0,35.0,32.0,15.0,
2017-08-31,53.0,15.0,34.0,9.0,
2017-09-01,32.0,20.0,12.0,11.0,
2017-09-02,26.0,13.0,20.0,5.0,
2017-09-03,21.0,13.0,23.0,5.0,1.0
2017-09-04,22.0,14.0,18.0,6.0,1.0
2017-09-05,19.0,15.0,13.0,7.0,2.0
2017-09-06,17.0,,,,
2017-09-10,,14.0,24.0,11.0,
2017-09-11,26.0,12.0,26.0,8.0,
2017-09-12,25.0,20.0,25.0,13.0,
2017-09-13,31.0,12.0,21.0,13.0,
2017-09-14,23.0,14.0,16.0,12.0,
2017-09-15,22.0,7.0,19.0,7.0,
2017-09-16,19.0,14.0,11.0,10.0,
2017-09-17,20.0,22.0,11.0,12.0,
2017-09-18,24.0,15.0,8.0,12.0,
2017-09-19,20.0,19.0,8.0,12.0,
2017-09-20,25.0,20.0,20.0,10.0,
2017-09-21,29.0,16.0,8.0,7.0,
2017-09-22,25.0,23.0,15.0,8.0,
2017-09-23,32.0,23.0,22.0,10.0,1.0
2017-09-24,37.0,29.0,20.0,13.0,
2017-09-25,50.0,26.0,15.0,11.0,
2017-09-26,41.0,33.0,15.0,12.0,
2017-09-27,51.0,27.0,16.0,14.0,
2017-09-28,38.0,34.0,10.0,17.0,
2017-09-29,40.0,28.0,20.0,11.0,
2017-09-30,40.0,21.0,24.0,8.0,
2017-10-01,36.0,20.0,22.0,5.0,
2017-10-02,35.0,14.0,21.0,5.0,
2017-10-03,34.0,10.0,26.0,7.0,
2017-10-04,18.0,9.0,26.0,12.0,
2017-10-05,16.0,18.0,12.0,18.0,
2017-10-06,22.0,10.0,18.0,10.0,
2017-10-07,17.0,7.0,24.0,7.0,
2017-10-08,17.0,9.0,17.0,11.0,
2017-10-09,20.0,6.0,18.0,10.0,
2017-10-10,13.0,8.0,16.0,12.0,
2017-10-11,17.0,16.0,18.0,13.0,
2017-10-12,23.0,10.0,15.0,11.0,
2017-10-13,25.0,8.0,13.0,9.0,
2017-10-14,19.0,8.0,18.0,7.0,
2017-10-15,18.0,11.0,22.0,7.0,
2017-10-16,27.0,11.0,22.0,11.0,
2017-10-17,19.0,10.0,24.0,9.0,
2017-10-18,18.0,11.0,18.0,15.0,
2017-10-19,19.0,23.0,12.0,20.0,
2017-10-20,26.0,20.0,10.0,16.0,
2017-10-21,30.0,15.0,15.0,14.0,
2017-10-22,28.0,22.0,16.0,15.0,1.0
2017-10-23,26.0,23.0,10.0,18.0,1.0
2017-10-24,32.0,12.0,22.0,5.0,
2017-10-25,22.0,9.0,20.0,14.0,
2017-10-26,27.0,15.0,13.0,19.0,
2017-10-27,39.0,8.0,17.0,7.0,
2017-10-28,22.0,4.0,10.0,8.0,
2017-10-29,17.0,13.0,18.0,9.0,
2017-10-30,24.0,21.0,24.0,16.0,
2017-10-31,21.0,33.0,18.0,22.0,
2017-11-01,29.0,25.0,23.0,19.0,1.0
2017-11-02,26.0,20.0,23.0,18.0,1.0
2017-11-03,27.0,7.0,30.0,4.0,1.0
2017-11-04,19.0,19.0,19.0,5.0,1.0
2017-11-05,52.0,18.0,20.0,8.0,1.0
2017-11-06,50.0,10.0,18.0,13.0,1.0
2017-11-07,20.0,14.0,21.0,10.0,1.0
2017-11-08,25.0,15.0,17.0,6.0,1.0
2017-11-09,39.0,10.0,22.0,9.0,
2017-11-10,24.0,8.0,24.0,6.0,
2017-11-11,21.0,4.0,23.0,6.0,1.0
2017-11-12,16.0,12.0,13.0,10.0,
2017-11-13,20.0,16.0,14.0,13.0,
2017-11-14,21.0,10.0,20.0,14.0,
2017-11-15,18.0,11.0,23.0,12.0,
2017-11-16,19.0,10.0,26.0,9.0,
2017-11-17,18.0,9.0,28.0,7.0,1.0
2017-11-18,20.0,10.0,22.0,4.0,
2017-11-19,33.0,9.0,14.0,15.0,
2017-11-20,33.0,10.0,13.0,17.0,
2017-11-21,31.0,10.0,12.0,15.0,1.0
2017-11-22,30.0,8.0,19.0,5.0,
2017-11-23,22.0,15.0,13.0,9.0,
2017-11-24,45.0,9.0,22.0,12.0,
2017-11-25,23.0,6.0,23.0,12.0,
2017-11-26,18.0,9.0,23.0,6.0,
2017-11-27,25.0,10.0,20.0,6.0,
2017-11-28,27.0,11.0,23.0,7.0,
2017-11-29,33.0,9.0,11.0,9.0,
2017-11-30,29.0,11.0,4.0,13.0,
2017-12-01,26.0,8.0,22.0,7.0,
2017-12-02,26.0,5.0,25.0,5.0,1.0
2017-12-03,14.0,14.0,23.0,16.0,
2017-12-04,19.0,13.0,22.0,19.0,
2017-12-05,19.0,5.0,22.0,14.0,
2017-12-06,19.0,8.0,20.0,17.0,
2017-12-07,20.0,8.0,21.0,7.0,
2017-12-08,19.0,10.0,26.0,4.0,
2017-12-09,24.0,12.0,24.0,5.0,
2017-12-10,30.0,17.0,21.0,8.0,
2017-12-11,28.0,8.0,21.0,8.0,
2017-12-12,26.0,6.0,22.0,8.0,
2017-12-13,21.0,11.0,23.0,6.0,
2017-12-14,30.0,9.0,20.0,9.0,
2017-12-15,30.0,10.0,21.0,7.0,
2017-12-16,33.0,9.0,16.0,11.0,
2017-12-17,23.0,7.0,20.0,8.0,1.0
2017-12-18,16.0,8.0,17.0,16.0,
2017-12-19,22.0,7.0,22.0,9.0,1.0
2017-12-20,16.0,8.0,23.0,12.0,
2017-12-21,18.0,9.0,25.0,14.0,
2017-12-22,19.0,7.0,29.0,8.0,
2017-12-23,15.0,7.0,31.0,4.0,
2017-12-24,17.0,6.0,22.0,5.0,
2017-12-25,17.0,5.0,24.0,8.0,
2017-12-26,18.0,7.0,23.0,8.0,1.0
2017-12-27,20.0,17.0,21.0,9.0,
2017-12-28,41.0,16.0,15.0,8.0,1.0
2017-12-29,51.0,6.0,24.0,7.0,1.0
2017-12-30,20.0,,,,
2017-12-31,,11.0,17.0,5.0,
2018-01-01,31.0,8.0,28.0,8.0,1.0
2018-01-02,21.0,14.0,22.0,8.0,1.0
2018-01-03,33.0,11.0,14.0,8.0,1.0
2018-01-04,24.0,9.0,18.0,7.0,
2018-01-05,27.0,7.0,22.0,5.0,
2018-01-06,20.0,8.0,28.0,5.0,
2018-01-07,17.0,21.0,29.0,10.0,
2018-01-08,23.0,12.0,21.0,14.0,
2018-01-09,26.0,13.0,15.0,16.0,
2018-01-10,30.0,12.0,25.0,18.0,
2018-01-11,28.0,16.0,23.0,9.0,1.0
2018-01-12,30.0,18.0,23.0,11.0,
2018-01-13,25.0,14.0,24.0,4.0,
2018-01-14,27.0,17.0,22.0,5.0,
2018-01-15,32.0,21.0,24.0,4.0,
2018-01-16,39.0,22.0,21.0,6.0,
2018-01-17,40.0,12.0,16.0,12.0,
2018-01-18,37.0,20.0,4.0,24.0,
2018-01-19,52.0,27.0,6.0,15.0,
2018-01-20,65.0,12.0,13.0,11.0,
2018-01-21,38.0,12.0,11.0,15.0,
2018-01-22,37.0,15.0,23.0,17.0,2.0
2018-01-23,41.0,17.0,26.0,7.0,
2018-01-24,53.0,9.0,14.0,6.0,
2018-01-25,24.0,,,,
2018-02-01,,13.0,14.0,17.0,
2018-02-02,29.0,21.0,19.0,12.0,
2018-02-03,43.0,25.0,24.0,11.0,
2018-02-04,33.0,16.0,26.0,16.0,
2018-02-05,24.0,14.0,26.0,18.0,1.0
2018-02-06,33.0,13.0,22.0,20.0,
2018-02-07,38.0,13.0,25.0,13.0,
2018-02-08,37.0,18.0,25.0,9.0,
2018-02-09,52.0,25.0,22.0,12.0,1.0
2018-02-10,60.0,22.0,19.0,11.0,1.0
2018-02-11,55.0,18.0,25.0,6.0,
2018-02-12,53.0,20.0,23.0,9.0,
2018-02-13,60.0,25.0,23.0,14.0,
2018-02-14,59.0,23.0,30.0,13.0,1.0
2018-02-15,57.0,29.0,28.0,13.0,
2018-02-16,70.0,30.0,24.0,17.0,1.0
2018-02-17,70.0,33.0,22.0,18.0,
2018-02-18,69.0,45.0,24.0,22.0,
2018-02-19,61.0,27.0,23.0,25.0,
2018-02-20,37.0,28.0,17.0,29.0,
2018-02-21,41.0,41.0,15.0,33.0,
2018-02-22,48.0,45.0,22.0,35.0,
2018-02-23,49.0,23.0,25.0,15.0,
2018-02-24,32.0,14.0,30.0,14.0,
2018-02-25,31.0,14.0,28.0,14.0,
2018-02-26,25.0,21.0,25.0,12.0,
2018-02-27,38.0,31.0,18.0,17.0,
2018-02-28,42.0,35.0,20.0,24.0,
2018-03-01,41.0,28.0,23.0,26.0,
2018-03-02,42.0,32.0,21.0,23.0,1.0
2018-03-03,41.0,38.0,28.0,24.0,
2018-03-04,49.0,19.0,22.0,17.0,
2018-03-05,35.0,16.0,25.0,12.0,
2018-03-06,29.0,20.0,22.0,13.0,1.0
2018-03-07,31.0,20.0,29.0,17.0,1.0
2018-03-08,47.0,20.0,28.0,14.0,
2018-03-09,54.0,22.0,29.0,15.0,
2018-03-10,56.0,26.0,22.0,10.0,
2018-03-11,58.0,19.0,30.0,14.0,
2018-03-12,47.0,13.0,25.0,14.0,
2018-03-13,40.0,13.0,31.0,13.0,
2018-03-14,31.0,37.0,28.0,15.0,
2018-03-15,28.0,35.0,27.0,17.0,
2018-03-16,28.0,20.0,32.0,11.0,
2018-03-17,24.0,12.0,35.0,5.0,
2018-03-18,21.0,8.0,35.0,9.0,
2018-03-19,17.0,14.0,31.0,14.0,
2018-03-20,29.0,30.0,31.0,12.0,1.0
2018-03-21,34.0,8.0,36.0,9.0,
2018-03-22,22.0,12.0,34.0,15.0,
2018-03-23,25.0,10.0,33.0,6.0,
2018-03-24,29.0,9.0,26.0,4.0,
2018-03-25,27.0,38.0,31.0,13.0,
2018-03-26,32.0,34.0,31.0,17.0,
2018-03-27,26.0,20.0,31.0,15.0,
2018-03-28,26.0,9.0,29.0,17.0,
2018-03-29,24.0,14.0,39.0,13.0,
2018-03-30,23.0,15.0,42.0,6.0,1.0
2018-03-31,29.0,11.0,40.0,8.0,
2018-04-01,36.0,6.0,40.0,3.0,
2018-04-02,27.0,7.0,45.0,3.0,
2018-04-03,31.0,9.0,40.0,8.0,
2018-04-04,30.0,16.0,27.0,14.0,
2018-04-05,50.0,11.0,32.0,9.0,
2018-04-06,27.0,19.0,35.0,6.0,
2018-04-07,23.0,29.0,30.0,12.0,
2018-04-08,36.0,48.0,36.0,16.0,
2018-04-09,57.0,38.0,37.0,16.0,
2018-04-10,31.0,30.0,32.0,14.0,1.0
2018-04-11,33.0,54.0,28.0,31.0,1.0
2018-04-12,42.0,55.0,38.0,27.0,
2018-04-13,44.0,35.0,41.0,16.0,1.0
2018-04-14,47.0,43.0,37.0,21.0,
2018-04-15,69.0,29.0,39.0,23.0,
2018-04-16,55.0,26.0,29.0,12.0,
2018-04-17,36.0,38.0,36.0,16.0,
2018-04-18,49.0,31.0,42.0,15.0,
2018-04-19,38.0,31.0,31.0,12.0,
2018-04-20,34.0,19.0,38.0,6.0,
2018-04-21,29.0,11.0,33.0,8.0,
2018-04-22,26.0,19.0,32.0,11.0,
2018-04-23,29.0,18.0,32.0,10.0,
2018-04-24,31.0,14.0,29.0,12.0,
2018-04-25,26.0,21.0,32.0,11.0,
2018-04-26,26.0,17.0,27.0,11.0,2.0
2018-04-27,30.0,16.0,31.0,7.0,1.0
2018-04-28,28.0,13.0,26.0,14.0,
2018-04-29,33.0,26.0,30.0,21.0,
2018-04-30,35.0,19.0,30.0,13.0,
2018-05-01,35.0,14.0,26.0,13.0,1.0
2018-05-02,30.0,20.0,29.0,14.0,1.0
2018-05-03,32.0,15.0,32.0,9.0,
2018-05-04,27.0,16.0,31.0,8.0,
2018-05-05,23.0,22.0,36.0,9.0,
2018-05-06,34.0,31.0,30.0,16.0,
2018-05-07,40.0,29.0,33.0,15.0,
2018-05-08,34.0,33.0,35.0,19.0,
2018-05-09,36.0,23.0,39.0,8.0,1.0
2018-05-10,37.0,36.0,38.0,15.0,1.0
2018-05-11,43.0,40.0,44.0,19.0,
2018-05-12,46.0,51.0,45.0,27.0,1.0
2018-05-13,44.0,71.0,40.0,37.0,
2018-05-14,62.0,64.0,43.0,41.0,1.0
2018-05-15,60.0,46.0,44.0,24.0,1.0
2018-05-16,55.0,30.0,44.0,25.0,
2018-05-17,38.0,39.0,31.0,15.0,
2018-05-18,39.0,32.0,,14.0,
2018-05-19,28.0,28.0,35.0,10.0,
2018-05-20,29.0,27.0,36.0,13.0,
2018-05-21,33.0,43.0,39.0,25.0,1.0
2018-05-22,45.0,45.0,37.0,19.0,
2018-05-23,48.0,37.0,30.0,14.0,
2018-05-24,40.0,49.0,30.0,22.0,
2018-05-25,39.0,41.0,29.0,19.0,
2018-05-26,42.0,30.0,35.0,11.0,
2018-05-27,38.0,39.0,34.0,14.0,
2018-05-28,36.0,43.0,40.0,18.0,1.0
2018-05-29,42.0,33.0,38.0,16.0,
2018-05-30,35.0,27.0,33.0,10.0,
2018-05-31,26.0,23.0,34.0,8.0,1.0
2018-06-01,26.0,21.0,43.0,7.0,
2018-06-02,34.0,22.0,37.0,6.0,
2018-06-03,30.0,26.0,34.0,9.0,
2018-06-04,30.0,29.0,26.0,8.0,
2018-06-05,31.0,22.0,23.0,12.0,
2018-06-06,32.0,21.0,28.0,7.0,2.0
2018-06-07,28.0,17.0,30.0,12.0,
2018-06-08,24.0,16.0,31.0,10.0,
2018-06-09,23.0,14.0,27.0,13.0,2.0
2018-06-10,25.0,25.0,35.0,17.0,
2018-06-11,37.0,26.0,32.0,16.0,
2018-06-12,41.0,21.0,28.0,15.0,
2018-06-13,27.0,22.0,30.0,15.0,1.0
2018-06-14,33.0,27.0,37.0,11.0,
2018-06-15,43.0,22.0,30.0,10.0,
2018-06-16,43.0,33.0,35.0,19.0,
2018-06-17,45.0,28.0,35.0,14.0,
2018-06-18,42.0,18.0,33.0,7.0,
2018-06-19,36.0,19.0,28.0,7.0,
2018-06-20,33.0,20.0,27.0,12.0,
2018-06-21,33.0,9.0,29.0,8.0,
2018-06-22,23.0,7.0,26.0,4.0,
2018-06-23,22.0,20.0,25.0,8.0,
2018-06-24,24.0,22.0,21.0,10.0,
2018-06-25,32.0,15.0,27.0,11.0,
2018-06-26,31.0,22.0,29.0,9.0,
2018-06-27,32.0,23.0,37.0,12.0,
2018-06-28,39.0,17.0,34.0,8.0,
2018-06-29,28.0,15.0,22.0,7.0,
2018-06-30,25.0,19.0,25.0,7.0,
2018-07-01,31.0,22.0,22.0,11.0,
2018-07-02,32.0,15.0,13.0,12.0,
2018-07-03,29.0,22.0,26.0,15.0,
2018-07-04,40.0,16.0,22.0,11.0,
2018-07-05,32.0,16.0,26.0,10.0,
2018-07-06,29.0,18.0,27.0,9.0,
2018-07-07,38.0,17.0,20.0,7.0,
2018-07-08,35.0,22.0,22.0,12.0,
2018-07-09,35.0,25.0,18.0,13.0,
2018-07-10,36.0,29.0,22.0,13.0,
2018-07-11,40.0,31.0,30.0,13.0,1.0
2018-07-12,43.0,39.0,31.0,20.0,
2018-07-13,50.0,41.0,41.0,20.0,
2018-07-14,56.0,38.0,39.0,15.0,
2018-07-15,50.0,40.0,30.0,21.0,
2018-07-16,55.0,43.0,28.0,14.0,1.0
2018-07-17,56.0,34.0,24.0,11.0,1.0
2018-07-18,51.0,35.0,22.0,14.0,1.0
2018-07-19,44.0,30.0,25.0,14.0,
2018-07-20,51.0,27.0,35.0,10.0,
2018-07-21,49.0,20.0,38.0,11.0,
2018-07-22,46.0,20.0,40.0,13.0,
2018-07-23,37.0,45.0,37.0,16.0,1.0
2018-07-24,49.0,45.0,38.0,13.0,
2018-07-25,54.0,40.0,31.0,17.0,
2018-07-26,54.0,43.0,33.0,16.0,
2018-07-27,56.0,41.0,32.0,7.0,1.0
2018-07-28,63.0,32.0,36.0,5.0,
2018-07-29,75.0,34.0,33.0,10.0,
2018-07-30,54.0,35.0,36.0,13.0,1.0
2018-07-31,46.0,47.0,34.0,16.0,
2018-08-01,55.0,42.0,37.0,16.0,
2018-08-02,55.0,32.0,40.0,13.0,
2018-08-03,44.0,13.0,31.0,6.0,
2018-08-04,21.0,15.0,27.0,6.0,
2018-08-05,21.0,16.0,26.0,5.0,
2018-08-06,23.0,18.0,25.0,9.0,
2018-08-07,21.0,28.0,25.0,14.0,
2018-08-08,27.0,28.0,40.0,15.0,
2018-08-09,40.0,36.0,40.0,12.0,
2018-08-10,50.0,12.0,35.0,4.0,
2018-08-11,24.0,13.0,32.0,7.0,
2018-08-12,24.0,12.0,27.0,7.0,
2018-08-13,23.0,16.0,25.0,13.0,
2018-08-14,24.0,30.0,24.0,17.0,1.0
2018-08-15,33.0,25.0,26.0,17.0,
2018-08-16,37.0,16.0,27.0,13.0,
2018-08-17,31.0,17.0,35.0,14.0,
2018-08-18,34.0,11.0,27.0,6.0,
2018-08-19,22.0,16.0,16.0,14.0,
2018-08-20,24.0,11.0,24.0,7.0,
2018-08-21,21.0,13.0,27.0,9.0,2.0
2018-08-22,19.0,16.0,33.0,8.0,
2018-08-23,25.0,30.0,30.0,18.0,
2018-08-24,42.0,17.0,38.0,12.0,
2018-08-25,34.0,12.0,25.0,10.0,
2018-08-26,26.0,9.0,28.0,11.0,
2018-08-27,22.0,22.0,24.0,17.0,
2018-08-28,26.0,27.0,28.0,20.0,
2018-08-29,31.0,25.0,14.0,18.0,
2018-08-30,32.0,24.0,22.0,17.0,
2018-08-31,30.0,20.0,21.0,12.0,
2018-09-01,44.0,20.0,26.0,16.0,
2018-09-02,39.0,26.0,33.0,19.0,
2018-09-03,41.0,25.0,21.0,16.0,
2018-09-04,48.0,29.0,24.0,20.0,
2018-09-05,53.0,31.0,21.0,20.0,
2018-09-06,49.0,34.0,26.0,15.0,
2018-09-07,59.0,41.0,31.0,15.0,
2018-09-08,57.0,35.0,28.0,12.0,
2018-09-09,57.0,25.0,27.0,15.0,
2018-09-10,43.0,11.0,31.0,12.0,
2018-09-11,30.0,7.0,28.0,5.0,
2018-09-12,20.0,6.0,24.0,6.0,1.0
2018-09-13,17.0,12.0,28.0,7.0,
2018-09-14,21.0,11.0,28.0,6.0,
2018-09-15,22.0,7.0,24.0,6.0,
2018-09-16,19.0,8.0,22.0,10.0,
2018-09-17,17.0,11.0,23.0,8.0,
2018-09-18,21.0,25.0,42.0,10.0,
2018-09-19,46.0,20.0,31.0,9.0,
2018-09-20,33.0,18.0,29.0,11.0,
2018-09-21,30.0,17.0,41.0,5.0,
2018-09-22,33.0,9.0,26.0,5.0,
2018-09-23,18.0,11.0,23.0,12.0,
2018-09-24,17.0,10.0,26.0,10.0,
2018-09-25,19.0,7.0,27.0,5.0,
2018-09-26,19.0,8.0,25.0,6.0,
2018-09-27,17.0,15.0,23.0,16.0,
2018-09-28,22.0,11.0,27.0,10.0,
2018-09-29,21.0,8.0,26.0,4.0,
2018-09-30,22.0,14.0,23.0,8.0,
2018-10-01,25.0,14.0,23.0,10.0,
2018-10-02,24.0,8.0,19.0,18.0,
2018-10-03,21.0,10.0,20.0,12.0,
2018-10-04,23.0,13.0,19.0,11.0,
2018-10-05,23.0,11.0,24.0,7.0,
2018-10-06,20.0,17.0,16.0,15.0,
2018-10-07,26.0,9.0,26.0,10.0,
2018-10-08,18.0,8.0,24.0,6.0,
2018-10-09,23.0,14.0,22.0,11.0,
2018-10-10,30.0,24.0,14.0,18.0,
2018-10-11,29.0,19.0,17.0,12.0,
2018-10-12,38.0,31.0,24.0,7.0,
2018-10-13,66.0,41.0,33.0,10.0,
2018-10-14,82.0,35.0,25.0,12.0,
2018-10-15,65.0,39.0,24.0,12.0,
2018-10-16,66.0,35.0,24.0,14.0,
2018-10-17,65.0,28.0,26.0,11.0,
2018-10-18,56.0,10.0,23.0,10.0,
2018-10-19,21.0,14.0,19.0,13.0,
2018-10-20,27.0,14.0,28.0,8.0,
2018-10-21,26.0,7.0,25.0,6.0,
2018-10-22,20.0,8.0,25.0,8.0,
2018-10-23,17.0,15.0,19.0,13.0,
2018-10-24,28.0,35.0,11.0,25.0,
2018-10-25,30.0,16.0,13.0,17.0,
2018-10-26,27.0,17.0,20.0,11.0,
2018-10-27,29.0,17.0,24.0,9.0,
2018-10-28,32.0,15.0,20.0,14.0,
2018-10-29,29.0,9.0,24.0,6.0,2.0
2018-10-30,23.0,10.0,15.0,5.0,
2018-10-31,31.0,16.0,18.0,12.0,
2018-11-01,32.0,17.0,13.0,8.0,
2018-11-02,37.0,14.0,19.0,6.0,
2018-11-03,31.0,10.0,26.0,7.0,
2018-11-04,19.0,13.0,23.0,10.0,
2018-11-05,29.0,12.0,9.0,7.0,
2018-11-06,29.0,32.0,12.0,11.0,
2018-11-07,68.0,17.0,12.0,10.0,1.0
2018-11-08,51.0,26.0,8.0,8.0,
2018-11-09,28.0,20.0,9.0,5.0,
2018-11-10,45.0,14.0,15.0,4.0,
2018-11-11,31.0,12.0,13.0,5.0,
2018-11-12,40.0,9.0,9.0,9.0,
2018-11-13,28.0,19.0,17.0,13.0,
2018-11-14,29.0,16.0,22.0,12.0,
2018-11-15,23.0,10.0,23.0,3.0,2.0
2018-11-16,28.0,,,,
2018-11-17,,26.0,26.0,10.0,
2018-11-18,27.0,38.0,28.0,17.0,
2018-11-19,29.0,29.0,21.0,14.0,
2018-11-20,27.0,33.0,21.0,17.0,
2018-11-21,30.0,21.0,21.0,14.0,
2018-11-22,23.0,14.0,20.0,16.0,2.0
2018-11-23,26.0,14.0,21.0,12.0,
2018-11-24,22.0,15.0,17.0,15.0,
2018-11-25,24.0,12.0,20.0,17.0,
2018-11-26,25.0,25.0,19.0,15.0,
2018-11-27,25.0,21.0,20.0,15.0,
2018-11-28,24.0,9.0,22.0,8.0,
2018-11-29,27.0,17.0,24.0,7.0,
2018-11-30,33.0,14.0,26.0,5.0,
2018-12-01,28.0,11.0,29.0,5.0,
2018-12-02,30.0,17.0,16.0,7.0,
2018-12-03,50.0,10.0,13.0,7.0,
2018-12-04,31.0,4.0,23.0,7.0,
2018-12-05,17.0,8.0,25.0,11.0,
2018-12-06,25.0,10.0,19.0,8.0,
2018-12-07,27.0,6.0,15.0,4.0,
2018-12-08,21.0,10.0,23.0,4.0,
2018-12-09,31.0,10.0,15.0,9.0,
2018-12-10,34.0,18.0,14.0,15.0,
2018-12-11,38.0,18.0,14.0,15.0,
2018-12-12,40.0,23.0,15.0,14.0,
2018-12-13,33.0,40.0,17.0,18.0,
2018-12-14,37.0,42.0,15.0,16.0,
2018-12-15,40.0,19.0,23.0,12.0,
2018-12-16,33.0,9.0,22.0,8.0,
2018-12-17,33.0,15.0,15.0,10.0,
2018-12-18,43.0,16.0,15.0,8.0,
2018-12-19,46.0,27.0,17.0,15.0,1.0
2018-12-20,56.0,27.0,15.0,12.0,
2018-12-21,50.0,16.0,9.0,14.0,
2018-12-22,48.0,15.0,6.0,12.0,
2018-12-23,47.0,12.0,10.0,10.0,
2018-12-24,41.0,4.0,24.0,5.0,
2018-12-25,18.0,4.0,31.0,8.0,
2018-12-26,18.0,8.0,22.0,20.0,
2018-12-27,25.0,4.0,18.0,12.0,
2018-12-28,19.0,4.0,23.0,8.0,
2018-12-29,20.0,7.0,25.0,9.0,
2018-12-30,24.0,,,,
2018-12-31,,5.0,27.0,5.0,
2019-01-01,17.0,5.0,27.0,8.0,
2019-01-02,23.0,10.0,27.0,17.0,
2019-01-03,28.0,6.0,25.0,14.0,
2019-01-04,19.0,6.0,24.0,12.0,
2019-01-05,29.0,4.0,27.0,9.0,
2019-01-06,18.0,6.0,25.0,10.0,
2019-01-07,20.0,8.0,20.0,9.0,
2019-01-08,27.0,10.0,22.0,15.0,
2019-01-09,38.0,6.0,27.0,16.0,1.0
2019-01-10,20.0,5.0,29.0,8.0,
2019-01-11,18.0,6.0,28.0,10.0,
2019-01-12,23.0,7.0,22.0,10.0,
2019-01-13,21.0,6.0,20.0,13.0,
2019-01-14,20.0,6.0,18.0,14.0,2.0
2019-01-15,26.0,6.0,24.0,18.0,
2019-01-16,23.0,6.0,26.0,15.0,
2019-01-17,26.0,7.0,22.0,18.0,2.0
2019-01-18,28.0,7.0,24.0,10.0,1.0
2019-01-19,25.0,4.0,25.0,10.0,1.0
2019-01-20,25.0,11.0,19.0,24.0,1.0
2019-01-21,33.0,15.0,6.0,31.0,1.0
2019-01-22,40.0,15.0,20.0,11.0,1.0
2019-01-23,47.0,10.0,15.0,18.0,1.0
2019-01-24,34.0,12.0,22.0,10.0,
2019-01-25,38.0,12.0,21.0,14.0,
2019-01-26,39.0,11.0,17.0,19.0,
2019-01-27,39.0,11.0,22.0,10.0,1.0
2019-01-28,40.0,18.0,21.0,11.0,
2019-01-29,54.0,20.0,17.0,15.0,
2019-01-30,56.0,16.0,16.0,18.0,
2019-01-31,44.0,13.0,19.0,10.0,
2019-02-01,43.0,14.0,17.0,8.0,
2019-02-02,43.0,10.0,15.0,6.0,
2019-02-03,35.0,8.0,19.0,9.0,
2019-02-04,33.0,9.0,23.0,9.0,
2019-02-05,37.0,11.0,21.0,14.0,1.0
2019-02-06,38.0,5.0,24.0,9.0,
2019-02-07,22.0,18.0,22.0,10.0,
2019-02-08,45.0,14.0,26.0,8.0,
2019-02-09,39.0,14.0,27.0,7.0,
2019-02-10,35.0,14.0,23.0,15.0,
2019-02-11,40.0,5.0,28.0,13.0,
2019-02-12,20.0,7.0,28.0,11.0,
2019-02-13,20.0,7.0,29.0,10.0,
2019-02-14,19.0,8.0,27.0,11.0,
2019-02-15,25.0,12.0,25.0,7.0,
2019-02-16,29.0,15.0,33.0,8.0,
2019-02-17,24.0,15.0,28.0,10.0,
2019-02-18,21.0,16.0,25.0,8.0,
2019-02-19,40.0,17.0,30.0,7.0,
2019-02-20,30.0,37.0,29.0,14.0,
2019-02-21,33.0,31.0,28.0,15.0,
2019-02-22,32.0,7.0,31.0,6.0,
2019-02-23,18.0,8.0,26.0,5.0,
2019-02-24,21.0,12.0,36.0,8.0,
2019-02-25,21.0,7.0,33.0,14.0,
2019-02-26,29.0,13.0,29.0,11.0,
2019-02-27,19.0,11.0,34.0,10.0,
2019-02-28,21.0,39.0,33.0,14.0,
2019-03-01,32.0,13.0,33.0,5.0,
2019-03-02,17.0,20.0,31.0,8.0,
2019-03-03,25.0,24.0,27.0,12.0,
2019-03-04,30.0,16.0,28.0,12.0,
2019-03-05,34.0,16.0,30.0,12.0,
2019-03-06,25.0,10.0,30.0,9.0,
2019-03-07,25.0,10.0,24.0,9.0,
2019-03-08,31.0,6.0,35.0,5.0,
2019-03-09,19.0,8.0,33.0,6.0,
2019-03-10,20.0,11.0,30.0,10.0,
2019-03-11,28.0,22.0,26.0,14.0,
2019-03-12,33.0,30.0,30.0,19.0,
2019-03-13,39.0,12.0,29.0,11.0,
2019-03-14,35.0,10.0,27.0,10.0,
2019-03-15,32.0,19.0,27.0,10.0,
2019-03-16,55.0,8.0,26.0,6.0,
2019-03-17,28.0,10.0,30.0,7.0,
2019-03-18,23.0,8.0,27.0,11.0,
2019-03-19,20.0,11.0,28.0,7.0,1.0
2019-03-20,21.0,12.0,26.0,10.0,
2019-03-21,23.0,39.0,36.0,9.0,
2019-03-22,38.0,16.0,31.0,6.0,
2019-03-23,25.0,21.0,37.0,5.0,
2019-03-24,25.0,24.0,28.0,11.0,
2019-03-25,26.0,39.0,33.0,13.0,
2019-03-26,28.0,31.0,28.0,14.0,
2019-03-27,26.0,20.0,28.0,13.0,
2019-03-28,27.0,22.0,29.0,9.0,
2019-03-29,28.0,19.0,34.0,8.0,
2019-03-30,32.0,10.0,33.0,5.0,
2019-03-31,19.0,20.0,33.0,7.0,
2019-04-01,21.0,18.0,31.0,9.0,1.0
2019-04-02,22.0,25.0,32.0,12.0,
2019-04-03,34.0,40.0,35.0,16.0,
2019-04-04,57.0,61.0,40.0,28.0,
2019-04-05,68.0,33.0,40.0,14.0,1.0
2019-04-06,53.0,37.0,42.0,15.0,
2019-04-07,61.0,20.0,37.0,12.0,
2019-04-08,46.0,14.0,27.0,15.0,
2019-04-09,40.0,21.0,26.0,11.0,
2019-04-10,24.0,26.0,28.0,15.0,
2019-04-11,29.0,30.0,29.0,19.0,
2019-04-12,29.0,35.0,35.0,16.0,
2019-04-13,31.0,39.0,36.0,15.0,
2019-04-14,32.0,41.0,35.0,20.0,
2019-04-15,36.0,46.0,36.0,25.0,
2019-04-16,40.0,42.0,31.0,26.0,
2019-04-17,44.0,43.0,33.0,26.0,1.0
2019-04-18,44.0,46.0,47.0,15.0,
2019-04-19,46.0,35.0,42.0,12.0,
2019-04-20,40.0,25.0,40.0,10.0,
2019-04-21,44.0,26.0,41.0,10.0,
2019-04-22,47.0,41.0,46.0,15.0,
2019-04-23,56.0,60.0,46.0,31.0,1.0
2019-04-24,69.0,59.0,48.0,22.0,1.0
2019-04-25,68.0,59.0,38.0,23.0,1.0
2019-04-26,63.0,52.0,45.0,24.0,
2019-04-27,61.0,26.0,33.0,7.0,
2019-04-28,34.0,28.0,28.0,13.0,1.0
2019-04-29,35.0,32.0,36.0,21.0,1.0
2019-04-30,39.0,28.0,41.0,15.0,1.0
2019-05-01,42.0,13.0,31.0,12.0,
2019-05-02,29.0,11.0,26.0,6.0,
2019-05-03,23.0,9.0,29.0,7.0,
2019-05-04,29.0,9.0,32.0,6.0,1.0
2019-05-05,26.0,18.0,30.0,11.0,
2019-05-06,30.0,25.0,32.0,13.0,
2019-05-07,31.0,18.0,30.0,10.0,1.0
2019-05-08,29.0,28.0,37.0,11.0,
2019-05-09,34.0,24.0,33.0,13.0,
2019-05-10,39.0,22.0,18.0,14.0,
2019-05-11,37.0,12.0,33.0,5.0,
2019-05-12,31.0,19.0,25.0,13.0,
2019-05-13,26.0,28.0,31.0,14.0,
2019-05-14,32.0,21.0,30.0,15.0,
2019-05-15,27.0,21.0,33.0,14.0,
2019-05-16,29.0,33.0,37.0,21.0,
2019-05-17,38.0,44.0,39.0,22.0,
2019-05-18,47.0,43.0,34.0,12.0,
2019-05-19,47.0,43.0,30.0,16.0,
2019-05-20,50.0,46.0,38.0,18.0,
2019-05-21,60.0,44.0,32.0,20.0,
2019-05-22,61.0,36.0,24.0,11.0,
2019-05-23,52.0,30.0,23.0,13.0,
2019-05-24,35.0,13.0,30.0,7.0,1.0
2019-05-25,31.0,8.0,27.0,6.0,
2019-05-26,18.0,11.0,27.0,9.0,1.0
2019-05-27,21.0,16.0,24.0,13.0,
2019-05-28,29.0,16.0,31.0,10.0,1.0
2019-05-29,29.0,12.0,31.0,6.0,1.0
2019-05-30,20.0,12.0,31.0,7.0,1.0
2019-05-31,22.0,14.0,28.0,6.0,1.0
2019-06-01,28.0,10.0,29.0,5.0,
2019-06-02,23.0,17.0,29.0,11.0,
2019-06-03,26.0,20.0,40.0,11.0,1.0
2019-06-04,37.0,40.0,42.0,26.0,
2019-06-05,53.0,56.0,40.0,26.0,
2019-06-06,61.0,49.0,37.0,23.0,
2019-06-07,58.0,43.0,39.0,17.0,
2019-06-08,57.0,23.0,36.0,7.0,1.0
2019-06-09,40.0,18.0,37.0,6.0,2.0
2019-06-10,31.0,22.0,35.0,12.0,
2019-06-11,31.0,37.0,26.0,9.0,
2019-06-12,39.0,32.0,23.0,7.0,
2019-06-13,34.0,40.0,15.0,11.0,
2019-06-14,56.0,15.0,26.0,6.0,1.0
2019-06-15,36.0,19.0,41.0,11.0,
2019-06-16,34.0,23.0,37.0,10.0,
2019-06-17,35.0,20.0,31.0,6.0,1.0
2019-06-18,32.0,19.0,38.0,8.0,
2019-06-19,35.0,27.0,39.0,18.0,1.0
2019-06-20,46.0,19.0,45.0,7.0,
2019-06-21,42.0,10.0,31.0,3.0,
2019-06-22,23.0,8.0,30.0,5.0,
2019-06-23,21.0,14.0,30.0,8.0,
2019-06-24,23.0,20.0,27.0,9.0,1.0
2019-06-25,26.0,23.0,28.0,14.0,
2019-06-26,29.0,13.0,26.0,13.0,
2019-06-27,27.0,11.0,29.0,10.0,
2019-06-28,20.0,11.0,29.0,5.0,
2019-06-29,20.0,11.0,28.0,8.0,
2019-06-30,21.0,22.0,36.0,6.0,
2019-07-01,36.0,12.0,26.0,7.0,
2019-07-02,22.0,12.0,23.0,6.0,
2019-07-03,20.0,9.0,25.0,5.0,
2019-07-04,17.0,10.0,27.0,8.0,
2019-07-05,24.0,12.0,21.0,8.0,
2019-07-06,25.0,18.0,21.0,11.0,
2019-07-07,28.0,23.0,24.0,11.0,
2019-07-08,34.0,10.0,9.0,6.0,
2019-07-09,20.0,15.0,21.0,9.0,
2019-07-10,26.0,17.0,18.0,9.0,
2019-07-11,25.0,12.0,24.0,7.0,
2019-07-12,26.0,17.0,27.0,8.0,
2019-07-13,27.0,12.0,21.0,6.0,
2019-07-14,23.0,11.0,25.0,9.0,
2019-07-15,26.0,15.0,24.0,10.0,
2019-07-16,32.0,20.0,26.0,14.0,
2019-07-17,39.0,16.0,29.0,13.0,
2019-07-18,33.0,15.0,26.0,9.0,
2019-07-19,30.0,22.0,27.0,11.0,
2019-07-20,31.0,25.0,29.0,16.0,
2019-07-21,41.0,24.0,27.0,10.0,
2019-07-22,41.0,23.0,39.0,14.0,
2019-07-23,46.0,28.0,31.0,13.0,
2019-07-24,43.0,22.0,23.0,11.0,
2019-07-25,36.0,30.0,40.0,14.0,
2019-07-26,45.0,30.0,36.0,17.0,
2019-07-27,51.0,35.0,27.0,14.0,
2019-07-28,55.0,12.0,27.0,6.0,
2019-07-29,21.0,20.0,22.0,7.0,
2019-07-30,25.0,18.0,22.0,9.0,
2019-07-31,25.0,20.0,23.0,10.0,
2019-08-01,33.0,22.0,24.0,11.0,
2019-08-02,31.0,20.0,24.0,9.0,
2019-08-03,26.0,17.0,24.0,9.0,
2019-08-04,24.0,18.0,24.0,8.0,
2019-08-05,25.0,19.0,31.0,12.0,
2019-08-06,33.0,16.0,30.0,11.0,
2019-08-07,32.0,16.0,26.0,10.0,
2019-08-08,36.0,23.0,27.0,17.0,
2019-08-09,39.0,21.0,25.0,16.0,
2019-08-10,38.0,16.0,25.0,6.0,
2019-08-11,35.0,18.0,31.0,8.0,
2019-08-12,30.0,16.0,31.0,10.0,
2019-08-13,31.0,10.0,29.0,4.0,
2019-08-14,24.0,8.0,27.0,5.0,
2019-08-15,19.0,13.0,33.0,12.0,
2019-08-16,27.0,22.0,29.0,10.0,
2019-08-17,39.0,17.0,30.0,7.0,
2019-08-18,33.0,14.0,29.0,7.0,
2019-08-19,30.0,13.0,29.0,9.0,
2019-08-20,44.0,19.0,29.0,11.0,
2019-08-21,31.0,14.0,30.0,5.0,1.0
2019-08-22,23.0,13.0,37.0,13.0,1.0
2019-08-23,29.0,12.0,24.0,6.0,
2019-08-24,22.0,25.0,23.0,13.0,1.0
2019-08-25,30.0,15.0,21.0,9.0,1.0
2019-08-26,28.0,25.0,21.0,15.0,
2019-08-27,46.0,29.0,29.0,22.0,
2019-08-28,42.0,26.0,23.0,15.0,1.0
2019-08-29,35.0,24.0,30.0,9.0,
2019-08-30,40.0,11.0,29.0,7.0,
2019-08-31,24.0,16.0,26.0,9.0,
2019-09-01,33.0,20.0,22.0,10.0,
2019-09-02,36.0,10.0,26.0,6.0,
2019-09-03,16.0,12.0,26.0,9.0,
2019-09-04,21.0,13.0,31.0,7.0,
2019-09-05,23.0,10.0,24.0,7.0,
2019-09-06,20.0,16.0,23.0,9.0,
2019-09-07,22.0,18.0,20.0,8.0,
2019-09-08,25.0,26.0,19.0,10.0,
2019-09-09,40.0,34.0,33.0,11.0,
2019-09-10,55.0,17.0,29.0,7.0,
2019-09-11,34.0,12.0,28.0,9.0,
2019-09-12,26.0,10.0,19.0,7.0,
2019-09-13,22.0,7.0,23.0,4.0,
2019-09-14,18.0,8.0,24.0,7.0,
2019-09-15,18.0,6.0,21.0,6.0,
2019-09-16,17.0,13.0,16.0,9.0,
2019-09-17,22.0,14.0,14.0,12.0,
2019-09-18,26.0,16.0,17.0,14.0,
2019-09-19,27.0,9.0,21.0,9.0,
2019-09-20,20.0,8.0,19.0,9.0,
2019-09-21,18.0,7.0,20.0,9.0,
2019-09-22,17.0,11.0,18.0,12.0,
2019-09-23,21.0,12.0,19.0,14.0,
2019-09-24,22.0,18.0,11.0,15.0,
2019-09-25,27.0,21.0,18.0,18.0,
2019-09-26,30.0,24.0,18.0,14.0,
2019-09-27,35.0,21.0,26.0,12.0,
2019-09-28,35.0,13.0,24.0,5.0,
2019-09-29,32.0,10.0,19.0,8.0,
2019-09-30,22.0,6.0,22.0,5.0,
2019-10-01,17.0,10.0,21.0,11.0,
2019-10-02,23.0,9.0,13.0,12.0,
2019-10-03,20.0,9.0,16.0,12.0,
2019-10-04,23.0,12.0,18.0,11.0,
2019-10-05,23.0,12.0,17.0,12.0,
2019-10-06,22.0,16.0,17.0,15.0,
2019-10-07,22.0,19.0,15.0,21.0,
2019-10-08,28.0,22.0,13.0,19.0,
2019-10-09,30.0,28.0,9.0,17.0,
2019-10-10,37.0,8.0,22.0,9.0,1.0
2019-10-11,20.0,6.0,21.0,7.0,
2019-10-12,18.0,8.0,19.0,4.0,
2019-10-13,19.0,11.0,12.0,14.0,
2019-10-14,24.0,19.0,15.0,14.0,
2019-10-15,32.0,19.0,13.0,8.0,1.0
2019-10-16,30.0,10.0,7.0,9.0,
2019-10-17,27.0,14.0,5.0,10.0,
2019-10-18,34.0,11.0,26.0,6.0,
2019-10-19,29.0,15.0,22.0,8.0,
2019-10-20,28.0,8.0,18.0,6.0,
2019-10-21,18.0,9.0,22.0,7.0,
2019-10-22,24.0,13.0,23.0,7.0,
2019-10-23,25.0,15.0,25.0,6.0,1.0
2019-10-24,27.0,17.0,22.0,7.0,1.0
2019-10-25,41.0,6.0,26.0,8.0,
2019-10-26,18.0,6.0,20.0,7.0,
2019-10-27,20.0,13.0,14.0,14.0,
2019-10-28,23.0,13.0,16.0,14.0,
2019-10-29,23.0,15.0,18.0,12.0,1.0
2019-10-30,21.0,8.0,24.0,10.0,
2019-10-31,18.0,15.0,20.0,18.0,
2019-11-01,22.0,13.0,24.0,9.0,
2019-11-02,31.0,15.0,16.0,12.0,
2019-11-03,36.0,20.0,19.0,12.0,
2019-11-04,25.0,24.0,22.0,12.0,
2019-11-05,25.0,32.0,22.0,15.0,
2019-11-06,29.0,13.0,17.0,14.0,
2019-11-07,26.0,15.0,12.0,15.0,
2019-11-08,35.0,12.0,14.0,8.0,
2019-11-09,37.0,9.0,10.0,8.0,
2019-11-10,27.0,10.0,6.0,6.0,
2019-11-11,15.0,12.0,16.0,8.0,
2019-11-12,25.0,12.0,15.0,7.0,
2019-11-13,33.0,20.0,14.0,9.0,
2019-11-14,48.0,40.0,19.0,21.0,
2019-11-15,35.0,28.0,13.0,12.0,
2019-11-16,37.0,15.0,17.0,6.0,
2019-11-17,36.0,25.0,17.0,12.0,
2019-11-18,38.0,20.0,15.0,7.0,
2019-11-19,45.0,22.0,12.0,7.0,
2019-11-20,37.0,16.0,18.0,6.0,
2019-11-21,29.0,25.0,16.0,7.0,
2019-11-22,39.0,24.0,15.0,7.0,
2019-11-23,41.0,35.0,11.0,8.0,
2019-11-24,48.0,38.0,9.0,13.0,
2019-11-25,49.0,29.0,16.0,8.0,
2019-11-26,46.0,12.0,12.0,8.0,
2019-11-27,32.0,15.0,5.0,8.0,
2019-11-28,42.0,14.0,13.0,7.0,
2019-11-29,37.0,7.0,25.0,9.0,
2019-11-30,18.0,5.0,26.0,8.0,
2019-12-01,14.0,6.0,23.0,13.0,
2019-12-02,16.0,7.0,25.0,13.0,
2019-12-03,17.0,4.0,25.0,10.0,
2019-12-04,15.0,10.0,25.0,5.0,
2019-12-05,24.0,6.0,26.0,6.0,
2019-12-06,19.0,4.0,21.0,6.0,
2019-12-07,17.0,4.0,27.0,5.0,1.0
2019-12-08,15.0,9.0,31.0,5.0,
2019-12-09,23.0,11.0,21.0,18.0,
2019-12-10,25.0,12.0,23.0,7.0,
2019-12-11,20.0,13.0,20.0,6.0,
2019-12-12,30.0,19.0,16.0,7.0,
2019-12-13,47.0,14.0,20.0,4.0,
2019-12-14,36.0,7.0,14.0,4.0,
2019-12-15,22.0,13.0,25.0,13.0,
2019-12-16,21.0,12.0,26.0,11.0,
2019-12-17,19.0,14.0,22.0,8.0,1.0
2019-12-18,25.0,9.0,23.0,10.0,
2019-12-19,19.0,22.0,20.0,9.0,
2019-12-20,31.0,29.0,13.0,7.0,
2019-12-21,42.0,15.0,11.0,7.0,
2019-12-22,46.0,39.0,17.0,21.0,
2019-12-23,33.0,11.0,16.0,13.0,
2019-12-24,23.0,5.0,16.0,6.0,
2019-12-25,17.0,13.0,15.0,6.0,
2019-12-26,18.0,18.0,22.0,8.0,
2019-12-27,28.0,34.0,26.0,15.0,
2019-12-28,31.0,12.0,24.0,7.0,
2019-12-29,23.0,,,,
2019-12-31,,10.0,25.0,6.0,
2020-01-01,24.0,12.0,23.0,7.0,
2020-01-02,31.0,11.0,29.0,4.0,
2020-01-03,26.0,8.0,30.0,5.0,
2020-01-04,17.0,31.0,24.0,7.0,
2020-01-05,29.0,4.0,26.0,4.0,
2020-01-06,16.0,5.0,23.0,5.0,
2020-01-07,14.0,10.0,22.0,5.0,1.0
2020-01-08,24.0,10.0,25.0,9.0,
2020-01-09,23.0,28.0,16.0,28.0,
2020-01-10,42.0,18.0,26.0,11.0,
2020-01-11,31.0,5.0,25.0,4.0,
2020-01-12,16.0,8.0,25.0,8.0,
2020-01-13,21.0,11.0,25.0,7.0,
2020-01-14,24.0,10.0,22.0,6.0,
2020-01-15,27.0,12.0,27.0,7.0,
2020-01-16,26.0,15.0,20.0,8.0,1.0
2020-01-17,29.0,14.0,20.0,6.0,1.0
2020-01-18,43.0,6.0,26.0,4.0,1.0
2020-01-19,17.0,10.0,27.0,6.0,
2020-01-20,17.0,19.0,30.0,6.0,
2020-01-21,25.0,13.0,30.0,10.0,
2020-01-22,21.0,8.0,27.0,8.0,
2020-01-23,19.0,8.0,23.0,11.0,
2020-01-24,19.0,9.0,29.0,5.0,
2020-01-25,19.0,7.0,26.0,6.0,
2020-01-26,20.0,16.0,23.0,11.0,
2020-01-27,19.0,17.0,18.0,8.0,
2020-01-28,23.0,18.0,18.0,8.0,
2020-01-29,34.0,31.0,15.0,6.0,
2020-01-30,38.0,41.0,14.0,11.0,
2020-01-31,47.0,8.0,16.0,4.0,
2020-02-01,24.0,7.0,22.0,4.0,
2020-02-02,16.0,11.0,26.0,6.0,
2020-02-03,19.0,39.0,25.0,15.0,
2020-02-04,33.0,13.0,24.0,8.0,
2020-02-05,17.0,29.0,26.0,9.0,
2020-02-06,26.0,18.0,23.0,11.0,
2020-02-07,21.0,5.0,22.0,6.0,1.0
2020-02-08,18.0,14.0,23.0,4.0,
2020-02-09,42.0,17.0,30.0,6.0,
2020-02-10,34.0,10.0,29.0,5.0,
2020-02-11,23.0,10.0,29.0,8.0,
2020-02-12,22.0,12.0,26.0,9.0,
2020-02-13,21.0,14.0,18.0,13.0,
2020-02-14,26.0,11.0,23.0,6.0,
2020-02-15,25.0,13.0,22.0,4.0,
2020-02-16,42.0,8.0,30.0,4.0,1.0
2020-02-17,24.0,14.0,28.0,3.0,1.0
2020-02-18,28.0,14.0,26.0,5.0,
2020-02-19,27.0,25.0,23.0,11.0,
2020-02-20,30.0,10.0,26.0,5.0,
2020-02-21,27.0,10.0,32.0,4.0,
2020-02-22,21.0,8.0,29.0,4.0,
2020-02-23,20.0,15.0,28.0,5.0,
2020-02-24,29.0,21.0,24.0,14.0,
2020-02-25,28.0,24.0,27.0,10.0,
2020-02-26,34.0,24.0,24.0,9.0,
2020-02-27,31.0,35.0,22.0,15.0,
2020-02-28,39.0,21.0,26.0,12.0,
2020-02-29,31.0,7.0,29.0,4.0,
2020-03-01,22.0,12.0,26.0,8.0,
2020-03-02,28.0,14.0,21.0,10.0,
2020-03-03,41.0,8.0,20.0,6.0,
2020-03-04,28.0,7.0,29.0,8.0,
2020-03-05,19.0,9.0,23.0,6.0,
2020-03-06,20.0,13.0,21.0,13.0,
2020-03-07,30.0,15.0,28.0,17.0,
2020-03-08,39.0,17.0,26.0,9.0,
2020-03-09,38.0,14.0,27.0,8.0,
2020-03-10,37.0,9.0,22.0,10.0,
2020-03-11,29.0,10.0,26.0,7.0,
2020-03-12,21.0,12.0,29.0,6.0,
2020-03-13,24.0,23.0,27.0,6.0,
2020-03-14,42.0,13.0,32.0,4.0,1.0
2020-03-15,26.0,21.0,28.0,8.0,
2020-03-16,39.0,21.0,27.0,11.0,
2020-03-17,27.0,12.0,25.0,6.0,
2020-03-18,24.0,10.0,27.0,5.0,
2020-03-19,19.0,25.0,24.0,8.0,
2020-03-20,27.0,19.0,26.0,7.0,
2020-03-21,24.0,17.0,29.0,7.0,
2020-03-22,21.0,11.0,30.0,4.0,
2020-03-23,19.0,11.0,34.0,5.0,1.0
2020-03-24,26.0,17.0,38.0,3.0,
2020-03-25,42.0,19.0,37.0,4.0,
2020-03-26,50.0,22.0,35.0,7.0,
2020-03-27,48.0,22.0,34.0,5.0,
2020-03-28,43.0,8.0,29.0,2.0,
2020-03-29,15.0,,,,
2020-03-31,,12.0,32.0,3.0,
2020-04-01,23.0,12.0,33.0,4.0,1.0
2020-04-02,24.0,8.0,35.0,3.0,
2020-04-03,20.0,7.0,31.0,1.0,
2020-04-04,18.0,10.0,29.0,1.0,
2020-04-05,19.0,17.0,34.0,7.0,
2020-04-06,30.0,25.0,39.0,7.0,
2020-04-07,50.0,16.0,28.0,4.0,
2020-04-08,28.0,14.0,29.0,5.0,
2020-04-09,24.0,10.0,30.0,2.0,
2020-04-10,19.0,11.0,31.0,2.0,
2020-04-11,16.0,8.0,31.0,3.0,
2020-04-12,23.0,9.0,31.0,2.0,
2020-04-13,20.0,5.0,26.0,5.0,
2020-04-14,17.0,8.0,28.0,6.0,
2020-04-15,19.0,11.0,28.0,9.0,
2020-04-16,22.0,16.0,28.0,3.0,
2020-04-17,20.0,11.0,29.0,2.0,
2020-04-18,20.0,15.0,29.0,2.0,
2020-04-19,27.0,29.0,29.0,8.0,
2020-04-20,27.0,32.0,33.0,9.0,
2020-04-21,24.0,27.0,32.0,10.0,
2020-04-22,38.0,34.0,33.0,10.0,
2020-04-23,42.0,16.0,31.0,6.0,
2020-04-24,22.0,11.0,33.0,2.0,
2020-04-25,24.0,9.0,33.0,2.0,
2020-04-26,20.0,15.0,26.0,6.0,
2020-04-27,20.0,13.0,28.0,6.0,
2020-04-28,18.0,11.0,22.0,8.0,
2020-04-29,25.0,19.0,28.0,8.0,
2020-04-30,25.0,11.0,30.0,5.0,
2020-05-01,28.0,11.0,33.0,5.0,
2020-05-02,33.0,11.0,33.0,2.0,
2020-05-03,31.0,8.0,29.0,5.0,
2020-05-04,22.0,15.0,31.0,9.0,
2020-05-05,28.0,16.0,33.0,6.0,
2020-05-06,26.0,13.0,32.0,4.0,
2020-05-07,21.0,11.0,31.0,6.0,
2020-05-08,19.0,11.0,34.0,2.0,
2020-05-09,26.0,14.0,32.0,8.0,
2020-05-10,22.0,9.0,31.0,6.0,
2020-05-11,24.0,8.0,27.0,4.0,
2020-05-12,18.0,7.0,30.0,5.0,
2020-05-13,17.0,9.0,30.0,4.0,
2020-05-14,22.0,6.0,27.0,4.0,
2020-05-15,18.0,5.0,30.0,3.0,
2020-05-16,16.0,5.0,24.0,2.0,
2020-05-17,18.0,10.0,27.0,4.0,
2020-05-18,23.0,9.0,27.0,4.0,
2020-05-19,21.0,15.0,26.0,6.0,
2020-05-20,21.0,14.0,30.0,2.0,
2020-05-21,30.0,17.0,28.0,5.0,
2020-05-22,27.0,14.0,31.0,5.0,
2020-05-23,29.0,20.0,29.0,6.0,1.0
2020-05-24,31.0,29.0,32.0,10.0,
2020-05-25,34.0,25.0,34.0,7.0,
2020-05-26,31.0,23.0,32.0,6.0,
2020-05-27,32.0,14.0,24.0,5.0,
2020-05-28,23.0,21.0,26.0,7.0,
2020-05-29,20.0,19.0,26.0,4.0,
2020-05-30,22.0,17.0,25.0,4.0,
2020-05-31,23.0,31.0,24.0,9.0,
2020-06-01,28.0,28.0,27.0,8.0,
2020-06-02,27.0,35.0,31.0,12.0,
2020-06-03,41.0,40.0,22.0,14.0,
2020-06-04,49.0,12.0,23.0,7.0,
2020-06-05,30.0,12.0,31.0,5.0,
2020-06-06,31.0,13.0,32.0,4.0,
2020-06-07,28.0,27.0,23.0,12.0,
2020-06-08,44.0,24.0,28.0,11.0,
2020-06-09,36.0,25.0,27.0,11.0,
2020-06-10,41.0,30.0,25.0,10.0,
2020-06-11,35.0,25.0,26.0,8.0,
2020-06-12,33.0,23.0,28.0,8.0,
2020-06-13,32.0,26.0,29.0,7.0,
2020-06-14,31.0,33.0,48.0,8.0,
2020-06-15,38.0,35.0,32.0,14.0,
2020-06-16,51.0,26.0,40.0,12.0,
2020-06-17,42.0,22.0,32.0,10.0,
2020-06-18,46.0,20.0,31.0,6.0,
2020-06-19,38.0,17.0,25.0,3.0,
2020-06-20,31.0,15.0,23.0,3.0,
2020-06-21,24.0,22.0,24.0,6.0,
2020-06-22,29.0,22.0,32.0,11.0,
2020-06-23,32.0,28.0,28.0,14.0,
2020-06-24,47.0,23.0,36.0,7.0,
2020-06-25,36.0,17.0,37.0,7.0,
2020-06-26,35.0,20.0,44.0,6.0,
2020-06-27,43.0,26.0,28.0,5.0,
2020-06-28,42.0,20.0,28.0,5.0,
2020-06-29,30.0,10.0,32.0,6.0,
2020-06-30,32.0,10.0,26.0,3.0,
2020-07-01,22.0,13.0,23.0,5.0,
2020-07-02,25.0,8.0,27.0,3.0,
2020-07-03,21.0,8.0,31.0,3.0,
2020-07-04,25.0,6.0,25.0,4.0,
2020-07-05,21.0,9.0,27.0,2.0,
2020-07-06,23.0,9.0,23.0,2.0,
2020-07-07,22.0,10.0,23.0,5.0,
2020-07-08,21.0,7.0,24.0,4.0,
2020-07-09,18.0,10.0,25.0,5.0,
2020-07-10,21.0,12.0,22.0,6.0,
2020-07-11,26.0,6.0,27.0,3.0,
2020-07-12,22.0,12.0,23.0,4.0,
2020-07-13,23.0,7.0,23.0,4.0,
2020-07-14,17.0,15.0,26.0,9.0,
2020-07-15,24.0,21.0,22.0,11.0,
2020-07-16,29.0,25.0,31.0,9.0,
2020-07-17,35.0,14.0,36.0,4.0,
2020-07-18,34.0,15.0,35.0,6.0,
2020-07-19,33.0,21.0,29.0,10.0,
2020-07-20,36.0,15.0,28.0,8.0,
2020-07-21,29.0,10.0,19.0,4.0,
2020-07-22,18.0,6.0,17.0,2.0,
2020-07-23,17.0,9.0,23.0,6.0,
2020-07-24,20.0,5.0,23.0,4.0,
2020-07-25,20.0,9.0,22.0,7.0,
2020-07-26,23.0,17.0,39.0,8.0,
2020-07-27,33.0,20.0,24.0,11.0,
2020-07-28,39.0,12.0,20.0,7.0,
2020-07-29,31.0,9.0,21.0,5.0,
2020-07-30,19.0,14.0,18.0,6.0,
2020-07-31,26.0,14.0,24.0,5.0,
2020-08-01,25.0,10.0,23.0,3.0,
2020-08-02,25.0,10.0,22.0,5.0,
2020-08-03,24.0,14.0,19.0,8.0,
2020-08-04,25.0,11.0,25.0,5.0,
2020-08-05,21.0,14.0,29.0,8.0,
2020-08-06,29.0,16.0,23.0,9.0,
2020-08-07,37.0,15.0,38.0,7.0,
2020-08-08,35.0,19.0,34.0,7.0,
2020-08-09,38.0,16.0,19.0,7.0,
2020-08-10,27.0,17.0,18.0,8.0,
2020-08-11,24.0,18.0,22.0,8.0,
2020-08-12,24.0,16.0,23.0,8.0,
2020-08-13,24.0,20.0,26.0,8.0,
2020-08-14,31.0,12.0,27.0,5.0,
2020-08-15,37.0,15.0,25.0,4.0,
2020-08-16,32.0,20.0,23.0,8.0,
2020-08-17,26.0,27.0,22.0,15.0,
2020-08-18,32.0,26.0,34.0,12.0,
2020-08-19,32.0,29.0,32.0,14.0,
2020-08-20,43.0,26.0,29.0,12.0,
2020-08-21,40.0,19.0,22.0,5.0,
2020-08-22,42.0,12.0,28.0,3.0,
2020-08-23,30.0,8.0,25.0,5.0,
2020-08-24,19.0,14.0,25.0,9.0,
2020-08-25,22.0,10.0,25.0,7.0,
2020-08-26,20.0,15.0,19.0,11.0,
2020-08-27,24.0,15.0,19.0,9.0,
2020-08-28,22.0,15.0,22.0,9.0,
2020-08-29,25.0,8.0,19.0,6.0,
2020-08-30,21.0,11.0,13.0,8.0,
2020-08-31,19.0,13.0,18.0,9.0,
2020-09-01,28.0,23.0,17.0,11.0,
2020-09-02,32.0,18.0,13.0,7.0,
2020-09-03,29.0,11.0,29.0,6.0,
2020-09-04,28.0,14.0,26.0,4.0,
2020-09-05,23.0,8.0,24.0,3.0,
2020-09-06,20.0,6.0,26.0,5.0,
2020-09-07,20.0,12.0,20.0,8.0,
2020-09-08,19.0,8.0,18.0,5.0,
2020-09-09,19.0,6.0,20.0,2.0,
2020-09-10,16.0,6.0,21.0,5.0,
2020-09-11,17.0,11.0,34.0,4.0,
2020-09-12,26.0,7.0,25.0,1.0,
2020-09-13,23.0,11.0,18.0,5.0,
2020-09-14,24.0,10.0,17.0,7.0,
2020-09-15,23.0,14.0,22.0,8.0,
2020-09-16,30.0,6.0,21.0,3.0,
2020-09-17,15.0,8.0,18.0,5.0,
2020-09-18,19.0,8.0,19.0,3.0,
2020-09-19,18.0,8.0,22.0,3.0,
2020-09-20,19.0,8.0,21.0,4.0,
2020-09-21,23.0,10.0,23.0,4.0,
2020-09-22,24.0,27.0,25.0,11.0,
2020-09-23,54.0,42.0,25.0,14.0,
2020-09-24,64.0,38.0,21.0,11.0,
2020-09-25,60.0,43.0,26.0,6.0,
2020-09-26,67.0,35.0,28.0,7.0,
2020-09-27,64.0,49.0,17.0,8.0,
2020-09-28,55.0,33.0,10.0,8.0,
2020-09-29,45.0,19.0,13.0,7.0,
2020-09-30,29.0,30.0,14.0,9.0,
2020-10-01,44.0,47.0,21.0,11.0,
2020-10-02,57.0,37.0,21.0,7.0,
2020-10-03,56.0,35.0,21.0,4.0,
2020-10-04,60.0,27.0,26.0,8.0,
2020-10-05,42.0,25.0,17.0,6.0,
2020-10-06,45.0,18.0,14.0,8.0,
2020-10-07,36.0,15.0,18.0,7.0,
2020-10-08,36.0,11.0,21.0,5.0,
2020-10-09,28.0,9.0,23.0,3.0,
2020-10-10,20.0,6.0,23.0,3.0,
2020-10-11,19.0,10.0,26.0,10.0,
2020-10-12,21.0,7.0,18.0,8.0,
2020-10-13,18.0,12.0,13.0,8.0,
2020-10-14,25.0,9.0,15.0,8.0,
2020-10-15,21.0,10.0,19.0,10.0,
2020-10-16,19.0,6.0,24.0,4.0,
2020-10-17,16.0,4.0,23.0,2.0,
2020-10-18,15.0,6.0,20.0,4.0,
2020-10-19,15.0,11.0,14.0,9.0,
2020-10-20,20.0,7.0,18.0,7.0,
2020-10-21,24.0,9.0,11.0,5.0,
2020-10-22,34.0,4.0,19.0,4.0,
2020-10-23,15.0,7.0,19.0,6.0,
2020-10-24,18.0,10.0,17.0,6.0,
2020-10-25,20.0,12.0,13.0,5.0,
2020-10-26,33.0,16.0,14.0,6.0,
2020-10-27,47.0,10.0,25.0,5.0,
2020-10-28,24.0,13.0,16.0,8.0,
2020-10-29,26.0,15.0,13.0,10.0,
2020-10-30,37.0,17.0,11.0,9.0,
2020-10-31,32.0,8.0,16.0,3.0,
2020-11-01,26.0,10.0,17.0,3.0,
2020-11-02,21.0,6.0,25.0,4.0,
2020-11-03,21.0,9.0,22.0,6.0,
2020-11-04,19.0,7.0,21.0,4.0,
2020-11-05,18.0,11.0,21.0,7.0,
2020-11-06,22.0,6.0,20.0,3.0,
2020-11-07,19.0,12.0,22.0,5.0,
2020-11-08,20.0,10.0,20.0,6.0,
2020-11-09,17.0,21.0,15.0,15.0,
2020-11-10,24.0,12.0,16.0,17.0,
2020-11-11,28.0,12.0,23.0,5.0,
2020-11-12,29.0,16.0,19.0,4.0,
2020-11-13,44.0,14.0,13.0,3.0,
2020-11-14,44.0,13.0,12.0,3.0,
2020-11-15,40.0,14.0,11.0,4.0,
2020-11-16,41.0,6.0,9.0,4.0,
2020-11-17,24.0,4.0,20.0,5.0,
2020-11-18,15.0,7.0,25.0,4.0,
2020-11-19,21.0,4.0,24.0,5.0,
2020-11-20,17.0,5.0,25.0,5.0,
2020-11-21,16.0,7.0,24.0,3.0,
2020-11-22,19.0,5.0,22.0,6.0,
2020-11-23,16.0,13.0,20.0,11.0,
2020-11-24,17.0,8.0,20.0,10.0,
2020-11-25,20.0,8.0,19.0,6.0,
2020-11-26,23.0,16.0,18.0,7.0,
2020-11-27,20.0,16.0,13.0,6.0,
2020-11-28,25.0,8.0,9.0,6.0,
2020-11-29,30.0,7.0,8.0,7.0,
2020-11-30,28.0,4.0,19.0,5.0,
2020-12-01,19.0,18.0,15.0,6.0,
2020-12-02,43.0,13.0,16.0,5.0,
2020-12-03,29.0,13.0,12.0,4.0,
2020-12-04,36.0,13.0,12.0,2.0,
2020-12-05,46.0,15.0,18.0,2.0,
2020-12-06,47.0,14.0,22.0,4.0,
2020-12-07,29.0,16.0,23.0,5.0,
2020-12-08,28.0,18.0,22.0,5.0,
2020-12-09,36.0,23.0,19.0,7.0,
2020-12-10,37.0,17.0,19.0,8.0,
2020-12-11,40.0,12.0,17.0,5.0,
2020-12-12,37.0,12.0,26.0,3.0,
2020-12-13,33.0,18.0,24.0,15.0,
2020-12-14,35.0,13.0,13.0,7.0,
2020-12-15,41.0,6.0,15.0,5.0,
2020-12-16,24.0,11.0,16.0,7.0,
2020-12-17,19.0,5.0,17.0,7.0,
2020-12-18,20.0,5.0,12.0,6.0,
2020-12-19,17.0,8.0,19.0,3.0,
2020-12-20,37.0,7.0,13.0,5.0,
2020-12-21,29.0,9.0,12.0,5.0,
2020-12-22,27.0,5.0,22.0,4.0,
2020-12-23,21.0,5.0,20.0,4.0,
2020-12-24,14.0,7.0,13.0,3.0,
2020-12-25,18.0,12.0,16.0,3.0,
2020-12-26,22.0,6.0,21.0,2.0,
2020-12-27,21.0,8.0,19.0,2.0,
2020-12-28,24.0,5.0,17.0,3.0,
2020-12-29,23.0,8.0,16.0,3.0,
2020-12-30,31.0,8.0,13.0,7.0,
2020-12-31,32.0,16.0,16.0,6.0,
2021-01-01,48.0,7.0,16.0,4.0,
2021-01-02,24.0,4.0,13.0,4.0,
2021-01-03,21.0,9.0,5.0,7.0,
2021-01-04,38.0,9.0,10.0,9.0,
2021-01-05,30.0,8.0,12.0,7.0,
2021-01-06,27.0,7.0,13.0,8.0,
2021-01-07,27.0,10.0,11.0,10.0,
2021-01-08,31.0,16.0,17.0,8.0,
2021-01-09,30.0,10.0,20.0,6.0,
2021-01-10,31.0,8.0,20.0,5.0,
2021-01-11,27.0,9.0,18.0,4.0,
2021-01-12,32.0,14.0,15.0,8.0,
2021-01-13,45.0,12.0,16.0,14.0,
2021-01-14,39.0,13.0,18.0,17.0,1.0
2021-01-15,39.0,13.0,16.0,17.0,
2021-01-16,44.0,7.0,14.0,15.0,
2021-01-17,32.0,10.0,20.0,27.0,
2021-01-18,32.0,7.0,22.0,7.0,
2021-01-19,29.0,9.0,21.0,10.0,
2021-01-20,38.0,12.0,21.0,6.0,
2021-01-21,47.0,19.0,15.0,11.0,
2021-01-22,61.0,13.0,19.0,6.0,
2021-01-23,39.0,12.0,17.0,6.0,
2021-01-24,45.0,6.0,18.0,8.0,
2021-01-25,29.0,7.0,18.0,12.0,
2021-01-26,27.0,7.0,10.0,12.0,
2021-01-27,25.0,6.0,10.0,8.0,
2021-01-28,27.0,6.0,13.0,8.0,
2021-01-29,29.0,5.0,15.0,5.0,
2021-01-30,24.0,6.0,15.0,7.0,
2021-01-31,30.0,8.0,15.0,15.0,
2021-02-01,32.0,7.0,25.0,18.0,
2021-02-02,29.0,8.0,21.0,10.0,
2021-02-03,33.0,9.0,17.0,13.0,
2021-02-04,32.0,13.0,23.0,14.0,
2021-02-05,40.0,7.0,25.0,13.0,
2021-02-06,31.0,5.0,25.0,8.0,
2021-02-07,24.0,7.0,26.0,14.0,
2021-02-08,21.0,8.0,27.0,15.0,
2021-02-09,26.0,15.0,20.0,23.0,
2021-02-10,46.0,15.0,19.0,19.0,
2021-02-11,37.0,15.0,20.0,22.0,
2021-02-12,37.0,5.0,28.0,9.0,
2021-02-13,20.0,4.0,29.0,5.0,
2021-02-14,13.0,6.0,26.0,11.0,
2021-02-15,11.0,6.0,25.0,10.0,
2021-02-16,19.0,14.0,21.0,15.0,
2021-02-17,28.0,16.0,26.0,16.0,
2021-02-18,33.0,11.0,25.0,8.0,
2021-02-19,39.0,18.0,24.0,7.0,
2021-02-20,62.0,8.0,21.0,7.0,
2021-02-21,32.0,14.0,21.0,9.0,
2021-02-22,52.0,12.0,19.0,7.0,
2021-02-23,44.0,20.0,17.0,10.0,
2021-02-24,60.0,10.0,19.0,6.0,
2021-02-25,32.0,5.0,24.0,6.0,
2021-02-26,21.0,5.0,29.0,4.0,
2021-02-27,12.0,3.0,29.0,4.0,
2021-02-28,12.0,6.0,29.0,7.0,
2021-03-01,14.0,18.0,29.0,5.0,
2021-03-02,19.0,11.0,28.0,5.0,
2021-03-03,16.0,24.0,29.0,8.0,
2021-03-04,19.0,58.0,27.0,9.0,1.0
2021-03-05,41.0,11.0,31.0,4.0,
2021-03-06,13.0,6.0,34.0,2.0,
2021-03-07,16.0,31.0,29.0,10.0,
2021-03-08,33.0,17.0,26.0,13.0,
2021-03-09,32.0,7.0,31.0,10.0,
2021-03-10,24.0,9.0,33.0,5.0,
2021-03-11,33.0,12.0,30.0,6.0,
2021-03-12,47.0,13.0,22.0,5.0,
2021-03-13,34.0,6.0,22.0,5.0,
2021-03-14,24.0,4.0,20.0,7.0,
2021-03-15,19.0,5.0,20.0,6.0,
2021-03-16,21.0,7.0,21.0,11.0,
2021-03-17,26.0,24.0,26.0,9.0,
2021-03-18,28.0,42.0,25.0,9.0,
2021-03-19,35.0,12.0,24.0,3.0,
2021-03-20,15.0,9.0,33.0,2.0,
2021-03-21,13.0,50.0,32.0,11.0,
2021-03-22,36.0,21.0,24.0,12.0,
2021-03-23,25.0,7.0,27.0,5.0,
2021-03-24,20.0,17.0,26.0,6.0,
2021-03-25,44.0,15.0,25.0,8.0,
2021-03-26,40.0,23.0,29.0,7.0,
2021-03-27,49.0,15.0,33.0,5.0,
2021-03-28,39.0,10.0,30.0,8.0,
2021-03-29,27.0,9.0,19.0,8.0,
2021-03-30,19.0,22.0,32.0,9.0,
2021-03-31,20.0,27.0,33.0,5.0,
2021-04-01,20.0,12.0,29.0,2.0,
2021-04-02,14.0,21.0,32.0,3.0,
2021-04-03,19.0,19.0,37.0,2.0,1.0
2021-04-04,14.0,10.0,32.0,4.0,2.0
2021-04-05,22.0,11.0,30.0,5.0,2.0
2021-04-06,15.0,20.0,27.0,5.0,
2021-04-07,28.0,17.0,32.0,4.0,
2021-04-08,18.0,9.0,31.0,4.0,
2021-04-09,21.0,11.0,33.0,2.0,
2021-04-10,31.0,16.0,30.0,5.0,
2021-04-11,28.0,32.0,32.0,11.0,
2021-04-12,45.0,23.0,34.0,8.0,
2021-04-13,33.0,23.0,31.0,7.0,
2021-04-14,25.0,37.0,33.0,10.0,
2021-04-15,31.0,32.0,31.0,9.0,
2021-04-16,26.0,21.0,34.0,4.0,
2021-04-17,20.0,25.0,33.0,5.0,
2021-04-18,28.0,24.0,30.0,8.0,
2021-04-19,25.0,29.0,36.0,8.0,
2021-04-20,32.0,25.0,36.0,9.0,
2021-04-21,45.0,19.0,31.0,8.0,1.0
2021-04-22,35.0,6.0,30.0,8.0,
2021-04-23,12.0,3.0,21.0,4.0,
2021-04-24,9.0,7.0,24.0,2.0,
2021-04-25,11.0,11.0,22.0,8.0,
2021-04-26,24.0,23.0,26.0,8.0,
2021-04-27,29.0,15.0,34.0,6.0,
2021-04-28,19.0,15.0,34.0,9.0,
2021-04-29,18.0,26.0,32.0,13.0,
2021-04-30,27.0,14.0,35.0,3.0,
2021-05-01,16.0,15.0,30.0,5.0,
2021-05-02,19.0,28.0,31.0,8.0,1.0
2021-05-03,27.0,22.0,28.0,7.0,1.0
2021-05-04,22.0,13.0,25.0,5.0,
2021-05-05,17.0,15.0,29.0,6.0,
2021-05-06,24.0,10.0,28.0,6.0,
2021-05-07,15.0,9.0,33.0,3.0,
2021-05-08,19.0,8.0,35.0,3.0,
2021-05-09,22.0,25.0,31.0,13.0,
2021-05-10,37.0,29.0,37.0,11.0,
2021-05-11,43.0,37.0,44.0,12.0,
2021-05-12,46.0,50.0,53.0,10.0,1.0
2021-05-13,83.0,37.0,37.0,9.0,1.0
2021-05-14,46.0,29.0,36.0,6.0,2.0
2021-05-15,47.0,13.0,37.0,4.0,2.0
2021-05-16,21.0,24.0,30.0,9.0,2.0
2021-05-17,41.0,23.0,28.0,11.0,3.0
2021-05-18,39.0,16.0,25.0,9.0,3.0
2021-05-19,37.0,14.0,28.0,7.0,4.0
2021-05-20,16.0,7.0,30.0,4.0,5.0
2021-05-21,10.0,11.0,37.0,3.0,
2021-05-22,21.0,16.0,34.0,4.0,
2021-05-23,31.0,22.0,24.0,5.0,
2021-05-24,23.0,19.0,25.0,7.0,
2021-05-25,23.0,9.0,32.0,4.0,
2021-05-26,16.0,21.0,25.0,8.0,
2021-05-27,29.0,18.0,25.0,7.0,
2021-05-28,25.0,13.0,30.0,4.0,
2021-05-29,24.0,11.0,28.0,5.0,
2021-05-30,24.0,18.0,28.0,8.0,
2021-05-31,26.0,18.0,36.0,10.0,
2021-06-01,30.0,38.0,30.0,15.0,
2021-06-02,41.0,28.0,28.0,9.0,
2021-06-03,33.0,31.0,37.0,13.0,
2021-06-04,38.0,27.0,33.0,10.0,
2021-06-05,42.0,31.0,31.0,6.0,
2021-06-06,46.0,38.0,31.0,10.0,
2021-06-07,52.0,32.0,26.0,8.0,
2021-06-08,47.0,34.0,27.0,10.0,
2021-06-09,38.0,37.0,38.0,14.0,
2021-06-10,39.0,31.0,35.0,15.0,
2021-06-11,45.0,20.0,39.0,5.0,
2021-06-12,37.0,9.0,33.0,3.0,
2021-06-13,14.0,20.0,25.0,3.0,
2021-06-14,18.0,13.0,30.0,3.0,
2021-06-15,21.0,25.0,26.0,4.0,
2021-06-16,24.0,20.0,25.0,7.0,
2021-06-17,32.0,22.0,50.0,8.0,
2021-06-18,38.0,25.0,51.0,10.0,
2021-06-19,50.0,35.0,49.0,9.0,
2021-06-20,66.0,40.0,43.0,8.0,
2021-06-21,67.0,55.0,42.0,11.0,
2021-06-22,71.0,51.0,41.0,11.0,
2021-06-23,70.0,23.0,34.0,6.0,
2021-06-24,53.0,17.0,39.0,5.0,
2021-06-25,44.0,15.0,30.0,3.0,
2021-06-26,42.0,13.0,24.0,2.0,
2021-06-27,35.0,20.0,29.0,8.0,
2021-06-28,29.0,23.0,29.0,10.0,
2021-06-29,32.0,34.0,29.0,11.0,
2021-06-30,47.0,30.0,27.0,9.0,
2021-07-01,44.0,24.0,24.0,9.0,
2021-07-02,44.0,25.0,26.0,11.0,
2021-07-03,36.0,22.0,39.0,8.0,
2021-07-04,34.0,23.0,34.0,8.0,
2021-07-05,43.0,35.0,33.0,9.0,
2021-07-06,49.0,33.0,99.0,7.0,
2021-07-07,56.0,26.0,39.0,10.0,
2021-07-08,50.0,37.0,29.0,9.0,
2021-07-09,39.0,40.0,39.0,10.0,
2021-07-10,61.0,19.0,34.0,3.0,
2021-07-11,35.0,18.0,33.0,4.0,
2021-07-12,29.0,32.0,35.0,8.0,
2021-07-13,33.0,32.0,33.0,13.0,
2021-07-14,48.0,38.0,43.0,11.0,
2021-07-15,59.0,29.0,36.0,8.0,
2021-07-16,47.0,29.0,26.0,5.0,
2021-07-17,37.0,21.0,29.0,3.0,
2021-07-18,38.0,12.0,21.0,3.0,
2021-07-19,11.0,17.0,21.0,3.0,
2021-07-20,21.0,12.0,21.0,4.0,
2021-07-21,12.0,16.0,24.0,3.0,
2021-07-22,15.0,16.0,22.0,5.0,
2021-07-23,21.0,18.0,23.0,4.0,
2021-07-24,18.0,22.0,26.0,3.0,
2021-07-25,38.0,31.0,26.0,9.0,
2021-07-26,44.0,44.0,31.0,10.0,
2021-07-27,50.0,47.0,42.0,9.0,
2021-07-28,61.0,50.0,40.0,5.0,
2021-07-29,52.0,13.0,33.0,6.0,
2021-07-30,22.0,9.0,30.0,3.0,
2021-07-31,20.0,10.0,32.0,4.0,
2021-08-01,25.0,12.0,27.0,6.0,
2021-08-02,20.0,10.0,22.0,4.0,
2021-08-03,16.0,11.0,24.0,4.0,
2021-08-04,15.0,18.0,25.0,9.0,
2021-08-05,19.0,25.0,29.0,12.0,
2021-08-06,30.0,13.0,25.0,4.0,
2021-08-07,25.0,12.0,33.0,5.0,
2021-08-08,22.0,14.0,27.0,8.0,
2021-08-09,29.0,13.0,30.0,6.0,
2021-08-10,26.0,20.0,29.0,12.0,
2021-08-11,26.0,24.0,31.0,10.0,
2021-08-12,34.0,17.0,32.0,4.0,
2021-08-13,29.0,10.0,33.0,2.0,
2021-08-14,26.0,8.0,26.0,2.0,
2021-08-15,19.0,13.0,23.0,6.0,
2021-08-16,19.0,28.0,34.0,8.0,
2021-08-17,40.0,10.0,25.0,4.0,
2021-08-18,18.0,12.0,25.0,4.0,
2021-08-19,18.0,8.0,24.0,4.0,
2021-08-20,14.0,7.0,28.0,5.0,
2021-08-21,18.0,6.0,16.0,2.0,
2021-08-22,10.0,11.0,28.0,5.0,
2021-08-23,15.0,13.0,21.0,6.0,
2021-08-24,19.0,9.0,21.0,5.0,
2021-08-25,16.0,14.0,22.0,4.0,
2021-08-26,28.0,21.0,12.0,5.0,
2021-08-27,34.0,22.0,21.0,4.0,
2021-08-28,43.0,17.0,25.0,5.0,1.0
2021-08-29,33.0,41.0,22.0,11.0,
2021-08-30,47.0,27.0,26.0,10.0,
2021-08-31,38.0,32.0,22.0,8.0,
2021-09-01,23.0,23.0,24.0,5.0,
2021-09-02,16.0,15.0,23.0,5.0,
2021-09-03,15.0,9.0,25.0,4.0,
2021-09-04,11.0,7.0,24.0,3.0,
2021-09-05,12.0,16.0,24.0,8.0,
2021-09-06,19.0,16.0,29.0,7.0,
2021-09-07,22.0,12.0,24.0,4.0,
2021-09-08,29.0,14.0,24.0,6.0,
2021-09-09,30.0,21.0,21.0,7.0,
2021-09-10,27.0,16.0,15.0,9.0,
2021-09-11,34.0,11.0,30.0,5.0,
2021-09-12,40.0,7.0,25.0,3.0,
2021-09-13,17.0,8.0,26.0,2.0,
2021-09-14,10.0,11.0,18.0,6.0,
2021-09-15,16.0,28.0,19.0,9.0,
2021-09-16,35.0,18.0,18.0,7.0,
2021-09-17,24.0,12.0,18.0,5.0,
2021-09-18,25.0,12.0,21.0,4.0,
2021-09-19,24.0,20.0,20.0,8.0,
2021-09-20,23.0,22.0,16.0,10.0,
2021-09-21,25.0,24.0,19.0,11.0,
2021-09-22,29.0,31.0,23.0,10.0,
2021-09-23,34.0,16.0,14.0,6.0,
2021-09-24,26.0,6.0,18.0,4.0,
2021-09-25,14.0,9.0,16.0,7.0,
2021-09-26,15.0,29.0,14.0,12.0,
2021-09-27,36.0,28.0,20.0,11.0,
2021-09-28,40.0,37.0,12.0,7.0,
2021-09-29,45.0,34.0,20.0,7.0,
2021-09-30,42.0,21.0,17.0,6.0,
2021-10-01,47.0,27.0,23.0,5.0,
2021-10-02,49.0,20.0,25.0,4.0,
2021-10-03,49.0,40.0,26.0,6.0,
2021-10-04,57.0,29.0,26.0,9.0,
2021-10-05,53.0,38.0,22.0,7.0,
2021-10-06,53.0,30.0,24.0,7.0,
2021-10-07,54.0,21.0,25.0,5.0,
2021-10-08,49.0,15.0,30.0,3.0,
2021-10-09,45.0,15.0,25.0,4.0,2.0
2021-10-10,44.0,20.0,29.0,6.0,2.0
2021-10-11,47.0,12.0,25.0,10.0,
2021-10-12,26.0,15.0,14.0,13.0,
2021-10-13,24.0,46.0,27.0,10.0,
2021-10-14,28.0,10.0,28.0,5.0,
2021-10-15,15.0,4.0,26.0,5.0,
2021-10-16,9.0,3.0,27.0,2.0,
2021-10-17,8.0,6.0,24.0,4.0,2.0
2021-10-18,11.0,7.0,23.0,8.0,
2021-10-19,11.0,14.0,23.0,5.0,1.0
2021-10-20,16.0,8.0,27.0,5.0,
2021-10-21,21.0,3.0,28.0,5.0,
2021-10-22,11.0,4.0,21.0,4.0,
2021-10-23,16.0,7.0,21.0,6.0,
2021-10-24,16.0,9.0,28.0,4.0,
2021-10-25,24.0,16.0,25.0,6.0,
2021-10-26,42.0,7.0,20.0,6.0,
2021-10-27,17.0,9.0,20.0,9.0,
2021-10-28,20.0,17.0,22.0,4.0,
2021-10-29,49.0,30.0,25.0,6.0,
2021-10-30,81.0,32.0,22.0,6.0,
2021-10-31,83.0,37.0,19.0,9.0,
2021-11-01,76.0,31.0,20.0,7.0,
2021-11-02,68.0,120.0,22.0,8.0,
2021-11-03,91.0,12.0,21.0,6.0,
2021-11-04,26.0,19.0,19.0,10.0,
2021-11-05,34.0,4.0,17.0,4.0,
2021-11-06,11.0,6.0,20.0,7.0,
2021-11-07,13.0,11.0,21.0,7.0,
2021-11-08,23.0,17.0,23.0,12.0,
2021-11-09,20.0,4.0,19.0,5.0,
2021-11-10,12.0,6.0,25.0,6.0,1.0
2021-11-11,13.0,12.0,24.0,5.0,
2021-11-12,14.0,17.0,22.0,9.0,
2021-11-13,20.0,23.0,15.0,11.0,
2021-11-14,27.0,17.0,17.0,9.0,1.0
2021-11-15,24.0,9.0,22.0,7.0,
2021-11-16,18.0,12.0,21.0,6.0,
2021-11-17,34.0,7.0,21.0,6.0,
2021-11-18,16.0,8.0,19.0,10.0,
2021-11-19,15.0,8.0,27.0,4.0,
2021-11-20,12.0,13.0,23.0,5.0,
2021-11-21,14.0,19.0,21.0,12.0,1.0
2021-11-22,23.0,9.0,26.0,11.0,
2021-11-23,16.0,7.0,25.0,10.0,
2021-11-24,13.0,4.0,22.0,8.0,
2021-11-25,9.0,14.0,19.0,11.0,
2021-11-26,16.0,27.0,19.0,9.0,
2021-11-27,34.0,24.0,19.0,7.0,
2021-11-28,27.0,25.0,19.0,10.0,
2021-11-29,26.0,7.0,18.0,9.0,
2021-11-30,13.0,14.0,21.0,10.0,1.0
2021-12-01,24.0,24.0,19.0,17.0,
2021-12-02,29.0,24.0,19.0,12.0,
2021-12-03,31.0,13.0,24.0,8.0,
2021-12-04,23.0,22.0,21.0,8.0,
2021-12-05,25.0,8.0,19.0,8.0,
2021-12-06,22.0,26.0,10.0,23.0,
2021-12-07,42.0,24.0,2.0,26.0,
2021-12-08,45.0,28.0,17.0,15.0,
2021-12-09,42.0,14.0,18.0,8.0,1.0
2021-12-10,27.0,8.0,12.0,8.0,
2021-12-11,29.0,5.0,5.0,8.0,
2021-12-12,20.0,9.0,13.0,8.0,
2021-12-13,28.0,13.0,18.0,6.0,1.0
2021-12-14,24.0,15.0,21.0,7.0,1.0
2021-12-15,18.0,7.0,21.0,6.0,2.0
2021-12-16,15.0,11.0,20.0,9.0,1.0
2021-12-17,16.0,3.0,25.0,5.0,1.0
2021-12-18,9.0,7.0,26.0,5.0,1.0
2021-12-19,11.0,45.0,20.0,10.0,
2021-12-20,49.0,39.0,20.0,11.0,
2021-12-21,38.0,25.0,12.0,13.0,
2021-12-22,31.0,4.0,23.0,6.0,
2021-12-23,9.0,3.0,26.0,5.0,
2021-12-24,10.0,3.0,20.0,4.0,
2021-12-25,15.0,4.0,18.0,4.0,1.0
2021-12-26,24.0,12.0,11.0,17.0,
2021-12-27,39.0,20.0,25.0,14.0,
2021-12-28,40.0,9.0,22.0,5.0,
2021-12-29,27.0,13.0,19.0,8.0,1.0
2021-12-30,46.0,7.0,15.0,6.0,1.0
2021-12-31,26.0,8.0,21.0,5.0,1.0
2022-01-01,32.0,4.0,25.0,4.0,
2022-01-02,10.0,9.0,21.0,9.0,1.0
2022-01-03,16.0,11.0,23.0,8.0,
2022-01-04,19.0,38.0,22.0,12.0,
2022-01-05,32.0,4.0,25.0,7.0,
2022-01-06,18.0,6.0,25.0,7.0,2.0
2022-01-07,19.0,7.0,20.0,9.0,
2022-01-08,24.0,15.0,13.0,9.0,
2022-01-09,56.0,11.0,18.0,17.0,
2022-01-10,38.0,16.0,22.0,19.0,
2022-01-11,34.0,13.0,26.0,4.0,
2022-01-12,29.0,7.0,31.0,5.0,
2022-01-13,12.0,8.0,31.0,3.0,
2022-01-14,12.0,13.0,27.0,3.0,
2022-01-15,16.0,4.0,26.0,2.0,
2022-01-16,10.0,6.0,25.0,8.0,1.0
2022-01-17,18.0,7.0,25.0,9.0,
2022-01-18,15.0,6.0,,3.0,
2022-01-19,10.0,,,,
2022-01-28,,6.0,28.0,3.0,
2022-01-29,13.0,3.0,23.0,5.0,
2022-01-30,17.0,7.0,21.0,10.0,
2022-01-31,26.0,14.0,15.0,16.0,
2022-02-01,42.0,22.0,7.0,20.0,
2022-02-02,54.0,19.0,5.0,18.0,
2022-02-03,55.0,12.0,24.0,7.0,
2022-02-04,32.0,7.0,26.0,4.0,
2022-02-05,24.0,5.0,25.0,6.0,
2022-02-06,13.0,16.0,26.0,15.0,
2022-02-07,24.0,16.0,23.0,8.0,
2022-02-08,22.0,9.0,27.0,8.0,
2022-02-09,18.0,7.0,27.0,7.0,
2022-02-10,14.0,6.0,26.0,9.0,
2022-02-11,15.0,5.0,28.0,4.0,
2022-02-12,14.0,8.0,27.0,4.0,1.0
2022-02-13,26.0,51.0,21.0,7.0,2.0
2022-02-14,63.0,26.0,22.0,10.0,1.0
2022-02-15,64.0,14.0,23.0,8.0,
2022-02-16,37.0,9.0,20.0,12.0,
2022-02-17,22.0,4.0,25.0,5.0,
2022-02-18,13.0,6.0,25.0,6.0,
2022-02-19,20.0,5.0,22.0,6.0,
2022-02-20,14.0,21.0,26.0,7.0,
2022-02-21,20.0,8.0,22.0,11.0,
2022-02-22,21.0,11.0,26.0,17.0,
2022-02-23,32.0,9.0,28.0,6.0,1.0
2022-02-24,26.0,14.0,27.0,8.0,
2022-02-25,37.0,5.0,27.0,7.0,
2022-02-26,23.0,6.0,25.0,8.0,3.0
2022-02-27,17.0,7.0,26.0,7.0,
2022-02-28,20.0,7.0,27.0,5.0,
2022-03-01,23.0,13.0,26.0,6.0,
2022-03-02,45.0,16.0,28.0,11.0,
2022-03-03,21.0,48.0,28.0,15.0,
2022-03-04,33.0,26.0,29.0,17.0,
2022-03-05,25.0,6.0,32.0,3.0,
2022-03-06,10.0,19.0,29.0,10.0,
2022-03-07,21.0,19.0,29.0,8.0,
2022-03-08,25.0,17.0,31.0,12.0,
2022-03-09,34.0,9.0,32.0,5.0,2.0
2022-03-10,18.0,9.0,31.0,7.0,
2022-03-11,25.0,14.0,23.0,10.0,
2022-03-12,42.0,24.0,26.0,11.0,
2022-03-13,47.0,52.0,25.0,17.0,
2022-03-14,50.0,45.0,22.0,22.0,
2022-03-15,67.0,48.0,27.0,21.0,
2022-03-16,73.0,30.0,24.0,23.0,
2022-03-17,51.0,26.0,29.0,9.0,
2022-03-18,48.0,16.0,23.0,5.0,
2022-03-19,46.0,17.0,30.0,7.0,
2022-03-20,22.0,26.0,37.0,12.0,
2022-03-21,41.0,34.0,37.0,8.0,
2022-03-22,72.0,37.0,34.0,11.0,
2022-03-23,75.0,28.0,34.0,9.0,
2022-03-24,49.0,25.0,34.0,10.0,
2022-03-25,47.0,30.0,34.0,3.0,
2022-03-26,23.0,20.0,31.0,3.0,
2022-03-27,16.0,12.0,30.0,4.0,
2022-03-28,14.0,42.0,30.0,8.0,
2022-03-29,34.0,15.0,31.0,5.0,
2022-03-30,18.0,17.0,30.0,9.0,
2022-03-31,23.0,30.0,26.0,14.0,
2022-04-01,32.0,31.0,31.0,10.0,
2022-04-02,37.0,16.0,30.0,4.0,
2022-04-03,16.0,20.0,30.0,6.0,
2022-04-04,22.0,12.0,32.0,5.0,
2022-04-05,23.0,6.0,32.0,6.0,
2022-04-06,14.0,8.0,28.0,8.0,
2022-04-07,20.0,8.0,29.0,6.0,
2022-04-08,19.0,8.0,33.0,3.0,
2022-04-09,16.0,7.0,32.0,3.0,1.0
2022-04-10,17.0,22.0,33.0,5.0,1.0
2022-04-11,21.0,30.0,28.0,9.0,
2022-04-12,26.0,33.0,33.0,9.0,
2022-04-13,25.0,21.0,28.0,11.0,
2022-04-14,24.0,25.0,33.0,5.0,
2022-04-15,24.0,29.0,34.0,5.0,
2022-04-16,27.0,25.0,31.0,6.0,
2022-04-17,27.0,31.0,34.0,6.0,
2022-04-18,30.0,76.0,31.0,15.0,1.0
2022-04-19,57.0,66.0,32.0,10.0,
2022-04-20,45.0,42.0,31.0,8.0,
2022-04-21,33.0,48.0,27.0,15.0,
2022-04-22,39.0,43.0,33.0,11.0,
2022-04-23,43.0,25.0,31.0,5.0,
2022-04-24,23.0,34.0,29.0,12.0,
2022-04-25,31.0,31.0,33.0,6.0,
2022-04-26,25.0,29.0,29.0,7.0,1.0
2022-04-27,24.0,22.0,29.0,5.0,1.0
2022-04-28,21.0,19.0,30.0,7.0,
2022-04-29,19.0,14.0,31.0,5.0,1.0
2022-04-30,16.0,13.0,30.0,5.0,
2022-05-01,19.0,21.0,35.0,3.0,1.0
2022-05-02,19.0,18.0,29.0,4.0,
2022-05-03,17.0,14.0,29.0,4.0,
2022-05-04,17.0,17.0,33.0,7.0,
2022-05-05,21.0,25.0,32.0,10.0,
2022-05-06,35.0,13.0,30.0,5.0,
2022-05-07,30.0,12.0,30.0,2.0,
2022-05-08,14.0,19.0,32.0,3.0,
2022-05-09,19.0,21.0,36.0,5.0,2.0
2022-05-10,18.0,19.0,31.0,7.0,
2022-05-11,32.0,20.0,28.0,6.0,
2022-05-12,31.0,15.0,26.0,4.0,
2022-05-13,17.0,16.0,30.0,6.0,
2022-05-14,23.0,13.0,25.0,1.0,
2022-05-15,12.0,18.0,27.0,3.0,
2022-05-16,16.0,21.0,21.0,5.0,
2022-05-17,17.0,18.0,33.0,4.0,
2022-05-18,20.0,31.0,28.0,8.0,1.0
2022-05-19,35.0,35.0,28.0,5.0,
2022-05-20,41.0,25.0,29.0,2.0,
2022-05-21,33.0,19.0,29.0,6.0,
2022-05-22,28.0,29.0,34.0,6.0,
2022-05-23,32.0,27.0,35.0,14.0,
2022-05-24,33.0,41.0,30.0,22.0,
2022-05-25,48.0,15.0,23.0,10.0,
2022-05-26,34.0,10.0,26.0,12.0,
2022-05-27,27.0,7.0,27.0,5.0,
2022-05-28,19.0,12.0,24.0,6.0,
2022-05-29,25.0,19.0,29.0,11.0,
2022-05-30,28.0,23.0,25.0,6.0,1.0
2022-05-31,33.0,23.0,32.0,8.0,2.0
2022-06-01,37.0,14.0,30.0,8.0,
2022-06-02,29.0,11.0,29.0,4.0,
2022-06-03,28.0,11.0,26.0,4.0,
2022-06-04,29.0,10.0,25.0,4.0,
2022-06-05,18.0,18.0,27.0,6.0,
2022-06-06,18.0,25.0,28.0,11.0,
2022-06-07,29.0,26.0,38.0,10.0,
2022-06-08,38.0,17.0,37.0,8.0,
2022-06-09,39.0,17.0,33.0,10.0,
2022-06-10,31.0,17.0,35.0,8.0,
2022-06-11,36.0,14.0,31.0,4.0,
2022-06-12,30.0,17.0,25.0,4.0,
2022-06-13,26.0,18.0,25.0,6.0,
2022-06-14,26.0,32.0,22.0,4.0,
2022-06-15,19.0,19.0,22.0,4.0,
2022-06-16,16.0,22.0,26.0,7.0,
2022-06-17,26.0,10.0,38.0,7.0,
2022-06-18,28.0,10.0,29.0,2.0,
2022-06-19,26.0,15.0,18.0,6.0,
2022-06-20,22.0,19.0,16.0,11.0,
2022-06-21,30.0,18.0,25.0,7.0,
2022-06-22,26.0,14.0,28.0,7.0,
2022-06-23,32.0,10.0,27.0,3.0,
2022-06-24,28.0,13.0,25.0,13.0,
2022-06-25,30.0,19.0,36.0,15.0,
2022-06-26,43.0,31.0,28.0,14.0,
2022-06-27,55.0,40.0,49.0,13.0,
2022-06-28,68.0,27.0,41.0,7.0,
2022-06-29,42.0,31.0,41.0,12.0,
2022-06-30,43.0,37.0,41.0,15.0,
2022-07-01,53.0,26.0,38.0,8.0,
2022-07-02,54.0,11.0,35.0,2.0,
2022-07-03,21.0,14.0,34.0,7.0,
2022-07-04,26.0,16.0,32.0,6.0,
2022-07-05,26.0,11.0,27.0,6.0,
2022-07-06,17.0,11.0,27.0,6.0,
2022-07-07,18.0,11.0,26.0,6.0,
2022-07-08,17.0,7.0,30.0,6.0,
2022-07-09,19.0,9.0,35.0,5.0,
2022-07-10,16.0,17.0,30.0,7.0,
2022-07-11,28.0,20.0,27.0,6.0,
2022-07-12,38.0,27.0,22.0,9.0,
2022-07-13,45.0,11.0,23.0,4.0,
2022-07-14,18.0,11.0,22.0,4.0,
2022-07-15,15.0,5.0,20.0,1.0,
2022-07-16,10.0,5.0,17.0,1.0,
2022-07-17,11.0,7.0,25.0,4.0,
2022-07-18,12.0,11.0,26.0,5.0,
2022-07-19,25.0,9.0,24.0,4.0,
2022-07-20,14.0,21.0,24.0,17.0,
2022-07-21,40.0,33.0,63.0,9.0,
2022-07-22,59.0,14.0,48.0,4.0,
2022-07-23,42.0,7.0,24.0,7.0,
2022-07-24,17.0,11.0,33.0,5.0,
2022-07-25,21.0,20.0,31.0,10.0,
2022-07-26,35.0,9.0,24.0,4.0,
2022-07-27,20.0,8.0,22.0,4.0,
2022-07-28,13.0,7.0,22.0,4.0,1.0
2022-07-29,11.0,6.0,19.0,3.0,1.0
2022-07-30,11.0,7.0,25.0,9.0,
2022-07-31,18.0,16.0,28.0,11.0,
2022-08-01,29.0,10.0,35.0,5.0,
2022-08-02,19.0,14.0,29.0,7.0,
2022-08-03,24.0,21.0,45.0,10.0,
2022-08-04,35.0,25.0,35.0,12.0,
2022-08-05,45.0,13.0,30.0,4.0,
2022-08-06,28.0,4.0,24.0,2.0,
2022-08-07,9.0,22.0,29.0,9.0,
2022-08-08,26.0,16.0,26.0,14.0,
2022-08-09,24.0,13.0,33.0,7.0,
2022-08-10,19.0,11.0,30.0,4.0,
2022-08-11,22.0,14.0,35.0,6.0,
2022-08-12,31.0,14.0,25.0,9.0,
2022-08-13,31.0,17.0,34.0,14.0,
2022-08-14,43.0,25.0,58.0,11.0,
2022-08-15,47.0,29.0,47.0,16.0,
2022-08-16,63.0,31.0,34.0,10.0,
2022-08-17,62.0,38.0,55.0,13.0,
2022-08-18,68.0,37.0,44.0,14.0,
2022-08-19,70.0,35.0,35.0,6.0,
2022-08-20,61.0,37.0,30.0,6.0,
2022-08-21,57.0,23.0,29.0,5.0,
2022-08-22,37.0,18.0,28.0,11.0,
2022-08-23,33.0,27.0,26.0,10.0,
2022-08-24,50.0,15.0,24.0,8.0,
2022-08-25,24.0,18.0,22.0,9.0,
2022-08-26,36.0,21.0,34.0,12.0,
2022-08-27,48.0,24.0,34.0,12.0,
2022-08-28,58.0,15.0,17.0,6.0,
2022-08-29,20.0,16.0,21.0,10.0,
2022-08-30,17.0,13.0,20.0,6.0,
2022-08-31,16.0,12.0,20.0,6.0,
2022-09-01,14.0,12.0,20.0,7.0,
2022-09-02,14.0,9.0,17.0,5.0,
2022-09-03,13.0,7.0,22.0,5.0,
2022-09-04,12.0,12.0,21.0,8.0,
2022-09-05,15.0,10.0,23.0,6.0,
2022-09-06,14.0,14.0,23.0,8.0,
2022-09-07,19.0,17.0,23.0,9.0,
2022-09-08,24.0,19.0,26.0,11.0,
2022-09-09,27.0,12.0,24.0,6.0,
2022-09-10,23.0,13.0,26.0,9.0,
2022-09-11,26.0,21.0,28.0,13.0,
2022-09-12,30.0,16.0,21.0,8.0,
2022-09-13,22.0,13.0,18.0,7.0,
2022-09-14,26.0,8.0,26.0,10.0,
2022-09-15,17.0,7.0,21.0,9.0,
2022-09-16,15.0,10.0,27.0,7.0,
2022-09-17,18.0,6.0,21.0,3.0,
2022-09-18,13.0,14.0,17.0,6.0,
2022-09-19,17.0,14.0,13.0,6.0,
2022-09-20,19.0,17.0,16.0,7.0,
2022-09-21,21.0,22.0,17.0,11.0,
2022-09-22,24.0,19.0,22.0,13.0,
2022-09-23,28.0,14.0,17.0,8.0,
2022-09-24,25.0,14.0,19.0,7.0,
2022-09-25,23.0,20.0,23.0,9.0,
2022-09-26,25.0,17.0,21.0,6.0,
2022-09-27,25.0,14.0,16.0,9.0,
2022-09-28,26.0,10.0,9.0,9.0,
2022-09-29,20.0,6.0,12.0,9.0,
2022-09-30,17.0,9.0,21.0,6.0,
2022-10-01,20.0,10.0,20.0,5.0,
2022-10-02,23.0,15.0,18.0,8.0,
2022-10-03,26.0,12.0,25.0,6.0,
2022-10-04,17.0,14.0,18.0,11.0,
2022-10-05,30.0,9.0,24.0,5.0,
2022-10-06,27.0,11.0,23.0,5.0,
2022-10-07,26.0,9.0,27.0,3.0,1.0
2022-10-08,23.0,5.0,21.0,3.0,
2022-10-09,13.0,6.0,21.0,4.0,1.0
2022-10-10,15.0,6.0,21.0,4.0,
2022-10-11,16.0,5.0,23.0,6.0,
2022-10-12,12.0,14.0,17.0,12.0,
2022-10-13,23.0,13.0,20.0,8.0,
2022-10-14,37.0,21.0,16.0,6.0,
2022-10-15,60.0,17.0,19.0,5.0,
2022-10-16,54.0,6.0,28.0,4.0,
2022-10-17,15.0,4.0,23.0,5.0,
2022-10-18,9.0,10.0,19.0,8.0,
2022-10-19,13.0,9.0,20.0,7.0,
2022-10-20,14.0,11.0,19.0,8.0,
2022-10-21,16.0,16.0,22.0,8.0,
2022-10-22,28.0,10.0,22.0,3.0,
2022-10-23,25.0,20.0,16.0,14.0,
2022-10-24,23.0,15.0,16.0,11.0,
2022-10-25,24.0,8.0,12.0,6.0,
2022-10-26,23.0,8.0,16.0,5.0,
2022-10-27,17.0,14.0,19.0,6.0,1.0
2022-10-28,36.0,7.0,28.0,4.0,2.0
2022-10-29,20.0,7.0,25.0,2.0,
2022-10-30,13.0,14.0,19.0,9.0,
2022-10-31,21.0,10.0,13.0,7.0,
2022-11-01,21.0,20.0,18.0,9.0,2.0
2022-11-02,28.0,8.0,17.0,6.0,
2022-11-03,18.0,22.0,17.0,9.0,
2022-11-04,40.0,12.0,15.0,3.0,
2022-11-05,21.0,6.0,20.0,5.0,1.0
2022-11-06,18.0,9.0,19.0,6.0,1.0
2022-11-07,26.0,7.0,18.0,4.0,
2022-11-08,16.0,13.0,15.0,7.0,
2022-11-09,32.0,13.0,21.0,6.0,
2022-11-10,34.0,7.0,20.0,5.0,
2022-11-11,20.0,8.0,25.0,2.0,
2022-11-12,16.0,16.0,23.0,4.0,
2022-11-13,20.0,17.0,21.0,8.0,
2022-11-14,24.0,13.0,16.0,6.0,
2022-11-15,14.0,26.0,14.0,9.0,
2022-11-16,25.0,28.0,20.0,11.0,
2022-11-17,29.0,31.0,20.0,12.0,
2022-11-18,34.0,17.0,19.0,7.0,
2022-11-19,28.0,4.0,18.0,3.0,
2022-11-20,19.0,9.0,17.0,4.0,
2022-11-21,27.0,11.0,16.0,10.0,
2022-11-22,31.0,9.0,18.0,10.0,
2022-11-23,21.0,10.0,15.0,12.0,
2022-11-24,25.0,12.0,17.0,9.0,
2022-11-25,38.0,13.0,8.0,10.0,
2022-11-26,39.0,13.0,4.0,12.0,
2022-11-27,44.0,13.0,12.0,9.0,
2022-11-28,38.0,12.0,5.0,6.0,
2022-11-29,31.0,9.0,5.0,7.0,
2022-11-30,26.0,16.0,4.0,10.0,
2022-12-01,39.0,30.0,10.0,12.0,
2022-12-02,64.0,20.0,7.0,16.0,
2022-12-03,56.0,16.0,12.0,10.0,
2022-12-04,54.0,17.0,16.0,13.0,
2022-12-05,46.0,7.0,11.0,4.0,
2022-12-06,25.0,12.0,14.0,9.0,
2022-12-07,30.0,10.0,13.0,9.0,
2022-12-08,31.0,11.0,19.0,28.0,
2022-12-09,30.0,7.0,23.0,7.0,
2022-12-10,22.0,8.0,21.0,6.0,
2022-12-11,26.0,16.0,18.0,8.0,
2022-12-12,25.0,9.0,16.0,14.0,
2022-12-13,25.0,6.0,16.0,16.0,
2022-12-14,16.0,11.0,1.0,25.0,
2022-12-15,32.0,17.0,13.0,26.0,
2022-12-16,51.0,14.0,21.0,16.0,
2022-12-17,49.0,6.0,23.0,5.0,
2022-12-18,18.0,6.0,25.0,9.0,
2022-12-19,19.0,19.0,20.0,8.0,
2022-12-20,58.0,5.0,23.0,7.0,
2022-12-21,15.0,7.0,23.0,7.0,1.0
2022-12-22,20.0,7.0,25.0,7.0,2.0
2022-12-23,20.0,3.0,24.0,4.0,
2022-12-24,8.0,2.0,25.0,16.0,
2022-12-25,17.0,,22.0,9.0,
2022-12-26,36.0,,,7.0,
2022-12-27,9.0,5.0,20.0,11.0,
2022-12-28,12.0,8.0,17.0,10.0,
2022-12-29,29.0,7.0,20.0,5.0,
2022-12-30,23.0,7.0,24.0,4.0,
2022-12-31,22.0,7.0,26.0,4.0,
2023-01-01,19.0,7.0,27.0,12.0,
2023-01-02,16.0,5.0,26.0,11.0,
2023-01-03,13.0,6.0,21.0,12.0,
2023-01-04,18.0,11.0,20.0,13.0,
2023-01-05,29.0,6.0,24.0,11.0,
2023-01-06,18.0,8.0,28.0,3.0,
2023-01-07,19.0,8.0,21.0,3.0,
2023-01-08,30.0,13.0,14.0,5.0,
2023-01-09,45.0,12.0,16.0,7.0,
2023-01-10,42.0,9.0,21.0,7.0,
2023-01-11,29.0,7.0,14.0,7.0,
2023-01-12,21.0,7.0,18.0,9.0,
2023-01-13,22.0,7.0,27.0,4.0,
2023-01-14,24.0,6.0,25.0,4.0,
2023-01-15,16.0,9.0,25.0,7.0,7.0
2023-01-16,20.0,16.0,20.0,8.0,1.0
2023-01-17,30.0,16.0,14.0,7.0,
2023-01-18,37.0,6.0,14.0,8.0,
2023-01-19,19.0,9.0,15.0,18.0,
2023-01-20,22.0,12.0,15.0,19.0,
2023-01-21,41.0,8.0,23.0,11.0,4.0
2023-01-22,25.0,3.0,26.0,6.0,3.0
2023-01-23,9.0,5.0,21.0,5.0,
2023-01-24,18.0,2.0,19.0,3.0,
2023-01-25,9.0,6.0,25.0,7.0,
2023-01-26,11.0,20.0,23.0,12.0,
2023-01-27,19.0,8.0,24.0,4.0,5.0
2023-01-28,12.0,5.0,22.0,5.0,4.0
2023-01-29,13.0,5.0,24.0,5.0,10.0
2023-01-30,11.0,11.0,26.0,4.0,
2023-01-31,11.0,24.0,21.0,8.0,
2023-02-01,27.0,34.0,20.0,11.0,
2023-02-02,32.0,36.0,21.0,8.0,
2023-02-03,29.0,51.0,23.0,5.0,
2023-02-04,37.0,24.0,25.0,5.0,
2023-02-05,21.0,7.0,22.0,10.0,
2023-02-06,17.0,7.0,24.0,5.0,1.0
2023-02-07,19.0,10.0,21.0,5.0,
2023-02-08,35.0,18.0,24.0,5.0,12.0
2023-02-09,53.0,9.0,29.0,4.0,1.0
2023-02-10,22.0,6.0,27.0,7.0,
2023-02-11,12.0,4.0,25.0,5.0,
2023-02-12,12.0,3.0,32.0,4.0,
2023-02-13,7.0,26.0,28.0,10.0,
2023-02-14,24.0,10.0,22.0,11.0,
2023-02-15,23.0,9.0,19.0,6.0,
2023-02-16,29.0,14.0,20.0,8.0,
2023-02-17,44.0,8.0,20.0,7.0,
2023-02-18,30.0,10.0,17.0,10.0,
2023-02-19,38.0,15.0,24.0,12.0,
2023-02-20,45.0,17.0,26.0,13.0,
2023-02-21,52.0,24.0,24.0,19.0,
2023-02-22,62.0,13.0,26.0,12.0,1.0
2023-02-23,43.0,9.0,24.0,15.0,
2023-02-24,25.0,5.0,28.0,7.0,
2023-02-25,18.0,6.0,25.0,4.0,
2023-02-26,20.0,7.0,26.0,10.0,
2023-02-27,19.0,5.0,29.0,7.0,
2023-02-28,9.0,5.0,28.0,6.0,
2023-03-01,12.0,7.0,31.0,5.0,
2023-03-02,13.0,9.0,29.0,4.0,
2023-03-03,12.0,3.0,25.0,5.0,
2023-03-04,7.0,6.0,26.0,5.0,
2023-03-05,10.0,31.0,26.0,9.0,
2023-03-06,30.0,46.0,27.0,13.0,
2023-03-07,43.0,9.0,28.0,10.0,
2023-03-08,22.0,18.0,29.0,10.0,
2023-03-09,21.0,13.0,29.0,8.0,
2023-03-10,20.0,25.0,29.0,7.0,
2023-03-11,34.0,4.0,30.0,5.0,
2023-03-12,9.0,7.0,35.0,6.0,
2023-03-13,13.0,9.0,24.0,9.0,16.0
2023-03-14,28.0,7.0,28.0,4.0,2.0
2023-03-15,14.0,19.0,27.0,8.0,
2023-03-16,16.0,35.0,24.0,14.0,
2023-03-17,35.0,22.0,29.0,5.0,
2023-03-18,29.0,18.0,24.0,8.0,
2023-03-19,40.0,13.0,19.0,9.0,1.0
2023-03-20,38.0,10.0,27.0,7.0,
2023-03-21,11.0,9.0,29.0,7.0,5.0
2023-03-22,23.0,13.0,29.0,5.0,3.0
2023-03-23,33.0,9.0,30.0,9.0,1.0
2023-03-24,26.0,12.0,28.0,4.0,3.0
2023-03-25,19.0,8.0,27.0,4.0,
2023-03-26,20.0,7.0,27.0,9.0,
2023-03-27,14.0,6.0,28.0,7.0,
2023-03-28,12.0,26.0,30.0,7.0,
2023-03-29,23.0,49.0,32.0,10.0,1.0
2023-03-30,42.0,50.0,35.0,11.0,
2023-03-31,47.0,61.0,35.0,7.0,
2023-04-01,46.0,48.0,34.0,5.0,
2023-04-02,36.0,48.0,29.0,5.0,
2023-04-03,34.0,40.0,30.0,8.0,
2023-04-04,30.0,24.0,29.0,9.0,
2023-04-05,24.0,13.0,24.0,6.0,
2023-04-06,26.0,23.0,33.0,7.0,
2023-04-07,29.0,43.0,31.0,14.0,3.0
2023-04-08,41.0,33.0,33.0,11.0,
2023-04-09,34.0,46.0,30.0,16.0,1.0
2023-04-10,50.0,39.0,39.0,16.0,1.0
2023-04-11,45.0,34.0,42.0,12.0,
2023-04-12,47.0,37.0,39.0,3.0,
2023-04-13,31.0,29.0,33.0,3.0,
2023-04-14,29.0,36.0,30.0,5.0,
2023-04-15,41.0,37.0,35.0,7.0,
2023-04-16,45.0,61.0,43.0,18.0,
2023-04-17,72.0,52.0,38.0,10.0,
2023-04-18,47.0,42.0,35.0,11.0,
2023-04-19,37.0,46.0,33.0,11.0,
2023-04-20,35.0,41.0,28.0,10.0,1.0
2023-04-21,35.0,35.0,29.0,7.0,1.0
2023-04-22,31.0,25.0,33.0,7.0,2.0
2023-04-23,26.0,25.0,33.0,6.0,3.0
2023-04-24,39.0,44.0,29.0,12.0,
2023-04-25,49.0,26.0,32.0,7.0,1.0
2023-04-26,37.0,14.0,33.0,4.0,2.0
2023-04-27,15.0,13.0,29.0,5.0,1.0
2023-04-28,22.0,13.0,29.0,3.0,3.0
2023-04-29,15.0,10.0,35.0,3.0,9.0
2023-04-30,18.0,10.0,35.0,3.0,3.0
2023-05-01,14.0,8.0,32.0,4.0,4.0
2023-05-02,20.0,13.0,30.0,4.0,1.0
2023-05-03,11.0,20.0,29.0,5.0,
2023-05-04,17.0,23.0,32.0,7.0,
2023-05-05,21.0,19.0,33.0,5.0,1.0
2023-05-06,22.0,17.0,36.0,5.0,2.0
2023-05-07,20.0,19.0,36.0,6.0,2.0
2023-05-08,22.0,19.0,40.0,6.0,3.0
2023-05-09,27.0,33.0,44.0,11.0,
2023-05-10,44.0,40.0,43.0,13.0,
2023-05-11,49.0,36.0,46.0,7.0,
2023-05-12,43.0,32.0,47.0,6.0,
2023-05-13,42.0,33.0,47.0,7.0,
2023-05-14,47.0,46.0,43.0,12.0,
2023-05-15,53.0,28.0,32.0,10.0,
2023-05-16,45.0,19.0,31.0,5.0,
2023-05-17,44.0,8.0,25.0,1.0,
2023-05-18,9.0,16.0,29.0,7.0,
2023-05-19,17.0,19.0,34.0,6.0,
2023-05-20,20.0,30.0,36.0,11.0,
2023-05-21,30.0,44.0,34.0,10.0,
2023-05-22,42.0,33.0,29.0,10.0,
2023-05-23,47.0,42.0,33.0,17.0,
2023-05-24,57.0,27.0,33.0,8.0,
2023-05-25,41.0,20.0,27.0,5.0,
2023-05-26,20.0,12.0,27.0,3.0,
2023-05-27,13.0,13.0,33.0,3.0,
2023-05-28,19.0,17.0,28.0,3.0,
2023-05-29,20.0,17.0,27.0,7.0,
2023-05-30,20.0,13.0,30.0,3.0,
2023-05-31,14.0,14.0,28.0,3.0,
2023-06-01,12.0,10.0,22.0,3.0,
2023-06-02,9.0,10.0,27.0,2.0,
2023-06-03,13.0,7.0,26.0,2.0,
2023-06-04,9.0,11.0,31.0,3.0,
2023-06-05,12.0,16.0,30.0,6.0,
2023-06-06,23.0,13.0,26.0,5.0,
2023-06-07,14.0,16.0,26.0,6.0,
2023-06-08,18.0,18.0,26.0,6.0,
2023-06-09,18.0,25.0,25.0,8.0,
2023-06-10,26.0,24.0,30.0,9.0,
2023-06-11,29.0,14.0,27.0,10.0,
2023-06-12,22.0,34.0,31.0,11.0,
2023-06-13,36.0,37.0,38.0,10.0,
2023-06-14,42.0,46.0,39.0,16.0,
2023-06-15,52.0,41.0,39.0,14.0,
2023-06-16,57.0,48.0,42.0,18.0,
2023-06-17,63.0,33.0,30.0,4.0,
2023-06-18,40.0,30.0,32.0,7.0,
2023-06-19,32.0,35.0,32.0,13.0,
2023-06-20,40.0,36.0,35.0,13.0,
2023-06-21,48.0,30.0,41.0,10.0,
2023-06-22,58.0,11.0,35.0,2.0,
2023-06-23,29.0,8.0,32.0,2.0,
2023-06-24,15.0,13.0,29.0,3.0,
2023-06-25,22.0,23.0,36.0,8.0,
2023-06-26,47.0,28.0,42.0,6.0,
2023-06-27,49.0,26.0,41.0,7.0,
2023-06-28,49.0,25.0,41.0,9.0,
2023-06-29,55.0,27.0,42.0,9.0,
2023-06-30,59.0,16.0,30.0,5.0,
2023-07-01,37.0,11.0,32.0,6.0,
2023-07-02,25.0,8.0,32.0,2.0,
2023-07-03,18.0,9.0,33.0,2.0,
2023-07-04,21.0,9.0,29.0,3.0,
2023-07-05,24.0,14.0,25.0,10.0,
2023-07-06,34.0,10.0,31.0,7.0,
2023-07-07,25.0,10.0,27.0,3.0,
2023-07-08,22.0,14.0,15.0,3.0,
2023-07-09,19.0,15.0,24.0,6.0,
2023-07-10,23.0,20.0,28.0,10.0,
2023-07-11,35.0,12.0,34.0,8.0,
2023-07-12,22.0,18.0,34.0,9.0,
2023-07-13,32.0,10.0,34.0,4.0,
2023-07-14,23.0,9.0,30.0,2.0,
2023-07-15,22.0,13.0,34.0,8.0,
2023-07-16,24.0,11.0,36.0,3.0,
2023-07-17,28.0,9.0,33.0,2.0,
2023-07-18,20.0,8.0,25.0,2.0,
2023-07-19,16.0,7.0,28.0,3.0,
2023-07-20,16.0,7.0,25.0,2.0,
2023-07-21,16.0,6.0,29.0,2.0,
2023-07-22,16.0,6.0,32.0,3.0,
2023-07-23,14.0,6.0,28.0,2.0,
2023-07-24,13.0,10.0,28.0,7.0,
2023-07-25,21.0,12.0,31.0,8.0,
2023-07-26,24.0,9.0,27.0,3.0,
2023-07-27,19.0,7.0,32.0,4.0,
2023-07-28,14.0,5.0,29.0,2.0,
2023-07-29,17.0,7.0,29.0,3.0,
2023-07-30,19.0,9.0,29.0,8.0,
2023-07-31,23.0,11.0,22.0,10.0,
2023-08-01,24.0,10.0,23.0,6.0,
2023-08-02,26.0,16.0,36.0,9.0,
2023-08-03,36.0,8.0,28.0,4.0,
2023-08-04,21.0,6.0,31.0,3.0,
2023-08-05,19.0,13.0,24.0,9.0,
2023-08-06,33.0,26.0,42.0,7.0,
2023-08-07,57.0,14.0,39.0,3.0,
2023-08-08,28.0,11.0,30.0,5.0,
2023-08-09,22.0,8.0,26.0,5.0,
2023-08-10,20.0,10.0,29.0,4.0,
2023-08-11,22.0,11.0,28.0,9.0,
2023-08-12,22.0,15.0,32.0,12.0,
2023-08-13,29.0,10.0,31.0,3.0,
2023-08-14,24.0,12.0,31.0,6.0,
2023-08-15,26.0,14.0,37.0,4.0,
2023-08-16,33.0,12.0,30.0,5.0,
2023-08-17,32.0,10.0,19.0,5.0,
2023-08-18,17.0,10.0,17.0,4.0,
2023-08-19,23.0,9.0,24.0,5.0,
2023-08-20,18.0,14.0,23.0,9.0,
2023-08-21,30.0,10.0,21.0,4.0,
2023-08-22,23.0,10.0,19.0,5.0,
2023-08-23,21.0,9.0,25.0,5.0,
2023-08-24,21.0,10.0,25.0,9.0,
2023-08-25,24.0,12.0,26.0,6.0,
2023-08-26,31.0,10.0,24.0,6.0,
2023-08-27,29.0,11.0,30.0,8.0,
2023-08-28,27.0,6.0,31.0,3.0,
2023-08-29,16.0,10.0,19.0,10.0,
2023-08-30,27.0,8.0,24.0,6.0,
2023-08-31,24.0,7.0,30.0,5.0,
2023-09-01,16.0,12.0,24.0,10.0,
2023-09-02,23.0,6.0,30.0,3.0,
2023-09-03,16.0,7.0,28.0,3.0,
2023-09-04,14.0,8.0,25.0,2.0,
2023-09-05,22.0,7.0,20.0,3.0,
2023-09-06,14.0,9.0,24.0,4.0,
2023-09-07,16.0,11.0,24.0,7.0,
2023-09-08,22.0,10.0,19.0,6.0,
2023-09-09,26.0,14.0,33.0,4.0,
2023-09-10,39.0,22.0,33.0,7.0,
2023-09-11,58.0,24.0,34.0,7.0,
2023-09-12,65.0,17.0,34.0,8.0,
2023-09-13,47.0,9.0,19.0,6.0,
2023-09-14,14.0,10.0,23.0,6.0,
2023-09-15,16.0,6.0,28.0,2.0,
2023-09-16,13.0,8.0,23.0,3.0,
2023-09-17,17.0,9.0,22.0,8.0,
2023-09-18,13.0,13.0,32.0,5.0,
2023-09-19,30.0,7.0,27.0,3.0,
2023-09-20,16.0,11.0,25.0,6.0,
2023-09-21,28.0,16.0,29.0,6.0,
2023-09-22,36.0,13.0,29.0,4.0,
2023-09-23,32.0,6.0,28.0,2.0,
2023-09-24,17.0,8.0,32.0,4.0,
2023-09-25,18.0,9.0,32.0,3.0,
2023-09-26,22.0,13.0,21.0,7.0,
2023-09-27,33.0,13.0,27.0,3.0,
2023-09-28,41.0,,,,
