date,pm25,pm10,o3,no2,so2,co
2013-12-31,,16.0,29.0,23.0,6.0,4.0
2014-01-01,37.0,20.0,26.0,29.0,11.0,5.0
2014-01-02,46.0,27.0,31.0,28.0,3.0,5.0
2014-01-03,49.0,18.0,27.0,27.0,3.0,5.0
2014-01-04,48.0,15.0,24.0,27.0,3.0,5.0
2014-01-05,44.0,23.0,28.0,27.0,3.0,4.0
2014-01-06,42.0,30.0,28.0,28.0,2.0,6.0
2014-01-07,42.0,24.0,22.0,31.0,4.0,6.0
2014-01-08,36.0,21.0,24.0,31.0,3.0,6.0
2014-01-09,50.0,27.0,15.0,45.0,6.0,8.0
2014-01-10,61.0,40.0,2.0,63.0,4.0,9.0
2014-01-11,106.0,34.0,12.0,38.0,4.0,9.0
2014-01-12,90.0,23.0,24.0,38.0,5.0,7.0
2014-01-13,53.0,26.0,15.0,38.0,5.0,7.0
2014-01-14,58.0,23.0,23.0,34.0,3.0,6.0
2014-01-15,50.0,24.0,25.0,31.0,5.0,5.0
2014-01-16,53.0,22.0,28.0,38.0,5.0,4.0
2014-01-17,56.0,20.0,14.0,32.0,2.0,2.0
2014-01-18,53.0,23.0,18.0,31.0,4.0,3.0
2014-01-19,59.0,40.0,2.0,60.0,7.0,7.0
2014-01-20,99.0,46.0,16.0,53.0,8.0,8.0
2014-01-21,109.0,29.0,16.0,39.0,5.0,4.0
2014-01-22,65.0,24.0,17.0,37.0,4.0,4.0
2014-01-23,63.0,29.0,13.0,47.0,4.0,4.0
2014-01-24,66.0,22.0,26.0,28.0,3.0,3.0
2014-01-25,56.0,20.0,25.0,30.0,3.0,4.0
2014-01-26,49.0,24.0,25.0,42.0,6.0,5.0
2014-01-27,55.0,21.0,22.0,41.0,4.0,4.0
2014-01-28,50.0,19.0,17.0,41.0,2.0,8.0
2014-01-29,53.0,28.0,4.0,45.0,4.0,15.0
2014-01-30,79.0,22.0,17.0,40.0,5.0,7.0
2014-01-31,63.0,13.0,21.0,27.0,3.0,4.0
2014-02-01,26.0,19.0,21.0,29.0,3.0,5.0
2014-02-02,38.0,19.0,16.0,31.0,2.0,4.0
2014-02-03,48.0,21.0,25.0,38.0,4.0,6.0
2014-02-04,52.0,24.0,29.0,35.0,4.0,6.0
2014-02-05,53.0,23.0,28.0,42.0,5.0,7.0
2014-02-06,60.0,20.0,28.0,35.0,5.0,7.0
2014-02-07,54.0,19.0,30.0,22.0,3.0,5.0
2014-02-08,46.0,20.0,30.0,24.0,3.0,5.0
2014-02-09,45.0,22.0,17.0,43.0,5.0,6.0
2014-02-10,54.0,21.0,24.0,43.0,5.0,7.0
2014-02-11,56.0,20.0,26.0,34.0,7.0,3.0
2014-02-12,51.0,23.0,26.0,44.0,6.0,3.0
2014-02-13,52.0,20.0,31.0,39.0,4.0,4.0
2014-02-14,49.0,21.0,31.0,32.0,4.0,6.0
2014-02-15,52.0,25.0,20.0,40.0,4.0,5.0
2014-02-16,62.0,26.0,19.0,41.0,5.0,3.0
2014-02-17,64.0,29.0,19.0,43.0,6.0,5.0
2014-02-18,73.0,29.0,19.0,34.0,4.0,3.0
2014-02-19,76.0,17.0,21.0,23.0,3.0,1.0
2014-02-20,51.0,24.0,25.0,40.0,5.0,3.0
2014-02-21,59.0,23.0,24.0,46.0,4.0,4.0
2014-02-22,53.0,19.0,29.0,32.0,3.0,3.0
2014-02-23,47.0,25.0,27.0,44.0,5.0,3.0
2014-02-24,65.0,23.0,30.0,52.0,5.0,4.0
2014-02-25,56.0,29.0,13.0,55.0,7.0,8.0
2014-02-26,64.0,25.0,21.0,51.0,6.0,2.0
2014-02-27,59.0,18.0,15.0,50.0,6.0,1.0
2014-02-28,52.0,32.0,15.0,40.0,7.0,2.0
2014-03-01,79.0,20.0,26.0,32.0,7.0,1.0
2014-03-02,52.0,18.0,22.0,55.0,8.0,2.0
2014-03-03,51.0,36.0,11.0,64.0,9.0,4.0
2014-03-04,85.0,45.0,14.0,62.0,8.0,5.0
2014-03-05,98.0,34.0,27.0,49.0,5.0,5.0
2014-03-06,76.0,29.0,18.0,47.0,5.0,6.0
2014-03-07,69.0,,24.0,21.0,1.0,
2014-03-08,,42.0,28.0,29.0,2.0,5.0
2014-03-09,94.0,32.0,27.0,42.0,2.0,3.0
2014-03-10,77.0,29.0,26.0,25.0,,2.0
2014-03-11,61.0,47.0,9.0,39.0,3.0,4.0
2014-03-12,109.0,63.0,17.0,50.0,3.0,4.0
2014-03-13,151.0,69.0,19.0,58.0,7.0,4.0
2014-03-14,160.0,25.0,29.0,26.0,3.0,1.0
2014-03-15,65.0,21.0,31.0,28.0,4.0,1.0
2014-03-16,57.0,32.0,17.0,38.0,6.0,2.0
2014-03-17,78.0,26.0,25.0,37.0,6.0,2.0
2014-03-18,63.0,33.0,24.0,44.0,6.0,5.0
2014-03-19,70.0,32.0,32.0,34.0,4.0,3.0
2014-03-20,69.0,25.0,30.0,47.0,6.0,7.0
2014-03-21,57.0,16.0,33.0,28.0,4.0,7.0
2014-03-22,38.0,15.0,31.0,27.0,3.0,6.0
2014-03-23,38.0,22.0,28.0,45.0,4.0,7.0
2014-03-24,58.0,25.0,26.0,47.0,3.0,4.0
2014-03-25,65.0,26.0,21.0,48.0,3.0,3.0
2014-03-26,68.0,34.0,19.0,48.0,4.0,2.0
2014-03-27,86.0,54.0,15.0,45.0,4.0,3.0
2014-03-28,137.0,52.0,31.0,38.0,4.0,3.0
2014-03-29,132.0,45.0,29.0,44.0,4.0,4.0
2014-03-30,113.0,34.0,27.0,49.0,4.0,3.0
2014-03-31,82.0,45.0,17.0,50.0,6.0,4.0
2014-04-01,105.0,63.0,12.0,48.0,5.0,4.0
2014-04-02,144.0,61.0,11.0,31.0,2.0,4.0
2014-04-03,133.0,38.0,25.0,38.0,7.0,5.0
2014-04-04,99.0,21.0,23.0,29.0,4.0,2.0
2014-04-05,57.0,15.0,22.0,19.0,4.0,1.0
2014-04-06,49.0,17.0,23.0,29.0,5.0,2.0
2014-04-07,48.0,17.0,32.0,33.0,4.0,2.0
2014-04-08,42.0,28.0,25.0,43.0,6.0,3.0
2014-04-09,64.0,23.0,25.0,40.0,5.0,3.0
2014-04-10,55.0,26.0,27.0,51.0,3.0,4.0
2014-04-11,61.0,31.0,27.0,40.0,4.0,7.0
2014-04-12,71.0,20.0,31.0,25.0,3.0,4.0
2014-04-13,52.0,21.0,28.0,37.0,2.0,3.0
2014-04-14,55.0,20.0,25.0,36.0,2.0,5.0
2014-04-15,48.0,31.0,33.0,56.0,4.0,9.0
2014-04-16,64.0,36.0,29.0,51.0,5.0,8.0
2014-04-17,78.0,19.0,32.0,30.0,1.0,7.0
2014-04-18,44.0,19.0,32.0,24.0,1.0,7.0
2014-04-19,49.0,49.0,28.0,24.0,2.0,9.0
2014-04-20,117.0,42.0,25.0,38.0,3.0,9.0
2014-04-21,107.0,34.0,27.0,48.0,6.0,10.0
2014-04-22,78.0,28.0,27.0,52.0,5.0,9.0
2014-04-23,70.0,25.0,22.0,51.0,5.0,10.0
2014-04-24,66.0,36.0,21.0,43.0,4.0,9.0
2014-04-25,87.0,23.0,32.0,42.0,4.0,9.0
2014-04-26,57.0,19.0,25.0,37.0,4.0,8.0
2014-04-27,50.0,34.0,25.0,41.0,3.0,8.0
2014-04-28,83.0,42.0,25.0,48.0,4.0,9.0
2014-04-29,104.0,40.0,36.0,63.0,6.0,9.0
2014-04-30,101.0,32.0,25.0,57.0,6.0,6.0
2014-05-01,83.0,25.0,30.0,45.0,1.0,3.0
2014-05-02,66.0,18.0,35.0,38.0,2.0,3.0
2014-05-03,49.0,24.0,41.0,51.0,3.0,5.0
2014-05-04,64.0,30.0,47.0,53.0,3.0,5.0
2014-05-05,75.0,25.0,34.0,56.0,6.0,6.0
2014-05-06,62.0,22.0,28.0,55.0,6.0,5.0
2014-05-07,56.0,22.0,28.0,51.0,6.0,6.0
2014-05-08,57.0,24.0,30.0,46.0,5.0,4.0
2014-05-09,59.0,19.0,27.0,37.0,4.0,3.0
2014-05-10,53.0,19.0,29.0,39.0,3.0,3.0
2014-05-11,46.0,18.0,27.0,43.0,5.0,4.0
2014-05-12,49.0,19.0,20.0,46.0,4.0,3.0
2014-05-13,57.0,16.0,28.0,46.0,2.0,2.0
2014-05-14,54.0,26.0,28.0,44.0,3.0,3.0
2014-05-15,70.0,27.0,27.0,43.0,3.0,3.0
2014-05-16,77.0,27.0,31.0,26.0,1.0,
2014-05-17,72.0,27.0,49.0,44.0,3.0,4.0
2014-05-18,73.0,38.0,41.0,54.0,4.0,4.0
2014-05-19,98.0,28.0,38.0,57.0,5.0,5.0
2014-05-20,77.0,21.0,27.0,46.0,4.0,3.0
2014-05-21,62.0,18.0,32.0,45.0,5.0,4.0
2014-05-22,57.0,20.0,32.0,46.0,4.0,2.0
2014-05-23,57.0,19.0,26.0,41.0,4.0,
2014-05-24,56.0,16.0,29.0,30.0,3.0,
2014-05-25,48.0,16.0,15.0,39.0,2.0,
2014-05-26,46.0,17.0,21.0,40.0,2.0,3.0
2014-05-27,48.0,39.0,21.0,30.0,4.0,4.0
2014-05-28,48.0,22.0,18.0,38.0,4.0,4.0
2014-05-29,67.0,22.0,24.0,31.0,2.0,3.0
2014-05-30,59.0,19.0,35.0,41.0,2.0,3.0
2014-05-31,57.0,24.0,29.0,33.0,3.0,3.0
2014-06-01,69.0,22.0,28.0,48.0,5.0,4.0
2014-06-02,66.0,21.0,20.0,43.0,6.0,5.0
2014-06-03,68.0,20.0,23.0,47.0,7.0,4.0
2014-06-04,60.0,11.0,22.0,16.0,3.0,3.0
2014-06-05,34.0,20.0,34.0,48.0,5.0,4.0
2014-06-06,56.0,23.0,36.0,40.0,5.0,4.0
2014-06-07,71.0,15.0,36.0,41.0,4.0,4.0
2014-06-08,57.0,20.0,34.0,46.0,5.0,5.0
2014-06-09,68.0,16.0,30.0,44.0,6.0,5.0
2014-06-10,61.0,18.0,28.0,38.0,4.0,3.0
2014-06-11,55.0,22.0,33.0,42.0,3.0,3.0
2014-06-12,61.0,24.0,36.0,41.0,4.0,3.0
2014-06-13,62.0,17.0,28.0,29.0,4.0,3.0
2014-06-14,54.0,10.0,26.0,21.0,2.0,2.0
2014-06-15,32.0,13.0,22.0,31.0,4.0,2.0
2014-06-16,39.0,18.0,29.0,28.0,4.0,2.0
2014-06-17,44.0,12.0,17.0,34.0,3.0,2.0
2014-06-18,38.0,21.0,11.0,33.0,3.0,4.0
2014-06-19,62.0,16.0,25.0,38.0,3.0,3.0
2014-06-20,46.0,17.0,33.0,35.0,3.0,3.0
2014-06-21,52.0,20.0,28.0,38.0,3.0,4.0
2014-06-22,56.0,19.0,25.0,46.0,4.0,4.0
2014-06-23,77.0,22.0,28.0,38.0,3.0,3.0
2014-06-24,66.0,12.0,28.0,38.0,2.0,3.0
2014-06-25,36.0,18.0,28.0,44.0,3.0,4.0
2014-06-26,48.0,25.0,24.0,48.0,5.0,5.0
2014-06-27,67.0,16.0,16.0,33.0,5.0,4.0
2014-06-28,45.0,11.0,24.0,21.0,3.0,2.0
2014-06-29,32.0,18.0,27.0,44.0,4.0,4.0
2014-06-30,49.0,16.0,29.0,48.0,4.0,3.0
2014-07-01,49.0,22.0,28.0,53.0,6.0,5.0
2014-07-02,60.0,22.0,36.0,64.0,6.0,5.0
2014-07-03,64.0,21.0,35.0,54.0,6.0,5.0
2014-07-04,62.0,7.0,18.0,8.0,4.0,4.0
2014-07-05,31.0,18.0,24.0,40.0,4.0,4.0
2014-07-06,55.0,14.0,18.0,36.0,4.0,4.0
2014-07-07,46.0,16.0,16.0,40.0,4.0,3.0
2014-07-08,58.0,19.0,28.0,30.0,2.0,2.0
2014-07-09,58.0,17.0,21.0,35.0,2.0,2.0
2014-07-10,52.0,17.0,17.0,41.0,2.0,3.0
2014-07-11,58.0,22.0,38.0,35.0,3.0,3.0
2014-07-12,66.0,15.0,23.0,26.0,4.0,3.0
2014-07-13,50.0,15.0,28.0,36.0,3.0,3.0
2014-07-14,46.0,17.0,27.0,36.0,4.0,3.0
2014-07-15,52.0,24.0,29.0,48.0,4.0,4.0
2014-07-16,63.0,21.0,27.0,44.0,5.0,3.0
2014-07-17,53.0,30.0,45.0,57.0,4.0,3.0
2014-07-18,82.0,23.0,42.0,44.0,4.0,3.0
2014-07-19,68.0,23.0,32.0,24.0,3.0,3.0
2014-07-20,69.0,20.0,26.0,24.0,2.0,3.0
2014-07-21,64.0,17.0,22.0,15.0,2.0,2.0
2014-07-22,55.0,20.0,34.0,23.0,2.0,2.0
2014-07-23,59.0,20.0,35.0,12.0,3.0,2.0
2014-07-24,58.0,20.0,27.0,26.0,4.0,3.0
2014-07-25,62.0,23.0,43.0,20.0,4.0,3.0
2014-07-26,68.0,17.0,31.0,21.0,5.0,2.0
2014-07-27,55.0,12.0,25.0,17.0,5.0,2.0
2014-07-28,44.0,12.0,37.0,15.0,7.0,2.0
2014-07-29,42.0,17.0,34.0,21.0,8.0,9.0
2014-07-30,54.0,23.0,28.0,40.0,7.0,4.0
2014-07-31,67.0,24.0,30.0,45.0,5.0,6.0
2014-08-01,72.0,19.0,28.0,32.0,4.0,5.0
2014-08-02,61.0,15.0,31.0,32.0,3.0,4.0
2014-08-03,49.0,19.0,28.0,38.0,5.0,5.0
2014-08-04,57.0,20.0,28.0,41.0,5.0,5.0
2014-08-05,64.0,19.0,29.0,38.0,5.0,5.0
2014-08-06,60.0,17.0,28.0,38.0,4.0,4.0
2014-08-07,58.0,25.0,24.0,43.0,5.0,5.0
2014-08-08,76.0,21.0,24.0,32.0,5.0,5.0
2014-08-09,64.0,,,,,
2014-08-10,,19.0,21.0,42.0,6.0,6.0
2014-08-11,58.0,20.0,28.0,43.0,6.0,5.0
2014-08-12,56.0,14.0,19.0,27.0,7.0,3.0
2014-08-13,42.0,16.0,20.0,38.0,10.0,5.0
2014-08-14,52.0,16.0,19.0,34.0,12.0,2.0
2014-08-15,50.0,14.0,29.0,33.0,14.0,2.0
2014-08-16,47.0,12.0,28.0,58.0,4.0,6.0
2014-08-17,42.0,12.0,20.0,31.0,6.0,2.0
2014-08-18,42.0,10.0,23.0,27.0,2.0,2.0
2014-08-19,35.0,14.0,22.0,29.0,3.0,2.0
2014-08-20,41.0,19.0,23.0,47.0,5.0,4.0
2014-08-21,60.0,13.0,25.0,33.0,3.0,2.0
2014-08-22,40.0,12.0,27.0,28.0,2.0,2.0
2014-08-23,38.0,16.0,29.0,39.0,3.0,3.0
2014-08-24,53.0,29.0,19.0,33.0,4.0,4.0
2014-08-25,85.0,17.0,31.0,28.0,2.0,2.0
2014-08-26,50.0,23.0,21.0,36.0,1.0,2.0
2014-08-27,61.0,15.0,23.0,23.0,,2.0
2014-08-28,47.0,17.0,18.0,13.0,,2.0
2014-08-29,48.0,10.0,18.0,10.0,1.0,
2014-08-30,35.0,13.0,21.0,20.0,1.0,5.0
2014-08-31,45.0,23.0,5.0,43.0,3.0,7.0
2014-09-01,71.0,20.0,17.0,31.0,1.0,4.0
2014-09-02,59.0,31.0,26.0,38.0,1.0,4.0
2014-09-03,84.0,33.0,17.0,37.0,1.0,4.0
2014-09-04,86.0,46.0,26.0,50.0,1.0,4.0
2014-09-05,114.0,51.0,22.0,43.0,2.0,5.0
2014-09-06,136.0,38.0,25.0,36.0,3.0,4.0
2014-09-07,102.0,31.0,25.0,44.0,3.0,5.0
2014-09-08,79.0,31.0,19.0,51.0,1.0,6.0
2014-09-09,79.0,25.0,15.0,43.0,2.0,7.0
2014-09-10,66.0,37.0,13.0,40.0,,6.0
2014-09-11,93.0,29.0,21.0,43.0,1.0,6.0
2014-09-12,72.0,23.0,27.0,30.0,,5.0
2014-09-13,63.0,22.0,29.0,23.0,,5.0
2014-09-14,63.0,26.0,19.0,41.0,1.0,5.0
2014-09-15,66.0,48.0,22.0,40.0,2.0,6.0
2014-09-16,120.0,48.0,29.0,30.0,1.0,6.0
2014-09-17,126.0,50.0,29.0,38.0,2.0,8.0
2014-09-18,130.0,47.0,14.0,42.0,3.0,9.0
2014-09-19,118.0,41.0,20.0,33.0,1.0,7.0
2014-09-20,97.0,18.0,26.0,32.0,3.0,6.0
2014-09-21,53.0,35.0,17.0,35.0,20.0,6.0
2014-09-22,92.0,42.0,15.0,25.0,14.0,
2014-09-23,119.0,29.0,20.0,28.0,4.0,6.0
2014-09-24,82.0,33.0,18.0,48.0,4.0,6.0
2014-09-25,67.0,29.0,16.0,46.0,4.0,6.0
2014-09-26,66.0,26.0,11.0,38.0,2.0,4.0
2014-09-27,64.0,33.0,18.0,36.0,2.0,5.0
2014-09-28,88.0,47.0,17.0,49.0,4.0,7.0
2014-09-29,112.0,41.0,26.0,51.0,3.0,6.0
2014-09-30,92.0,34.0,17.0,36.0,3.0,5.0
2014-10-01,69.0,32.0,10.0,36.0,3.0,5.0
2014-10-02,72.0,36.0,21.0,47.0,4.0,6.0
2014-10-03,83.0,24.0,19.0,27.0,1.0,3.0
2014-10-04,61.0,21.0,19.0,33.0,2.0,4.0
2014-10-05,56.0,22.0,16.0,35.0,2.0,4.0
2014-10-06,58.0,26.0,22.0,45.0,4.0,6.0
2014-10-07,63.0,25.0,19.0,39.0,4.0,5.0
2014-10-08,63.0,25.0,22.0,30.0,2.0,2.0
2014-10-09,57.0,22.0,14.0,33.0,2.0,3.0
2014-10-10,53.0,21.0,23.0,39.0,3.0,4.0
2014-10-11,57.0,19.0,23.0,26.0,2.0,3.0
2014-10-12,59.0,16.0,26.0,26.0,3.0,4.0
2014-10-13,44.0,17.0,6.0,29.0,3.0,4.0
2014-10-14,46.0,30.0,7.0,31.0,2.0,3.0
2014-10-15,69.0,31.0,14.0,52.0,5.0,6.0
2014-10-16,67.0,31.0,18.0,41.0,4.0,4.0
2014-10-17,62.0,24.0,20.0,33.0,2.0,3.0
2014-10-18,56.0,23.0,22.0,32.0,2.0,3.0
2014-10-19,50.0,27.0,18.0,43.0,4.0,5.0
2014-10-20,62.0,15.0,21.0,25.0,2.0,1.0
2014-10-21,41.0,25.0,16.0,32.0,2.0,2.0
2014-10-22,56.0,28.0,,,,
2014-10-23,62.0,29.0,,,,
2014-10-24,68.0,24.0,,,,
2014-10-25,60.0,19.0,,,,
2014-10-26,49.0,24.0,,,,
2014-10-27,60.0,32.0,,,,
2014-10-28,75.0,22.0,,,,
2014-10-29,62.0,48.0,,,,
2014-10-30,113.0,41.0,,,,
2014-10-31,89.0,31.0,,,,
2014-11-01,64.0,24.0,,,,
2014-11-02,52.0,21.0,,,,
2014-11-03,56.0,24.0,,,,
2014-11-04,61.0,33.0,,,,
2014-11-05,80.0,44.0,,,,
2014-11-06,106.0,21.0,,,,
2014-11-07,56.0,24.0,,,,
2014-11-08,62.0,29.0,,,,
2014-11-09,80.0,23.0,,,,
2014-11-10,65.0,18.0,,,,
2014-11-11,54.0,15.0,,,,
2014-11-12,56.0,22.0,,,,
2014-11-13,53.0,27.0,,,,
2014-11-14,66.0,30.0,,,,
2014-11-15,76.0,25.0,,,,
2014-11-16,74.0,19.0,,,,
2014-11-17,61.0,23.0,,,,
2014-11-18,69.0,44.0,,,,
2014-11-19,115.0,46.0,,,,
2014-11-20,118.0,46.0,,,,
2014-11-21,114.0,40.0,,,,
2014-11-22,94.0,18.0,,,,
2014-11-23,58.0,39.0,,,,
2014-11-24,86.0,28.0,,,,
2014-11-25,75.0,31.0,4.0,36.0,5.0,8.0
2014-11-26,84.0,34.0,4.0,40.0,7.0,12.0
2014-11-27,89.0,36.0,1.0,29.0,5.0,10.0
2014-11-28,86.0,44.0,1.0,29.0,5.0,12.0
2014-11-29,105.0,39.0,9.0,29.0,3.0,10.0
2014-11-30,99.0,30.0,11.0,28.0,1.0,7.0
2014-12-01,81.0,24.0,20.0,43.0,1.0,7.0
2014-12-02,62.0,24.0,18.0,40.0,,6.0
2014-12-03,53.0,25.0,16.0,34.0,2.0,6.0
2014-12-04,68.0,30.0,5.0,37.0,3.0,4.0
2014-12-05,76.0,32.0,4.0,48.0,3.0,4.0
2014-12-06,80.0,18.0,23.0,37.0,2.0,2.0
2014-12-07,49.0,19.0,14.0,38.0,2.0,2.0
2014-12-08,47.0,27.0,21.0,49.0,5.0,3.0
2014-12-09,60.0,27.0,30.0,52.0,5.0,2.0
2014-12-10,57.0,23.0,28.0,49.0,4.0,2.0
2014-12-11,53.0,20.0,32.0,47.0,5.0,2.0
2014-12-12,52.0,35.0,6.0,51.0,5.0,5.0
2014-12-13,77.0,25.0,25.0,37.0,4.0,3.0
2014-12-14,60.0,28.0,22.0,59.0,7.0,3.0
2014-12-15,64.0,34.0,5.0,54.0,7.0,5.0
2014-12-16,79.0,22.0,19.0,45.0,6.0,3.0
2014-12-17,56.0,18.0,24.0,42.0,5.0,2.0
2014-12-18,48.0,17.0,26.0,46.0,3.0,5.0
2014-12-19,43.0,17.0,22.0,43.0,3.0,6.0
2014-12-20,46.0,15.0,27.0,46.0,3.0,7.0
2014-12-21,43.0,18.0,27.0,45.0,4.0,6.0
2014-12-22,48.0,16.0,32.0,46.0,4.0,6.0
2014-12-23,42.0,11.0,30.0,32.0,2.0,5.0
2014-12-24,34.0,16.0,21.0,28.0,1.0,5.0
2014-12-25,44.0,18.0,19.0,38.0,2.0,7.0
2014-12-26,55.0,13.0,25.0,28.0,3.0,5.0
2014-12-27,43.0,27.0,21.0,29.0,1.0,5.0
2014-12-28,54.0,,,,,
2014-12-31,,28.0,24.0,19.0,3.0,3.0
2015-01-01,75.0,17.0,28.0,27.0,3.0,4.0
2015-01-02,42.0,16.0,21.0,37.0,2.0,4.0
2015-01-03,49.0,33.0,8.0,36.0,4.0,7.0
2015-01-04,88.0,29.0,14.0,42.0,5.0,7.0
2015-01-05,72.0,19.0,24.0,36.0,4.0,7.0
2015-01-06,51.0,22.0,24.0,39.0,4.0,7.0
2015-01-07,53.0,19.0,28.0,40.0,4.0,7.0
2015-01-08,50.0,20.0,31.0,39.0,5.0,8.0
2015-01-09,52.0,11.0,30.0,25.0,2.0,6.0
2015-01-10,32.0,19.0,26.0,39.0,3.0,8.0
2015-01-11,46.0,17.0,34.0,39.0,4.0,8.0
2015-01-12,45.0,18.0,29.0,47.0,6.0,10.0
2015-01-13,47.0,18.0,29.0,43.0,5.0,8.0
2015-01-14,44.0,20.0,34.0,45.0,6.0,9.0
2015-01-15,52.0,25.0,21.0,35.0,4.0,9.0
2015-01-16,53.0,13.0,12.0,24.0,3.0,
2015-01-17,47.0,16.0,13.0,26.0,3.0,9.0
2015-01-18,55.0,26.0,10.0,41.0,4.0,6.0
2015-01-19,75.0,43.0,10.0,51.0,7.0,8.0
2015-01-20,100.0,32.0,14.0,43.0,5.0,8.0
2015-01-21,82.0,42.0,6.0,46.0,4.0,8.0
2015-01-22,114.0,54.0,8.0,53.0,9.0,12.0
2015-01-23,132.0,23.0,26.0,30.0,2.0,7.0
2015-01-24,50.0,36.0,15.0,44.0,5.0,11.0
2015-01-25,69.0,21.0,23.0,36.0,3.0,5.0
2015-01-26,49.0,17.0,10.0,39.0,4.0,8.0
2015-01-27,48.0,13.0,25.0,42.0,5.0,9.0
2015-01-28,28.0,10.0,23.0,42.0,7.0,6.0
2015-01-29,32.0,17.0,21.0,40.0,7.0,6.0
2015-01-30,44.0,14.0,21.0,36.0,6.0,5.0
2015-01-31,42.0,17.0,27.0,28.0,4.0,3.0
2015-02-01,37.0,27.0,13.0,39.0,5.0,5.0
2015-02-02,53.0,25.0,18.0,49.0,4.0,5.0
2015-02-03,61.0,33.0,15.0,47.0,4.0,5.0
2015-02-04,64.0,20.0,18.0,37.0,2.0,4.0
2015-02-05,48.0,22.0,18.0,23.0,2.0,4.0
2015-02-06,42.0,22.0,17.0,42.0,1.0,4.0
2015-02-07,63.0,38.0,23.0,36.0,2.0,5.0
2015-02-08,68.0,37.0,15.0,41.0,3.0,6.0
2015-02-09,86.0,44.0,16.0,49.0,6.0,8.0
2015-02-10,84.0,43.0,20.0,38.0,5.0,8.0
2015-02-11,97.0,55.0,4.0,49.0,6.0,7.0
2015-02-12,126.0,41.0,23.0,47.0,5.0,6.0
2015-02-13,98.0,19.0,25.0,36.0,5.0,4.0
2015-02-14,52.0,42.0,14.0,38.0,5.0,6.0
2015-02-15,99.0,36.0,13.0,44.0,6.0,7.0
2015-02-16,89.0,21.0,20.0,31.0,2.0,3.0
2015-02-17,52.0,27.0,25.0,38.0,4.0,6.0
2015-02-18,63.0,26.0,28.0,42.0,5.0,6.0
2015-02-19,61.0,22.0,23.0,46.0,5.0,6.0
2015-02-20,50.0,18.0,26.0,33.0,5.0,5.0
2015-02-21,49.0,13.0,30.0,29.0,5.0,7.0
2015-02-22,44.0,22.0,29.0,44.0,7.0,8.0
2015-02-23,51.0,20.0,23.0,35.0,6.0,8.0
2015-02-24,47.0,26.0,17.0,41.0,5.0,9.0
2015-02-25,54.0,31.0,14.0,58.0,3.0,6.0
2015-02-26,51.0,29.0,17.0,46.0,6.0,5.0
2015-02-27,61.0,18.0,28.0,31.0,4.0,3.0
2015-02-28,45.0,17.0,32.0,21.0,3.0,2.0
2015-03-01,43.0,18.0,29.0,37.0,5.0,4.0
2015-03-02,42.0,20.0,28.0,42.0,6.0,6.0
2015-03-03,45.0,25.0,26.0,41.0,3.0,4.0
2015-03-04,50.0,29.0,19.0,48.0,6.0,6.0
2015-03-05,64.0,24.0,29.0,43.0,4.0,6.0
2015-03-06,55.0,36.0,28.0,36.0,4.0,6.0
2015-03-07,76.0,30.0,27.0,36.0,4.0,6.0
2015-03-08,64.0,24.0,19.0,38.0,4.0,6.0
2015-03-09,63.0,33.0,18.0,49.0,3.0,5.0
2015-03-10,61.0,43.0,20.0,41.0,4.0,7.0
2015-03-11,99.0,41.0,19.0,43.0,4.0,4.0
2015-03-12,95.0,33.0,22.0,34.0,3.0,3.0
2015-03-13,80.0,25.0,26.0,19.0,,2.0
2015-03-14,66.0,35.0,21.0,20.0,1.0,2.0
2015-03-15,81.0,42.0,12.0,33.0,4.0,5.0
2015-03-16,104.0,62.0,10.0,31.0,3.0,5.0
2015-03-17,156.0,56.0,24.0,32.0,1.0,4.0
2015-03-18,143.0,49.0,32.0,37.0,1.0,3.0
2015-03-19,106.0,48.0,35.0,48.0,3.0,5.0
2015-03-20,110.0,24.0,29.0,31.0,2.0,3.0
2015-03-21,55.0,29.0,29.0,24.0,2.0,3.0
2015-03-22,44.0,25.0,17.0,40.0,4.0,6.0
2015-03-23,71.0,30.0,23.0,45.0,4.0,5.0
2015-03-24,59.0,39.0,16.0,49.0,4.0,7.0
2015-03-25,82.0,19.0,27.0,37.0,5.0,4.0
2015-03-26,49.0,24.0,28.0,46.0,6.0,5.0
2015-03-27,54.0,20.0,25.0,31.0,4.0,4.0
2015-03-28,54.0,15.0,32.0,30.0,4.0,4.0
2015-03-29,36.0,19.0,29.0,34.0,4.0,5.0
2015-03-30,41.0,13.0,32.0,21.0,3.0,4.0
2015-03-31,30.0,20.0,29.0,35.0,4.0,4.0
2015-04-01,46.0,23.0,26.0,42.0,4.0,5.0
2015-04-02,55.0,22.0,20.0,35.0,4.0,5.0
2015-04-03,60.0,23.0,21.0,31.0,3.0,4.0
2015-04-04,66.0,21.0,27.0,29.0,2.0,5.0
2015-04-05,61.0,26.0,27.0,36.0,3.0,5.0
2015-04-06,70.0,22.0,24.0,40.0,4.0,5.0
2015-04-07,49.0,,,,,
2015-04-08,,59.0,23.0,64.0,3.0,4.0
2015-04-09,149.0,60.0,32.0,67.0,5.0,4.0
2015-04-10,144.0,26.0,35.0,37.0,4.0,2.0
2015-04-11,65.0,24.0,36.0,41.0,4.0,
2015-04-12,56.0,28.0,29.0,45.0,5.0,2.0
2015-04-13,65.0,31.0,36.0,53.0,6.0,3.0
2015-04-14,74.0,37.0,36.0,55.0,6.0,4.0
2015-04-15,89.0,27.0,24.0,38.0,4.0,3.0
2015-04-16,65.0,22.0,30.0,39.0,4.0,1.0
2015-04-17,52.0,23.0,35.0,32.0,3.0,1.0
2015-04-18,53.0,23.0,34.0,34.0,3.0,15.0
2015-04-19,54.0,35.0,35.0,48.0,3.0,17.0
2015-04-20,71.0,34.0,33.0,49.0,3.0,13.0
2015-04-21,69.0,27.0,30.0,47.0,3.0,8.0
2015-04-22,69.0,30.0,30.0,59.0,5.0,4.0
2015-04-23,76.0,50.0,33.0,75.0,7.0,6.0
2015-04-24,125.0,26.0,31.0,51.0,6.0,4.0
2015-04-25,77.0,20.0,27.0,33.0,5.0,2.0
2015-04-26,61.0,28.0,19.0,37.0,6.0,3.0
2015-04-27,66.0,29.0,26.0,46.0,6.0,3.0
2015-04-28,61.0,49.0,28.0,62.0,7.0,4.0
2015-04-29,70.0,23.0,28.0,52.0,6.0,3.0
2015-04-30,63.0,26.0,27.0,43.0,5.0,3.0
2015-05-01,58.0,26.0,25.0,37.0,6.0,3.0
2015-05-02,65.0,20.0,33.0,34.0,7.0,3.0
2015-05-03,64.0,20.0,37.0,34.0,7.0,3.0
2015-05-04,62.0,28.0,34.0,39.0,8.0,2.0
2015-05-05,72.0,25.0,33.0,50.0,7.0,3.0
2015-05-06,66.0,26.0,31.0,69.0,6.0,5.0
2015-05-07,69.0,35.0,27.0,71.0,6.0,3.0
2015-05-08,77.0,25.0,38.0,46.0,4.0,4.0
2015-05-09,50.0,30.0,37.0,53.0,4.0,3.0
2015-05-10,61.0,27.0,30.0,61.0,5.0,5.0
2015-05-11,64.0,26.0,35.0,55.0,5.0,6.0
2015-05-12,55.0,31.0,30.0,57.0,3.0,5.0
2015-05-13,59.0,24.0,25.0,55.0,4.0,5.0
2015-05-14,66.0,28.0,31.0,50.0,3.0,5.0
2015-05-15,62.0,24.0,39.0,32.0,3.0,6.0
2015-05-16,65.0,25.0,35.0,42.0,3.0,7.0
2015-05-17,57.0,22.0,33.0,53.0,5.0,8.0
2015-05-18,57.0,20.0,28.0,50.0,6.0,7.0
2015-05-19,50.0,31.0,29.0,36.0,3.0,5.0
2015-05-20,60.0,31.0,38.0,63.0,7.0,5.0
2015-05-21,73.0,32.0,21.0,45.0,6.0,4.0
2015-05-22,69.0,26.0,25.0,30.0,3.0,2.0
2015-05-23,60.0,22.0,28.0,35.0,4.0,3.0
2015-05-24,58.0,25.0,34.0,27.0,2.0,3.0
2015-05-25,62.0,22.0,31.0,36.0,2.0,2.0
2015-05-26,57.0,26.0,35.0,49.0,3.0,3.0
2015-05-27,70.0,22.0,35.0,34.0,4.0,3.0
2015-05-28,51.0,24.0,29.0,47.0,6.0,3.0
2015-05-29,59.0,22.0,30.0,41.0,5.0,3.0
2015-05-30,59.0,21.0,30.0,31.0,4.0,2.0
2015-05-31,51.0,28.0,32.0,40.0,5.0,3.0
2015-06-01,60.0,24.0,33.0,38.0,5.0,3.0
2015-06-02,58.0,28.0,27.0,38.0,5.0,3.0
2015-06-03,60.0,37.0,34.0,65.0,5.0,4.0
2015-06-04,71.0,41.0,26.0,62.0,6.0,5.0
2015-06-05,89.0,21.0,33.0,34.0,4.0,2.0
2015-06-06,50.0,22.0,37.0,31.0,2.0,2.0
2015-06-07,54.0,28.0,27.0,40.0,3.0,3.0
2015-06-08,61.0,30.0,31.0,32.0,2.0,3.0
2015-06-09,50.0,26.0,36.0,44.0,2.0,3.0
2015-06-10,55.0,31.0,45.0,57.0,4.0,5.0
2015-06-11,69.0,48.0,44.0,67.0,4.0,6.0
2015-06-12,98.0,35.0,30.0,50.0,6.0,7.0
2015-06-13,88.0,30.0,29.0,35.0,4.0,5.0
2015-06-14,69.0,23.0,30.0,40.0,3.0,4.0
2015-06-15,48.0,32.0,37.0,62.0,5.0,6.0
2015-06-16,66.0,30.0,21.0,51.0,6.0,5.0
2015-06-17,63.0,39.0,32.0,33.0,3.0,4.0
2015-06-18,66.0,36.0,31.0,34.0,3.0,3.0
2015-06-19,70.0,29.0,21.0,47.0,5.0,6.0
2015-06-20,71.0,20.0,28.0,30.0,4.0,6.0
2015-06-21,53.0,24.0,22.0,41.0,5.0,6.0
2015-06-22,54.0,26.0,28.0,38.0,3.0,5.0
2015-06-23,55.0,26.0,35.0,77.0,6.0,8.0
2015-06-24,68.0,36.0,35.0,71.0,7.0,8.0
2015-06-25,74.0,30.0,38.0,77.0,6.0,7.0
2015-06-26,70.0,27.0,32.0,48.0,5.0,6.0
2015-06-27,59.0,25.0,24.0,49.0,5.0,8.0
2015-06-28,61.0,26.0,35.0,61.0,6.0,7.0
2015-06-29,64.0,34.0,45.0,77.0,6.0,7.0
2015-06-30,68.0,44.0,69.0,86.0,5.0,8.0
2015-07-01,104.0,33.0,41.0,70.0,6.0,7.0
2015-07-02,77.0,22.0,30.0,45.0,5.0,4.0
2015-07-03,53.0,33.0,34.0,43.0,5.0,3.0
2015-07-04,81.0,24.0,30.0,35.0,6.0,3.0
2015-07-05,62.0,23.0,27.0,49.0,6.0,3.0
2015-07-06,60.0,25.0,28.0,53.0,6.0,4.0
2015-07-07,53.0,24.0,31.0,39.0,6.0,3.0
2015-07-08,59.0,33.0,36.0,42.0,5.0,2.0
2015-07-09,54.0,28.0,43.0,65.0,6.0,4.0
2015-07-10,63.0,26.0,30.0,44.0,7.0,3.0
2015-07-11,62.0,19.0,21.0,38.0,6.0,5.0
2015-07-12,57.0,20.0,15.0,45.0,7.0,5.0
2015-07-13,64.0,19.0,14.0,40.0,5.0,5.0
2015-07-14,58.0,22.0,18.0,41.0,5.0,10.0
2015-07-15,61.0,33.0,33.0,53.0,4.0,4.0
2015-07-16,71.0,34.0,30.0,62.0,5.0,6.0
2015-07-17,70.0,26.0,35.0,56.0,5.0,5.0
2015-07-18,66.0,23.0,34.0,47.0,4.0,5.0
2015-07-19,57.0,31.0,16.0,45.0,5.0,6.0
2015-07-20,74.0,26.0,22.0,57.0,5.0,6.0
2015-07-21,64.0,25.0,25.0,58.0,5.0,6.0
2015-07-22,62.0,24.0,28.0,53.0,5.0,5.0
2015-07-23,56.0,29.0,25.0,58.0,4.0,4.0
2015-07-24,70.0,19.0,27.0,27.0,4.0,4.0
2015-07-25,54.0,23.0,24.0,50.0,5.0,7.0
2015-07-26,63.0,23.0,23.0,52.0,6.0,7.0
2015-07-27,56.0,19.0,27.0,48.0,5.0,7.0
2015-07-28,48.0,21.0,24.0,34.0,4.0,4.0
2015-07-29,49.0,31.0,24.0,40.0,4.0,2.0
2015-07-30,49.0,27.0,35.0,63.0,5.0,7.0
2015-07-31,70.0,33.0,28.0,47.0,5.0,5.0
2015-08-01,66.0,22.0,46.0,49.0,4.0,5.0
2015-08-02,57.0,26.0,26.0,44.0,5.0,6.0
2015-08-03,66.0,25.0,28.0,35.0,3.0,4.0
2015-08-04,62.0,27.0,27.0,48.0,2.0,5.0
2015-08-05,70.0,23.0,25.0,60.0,6.0,6.0
2015-08-06,69.0,26.0,28.0,54.0,5.0,3.0
2015-08-07,67.0,27.0,41.0,42.0,4.0,4.0
2015-08-08,63.0,22.0,36.0,49.0,5.0,4.0
2015-08-09,62.0,21.0,22.0,38.0,5.0,3.0
2015-08-10,59.0,22.0,12.0,43.0,5.0,3.0
2015-08-11,56.0,20.0,22.0,37.0,4.0,3.0
2015-08-12,49.0,31.0,18.0,28.0,5.0,3.0
2015-08-13,76.0,36.0,24.0,43.0,6.0,3.0
2015-08-14,95.0,25.0,27.0,27.0,6.0,3.0
2015-08-15,65.0,25.0,23.0,30.0,6.0,4.0
2015-08-16,63.0,27.0,32.0,42.0,6.0,3.0
2015-08-17,65.0,32.0,23.0,50.0,7.0,5.0
2015-08-18,77.0,23.0,26.0,52.0,6.0,6.0
2015-08-19,69.0,20.0,16.0,42.0,7.0,6.0
2015-08-20,63.0,21.0,22.0,44.0,6.0,5.0
2015-08-21,65.0,22.0,38.0,40.0,6.0,4.0
2015-08-22,66.0,24.0,32.0,43.0,7.0,5.0
2015-08-23,71.0,18.0,16.0,35.0,9.0,3.0
2015-08-24,60.0,22.0,17.0,44.0,7.0,4.0
2015-08-25,63.0,21.0,19.0,39.0,7.0,3.0
2015-08-26,64.0,24.0,19.0,45.0,5.0,4.0
2015-08-27,67.0,24.0,23.0,48.0,5.0,4.0
2015-08-28,63.0,20.0,25.0,41.0,4.0,3.0
2015-08-29,62.0,27.0,22.0,27.0,2.0,3.0
2015-08-30,72.0,16.0,20.0,30.0,2.0,2.0
2015-08-31,54.0,23.0,18.0,40.0,4.0,4.0
2015-09-01,70.0,23.0,20.0,41.0,4.0,4.0
2015-09-02,67.0,25.0,21.0,40.0,3.0,3.0
2015-09-03,69.0,22.0,18.0,41.0,2.0,3.0
2015-09-04,69.0,21.0,20.0,39.0,2.0,3.0
2015-09-05,60.0,21.0,27.0,31.0,2.0,3.0
2015-09-06,61.0,18.0,19.0,38.0,1.0,2.0
2015-09-07,52.0,16.0,18.0,38.0,1.0,3.0
2015-09-08,51.0,21.0,21.0,35.0,3.0,3.0
2015-09-09,57.0,31.0,24.0,48.0,4.0,4.0
2015-09-10,72.0,39.0,32.0,51.0,5.0,5.0
2015-09-11,88.0,25.0,29.0,43.0,4.0,5.0
2015-09-12,67.0,25.0,22.0,36.0,4.0,4.0
2015-09-13,60.0,26.0,25.0,40.0,6.0,6.0
2015-09-14,64.0,29.0,26.0,46.0,7.0,6.0
2015-09-15,64.0,24.0,26.0,40.0,5.0,3.0
2015-09-16,56.0,29.0,27.0,48.0,6.0,6.0
2015-09-17,71.0,32.0,17.0,73.0,6.0,5.0
2015-09-18,69.0,23.0,28.0,51.0,3.0,4.0
2015-09-19,65.0,30.0,32.0,50.0,5.0,6.0
2015-09-20,86.0,26.0,22.0,60.0,7.0,7.0
2015-09-21,81.0,21.0,16.0,54.0,5.0,4.0
2015-09-22,58.0,27.0,16.0,55.0,6.0,3.0
2015-09-23,62.0,27.0,17.0,57.0,6.0,5.0
2015-09-24,67.0,34.0,21.0,45.0,4.0,4.0
2015-09-25,73.0,30.0,22.0,44.0,3.0,4.0
2015-09-26,74.0,20.0,24.0,38.0,2.0,3.0
2015-09-27,59.0,24.0,19.0,46.0,3.0,3.0
2015-09-28,59.0,28.0,18.0,44.0,2.0,3.0
2015-09-29,61.0,31.0,21.0,43.0,2.0,3.0
2015-09-30,65.0,28.0,24.0,42.0,1.0,3.0
2015-10-01,66.0,36.0,17.0,63.0,3.0,4.0
2015-10-02,86.0,50.0,13.0,50.0,3.0,5.0
2015-10-03,129.0,44.0,33.0,55.0,4.0,6.0
2015-10-04,110.0,30.0,18.0,46.0,5.0,6.0
2015-10-05,82.0,27.0,17.0,52.0,6.0,5.0
2015-10-06,77.0,28.0,10.0,41.0,6.0,4.0
2015-10-07,71.0,34.0,17.0,49.0,6.0,4.0
2015-10-08,80.0,44.0,10.0,61.0,7.0,6.0
2015-10-09,102.0,26.0,17.0,42.0,3.0,3.0
2015-10-10,68.0,38.0,22.0,38.0,3.0,3.0
2015-10-11,96.0,37.0,20.0,54.0,3.0,4.0
2015-10-12,92.0,26.0,21.0,52.0,3.0,4.0
2015-10-13,67.0,21.0,21.0,54.0,2.0,5.0
2015-10-14,52.0,28.0,17.0,52.0,3.0,6.0
2015-10-15,72.0,35.0,22.0,52.0,3.0,5.0
2015-10-16,83.0,28.0,23.0,38.0,2.0,4.0
2015-10-17,68.0,20.0,19.0,30.0,2.0,5.0
2015-10-18,64.0,26.0,20.0,49.0,3.0,5.0
2015-10-19,71.0,34.0,15.0,60.0,4.0,7.0
2015-10-20,81.0,37.0,9.0,57.0,8.0,11.0
2015-10-21,88.0,34.0,25.0,48.0,6.0,8.0
2015-10-22,72.0,39.0,15.0,75.0,7.0,9.0
2015-10-23,81.0,27.0,23.0,70.0,5.0,8.0
2015-10-24,75.0,27.0,14.0,58.0,4.0,7.0
2015-10-25,68.0,36.0,13.0,48.0,5.0,7.0
2015-10-26,80.0,48.0,9.0,42.0,6.0,9.0
2015-10-27,95.0,33.0,15.0,54.0,7.0,9.0
2015-10-28,75.0,29.0,18.0,55.0,6.0,9.0
2015-10-29,67.0,30.0,15.0,48.0,6.0,8.0
2015-10-30,68.0,50.0,6.0,39.0,5.0,8.0
2015-10-31,111.0,60.0,4.0,43.0,7.0,13.0
2015-11-01,152.0,49.0,3.0,40.0,6.0,9.0
2015-11-02,116.0,46.0,8.0,41.0,7.0,6.0
2015-11-03,104.0,40.0,10.0,53.0,8.0,5.0
2015-11-04,93.0,29.0,18.0,54.0,7.0,7.0
2015-11-05,74.0,26.0,20.0,43.0,6.0,7.0
2015-11-06,69.0,26.0,20.0,35.0,6.0,6.0
2015-11-07,63.0,24.0,19.0,37.0,5.0,6.0
2015-11-08,63.0,29.0,26.0,42.0,6.0,6.0
2015-11-09,58.0,28.0,24.0,44.0,6.0,7.0
2015-11-10,64.0,29.0,25.0,53.0,6.0,6.0
2015-11-11,60.0,36.0,23.0,53.0,6.0,6.0
2015-11-12,70.0,33.0,28.0,55.0,7.0,6.0
2015-11-13,59.0,24.0,23.0,44.0,5.0,6.0
2015-11-14,58.0,21.0,25.0,28.0,4.0,5.0
2015-11-15,51.0,27.0,27.0,49.0,6.0,7.0
2015-11-16,58.0,27.0,27.0,41.0,6.0,6.0
2015-11-17,55.0,33.0,27.0,43.0,5.0,6.0
2015-11-18,60.0,32.0,25.0,57.0,7.0,5.0
2015-11-19,69.0,30.0,19.0,47.0,5.0,3.0
2015-11-20,55.0,19.0,26.0,30.0,6.0,3.0
2015-11-21,52.0,26.0,13.0,41.0,5.0,5.0
2015-11-22,67.0,40.0,15.0,62.0,7.0,8.0
2015-11-23,104.0,28.0,22.0,56.0,7.0,7.0
2015-11-24,61.0,26.0,17.0,41.0,6.0,4.0
2015-11-25,67.0,36.0,11.0,52.0,6.0,10.0
2015-11-26,78.0,28.0,23.0,49.0,6.0,10.0
2015-11-27,71.0,26.0,28.0,44.0,5.0,10.0
2015-11-28,54.0,23.0,29.0,36.0,5.0,10.0
2015-11-29,51.0,23.0,26.0,49.0,5.0,10.0
2015-11-30,53.0,27.0,28.0,58.0,6.0,9.0
2015-12-01,62.0,33.0,32.0,55.0,5.0,9.0
2015-12-02,70.0,35.0,25.0,50.0,5.0,7.0
2015-12-03,75.0,30.0,26.0,51.0,6.0,6.0
2015-12-04,65.0,27.0,32.0,41.0,5.0,6.0
2015-12-05,57.0,25.0,32.0,37.0,5.0,6.0
2015-12-06,56.0,33.0,23.0,41.0,6.0,5.0
2015-12-07,72.0,29.0,23.0,51.0,6.0,5.0
2015-12-08,68.0,33.0,22.0,54.0,7.0,6.0
2015-12-09,68.0,30.0,29.0,50.0,6.0,6.0
2015-12-10,70.0,29.0,20.0,51.0,7.0,6.0
2015-12-11,64.0,29.0,28.0,43.0,6.0,5.0
2015-12-12,61.0,24.0,19.0,36.0,6.0,5.0
2015-12-13,62.0,33.0,16.0,44.0,6.0,5.0
2015-12-14,78.0,37.0,7.0,42.0,5.0,6.0
2015-12-15,90.0,33.0,25.0,52.0,6.0,6.0
2015-12-16,70.0,48.0,16.0,49.0,6.0,6.0
2015-12-17,95.0,36.0,20.0,59.0,6.0,6.0
2015-12-18,79.0,31.0,19.0,40.0,5.0,5.0
2015-12-19,75.0,26.0,27.0,44.0,6.0,5.0
2015-12-20,57.0,24.0,26.0,55.0,6.0,5.0
2015-12-21,54.0,17.0,27.0,42.0,6.0,4.0
2015-12-22,70.0,28.0,28.0,52.0,5.0,4.0
2015-12-23,60.0,22.0,27.0,41.0,6.0,3.0
2015-12-24,54.0,18.0,26.0,30.0,5.0,3.0
2015-12-25,42.0,23.0,28.0,22.0,5.0,2.0
2015-12-26,60.0,56.0,28.0,38.0,5.0,5.0
2015-12-27,98.0,37.0,16.0,36.0,6.0,4.0
2015-12-28,75.0,24.0,26.0,53.0,6.0,5.0
2015-12-29,59.0,20.0,27.0,37.0,7.0,3.0
2015-12-30,50.0,,,,,
2015-12-31,,27.0,17.0,38.0,6.0,4.0
2016-01-01,64.0,15.0,19.0,28.0,9.0,3.0
2016-01-02,48.0,17.0,25.0,37.0,10.0,3.0
2016-01-03,42.0,25.0,19.0,44.0,11.0,5.0
2016-01-04,54.0,30.0,19.0,51.0,11.0,6.0
2016-01-05,61.0,38.0,2.0,52.0,12.0,7.0
2016-01-06,91.0,20.0,23.0,41.0,11.0,5.0
2016-01-07,51.0,33.0,15.0,58.0,8.0,7.0
2016-01-08,71.0,23.0,29.0,40.0,3.0,4.0
2016-01-09,56.0,18.0,28.0,38.0,4.0,5.0
2016-01-10,46.0,22.0,23.0,50.0,6.0,7.0
2016-01-11,59.0,22.0,22.0,43.0,5.0,7.0
2016-01-12,55.0,31.0,20.0,52.0,5.0,6.0
2016-01-13,61.0,18.0,20.0,41.0,3.0,3.0
2016-01-14,47.0,20.0,17.0,44.0,1.0,4.0
2016-01-15,52.0,38.0,8.0,49.0,3.0,7.0
2016-01-16,82.0,23.0,17.0,54.0,1.0,6.0
2016-01-17,58.0,34.0,15.0,52.0,3.0,7.0
2016-01-18,71.0,61.0,1.0,77.0,8.0,12.0
2016-01-19,138.0,72.0,1.0,89.0,11.0,17.0
2016-01-20,159.0,55.0,12.0,61.0,6.0,11.0
2016-01-21,109.0,42.0,14.0,49.0,6.0,9.0
2016-01-22,82.0,38.0,16.0,49.0,5.0,6.0
2016-01-23,77.0,20.0,14.0,35.0,4.0,3.0
2016-01-24,60.0,30.0,22.0,43.0,5.0,3.0
2016-01-25,63.0,31.0,26.0,41.0,4.0,3.0
2016-01-26,61.0,17.0,27.0,39.0,5.0,2.0
2016-01-27,46.0,35.0,27.0,51.0,6.0,3.0
2016-01-28,58.0,23.0,29.0,40.0,4.0,4.0
2016-01-29,50.0,27.0,29.0,39.0,5.0,6.0
2016-01-30,51.0,20.0,25.0,39.0,5.0,8.0
2016-01-31,51.0,28.0,29.0,38.0,5.0,7.0
2016-02-01,59.0,34.0,27.0,44.0,5.0,8.0
2016-02-02,64.0,25.0,18.0,40.0,5.0,9.0
2016-02-03,59.0,25.0,19.0,42.0,5.0,9.0
2016-02-04,63.0,29.0,25.0,48.0,5.0,7.0
2016-02-05,63.0,23.0,31.0,30.0,6.0,4.0
2016-02-06,58.0,18.0,33.0,33.0,7.0,6.0
2016-02-07,40.0,31.0,32.0,39.0,7.0,7.0
2016-02-08,56.0,29.0,25.0,51.0,8.0,9.0
2016-02-09,58.0,22.0,20.0,40.0,7.0,10.0
2016-02-10,59.0,48.0,12.0,68.0,9.0,12.0
2016-02-11,94.0,30.0,14.0,50.0,7.0,5.0
2016-02-12,68.0,31.0,14.0,41.0,8.0,4.0
2016-02-13,83.0,25.0,27.0,34.0,7.0,4.0
2016-02-14,60.0,30.0,24.0,56.0,3.0,5.0
2016-02-15,70.0,42.0,21.0,70.0,6.0,9.0
2016-02-16,77.0,37.0,22.0,69.0,5.0,8.0
2016-02-17,74.0,29.0,20.0,50.0,6.0,6.0
2016-02-18,72.0,35.0,27.0,70.0,6.0,8.0
2016-02-19,74.0,22.0,30.0,50.0,5.0,4.0
2016-02-20,48.0,17.0,30.0,39.0,5.0,2.0
2016-02-21,42.0,18.0,27.0,39.0,6.0,2.0
2016-02-22,54.0,28.0,20.0,45.0,5.0,4.0
2016-02-23,63.0,48.0,10.0,64.0,7.0,8.0
2016-02-24,103.0,46.0,17.0,66.0,7.0,8.0
2016-02-25,104.0,46.0,17.0,62.0,7.0,8.0
2016-02-26,101.0,34.0,23.0,36.0,6.0,7.0
2016-02-27,89.0,17.0,30.0,33.0,5.0,7.0
2016-02-28,51.0,29.0,24.0,49.0,4.0,8.0
2016-02-29,62.0,27.0,28.0,52.0,6.0,8.0
2016-03-01,57.0,23.0,29.0,49.0,8.0,7.0
2016-03-02,48.0,23.0,28.0,44.0,8.0,4.0
2016-03-03,55.0,30.0,26.0,57.0,8.0,3.0
2016-03-04,58.0,28.0,25.0,39.0,2.0,3.0
2016-03-05,78.0,29.0,23.0,34.0,1.0,3.0
2016-03-06,66.0,32.0,25.0,41.0,1.0,3.0
2016-03-07,65.0,38.0,23.0,61.0,5.0,3.0
2016-03-08,77.0,21.0,24.0,45.0,3.0,3.0
2016-03-09,68.0,43.0,12.0,44.0,2.0,4.0
2016-03-10,109.0,60.0,14.0,55.0,3.0,5.0
2016-03-11,154.0,66.0,19.0,48.0,3.0,5.0
2016-03-12,162.0,45.0,26.0,35.0,1.0,3.0
2016-03-13,117.0,32.0,27.0,37.0,,3.0
2016-03-14,87.0,32.0,38.0,40.0,1.0,4.0
2016-03-15,83.0,29.0,31.0,37.0,1.0,4.0
2016-03-16,76.0,41.0,34.0,48.0,1.0,5.0
2016-03-17,104.0,25.0,30.0,44.0,2.0,4.0
2016-03-18,72.0,17.0,36.0,37.0,2.0,3.0
2016-03-19,52.0,18.0,32.0,34.0,3.0,3.0
2016-03-20,52.0,31.0,27.0,43.0,4.0,4.0
2016-03-21,89.0,34.0,23.0,51.0,4.0,4.0
2016-03-22,90.0,44.0,18.0,52.0,5.0,5.0
2016-03-23,109.0,44.0,25.0,71.0,6.0,7.0
2016-03-24,101.0,22.0,32.0,48.0,5.0,4.0
2016-03-25,63.0,24.0,34.0,41.0,6.0,2.0
2016-03-26,59.0,22.0,33.0,39.0,7.0,2.0
2016-03-27,39.0,18.0,32.0,38.0,9.0,2.0
2016-03-28,44.0,25.0,30.0,65.0,7.0,3.0
2016-03-29,51.0,28.0,27.0,56.0,7.0,4.0
2016-03-30,56.0,25.0,27.0,59.0,5.0,4.0
2016-03-31,67.0,34.0,29.0,68.0,5.0,7.0
2016-04-01,83.0,32.0,35.0,55.0,3.0,5.0
2016-04-02,77.0,32.0,28.0,46.0,3.0,4.0
2016-04-03,86.0,29.0,30.0,60.0,5.0,4.0
2016-04-04,70.0,27.0,31.0,49.0,5.0,2.0
2016-04-05,65.0,26.0,29.0,61.0,5.0,3.0
2016-04-06,57.0,24.0,20.0,51.0,5.0,4.0
2016-04-07,59.0,29.0,25.0,53.0,5.0,5.0
2016-04-08,70.0,20.0,30.0,48.0,4.0,3.0
2016-04-09,49.0,18.0,34.0,41.0,4.0,3.0
2016-04-10,48.0,42.0,15.0,48.0,5.0,6.0
2016-04-11,103.0,27.0,31.0,61.0,6.0,4.0
2016-04-12,63.0,29.0,26.0,60.0,5.0,4.0
2016-04-13,73.0,32.0,33.0,64.0,5.0,4.0
2016-04-14,73.0,27.0,25.0,61.0,6.0,3.0
2016-04-15,75.0,19.0,25.0,39.0,5.0,2.0
2016-04-16,60.0,19.0,31.0,36.0,3.0,3.0
2016-04-17,57.0,29.0,27.0,58.0,5.0,6.0
2016-04-18,67.0,23.0,32.0,45.0,3.0,3.0
2016-04-19,56.0,30.0,27.0,45.0,3.0,3.0
2016-04-20,60.0,33.0,29.0,46.0,4.0,2.0
2016-04-21,69.0,28.0,29.0,45.0,3.0,2.0
2016-04-22,65.0,19.0,29.0,37.0,4.0,2.0
2016-04-23,57.0,20.0,34.0,33.0,4.0,2.0
2016-04-24,60.0,25.0,26.0,43.0,6.0,3.0
2016-04-25,71.0,19.0,29.0,35.0,6.0,2.0
2016-04-26,55.0,24.0,31.0,44.0,5.0,2.0
2016-04-27,62.0,29.0,30.0,53.0,6.0,4.0
2016-04-28,72.0,32.0,27.0,49.0,5.0,5.0
2016-04-29,79.0,21.0,32.0,35.0,3.0,3.0
2016-04-30,63.0,24.0,36.0,44.0,3.0,7.0
2016-05-01,57.0,24.0,30.0,31.0,3.0,4.0
2016-05-02,60.0,26.0,33.0,42.0,4.0,2.0
2016-05-03,67.0,33.0,38.0,70.0,5.0,4.0
2016-05-04,68.0,39.0,42.0,75.0,4.0,4.0
2016-05-05,77.0,44.0,35.0,71.0,5.0,5.0
2016-05-06,96.0,45.0,45.0,54.0,6.0,4.0
2016-05-07,110.0,29.0,52.0,52.0,6.0,3.0
2016-05-08,72.0,38.0,38.0,59.0,7.0,4.0
2016-05-09,83.0,36.0,20.0,49.0,6.0,6.0
2016-05-10,92.0,42.0,19.0,49.0,7.0,9.0
2016-05-11,113.0,42.0,52.0,53.0,8.0,4.0
2016-05-12,98.0,34.0,39.0,36.0,6.0,3.0
2016-05-13,77.0,22.0,36.0,34.0,5.0,2.0
2016-05-14,59.0,29.0,40.0,44.0,5.0,3.0
2016-05-15,79.0,34.0,37.0,47.0,5.0,3.0
2016-05-16,79.0,30.0,36.0,61.0,6.0,4.0
2016-05-17,76.0,27.0,36.0,60.0,8.0,4.0
2016-05-18,70.0,27.0,28.0,50.0,7.0,3.0
2016-05-19,71.0,26.0,28.0,55.0,7.0,4.0
2016-05-20,65.0,22.0,27.0,43.0,8.0,4.0
2016-05-21,60.0,20.0,31.0,33.0,8.0,3.0
2016-05-22,59.0,17.0,29.0,32.0,5.0,2.0
2016-05-23,49.0,17.0,28.0,36.0,3.0,2.0
2016-05-24,47.0,26.0,33.0,39.0,3.0,3.0
2016-05-25,66.0,30.0,31.0,59.0,4.0,5.0
2016-05-26,72.0,34.0,35.0,52.0,4.0,4.0
2016-05-27,78.0,32.0,40.0,44.0,3.0,2.0
2016-05-28,87.0,22.0,36.0,24.0,4.0,2.0
2016-05-29,70.0,19.0,32.0,20.0,4.0,2.0
2016-05-30,62.0,14.0,28.0,25.0,4.0,2.0
2016-05-31,52.0,18.0,30.0,27.0,4.0,2.0
2016-06-01,53.0,17.0,32.0,36.0,4.0,2.0
2016-06-02,50.0,25.0,30.0,41.0,4.0,2.0
2016-06-03,75.0,36.0,27.0,37.0,5.0,1.0
2016-06-04,95.0,33.0,34.0,32.0,4.0,2.0
2016-06-05,77.0,32.0,24.0,52.0,4.0,3.0
2016-06-06,69.0,48.0,20.0,78.0,5.0,4.0
2016-06-07,93.0,38.0,35.0,63.0,5.0,4.0
2016-06-08,90.0,34.0,19.0,54.0,5.0,1.0
2016-06-09,81.0,37.0,39.0,75.0,6.0,3.0
2016-06-10,76.0,33.0,39.0,57.0,7.0,3.0
2016-06-11,82.0,27.0,28.0,43.0,7.0,4.0
2016-06-12,65.0,32.0,17.0,43.0,8.0,4.0
2016-06-13,66.0,26.0,18.0,50.0,10.0,8.0
2016-06-14,63.0,27.0,23.0,54.0,10.0,4.0
2016-06-15,64.0,24.0,27.0,56.0,9.0,3.0
2016-06-16,61.0,25.0,27.0,41.0,9.0,3.0
2016-06-17,71.0,29.0,21.0,37.0,7.0,3.0
2016-06-18,70.0,23.0,29.0,39.0,6.0,6.0
2016-06-19,60.0,17.0,19.0,39.0,8.0,8.0
2016-06-20,49.0,23.0,21.0,55.0,7.0,9.0
2016-06-21,60.0,26.0,17.0,60.0,5.0,7.0
2016-06-22,69.0,29.0,9.0,57.0,6.0,9.0
2016-06-23,75.0,26.0,25.0,57.0,6.0,5.0
2016-06-24,62.0,18.0,24.0,38.0,4.0,2.0
2016-06-25,52.0,16.0,24.0,31.0,3.0,2.0
2016-06-26,52.0,15.0,26.0,27.0,3.0,2.0
2016-06-27,44.0,27.0,26.0,52.0,5.0,8.0
2016-06-28,63.0,23.0,19.0,49.0,7.0,6.0
2016-06-29,59.0,24.0,25.0,59.0,5.0,3.0
2016-06-30,65.0,26.0,23.0,54.0,5.0,4.0
2016-07-01,59.0,19.0,22.0,38.0,4.0,4.0
2016-07-02,60.0,20.0,27.0,39.0,3.0,4.0
2016-07-03,55.0,22.0,22.0,46.0,4.0,5.0
2016-07-04,63.0,19.0,28.0,26.0,3.0,4.0
2016-07-05,46.0,21.0,31.0,35.0,3.0,1.0
2016-07-06,53.0,27.0,29.0,64.0,6.0,6.0
2016-07-07,70.0,24.0,23.0,41.0,5.0,9.0
2016-07-08,71.0,22.0,17.0,37.0,4.0,8.0
2016-07-09,71.0,18.0,24.0,31.0,6.0,8.0
2016-07-10,64.0,22.0,20.0,40.0,6.0,9.0
2016-07-11,69.0,26.0,17.0,38.0,6.0,8.0
2016-07-12,73.0,21.0,19.0,26.0,6.0,4.0
2016-07-13,67.0,20.0,25.0,31.0,5.0,2.0
2016-07-14,68.0,23.0,19.0,47.0,6.0,5.0
2016-07-15,63.0,17.0,17.0,29.0,5.0,4.0
2016-07-16,54.0,16.0,20.0,25.0,5.0,5.0
2016-07-17,55.0,24.0,42.0,48.0,6.0,7.0
2016-07-18,65.0,30.0,40.0,61.0,7.0,8.0
2016-07-19,75.0,37.0,48.0,59.0,8.0,9.0
2016-07-20,87.0,22.0,28.0,34.0,7.0,6.0
2016-07-21,71.0,35.0,21.0,45.0,4.0,7.0
2016-07-22,94.0,28.0,42.0,50.0,4.0,7.0
2016-07-23,75.0,20.0,27.0,34.0,4.0,6.0
2016-07-24,54.0,21.0,25.0,33.0,4.0,9.0
2016-07-25,55.0,24.0,22.0,40.0,5.0,11.0
2016-07-26,62.0,24.0,18.0,39.0,4.0,9.0
2016-07-27,67.0,26.0,23.0,49.0,4.0,7.0
2016-07-28,62.0,28.0,17.0,50.0,6.0,6.0
2016-07-29,60.0,23.0,25.0,30.0,3.0,7.0
2016-07-30,69.0,15.0,26.0,27.0,3.0,6.0
2016-07-31,50.0,23.0,17.0,47.0,5.0,9.0
2016-08-01,58.0,24.0,16.0,42.0,5.0,10.0
2016-08-02,61.0,26.0,21.0,44.0,4.0,9.0
2016-08-03,58.0,24.0,22.0,40.0,4.0,7.0
2016-08-04,58.0,22.0,29.0,40.0,4.0,7.0
2016-08-05,61.0,25.0,34.0,38.0,4.0,6.0
2016-08-06,65.0,21.0,26.0,32.0,3.0,7.0
2016-08-07,53.0,21.0,23.0,29.0,3.0,5.0
2016-08-08,62.0,25.0,24.0,29.0,2.0,4.0
2016-08-09,64.0,22.0,23.0,29.0,3.0,7.0
2016-08-10,59.0,22.0,18.0,32.0,4.0,8.0
2016-08-11,61.0,26.0,29.0,49.0,5.0,6.0
2016-08-12,66.0,19.0,24.0,38.0,4.0,3.0
2016-08-13,55.0,18.0,27.0,30.0,2.0,1.0
2016-08-14,54.0,21.0,25.0,43.0,4.0,2.0
2016-08-15,56.0,24.0,31.0,44.0,4.0,2.0
2016-08-16,60.0,32.0,36.0,53.0,4.0,2.0
2016-08-17,74.0,33.0,37.0,48.0,4.0,2.0
2016-08-18,73.0,34.0,30.0,54.0,5.0,3.0
2016-08-19,86.0,26.0,27.0,35.0,4.0,2.0
2016-08-20,58.0,16.0,27.0,32.0,3.0,2.0
2016-08-21,48.0,28.0,26.0,45.0,4.0,2.0
2016-08-22,64.0,29.0,40.0,65.0,5.0,2.0
2016-08-23,69.0,38.0,53.0,67.0,6.0,3.0
2016-08-24,91.0,40.0,38.0,51.0,4.0,4.0
2016-08-25,101.0,28.0,28.0,45.0,5.0,3.0
2016-08-26,84.0,31.0,34.0,41.0,4.0,3.0
2016-08-27,77.0,25.0,27.0,35.0,4.0,6.0
2016-08-28,67.0,23.0,30.0,31.0,3.0,3.0
2016-08-29,72.0,30.0,39.0,66.0,5.0,5.0
2016-08-30,71.0,29.0,23.0,57.0,6.0,4.0
2016-08-31,68.0,28.0,26.0,48.0,6.0,4.0
2016-09-01,64.0,27.0,15.0,44.0,5.0,7.0
2016-09-02,67.0,24.0,22.0,39.0,5.0,6.0
2016-09-03,62.0,20.0,22.0,26.0,6.0,6.0
2016-09-04,52.0,28.0,12.0,42.0,5.0,8.0
2016-09-05,65.0,32.0,9.0,41.0,5.0,8.0
2016-09-06,80.0,33.0,37.0,56.0,3.0,7.0
2016-09-07,75.0,33.0,28.0,56.0,5.0,6.0
2016-09-08,77.0,26.0,25.0,48.0,5.0,3.0
2016-09-09,62.0,24.0,20.0,40.0,4.0,2.0
2016-09-10,60.0,24.0,29.0,45.0,4.0,2.0
2016-09-11,57.0,27.0,24.0,50.0,4.0,3.0
2016-09-12,62.0,44.0,44.0,67.0,4.0,3.0
2016-09-13,93.0,40.0,42.0,69.0,3.0,2.0
2016-09-14,94.0,41.0,47.0,60.0,3.0,4.0
2016-09-15,100.0,37.0,26.0,29.0,2.0,3.0
2016-09-16,81.0,19.0,18.0,22.0,2.0,6.0
2016-09-17,60.0,21.0,31.0,28.0,3.0,6.0
2016-09-18,70.0,34.0,20.0,34.0,3.0,6.0
2016-09-19,92.0,28.0,17.0,38.0,3.0,5.0
2016-09-20,83.0,35.0,36.0,63.0,4.0,8.0
2016-09-21,85.0,34.0,23.0,59.0,5.0,8.0
2016-09-22,78.0,29.0,28.0,65.0,6.0,6.0
2016-09-23,63.0,23.0,36.0,54.0,7.0,2.0
2016-09-24,61.0,24.0,30.0,41.0,7.0,4.0
2016-09-25,54.0,37.0,19.0,53.0,7.0,4.0
2016-09-26,61.0,27.0,18.0,48.0,7.0,4.0
2016-09-27,62.0,35.0,19.0,48.0,8.0,4.0
2016-09-28,69.0,26.0,22.0,46.0,10.0,4.0
2016-09-29,59.0,31.0,22.0,56.0,11.0,5.0
2016-09-30,65.0,23.0,19.0,47.0,7.0,4.0
2016-10-01,63.0,21.0,23.0,32.0,3.0,2.0
2016-10-02,63.0,29.0,18.0,52.0,6.0,5.0
2016-10-03,71.0,29.0,16.0,40.0,9.0,3.0
2016-10-04,70.0,28.0,19.0,38.0,7.0,2.0
2016-10-05,57.0,22.0,25.0,45.0,3.0,1.0
2016-10-06,55.0,26.0,15.0,45.0,4.0,2.0
2016-10-07,72.0,22.0,25.0,31.0,4.0,1.0
2016-10-08,67.0,17.0,26.0,28.0,4.0,1.0
2016-10-09,53.0,23.0,23.0,36.0,5.0,1.0
2016-10-10,63.0,23.0,17.0,42.0,6.0,3.0
2016-10-11,65.0,23.0,18.0,36.0,7.0,4.0
2016-10-12,64.0,26.0,11.0,36.0,8.0,5.0
2016-10-13,71.0,33.0,11.0,41.0,11.0,5.0
2016-10-14,83.0,31.0,26.0,50.0,12.0,6.0
2016-10-15,77.0,21.0,28.0,40.0,7.0,5.0
2016-10-16,57.0,28.0,27.0,59.0,10.0,8.0
2016-10-17,65.0,21.0,27.0,42.0,7.0,6.0
2016-10-18,54.0,22.0,20.0,36.0,6.0,4.0
2016-10-19,66.0,25.0,17.0,35.0,7.0,3.0
2016-10-20,65.0,24.0,14.0,41.0,7.0,3.0
2016-10-21,74.0,22.0,18.0,34.0,8.0,3.0
2016-10-22,66.0,24.0,17.0,32.0,9.0,3.0
2016-10-23,70.0,33.0,9.0,43.0,9.0,3.0
2016-10-24,86.0,44.0,6.0,51.0,9.0,4.0
2016-10-25,109.0,41.0,19.0,59.0,8.0,6.0
2016-10-26,95.0,33.0,24.0,57.0,7.0,5.0
2016-10-27,80.0,35.0,22.0,47.0,8.0,4.0
2016-10-28,86.0,46.0,7.0,55.0,9.0,6.0
2016-10-29,106.0,55.0,3.0,48.0,15.0,7.0
2016-10-30,140.0,58.0,2.0,50.0,12.0,7.0
2016-10-31,141.0,47.0,17.0,52.0,6.0,7.0
2016-11-01,108.0,34.0,15.0,63.0,2.0,4.0
2016-11-02,89.0,44.0,12.0,78.0,7.0,6.0
2016-11-03,102.0,36.0,9.0,65.0,6.0,5.0
2016-11-04,84.0,38.0,21.0,37.0,5.0,3.0
2016-11-05,86.0,25.0,18.0,25.0,6.0,2.0
2016-11-06,74.0,22.0,20.0,37.0,5.0,2.0
2016-11-07,59.0,33.0,7.0,50.0,7.0,3.0
2016-11-08,80.0,21.0,11.0,42.0,5.0,4.0
2016-11-09,58.0,30.0,15.0,51.0,6.0,5.0
2016-11-10,65.0,36.0,11.0,52.0,4.0,5.0
2016-11-11,83.0,27.0,14.0,45.0,3.0,5.0
2016-11-12,75.0,30.0,17.0,38.0,2.0,4.0
2016-11-13,68.0,39.0,13.0,59.0,7.0,5.0
2016-11-14,85.0,33.0,14.0,46.0,6.0,5.0
2016-11-15,72.0,27.0,20.0,56.0,6.0,2.0
2016-11-16,62.0,30.0,25.0,58.0,6.0,2.0
2016-11-17,62.0,28.0,26.0,66.0,7.0,5.0
2016-11-18,59.0,26.0,17.0,53.0,6.0,4.0
2016-11-19,57.0,17.0,24.0,37.0,7.0,3.0
2016-11-20,62.0,25.0,26.0,45.0,8.0,3.0
2016-11-21,85.0,25.0,25.0,50.0,6.0,7.0
2016-11-22,53.0,55.0,18.0,43.0,7.0,6.0
2016-11-23,70.0,23.0,26.0,41.0,4.0,5.0
2016-11-24,48.0,23.0,25.0,45.0,4.0,2.0
2016-11-25,52.0,29.0,18.0,37.0,6.0,6.0
2016-11-26,76.0,23.0,22.0,36.0,5.0,5.0
2016-11-27,67.0,26.0,24.0,48.0,4.0,6.0
2016-11-28,57.0,43.0,5.0,63.0,6.0,9.0
2016-11-29,97.0,83.0,3.0,86.0,13.0,17.0
2016-11-30,151.0,60.0,3.0,74.0,11.0,11.0
2016-12-01,139.0,52.0,5.0,55.0,11.0,6.0
2016-12-02,124.0,29.0,17.0,48.0,10.0,2.0
2016-12-03,58.0,31.0,11.0,46.0,11.0,2.0
2016-12-04,67.0,58.0,1.0,51.0,15.0,6.0
2016-12-05,130.0,59.0,4.0,59.0,19.0,8.0
2016-12-06,147.0,46.0,10.0,58.0,15.0,4.0
2016-12-07,104.0,40.0,12.0,52.0,10.0,3.0
2016-12-08,96.0,40.0,10.0,52.0,6.0,3.0
2016-12-09,93.0,34.0,26.0,42.0,5.0,2.0
2016-12-10,82.0,28.0,11.0,48.0,5.0,4.0
2016-12-11,70.0,32.0,18.0,49.0,5.0,4.0
2016-12-12,75.0,34.0,11.0,51.0,6.0,5.0
2016-12-13,87.0,43.0,8.0,55.0,5.0,5.0
2016-12-14,98.0,44.0,3.0,47.0,3.0,4.0
2016-12-15,102.0,53.0,2.0,49.0,4.0,4.0
2016-12-16,125.0,46.0,1.0,54.0,5.0,6.0
2016-12-17,118.0,36.0,2.0,55.0,3.0,4.0
2016-12-18,100.0,47.0,2.0,54.0,3.0,4.0
2016-12-19,112.0,40.0,10.0,44.0,4.0,4.0
2016-12-20,102.0,35.0,20.0,52.0,5.0,5.0
2016-12-21,72.0,38.0,9.0,67.0,6.0,6.0
2016-12-22,76.0,23.0,25.0,51.0,3.0,3.0
2016-12-23,56.0,32.0,29.0,46.0,2.0,3.0
2016-12-24,58.0,16.0,28.0,23.0,2.0,2.0
2016-12-25,39.0,20.0,26.0,72.0,3.0,3.0
2016-12-26,47.0,47.0,3.0,92.0,5.0,11.0
2016-12-27,100.0,60.0,1.0,91.0,6.0,13.0
2016-12-28,141.0,52.0,4.0,70.0,6.0,9.0
2016-12-29,126.0,46.0,4.0,49.0,6.0,7.0
2016-12-30,119.0,32.0,7.0,41.0,4.0,4.0
2016-12-31,83.0,16.0,27.0,13.0,3.0,2.0
2017-01-01,48.0,27.0,23.0,32.0,2.0,2.0
2017-01-02,72.0,28.0,13.0,49.0,6.0,4.0
2017-01-03,64.0,33.0,19.0,45.0,3.0,2.0
2017-01-04,73.0,45.0,11.0,57.0,4.0,7.0
2017-01-05,98.0,46.0,13.0,72.0,7.0,7.0
2017-01-06,101.0,26.0,13.0,38.0,4.0,4.0
2017-01-07,86.0,29.0,11.0,45.0,5.0,5.0
2017-01-08,89.0,24.0,19.0,52.0,6.0,4.0
2017-01-09,71.0,34.0,13.0,50.0,6.0,4.0
2017-01-10,82.0,56.0,27.0,42.0,5.0,3.0
2017-01-11,74.0,24.0,24.0,51.0,7.0,4.0
2017-01-12,68.0,24.0,25.0,35.0,8.0,2.0
2017-01-13,70.0,24.0,19.0,36.0,4.0,3.0
2017-01-14,68.0,24.0,13.0,39.0,4.0,3.0
2017-01-15,64.0,30.0,11.0,52.0,4.0,3.0
2017-01-16,80.0,45.0,12.0,59.0,5.0,4.0
2017-01-17,99.0,61.0,6.0,72.0,7.0,7.0
2017-01-18,125.0,60.0,6.0,61.0,5.0,5.0
2017-01-19,132.0,49.0,10.0,58.0,4.0,4.0
2017-01-20,97.0,50.0,9.0,54.0,5.0,5.0
2017-01-21,104.0,73.0,6.0,63.0,8.0,13.0
2017-01-22,164.0,83.0,6.0,74.0,13.0,15.0
2017-01-23,177.0,66.0,6.0,71.0,11.0,12.0
2017-01-24,155.0,47.0,7.0,64.0,8.0,10.0
2017-01-25,119.0,59.0,12.0,47.0,5.0,5.0
2017-01-26,143.0,62.0,6.0,47.0,5.0,5.0
2017-01-27,143.0,39.0,25.0,45.0,5.0,4.0
2017-01-28,69.0,23.0,24.0,41.0,4.0,3.0
2017-01-29,50.0,31.0,16.0,41.0,5.0,3.0
2017-01-30,79.0,33.0,11.0,40.0,5.0,4.0
2017-01-31,97.0,24.0,18.0,44.0,6.0,5.0
2017-02-01,73.0,26.0,26.0,39.0,5.0,3.0
2017-02-02,59.0,31.0,31.0,50.0,5.0,4.0
2017-02-03,54.0,33.0,19.0,64.0,6.0,6.0
2017-02-04,68.0,28.0,17.0,43.0,4.0,4.0
2017-02-05,78.0,42.0,20.0,54.0,6.0,7.0
2017-02-06,103.0,35.0,24.0,55.0,5.0,5.0
2017-02-07,79.0,41.0,10.0,44.0,3.0,2.0
2017-02-08,91.0,41.0,17.0,52.0,2.0,2.0
2017-02-09,104.0,50.0,12.0,43.0,3.0,3.0
2017-02-10,133.0,43.0,17.0,34.0,3.0,4.0
2017-02-11,123.0,49.0,13.0,35.0,3.0,5.0
2017-02-12,133.0,59.0,11.0,35.0,3.0,4.0
2017-02-13,144.0,50.0,9.0,46.0,4.0,4.0
2017-02-14,108.0,35.0,19.0,50.0,4.0,3.0
2017-02-15,82.0,36.0,21.0,57.0,6.0,4.0
2017-02-16,69.0,37.0,20.0,54.0,6.0,5.0
2017-02-17,80.0,37.0,27.0,49.0,4.0,4.0
2017-02-18,92.0,30.0,24.0,43.0,4.0,5.0
2017-02-19,77.0,25.0,18.0,40.0,5.0,4.0
2017-02-20,66.0,22.0,23.0,47.0,5.0,5.0
2017-02-21,57.0,19.0,30.0,50.0,5.0,2.0
2017-02-22,59.0,21.0,32.0,34.0,3.0,2.0
2017-02-23,48.0,25.0,30.0,44.0,2.0,3.0
2017-02-24,61.0,28.0,31.0,41.0,3.0,4.0
2017-02-25,62.0,15.0,33.0,34.0,2.0,4.0
2017-02-26,47.0,17.0,36.0,51.0,5.0,6.0
2017-02-27,53.0,25.0,33.0,49.0,6.0,5.0
2017-02-28,55.0,29.0,33.0,55.0,5.0,2.0
2017-03-01,60.0,32.0,34.0,48.0,4.0,2.0
2017-03-02,60.0,32.0,29.0,48.0,3.0,2.0
2017-03-03,71.0,26.0,38.0,45.0,4.0,2.0
2017-03-04,60.0,17.0,36.0,39.0,3.0,2.0
2017-03-05,46.0,26.0,34.0,37.0,3.0,2.0
2017-03-06,57.0,27.0,31.0,47.0,3.0,2.0
2017-03-07,61.0,27.0,38.0,51.0,5.0,2.0
2017-03-08,77.0,24.0,31.0,46.0,3.0,2.0
2017-03-09,68.0,28.0,19.0,56.0,4.0,4.0
2017-03-10,69.0,37.0,20.0,50.0,4.0,4.0
2017-03-11,90.0,39.0,17.0,38.0,3.0,3.0
2017-03-12,102.0,29.0,29.0,42.0,2.0,3.0
2017-03-13,65.0,28.0,22.0,43.0,4.0,4.0
2017-03-14,72.0,36.0,19.0,52.0,5.0,5.0
2017-03-15,81.0,37.0,20.0,50.0,6.0,6.0
2017-03-16,92.0,26.0,28.0,47.0,4.0,5.0
2017-03-17,56.0,21.0,26.0,37.0,4.0,5.0
2017-03-18,53.0,18.0,29.0,32.0,3.0,5.0
2017-03-19,48.0,23.0,28.0,46.0,5.0,6.0
2017-03-20,53.0,26.0,30.0,50.0,5.0,7.0
2017-03-21,54.0,24.0,30.0,51.0,3.0,7.0
2017-03-22,55.0,32.0,26.0,41.0,2.0,3.0
2017-03-23,86.0,40.0,26.0,37.0,1.0,2.0
2017-03-24,96.0,23.0,37.0,39.0,1.0,2.0
2017-03-25,59.0,19.0,32.0,33.0,1.0,2.0
2017-03-26,53.0,46.0,24.0,41.0,2.0,4.0
2017-03-27,118.0,50.0,34.0,50.0,4.0,5.0
2017-03-28,121.0,27.0,35.0,50.0,3.0,4.0
2017-03-29,65.0,28.0,41.0,59.0,3.0,4.0
2017-03-30,64.0,27.0,38.0,60.0,4.0,4.0
2017-03-31,65.0,24.0,38.0,50.0,4.0,4.0
2017-04-01,60.0,23.0,34.0,33.0,2.0,3.0
2017-04-02,65.0,34.0,36.0,56.0,3.0,4.0
2017-04-03,93.0,27.0,27.0,37.0,1.0,2.0
2017-04-04,70.0,28.0,32.0,37.0,,2.0
2017-04-05,77.0,35.0,29.0,45.0,2.0,3.0
2017-04-06,87.0,36.0,32.0,40.0,1.0,4.0
2017-04-07,88.0,47.0,42.0,67.0,3.0,7.0
2017-04-08,110.0,46.0,43.0,49.0,2.0,6.0
2017-04-09,102.0,24.0,33.0,31.0,1.0,4.0
2017-04-10,62.0,25.0,34.0,38.0,2.0,5.0
2017-04-11,57.0,27.0,33.0,40.0,3.0,6.0
2017-04-12,65.0,26.0,33.0,35.0,1.0,5.0
2017-04-13,66.0,20.0,29.0,38.0,3.0,6.0
2017-04-14,51.0,17.0,39.0,29.0,1.0,4.0
2017-04-15,47.0,17.0,34.0,29.0,1.0,6.0
2017-04-16,54.0,18.0,32.0,28.0,,5.0
2017-04-17,49.0,23.0,35.0,34.0,,6.0
2017-04-18,47.0,25.0,31.0,55.0,1.0,4.0
2017-04-19,59.0,32.0,32.0,53.0,4.0,3.0
2017-04-20,77.0,36.0,42.0,37.0,3.0,2.0
2017-04-21,81.0,22.0,68.0,33.0,1.0,1.0
2017-04-22,60.0,25.0,43.0,36.0,2.0,2.0
2017-04-23,58.0,29.0,29.0,39.0,4.0,3.0
2017-04-24,73.0,20.0,27.0,28.0,2.0,2.0
2017-04-25,55.0,20.0,24.0,31.0,1.0,2.0
2017-04-26,58.0,28.0,28.0,44.0,3.0,4.0
2017-04-27,62.0,28.0,24.0,40.0,2.0,4.0
2017-04-28,70.0,26.0,35.0,50.0,4.0,4.0
2017-04-29,64.0,27.0,36.0,32.0,2.0,4.0
2017-04-30,67.0,16.0,30.0,29.0,2.0,4.0
2017-05-01,45.0,33.0,29.0,36.0,1.0,3.0
2017-05-02,70.0,35.0,32.0,35.0,1.0,3.0
2017-05-03,77.0,39.0,32.0,37.0,,2.0
2017-05-04,78.0,29.0,33.0,36.0,1.0,2.0
2017-05-05,57.0,33.0,29.0,29.0,1.0,2.0
2017-05-06,89.0,30.0,36.0,25.0,1.0,2.0
2017-05-07,78.0,31.0,31.0,28.0,,2.0
2017-05-08,62.0,31.0,30.0,35.0,,2.0
2017-05-09,61.0,31.0,28.0,53.0,3.0,3.0
2017-05-10,67.0,47.0,23.0,55.0,4.0,4.0
2017-05-11,112.0,33.0,35.0,51.0,4.0,4.0
2017-05-12,84.0,31.0,37.0,48.0,3.0,3.0
2017-05-13,72.0,21.0,32.0,35.0,2.0,2.0
2017-05-14,51.0,24.0,24.0,48.0,3.0,3.0
2017-05-15,57.0,26.0,23.0,45.0,4.0,4.0
2017-05-16,60.0,28.0,14.0,42.0,4.0,4.0
2017-05-17,78.0,28.0,24.0,40.0,3.0,5.0
2017-05-18,72.0,22.0,30.0,44.0,3.0,5.0
2017-05-19,61.0,21.0,32.0,48.0,3.0,6.0
2017-05-20,53.0,19.0,37.0,45.0,2.0,5.0
2017-05-21,51.0,29.0,41.0,60.0,2.0,6.0
2017-05-22,72.0,23.0,21.0,47.0,3.0,6.0
2017-05-23,59.0,26.0,91.0,47.0,2.0,5.0
2017-05-24,71.0,35.0,54.0,60.0,3.0,6.0
2017-05-25,73.0,30.0,40.0,55.0,3.0,6.0
2017-05-26,70.0,28.0,39.0,47.0,2.0,5.0
2017-05-27,73.0,23.0,33.0,38.0,1.0,5.0
2017-05-28,62.0,24.0,34.0,39.0,2.0,5.0
2017-05-29,63.0,20.0,27.0,47.0,4.0,6.0
2017-05-30,58.0,25.0,21.0,39.0,3.0,4.0
2017-05-31,59.0,25.0,35.0,53.0,5.0,5.0
2017-06-01,63.0,30.0,32.0,52.0,4.0,4.0
2017-06-02,85.0,23.0,33.0,32.0,3.0,3.0
2017-06-03,59.0,18.0,30.0,35.0,3.0,3.0
2017-06-04,48.0,21.0,29.0,43.0,3.0,4.0
2017-06-05,53.0,19.0,26.0,42.0,4.0,4.0
2017-06-06,51.0,89.0,27.0,45.0,3.0,4.0
2017-06-07,53.0,22.0,25.0,50.0,4.0,4.0
2017-06-08,62.0,27.0,27.0,48.0,4.0,5.0
2017-06-09,63.0,22.0,28.0,36.0,3.0,4.0
2017-06-10,59.0,19.0,31.0,32.0,2.0,4.0
2017-06-11,53.0,21.0,27.0,43.0,4.0,4.0
2017-06-12,55.0,24.0,27.0,44.0,3.0,4.0
2017-06-13,61.0,29.0,42.0,47.0,2.0,3.0
2017-06-14,67.0,31.0,31.0,49.0,4.0,4.0
2017-06-15,71.0,25.0,29.0,33.0,2.0,3.0
2017-06-16,63.0,27.0,38.0,36.0,2.0,5.0
2017-06-17,74.0,28.0,63.0,46.0,2.0,5.0
2017-06-18,77.0,39.0,66.0,65.0,2.0,6.0
2017-06-19,92.0,45.0,38.0,62.0,2.0,5.0
2017-06-20,105.0,43.0,83.0,62.0,3.0,6.0
2017-06-21,96.0,36.0,44.0,51.0,3.0,6.0
2017-06-22,81.0,22.0,26.0,45.0,3.0,4.0
2017-06-23,56.0,20.0,21.0,34.0,2.0,4.0
2017-06-24,52.0,15.0,21.0,27.0,2.0,3.0
2017-06-25,44.0,23.0,29.0,36.0,1.0,2.0
2017-06-26,52.0,28.0,21.0,44.0,2.0,3.0
2017-06-27,67.0,21.0,20.0,32.0,2.0,2.0
2017-06-28,68.0,20.0,18.0,57.0,4.0,2.0
2017-06-29,58.0,20.0,25.0,32.0,2.0,1.0
2017-06-30,61.0,22.0,27.0,33.0,1.0,1.0
2017-07-01,63.0,18.0,31.0,24.0,1.0,1.0
2017-07-02,51.0,21.0,26.0,53.0,4.0,3.0
2017-07-03,56.0,21.0,26.0,63.0,5.0,4.0
2017-07-04,60.0,26.0,31.0,53.0,3.0,2.0
2017-07-05,66.0,35.0,56.0,67.0,3.0,4.0
2017-07-06,84.0,23.0,34.0,47.0,3.0,3.0
2017-07-07,67.0,19.0,34.0,31.0,2.0,4.0
2017-07-08,58.0,24.0,43.0,59.0,3.0,5.0
2017-07-09,63.0,21.0,29.0,47.0,3.0,3.0
2017-07-10,57.0,20.0,21.0,57.0,4.0,4.0
2017-07-11,56.0,18.0,25.0,31.0,2.0,2.0
2017-07-12,52.0,25.0,35.0,61.0,5.0,4.0
2017-07-13,60.0,21.0,26.0,27.0,2.0,5.0
2017-07-14,64.0,21.0,20.0,36.0,4.0,5.0
2017-07-15,59.0,15.0,14.0,24.0,3.0,3.0
2017-07-16,49.0,24.0,35.0,37.0,2.0,4.0
2017-07-17,54.0,34.0,42.0,50.0,3.0,5.0
2017-07-18,68.0,32.0,33.0,47.0,3.0,6.0
2017-07-19,74.0,24.0,23.0,42.0,4.0,4.0
2017-07-20,59.0,21.0,28.0,42.0,3.0,5.0
2017-07-21,59.0,17.0,25.0,41.0,3.0,4.0
2017-07-22,50.0,18.0,23.0,35.0,4.0,4.0
2017-07-23,54.0,15.0,23.0,27.0,2.0,3.0
2017-07-24,52.0,21.0,29.0,32.0,2.0,2.0
2017-07-25,64.0,25.0,21.0,44.0,4.0,4.0
2017-07-26,62.0,27.0,22.0,39.0,4.0,5.0
2017-07-27,58.0,27.0,23.0,35.0,3.0,6.0
2017-07-28,53.0,22.0,24.0,39.0,4.0,3.0
2017-07-29,52.0,20.0,28.0,29.0,3.0,3.0
2017-07-30,48.0,33.0,27.0,36.0,4.0,3.0
2017-07-31,54.0,23.0,29.0,39.0,5.0,2.0
2017-08-01,53.0,17.0,25.0,35.0,5.0,2.0
2017-08-02,52.0,30.0,27.0,33.0,4.0,3.0
2017-08-03,53.0,25.0,28.0,43.0,4.0,4.0
2017-08-04,58.0,22.0,29.0,26.0,2.0,3.0
2017-08-05,57.0,20.0,32.0,34.0,2.0,5.0
2017-08-06,53.0,21.0,25.0,38.0,3.0,5.0
2017-08-07,57.0,17.0,72.0,27.0,3.0,4.0
2017-08-08,67.0,15.0,74.0,29.0,2.0,3.0
2017-08-09,59.0,25.0,29.0,33.0,1.0,3.0
2017-08-10,63.0,28.0,27.0,51.0,4.0,3.0
2017-08-11,67.0,14.0,27.0,28.0,2.0,3.0
2017-08-12,51.0,17.0,36.0,31.0,1.0,2.0
2017-08-13,55.0,24.0,35.0,56.0,3.0,3.0
2017-08-14,61.0,21.0,30.0,43.0,2.0,3.0
2017-08-15,60.0,22.0,39.0,50.0,3.0,3.0
2017-08-16,58.0,21.0,30.0,44.0,3.0,3.0
2017-08-17,58.0,22.0,24.0,46.0,4.0,3.0
2017-08-18,56.0,17.0,29.0,34.0,2.0,3.0
2017-08-19,49.0,18.0,30.0,38.0,2.0,3.0
2017-08-20,51.0,20.0,19.0,38.0,3.0,3.0
2017-08-21,54.0,35.0,17.0,42.0,3.0,4.0
2017-08-22,90.0,44.0,35.0,40.0,2.0,4.0
2017-08-23,92.0,21.0,44.0,46.0,4.0,3.0
2017-08-24,57.0,35.0,58.0,56.0,4.0,4.0
2017-08-25,77.0,28.0,40.0,42.0,2.0,4.0
2017-08-26,78.0,27.0,35.0,34.0,1.0,4.0
2017-08-27,79.0,45.0,49.0,52.0,2.0,5.0
2017-08-28,117.0,32.0,23.0,45.0,4.0,4.0
2017-08-29,83.0,55.0,19.0,29.0,2.0,4.0
2017-08-30,71.0,27.0,26.0,45.0,4.0,3.0
2017-08-31,63.0,23.0,29.0,36.0,2.0,3.0
2017-09-01,73.0,23.0,31.0,44.0,2.0,3.0
2017-09-02,66.0,18.0,32.0,40.0,2.0,3.0
2017-09-03,52.0,18.0,22.0,42.0,4.0,4.0
2017-09-04,57.0,17.0,21.0,44.0,4.0,3.0
2017-09-05,52.0,,,,,
2017-09-07,,5.0,19.0,13.0,2.0,4.0
2017-09-08,24.0,9.0,22.0,19.0,2.0,3.0
2017-09-09,25.0,17.0,25.0,32.0,3.0,3.0
2017-09-10,46.0,18.0,26.0,41.0,4.0,3.0
2017-09-11,53.0,17.0,27.0,46.0,4.0,3.0
2017-09-12,50.0,17.0,36.0,44.0,4.0,3.0
2017-09-13,50.0,14.0,43.0,34.0,2.0,3.0
2017-09-14,51.0,15.0,41.0,38.0,3.0,3.0
2017-09-15,57.0,15.0,22.0,28.0,2.0,4.0
2017-09-16,62.0,13.0,27.0,26.0,1.0,4.0
2017-09-17,53.0,21.0,24.0,36.0,1.0,3.0
2017-09-18,70.0,23.0,18.0,42.0,2.0,3.0
2017-09-19,78.0,28.0,18.0,55.0,5.0,3.0
2017-09-20,68.0,23.0,24.0,56.0,4.0,3.0
2017-09-21,63.0,23.0,21.0,56.0,6.0,3.0
2017-09-22,63.0,19.0,24.0,43.0,3.0,3.0
2017-09-23,59.0,29.0,32.0,40.0,2.0,3.0
2017-09-24,88.0,43.0,13.0,46.0,3.0,4.0
2017-09-25,120.0,43.0,12.0,44.0,3.0,4.0
2017-09-26,119.0,49.0,27.0,53.0,4.0,4.0
2017-09-27,146.0,25.0,24.0,59.0,5.0,3.0
2017-09-28,65.0,28.0,19.0,55.0,5.0,3.0
2017-09-29,73.0,20.0,24.0,50.0,4.0,3.0
2017-09-30,56.0,13.0,23.0,35.0,3.0,3.0
2017-10-01,48.0,26.0,24.0,47.0,4.0,2.0
2017-10-02,60.0,20.0,23.0,37.0,2.0,3.0
2017-10-03,58.0,23.0,22.0,51.0,5.0,2.0
2017-10-04,57.0,15.0,23.0,31.0,1.0,2.0
2017-10-05,48.0,19.0,21.0,38.0,2.0,4.0
2017-10-06,54.0,16.0,19.0,39.0,3.0,4.0
2017-10-07,55.0,18.0,20.0,33.0,2.0,4.0
2017-10-08,57.0,25.0,12.0,50.0,5.0,6.0
2017-10-09,71.0,21.0,19.0,44.0,4.0,5.0
2017-10-10,59.0,22.0,20.0,44.0,4.0,4.0
2017-10-11,51.0,38.0,17.0,52.0,5.0,6.0
2017-10-12,68.0,27.0,17.0,42.0,4.0,5.0
2017-10-13,68.0,28.0,16.0,39.0,3.0,4.0
2017-10-14,75.0,35.0,29.0,42.0,3.0,5.0
2017-10-15,87.0,40.0,29.0,42.0,4.0,5.0
2017-10-16,87.0,38.0,24.0,51.0,5.0,6.0
2017-10-17,69.0,44.0,7.0,39.0,4.0,5.0
2017-10-18,103.0,37.0,26.0,41.0,4.0,5.0
2017-10-19,91.0,24.0,25.0,58.0,4.0,5.0
2017-10-20,55.0,23.0,26.0,36.0,2.0,4.0
2017-10-21,56.0,15.0,26.0,36.0,2.0,3.0
2017-10-22,49.0,24.0,17.0,53.0,4.0,6.0
2017-10-23,61.0,22.0,24.0,47.0,4.0,5.0
2017-10-24,66.0,27.0,24.0,55.0,4.0,6.0
2017-10-25,72.0,30.0,6.0,48.0,5.0,6.0
2017-10-26,89.0,27.0,16.0,37.0,3.0,4.0
2017-10-27,75.0,24.0,19.0,43.0,4.0,6.0
2017-10-28,66.0,16.0,24.0,26.0,3.0,2.0
2017-10-29,52.0,29.0,13.0,45.0,4.0,6.0
2017-10-30,71.0,35.0,12.0,69.0,6.0,9.0
2017-10-31,75.0,38.0,10.0,68.0,6.0,9.0
2017-11-01,84.0,52.0,2.0,51.0,9.0,9.0
2017-11-02,110.0,54.0,11.0,64.0,10.0,9.0
2017-11-03,123.0,35.0,13.0,35.0,27.0,4.0
2017-11-04,88.0,30.0,19.0,30.0,8.0,4.0
2017-11-05,82.0,40.0,10.0,51.0,11.0,7.0
2017-11-06,94.0,24.0,24.0,47.0,9.0,5.0
2017-11-07,60.0,23.0,21.0,35.0,7.0,4.0
2017-11-08,60.0,34.0,4.0,50.0,9.0,7.0
2017-11-09,75.0,25.0,23.0,41.0,6.0,5.0
2017-11-10,57.0,28.0,12.0,41.0,2.0,4.0
2017-11-11,65.0,17.0,24.0,26.0,1.0,4.0
2017-11-12,53.0,24.0,16.0,33.0,2.0,4.0
2017-11-13,67.0,33.0,9.0,55.0,6.0,8.0
2017-11-14,64.0,34.0,7.0,49.0,5.0,8.0
2017-11-15,81.0,30.0,13.0,47.0,4.0,6.0
2017-11-16,71.0,35.0,13.0,52.0,3.0,7.0
2017-11-17,85.0,29.0,10.0,43.0,4.0,4.0
2017-11-18,72.0,25.0,12.0,42.0,3.0,4.0
2017-11-19,61.0,25.0,16.0,47.0,6.0,6.0
2017-11-20,61.0,30.0,22.0,48.0,7.0,6.0
2017-11-21,63.0,33.0,26.0,43.0,4.0,5.0
2017-11-22,66.0,27.0,26.0,54.0,7.0,6.0
2017-11-23,54.0,31.0,9.0,44.0,5.0,6.0
2017-11-24,88.0,29.0,16.0,40.0,5.0,7.0
2017-11-25,78.0,23.0,18.0,38.0,4.0,6.0
2017-11-26,52.0,19.0,21.0,42.0,5.0,6.0
2017-11-27,49.0,22.0,11.0,34.0,3.0,5.0
2017-11-28,57.0,18.0,15.0,34.0,2.0,4.0
2017-11-29,52.0,21.0,23.0,28.0,2.0,4.0
2017-11-30,51.0,20.0,24.0,28.0,2.0,3.0
2017-12-01,52.0,35.0,8.0,47.0,5.0,8.0
2017-12-02,82.0,32.0,8.0,34.0,2.0,5.0
2017-12-03,67.0,31.0,5.0,42.0,4.0,6.0
2017-12-04,65.0,26.0,18.0,54.0,7.0,8.0
2017-12-05,57.0,23.0,21.0,64.0,6.0,8.0
2017-12-06,56.0,22.0,22.0,39.0,4.0,7.0
2017-12-07,57.0,17.0,16.0,40.0,3.0,6.0
2017-12-08,50.0,31.0,11.0,52.0,6.0,8.0
2017-12-09,78.0,27.0,15.0,38.0,3.0,8.0
2017-12-10,55.0,14.0,14.0,33.0,1.0,6.0
2017-12-11,53.0,33.0,12.0,63.0,10.0,11.0
2017-12-12,86.0,20.0,26.0,57.0,9.0,10.0
2017-12-13,58.0,28.0,23.0,64.0,13.0,8.0
2017-12-14,61.0,19.0,13.0,32.0,13.0,3.0
2017-12-15,57.0,22.0,6.0,34.0,13.0,3.0
2017-12-16,57.0,24.0,17.0,39.0,13.0,5.0
2017-12-17,68.0,32.0,15.0,38.0,15.0,5.0
2017-12-18,76.0,46.0,2.0,56.0,20.0,9.0
2017-12-19,107.0,35.0,1.0,48.0,13.0,7.0
2017-12-20,86.0,31.0,11.0,48.0,6.0,6.0
2017-12-21,76.0,27.0,10.0,41.0,2.0,5.0
2017-12-22,67.0,18.0,19.0,33.0,2.0,4.0
2017-12-23,52.0,12.0,25.0,28.0,5.0,4.0
2017-12-24,42.0,16.0,27.0,18.0,13.0,4.0
2017-12-25,49.0,12.0,25.0,31.0,21.0,4.0
2017-12-26,37.0,10.0,26.0,23.0,20.0,4.0
2017-12-27,39.0,25.0,9.0,44.0,5.0,5.0
2017-12-28,55.0,21.0,25.0,44.0,4.0,3.0
2017-12-29,54.0,29.0,27.0,38.0,4.0,3.0
2017-12-30,60.0,9.0,29.0,6.0,,2.0
2017-12-31,24.0,18.0,27.0,39.0,4.0,3.0
2018-01-01,48.0,26.0,26.0,44.0,5.0,4.0
2018-01-02,57.0,29.0,30.0,32.0,5.0,3.0
2018-01-03,61.0,22.0,25.0,45.0,7.0,4.0
2018-01-04,54.0,25.0,24.0,54.0,6.0,5.0
2018-01-05,56.0,27.0,20.0,38.0,1.0,4.0
2018-01-06,77.0,17.0,20.0,30.0,,2.0
2018-01-07,46.0,28.0,16.0,31.0,4.0,4.0
2018-01-08,73.0,38.0,3.0,45.0,5.0,6.0
2018-01-09,98.0,33.0,15.0,53.0,7.0,7.0
2018-01-10,73.0,34.0,5.0,35.0,3.0,4.0
2018-01-11,91.0,32.0,22.0,44.0,4.0,4.0
2018-01-12,84.0,30.0,16.0,34.0,2.0,3.0
2018-01-13,86.0,35.0,12.0,42.0,3.0,4.0
2018-01-14,93.0,19.0,22.0,51.0,6.0,5.0
2018-01-15,55.0,17.0,25.0,57.0,7.0,5.0
2018-01-16,46.0,22.0,28.0,53.0,6.0,5.0
2018-01-17,50.0,21.0,30.0,43.0,5.0,4.0
2018-01-18,48.0,33.0,18.0,65.0,9.0,6.0
2018-01-19,54.0,20.0,19.0,52.0,3.0,4.0
2018-01-20,56.0,22.0,16.0,48.0,4.0,5.0
2018-01-21,68.0,24.0,22.0,45.0,4.0,5.0
2018-01-22,56.0,20.0,26.0,57.0,9.0,8.0
2018-01-23,50.0,18.0,25.0,61.0,6.0,5.0
2018-01-24,49.0,29.0,21.0,66.0,5.0,5.0
2018-01-25,59.0,37.0,11.0,47.0,1.0,3.0
2018-01-26,83.0,26.0,21.0,56.0,2.0,3.0
2018-01-27,66.0,17.0,27.0,41.0,1.0,2.0
2018-01-28,47.0,19.0,28.0,44.0,2.0,3.0
2018-01-29,50.0,35.0,21.0,67.0,6.0,5.0
2018-01-30,68.0,20.0,28.0,58.0,5.0,4.0
2018-01-31,51.0,23.0,21.0,33.0,3.0,2.0
2018-02-01,47.0,28.0,20.0,34.0,2.0,3.0
2018-02-02,57.0,23.0,16.0,56.0,5.0,3.0
2018-02-03,67.0,15.0,22.0,35.0,1.0,2.0
2018-02-04,48.0,22.0,21.0,50.0,,2.0
2018-02-05,56.0,37.0,19.0,47.0,2.0,3.0
2018-02-06,79.0,45.0,15.0,46.0,3.0,3.0
2018-02-07,74.0,35.0,26.0,77.0,8.0,6.0
2018-02-08,65.0,22.0,22.0,38.0,3.0,5.0
2018-02-09,48.0,24.0,18.0,63.0,5.0,8.0
2018-02-10,50.0,12.0,19.0,33.0,3.0,6.0
2018-02-11,36.0,26.0,20.0,63.0,7.0,10.0
2018-02-12,52.0,18.0,21.0,54.0,4.0,8.0
2018-02-13,51.0,22.0,21.0,64.0,5.0,8.0
2018-02-14,61.0,28.0,25.0,63.0,6.0,8.0
2018-02-15,58.0,36.0,17.0,74.0,8.0,11.0
2018-02-16,62.0,37.0,20.0,64.0,5.0,10.0
2018-02-17,76.0,31.0,24.0,58.0,4.0,8.0
2018-02-18,69.0,29.0,16.0,42.0,5.0,6.0
2018-02-19,80.0,20.0,22.0,29.0,2.0,4.0
2018-02-20,55.0,48.0,16.0,42.0,1.0,7.0
2018-02-21,120.0,34.0,19.0,52.0,2.0,7.0
2018-02-22,89.0,31.0,17.0,49.0,2.0,8.0
2018-02-23,80.0,39.0,20.0,41.0,2.0,9.0
2018-02-24,93.0,22.0,23.0,37.0,1.0,9.0
2018-02-25,56.0,31.0,26.0,42.0,,7.0
2018-02-26,49.0,36.0,23.0,52.0,1.0,10.0
2018-02-27,55.0,27.0,22.0,52.0,2.0,10.0
2018-02-28,75.0,42.0,20.0,36.0,2.0,9.0
2018-03-01,98.0,48.0,19.0,37.0,3.0,9.0
2018-03-02,121.0,64.0,10.0,38.0,3.0,8.0
2018-03-03,159.0,31.0,24.0,50.0,3.0,6.0
2018-03-04,84.0,26.0,26.0,56.0,4.0,5.0
2018-03-05,58.0,27.0,23.0,75.0,7.0,8.0
2018-03-06,63.0,29.0,18.0,62.0,6.0,8.0
2018-03-07,69.0,22.0,23.0,55.0,5.0,7.0
2018-03-08,45.0,31.0,13.0,58.0,5.0,7.0
2018-03-09,66.0,29.0,18.0,52.0,5.0,5.0
2018-03-10,65.0,33.0,17.0,47.0,4.0,6.0
2018-03-11,71.0,22.0,18.0,39.0,4.0,5.0
2018-03-12,69.0,26.0,17.0,50.0,4.0,7.0
2018-03-13,64.0,21.0,27.0,49.0,3.0,6.0
2018-03-14,56.0,21.0,27.0,56.0,4.0,5.0
2018-03-15,59.0,30.0,28.0,61.0,5.0,7.0
2018-03-16,63.0,25.0,23.0,29.0,2.0,7.0
2018-03-17,63.0,32.0,23.0,29.0,1.0,7.0
2018-03-18,72.0,36.0,32.0,34.0,1.0,9.0
2018-03-19,60.0,33.0,31.0,43.0,,7.0
2018-03-20,52.0,35.0,26.0,82.0,3.0,10.0
2018-03-21,68.0,32.0,30.0,58.0,2.0,4.0
2018-03-22,59.0,37.0,33.0,59.0,3.0,5.0
2018-03-23,56.0,42.0,18.0,41.0,3.0,4.0
2018-03-24,93.0,45.0,27.0,35.0,2.0,4.0
2018-03-25,101.0,35.0,29.0,49.0,2.0,8.0
2018-03-26,66.0,23.0,30.0,51.0,3.0,6.0
2018-03-27,57.0,22.0,25.0,58.0,4.0,7.0
2018-03-28,57.0,26.0,28.0,59.0,4.0,8.0
2018-03-29,53.0,17.0,22.0,46.0,3.0,6.0
2018-03-30,52.0,17.0,24.0,36.0,4.0,5.0
2018-03-31,55.0,17.0,29.0,32.0,2.0,5.0
2018-04-01,58.0,17.0,26.0,45.0,3.0,4.0
2018-04-02,58.0,21.0,32.0,53.0,3.0,4.0
2018-04-03,56.0,21.0,32.0,51.0,3.0,5.0
2018-04-04,50.0,16.0,30.0,46.0,2.0,9.0
2018-04-05,44.0,25.0,32.0,54.0,16.0,10.0
2018-04-06,63.0,36.0,30.0,58.0,3.0,9.0
2018-04-07,84.0,28.0,23.0,46.0,3.0,7.0
2018-04-08,78.0,27.0,18.0,48.0,3.0,7.0
2018-04-09,92.0,36.0,23.0,48.0,1.0,6.0
2018-04-10,97.0,48.0,14.0,34.0,1.0,5.0
2018-04-11,131.0,42.0,19.0,31.0,1.0,6.0
2018-04-12,112.0,38.0,20.0,53.0,5.0,9.0
2018-04-13,89.0,48.0,34.0,54.0,3.0,9.0
2018-04-14,117.0,36.0,33.0,47.0,2.0,7.0
2018-04-15,95.0,28.0,36.0,58.0,4.0,9.0
2018-04-16,57.0,26.0,36.0,56.0,2.0,8.0
2018-04-17,58.0,34.0,37.0,69.0,4.0,7.0
2018-04-18,89.0,51.0,53.0,81.0,4.0,9.0
2018-04-19,108.0,41.0,39.0,50.0,3.0,6.0
2018-04-20,91.0,49.0,32.0,57.0,2.0,6.0
2018-04-21,113.0,38.0,43.0,50.0,2.0,6.0
2018-04-22,86.0,24.0,30.0,57.0,4.0,8.0
2018-04-23,49.0,23.0,27.0,52.0,4.0,7.0
2018-04-24,56.0,21.0,31.0,55.0,4.0,8.0
2018-04-25,49.0,25.0,34.0,63.0,5.0,9.0
2018-04-26,53.0,23.0,24.0,58.0,4.0,7.0
2018-04-27,58.0,17.0,27.0,31.0,1.0,4.0
2018-04-28,56.0,12.0,32.0,19.0,1.0,4.0
2018-04-29,47.0,20.0,34.0,34.0,1.0,6.0
2018-04-30,54.0,23.0,33.0,71.0,4.0,11.0
2018-05-01,55.0,17.0,33.0,54.0,3.0,8.0
2018-05-02,48.0,27.0,31.0,62.0,5.0,11.0
2018-05-03,65.0,30.0,31.0,60.0,3.0,9.0
2018-05-04,71.0,36.0,41.0,56.0,2.0,8.0
2018-05-05,90.0,41.0,51.0,46.0,2.0,4.0
2018-05-06,105.0,45.0,63.0,58.0,2.0,6.0
2018-05-07,122.0,46.0,56.0,71.0,4.0,7.0
2018-05-08,110.0,28.0,35.0,61.0,5.0,7.0
2018-05-09,63.0,22.0,36.0,42.0,2.0,7.0
2018-05-10,55.0,28.0,35.0,52.0,3.0,8.0
2018-05-11,59.0,27.0,27.0,51.0,3.0,6.0
2018-05-12,70.0,25.0,35.0,37.0,2.0,6.0
2018-05-13,70.0,21.0,36.0,32.0,2.0,6.0
2018-05-14,50.0,21.0,45.0,36.0,2.0,5.0
2018-05-15,59.0,23.0,34.0,31.0,1.0,5.0
2018-05-16,57.0,25.0,33.0,39.0,1.0,6.0
2018-05-17,53.0,27.0,31.0,49.0,1.0,7.0
2018-05-18,58.0,35.0,39.0,51.0,2.0,7.0
2018-05-19,69.0,34.0,39.0,57.0,2.0,7.0
2018-05-20,78.0,45.0,38.0,57.0,2.0,6.0
2018-05-21,106.0,35.0,41.0,37.0,2.0,4.0
2018-05-22,79.0,32.0,41.0,37.0,2.0,4.0
2018-05-23,72.0,51.0,31.0,53.0,3.0,5.0
2018-05-24,92.0,44.0,31.0,60.0,4.0,6.0
2018-05-25,99.0,57.0,53.0,45.0,2.0,5.0
2018-05-26,121.0,55.0,43.0,60.0,2.0,5.0
2018-05-27,91.0,59.0,42.0,36.0,2.0,5.0
2018-05-28,112.0,30.0,36.0,30.0,2.0,4.0
2018-05-29,82.0,34.0,30.0,47.0,2.0,5.0
2018-05-30,86.0,44.0,33.0,49.0,1.0,5.0
2018-05-31,116.0,35.0,30.0,62.0,4.0,6.0
2018-06-01,93.0,23.0,34.0,45.0,2.0,4.0
2018-06-02,61.0,23.0,39.0,44.0,2.0,4.0
2018-06-03,58.0,25.0,31.0,31.0,1.0,4.0
2018-06-04,70.0,20.0,32.0,38.0,1.0,3.0
2018-06-05,56.0,34.0,34.0,39.0,1.0,3.0
2018-06-06,62.0,28.0,29.0,45.0,1.0,3.0
2018-06-07,65.0,26.0,37.0,38.0,2.0,4.0
2018-06-08,63.0,28.0,33.0,35.0,1.0,4.0
2018-06-09,65.0,22.0,33.0,29.0,2.0,4.0
2018-06-10,64.0,22.0,31.0,44.0,2.0,4.0
2018-06-11,53.0,22.0,25.0,30.0,2.0,3.0
2018-06-12,58.0,29.0,34.0,52.0,3.0,5.0
2018-06-13,62.0,27.0,31.0,39.0,3.0,5.0
2018-06-14,65.0,25.0,32.0,48.0,3.0,6.0
2018-06-15,70.0,20.0,28.0,42.0,3.0,6.0
2018-06-16,56.0,19.0,26.0,41.0,3.0,6.0
2018-06-17,51.0,21.0,26.0,43.0,3.0,5.0
2018-06-18,56.0,18.0,15.0,44.0,4.0,5.0
2018-06-19,51.0,20.0,13.0,36.0,4.0,4.0
2018-06-20,52.0,29.0,30.0,35.0,2.0,5.0
2018-06-21,48.0,23.0,34.0,34.0,3.0,5.0
2018-06-22,51.0,25.0,35.0,34.0,2.0,6.0
2018-06-23,61.0,24.0,45.0,34.0,3.0,5.0
2018-06-24,62.0,30.0,65.0,52.0,3.0,6.0
2018-06-25,69.0,28.0,35.0,50.0,4.0,4.0
2018-06-26,62.0,28.0,30.0,45.0,4.0,3.0
2018-06-27,62.0,26.0,40.0,39.0,4.0,3.0
2018-06-28,73.0,25.0,37.0,36.0,4.0,3.0
2018-06-29,62.0,24.0,41.0,35.0,4.0,3.0
2018-06-30,56.0,26.0,64.0,34.0,5.0,3.0
2018-07-01,64.0,22.0,47.0,42.0,5.0,5.0
2018-07-02,53.0,21.0,41.0,43.0,3.0,5.0
2018-07-03,52.0,28.0,40.0,51.0,3.0,4.0
2018-07-04,67.0,35.0,54.0,59.0,3.0,4.0
2018-07-05,88.0,32.0,47.0,45.0,3.0,3.0
2018-07-06,80.0,36.0,49.0,45.0,3.0,3.0
2018-07-07,96.0,26.0,42.0,33.0,3.0,3.0
2018-07-08,64.0,27.0,39.0,39.0,3.0,3.0
2018-07-09,62.0,19.0,24.0,22.0,4.0,2.0
2018-07-10,50.0,28.0,29.0,25.0,4.0,2.0
2018-07-11,69.0,27.0,34.0,36.0,4.0,3.0
2018-07-12,63.0,29.0,36.0,50.0,4.0,4.0
2018-07-13,66.0,30.0,47.0,57.0,4.0,5.0
2018-07-14,67.0,25.0,49.0,51.0,4.0,4.0
2018-07-15,60.0,28.0,44.0,59.0,5.0,5.0
2018-07-16,63.0,21.0,24.0,50.0,5.0,5.0
2018-07-17,49.0,23.0,33.0,57.0,5.0,5.0
2018-07-18,51.0,25.0,37.0,63.0,5.0,6.0
2018-07-19,59.0,26.0,37.0,62.0,6.0,5.0
2018-07-20,59.0,29.0,58.0,47.0,6.0,3.0
2018-07-21,75.0,24.0,33.0,41.0,6.0,4.0
2018-07-22,59.0,24.0,38.0,61.0,5.0,4.0
2018-07-23,57.0,25.0,41.0,60.0,5.0,4.0
2018-07-24,61.0,29.0,44.0,54.0,3.0,4.0
2018-07-25,72.0,45.0,54.0,70.0,4.0,4.0
2018-07-26,103.0,32.0,46.0,60.0,4.0,4.0
2018-07-27,75.0,25.0,25.0,33.0,2.0,4.0
2018-07-28,50.0,16.0,20.0,31.0,2.0,2.0
2018-07-29,46.0,18.0,15.0,33.0,3.0,3.0
2018-07-30,49.0,21.0,27.0,43.0,3.0,4.0
2018-07-31,54.0,24.0,33.0,48.0,3.0,5.0
2018-08-01,57.0,25.0,30.0,49.0,3.0,4.0
2018-08-02,59.0,23.0,45.0,46.0,2.0,2.0
2018-08-03,58.0,21.0,35.0,26.0,2.0,2.0
2018-08-04,50.0,18.0,37.0,34.0,2.0,3.0
2018-08-05,53.0,27.0,53.0,65.0,3.0,4.0
2018-08-06,69.0,29.0,44.0,64.0,4.0,4.0
2018-08-07,80.0,19.0,27.0,45.0,3.0,4.0
2018-08-08,54.0,19.0,15.0,36.0,3.0,3.0
2018-08-09,65.0,19.0,16.0,37.0,3.0,4.0
2018-08-10,52.0,19.0,24.0,35.0,2.0,4.0
2018-08-11,51.0,16.0,22.0,33.0,3.0,3.0
2018-08-12,49.0,19.0,20.0,28.0,2.0,2.0
2018-08-13,54.0,19.0,23.0,33.0,2.0,3.0
2018-08-14,54.0,22.0,19.0,40.0,3.0,4.0
2018-08-15,59.0,23.0,15.0,39.0,4.0,4.0
2018-08-16,60.0,22.0,20.0,41.0,4.0,5.0
2018-08-17,55.0,21.0,15.0,35.0,3.0,4.0
2018-08-18,55.0,18.0,15.0,27.0,2.0,2.0
2018-08-19,55.0,19.0,19.0,35.0,3.0,3.0
2018-08-20,54.0,24.0,26.0,39.0,3.0,3.0
2018-08-21,56.0,21.0,11.0,39.0,2.0,4.0
2018-08-22,65.0,18.0,20.0,29.0,3.0,3.0
2018-08-23,59.0,17.0,18.0,35.0,4.0,3.0
2018-08-24,50.0,17.0,21.0,27.0,3.0,3.0
2018-08-25,51.0,18.0,18.0,34.0,4.0,3.0
2018-08-26,54.0,15.0,15.0,28.0,3.0,3.0
2018-08-27,48.0,22.0,21.0,40.0,4.0,4.0
2018-08-28,58.0,24.0,17.0,30.0,2.0,3.0
2018-08-29,70.0,23.0,21.0,30.0,2.0,3.0
2018-08-30,73.0,24.0,23.0,36.0,2.0,3.0
2018-08-31,62.0,27.0,40.0,49.0,4.0,4.0
2018-09-01,67.0,27.0,42.0,41.0,3.0,4.0
2018-09-02,73.0,33.0,45.0,43.0,2.0,3.0
2018-09-03,79.0,28.0,28.0,28.0,1.0,2.0
2018-09-04,63.0,25.0,32.0,30.0,1.0,2.0
2018-09-05,57.0,27.0,26.0,35.0,3.0,3.0
2018-09-06,63.0,19.0,24.0,35.0,3.0,4.0
2018-09-07,52.0,24.0,23.0,38.0,3.0,4.0
2018-09-08,57.0,19.0,30.0,37.0,3.0,3.0
2018-09-09,53.0,21.0,27.0,43.0,4.0,4.0
2018-09-10,55.0,19.0,21.0,36.0,4.0,3.0
2018-09-11,58.0,23.0,21.0,29.0,2.0,3.0
2018-09-12,60.0,25.0,19.0,40.0,5.0,5.0
2018-09-13,68.0,20.0,20.0,47.0,5.0,6.0
2018-09-14,61.0,22.0,25.0,45.0,4.0,4.0
2018-09-15,58.0,19.0,31.0,39.0,3.0,3.0
2018-09-16,53.0,20.0,37.0,50.0,4.0,4.0
2018-09-17,58.0,21.0,29.0,44.0,4.0,4.0
2018-09-18,56.0,27.0,23.0,40.0,2.0,3.0
2018-09-19,62.0,25.0,24.0,48.0,1.0,3.0
2018-09-20,59.0,22.0,23.0,54.0,1.0,5.0
2018-09-21,53.0,18.0,15.0,48.0,1.0,4.0
2018-09-22,54.0,14.0,21.0,21.0,1.0,2.0
2018-09-23,63.0,23.0,22.0,34.0,1.0,5.0
2018-09-24,51.0,33.0,25.0,60.0,2.0,10.0
2018-09-25,70.0,29.0,25.0,58.0,1.0,5.0
2018-09-26,70.0,34.0,29.0,70.0,1.0,9.0
2018-09-27,79.0,19.0,23.0,32.0,1.0,3.0
2018-09-28,49.0,35.0,22.0,59.0,1.0,7.0
2018-09-29,69.0,21.0,24.0,41.0,1.0,6.0
2018-09-30,57.0,18.0,22.0,38.0,1.0,5.0
2018-10-01,50.0,18.0,21.0,47.0,1.0,5.0
2018-10-02,49.0,23.0,16.0,54.0,,5.0
2018-10-03,59.0,28.0,14.0,61.0,,8.0
2018-10-04,73.0,37.0,20.0,75.0,1.0,9.0
2018-10-05,92.0,22.0,24.0,36.0,,5.0
2018-10-06,64.0,18.0,21.0,42.0,,6.0
2018-10-07,51.0,22.0,19.0,69.0,,9.0
2018-10-08,60.0,26.0,27.0,72.0,,9.0
2018-10-09,67.0,48.0,15.0,62.0,1.0,8.0
2018-10-10,119.0,26.0,22.0,53.0,1.0,6.0
2018-10-11,66.0,21.0,26.0,51.0,1.0,6.0
2018-10-12,54.0,23.0,25.0,49.0,,5.0
2018-10-13,58.0,13.0,24.0,32.0,,4.0
2018-10-14,48.0,19.0,20.0,30.0,,4.0
2018-10-15,56.0,33.0,19.0,46.0,4.0,7.0
2018-10-16,78.0,26.0,18.0,43.0,4.0,7.0
2018-10-17,75.0,22.0,16.0,34.0,,6.0
2018-10-18,63.0,30.0,18.0,43.0,2.0,10.0
2018-10-19,75.0,45.0,15.0,58.0,6.0,14.0
2018-10-20,109.0,26.0,18.0,34.0,3.0,9.0
2018-10-21,74.0,23.0,20.0,29.0,4.0,7.0
2018-10-22,55.0,26.0,13.0,34.0,3.0,7.0
2018-10-23,62.0,22.0,13.0,30.0,2.0,6.0
2018-10-24,62.0,25.0,15.0,33.0,3.0,8.0
2018-10-25,64.0,16.0,19.0,31.0,3.0,8.0
2018-10-26,52.0,13.0,18.0,22.0,2.0,9.0
2018-10-27,40.0,12.0,21.0,23.0,2.0,8.0
2018-10-28,39.0,15.0,17.0,26.0,2.0,8.0
2018-10-29,39.0,19.0,15.0,27.0,3.0,9.0
2018-10-30,51.0,29.0,14.0,53.0,4.0,12.0
2018-10-31,71.0,26.0,4.0,44.0,4.0,8.0
2018-11-01,76.0,34.0,12.0,52.0,4.0,12.0
2018-11-02,79.0,27.0,24.0,51.0,2.0,9.0
2018-11-03,71.0,28.0,18.0,37.0,2.0,8.0
2018-11-04,73.0,52.0,1.0,38.0,4.0,10.0
2018-11-05,119.0,36.0,19.0,42.0,4.0,8.0
2018-11-06,88.0,19.0,23.0,42.0,4.0,8.0
2018-11-07,53.0,24.0,22.0,47.0,3.0,8.0
2018-11-08,52.0,23.0,24.0,44.0,3.0,8.0
2018-11-09,58.0,21.0,21.0,49.0,3.0,6.0
2018-11-10,59.0,17.0,24.0,41.0,3.0,8.0
2018-11-11,51.0,22.0,21.0,53.0,4.0,8.0
2018-11-12,55.0,27.0,21.0,55.0,4.0,9.0
2018-11-13,57.0,27.0,18.0,49.0,3.0,8.0
2018-11-14,65.0,37.0,6.0,45.0,3.0,8.0
2018-11-15,85.0,25.0,5.0,31.0,3.0,8.0
2018-11-16,70.0,32.0,6.0,32.0,3.0,9.0
2018-11-17,86.0,23.0,21.0,29.0,2.0,8.0
2018-11-18,65.0,16.0,19.0,31.0,2.0,8.0
2018-11-19,46.0,21.0,15.0,33.0,2.0,8.0
2018-11-20,60.0,32.0,7.0,42.0,3.0,12.0
2018-11-21,86.0,51.0,1.0,38.0,5.0,13.0
2018-11-22,131.0,47.0,1.0,40.0,5.0,11.0
2018-11-23,117.0,33.0,11.0,30.0,1.0,9.0
2018-11-24,88.0,27.0,10.0,27.0,,8.0
2018-11-25,74.0,23.0,14.0,30.0,1.0,9.0
2018-11-26,60.0,26.0,8.0,37.0,2.0,10.0
2018-11-27,74.0,19.0,24.0,41.0,9.0,7.0
2018-11-28,57.0,21.0,26.0,40.0,11.0,7.0
2018-11-29,53.0,25.0,19.0,53.0,4.0,9.0
2018-11-30,57.0,19.0,21.0,45.0,3.0,8.0
2018-12-01,61.0,15.0,22.0,34.0,3.0,6.0
2018-12-02,49.0,20.0,23.0,36.0,2.0,6.0
2018-12-03,64.0,28.0,9.0,50.0,5.0,11.0
2018-12-04,68.0,22.0,19.0,42.0,3.0,8.0
2018-12-05,60.0,26.0,23.0,44.0,4.0,7.0
2018-12-06,59.0,16.0,27.0,44.0,3.0,7.0
2018-12-07,49.0,20.0,27.0,40.0,2.0,7.0
2018-12-08,49.0,14.0,27.0,24.0,1.0,6.0
2018-12-09,45.0,19.0,12.0,36.0,2.0,8.0
2018-12-10,55.0,35.0,6.0,49.0,4.0,11.0
2018-12-11,81.0,26.0,16.0,36.0,1.0,9.0
2018-12-12,72.0,31.0,5.0,36.0,3.0,12.0
2018-12-13,74.0,43.0,8.0,44.0,4.0,13.0
2018-12-14,87.0,25.0,21.0,31.0,4.0,10.0
2018-12-15,74.0,21.0,20.0,45.0,4.0,9.0
2018-12-16,52.0,28.0,20.0,50.0,7.0,9.0
2018-12-17,59.0,21.0,26.0,38.0,2.0,7.0
2018-12-18,54.0,21.0,22.0,52.0,4.0,8.0
2018-12-19,52.0,21.0,24.0,49.0,4.0,8.0
2018-12-20,52.0,26.0,24.0,39.0,3.0,7.0
2018-12-21,53.0,22.0,25.0,40.0,2.0,8.0
2018-12-22,56.0,15.0,21.0,32.0,1.0,6.0
2018-12-23,49.0,29.0,14.0,35.0,1.0,9.0
2018-12-24,76.0,31.0,10.0,37.0,3.0,13.0
2018-12-25,85.0,24.0,10.0,32.0,1.0,8.0
2018-12-26,69.0,48.0,1.0,43.0,4.0,14.0
2018-12-27,120.0,38.0,6.0,36.0,4.0,12.0
2018-12-28,102.0,22.0,18.0,31.0,1.0,8.0
2018-12-29,63.0,17.0,15.0,29.0,1.0,8.0
2018-12-30,63.0,,,,,
2018-12-31,,15.0,23.0,21.0,,7.0
2019-01-01,49.0,22.0,22.0,26.0,,7.0
2019-01-02,59.0,26.0,22.0,31.0,,7.0
2019-01-03,55.0,39.0,14.0,31.0,1.0,9.0
2019-01-04,92.0,31.0,19.0,29.0,1.0,10.0
2019-01-05,81.0,29.0,13.0,30.0,2.0,10.0
2019-01-06,73.0,25.0,24.0,36.0,3.0,9.0
2019-01-07,60.0,24.0,23.0,27.0,1.0,8.0
2019-01-08,50.0,22.0,19.0,30.0,3.0,11.0
2019-01-09,46.0,34.0,9.0,29.0,3.0,11.0
2019-01-10,73.0,25.0,7.0,30.0,3.0,7.0
2019-01-11,60.0,17.0,21.0,30.0,3.0,8.0
2019-01-12,49.0,17.0,30.0,22.0,2.0,6.0
2019-01-13,29.0,19.0,24.0,25.0,2.0,7.0
2019-01-14,40.0,17.0,23.0,43.0,4.0,10.0
2019-01-15,37.0,11.0,26.0,39.0,3.0,8.0
2019-01-16,32.0,15.0,20.0,31.0,2.0,9.0
2019-01-17,36.0,26.0,18.0,46.0,3.0,12.0
2019-01-18,50.0,26.0,20.0,30.0,2.0,9.0
2019-01-19,62.0,33.0,12.0,34.0,3.0,11.0
2019-01-20,98.0,43.0,18.0,40.0,4.0,14.0
2019-01-21,111.0,18.0,22.0,33.0,3.0,9.0
2019-01-22,41.0,24.0,17.0,35.0,4.0,10.0
2019-01-23,61.0,37.0,4.0,51.0,8.0,15.0
2019-01-24,95.0,29.0,10.0,40.0,11.0,10.0
2019-01-25,85.0,15.0,27.0,34.0,13.0,8.0
2019-01-26,50.0,12.0,26.0,19.0,14.0,7.0
2019-01-27,40.0,23.0,23.0,30.0,6.0,11.0
2019-01-28,43.0,30.0,17.0,46.0,1.0,12.0
2019-01-29,48.0,25.0,11.0,38.0,1.0,11.0
2019-01-30,56.0,29.0,17.0,48.0,3.0,14.0
2019-01-31,54.0,18.0,20.0,31.0,2.0,9.0
2019-02-01,60.0,22.0,18.0,19.0,2.0,8.0
2019-02-02,87.0,25.0,16.0,31.0,2.0,12.0
2019-02-03,57.0,18.0,19.0,37.0,3.0,9.0
2019-02-04,59.0,21.0,13.0,36.0,3.0,9.0
2019-02-05,66.0,23.0,12.0,39.0,2.0,8.0
2019-02-06,74.0,20.0,21.0,31.0,6.0,10.0
2019-02-07,44.0,15.0,25.0,36.0,2.0,9.0
2019-02-08,45.0,18.0,27.0,29.0,2.0,9.0
2019-02-09,43.0,11.0,23.0,30.0,1.0,8.0
2019-02-10,31.0,24.0,19.0,38.0,1.0,10.0
2019-02-11,44.0,28.0,16.0,40.0,3.0,11.0
2019-02-12,38.0,27.0,9.0,28.0,2.0,9.0
2019-02-13,52.0,46.0,9.0,53.0,3.0,11.0
2019-02-14,86.0,50.0,16.0,55.0,4.0,12.0
2019-02-15,120.0,40.0,21.0,44.0,2.0,9.0
2019-02-16,97.0,36.0,27.0,36.0,1.0,9.0
2019-02-17,81.0,26.0,19.0,41.0,2.0,9.0
2019-02-18,53.0,28.0,25.0,42.0,3.0,10.0
2019-02-19,54.0,26.0,25.0,40.0,2.0,9.0
2019-02-20,62.0,33.0,23.0,42.0,2.0,8.0
2019-02-21,60.0,43.0,17.0,42.0,4.0,9.0
2019-02-22,72.0,43.0,9.0,39.0,3.0,9.0
2019-02-23,93.0,47.0,5.0,40.0,1.0,11.0
2019-02-24,123.0,53.0,2.0,55.0,1.0,12.0
2019-02-25,128.0,58.0,2.0,61.0,3.0,12.0
2019-02-26,139.0,58.0,4.0,58.0,5.0,12.0
2019-02-27,141.0,32.0,21.0,28.0,4.0,8.0
2019-02-28,90.0,33.0,14.0,25.0,2.0,3.0
2019-03-01,82.0,21.0,21.0,20.0,1.0,3.0
2019-03-02,54.0,14.0,29.0,15.0,1.0,3.0
2019-03-03,46.0,17.0,16.0,26.0,1.0,2.0
2019-03-04,37.0,19.0,26.0,25.0,1.0,1.0
2019-03-05,40.0,19.0,23.0,17.0,1.0,5.0
2019-03-06,49.0,10.0,26.0,30.0,6.0,9.0
2019-03-07,28.0,15.0,23.0,28.0,5.0,9.0
2019-03-08,31.0,18.0,27.0,9.0,1.0,
2019-03-09,33.0,11.0,29.0,23.0,,8.0
2019-03-10,36.0,17.0,26.0,23.0,1.0,9.0
2019-03-11,34.0,13.0,28.0,27.0,1.0,8.0
2019-03-12,36.0,19.0,28.0,25.0,1.0,8.0
2019-03-13,45.0,16.0,33.0,27.0,2.0,8.0
2019-03-14,36.0,14.0,26.0,33.0,1.0,6.0
2019-03-15,31.0,16.0,36.0,27.0,1.0,6.0
2019-03-16,34.0,12.0,32.0,28.0,1.0,9.0
2019-03-17,35.0,21.0,25.0,34.0,1.0,8.0
2019-03-18,43.0,27.0,18.0,38.0,2.0,9.0
2019-03-19,55.0,21.0,23.0,38.0,2.0,8.0
2019-03-20,50.0,24.0,17.0,32.0,3.0,8.0
2019-03-21,54.0,23.0,22.0,36.0,3.0,8.0
2019-03-22,56.0,24.0,28.0,27.0,2.0,8.0
2019-03-23,57.0,23.0,34.0,25.0,1.0,8.0
2019-03-24,62.0,22.0,32.0,24.0,1.0,9.0
2019-03-25,42.0,32.0,29.0,37.0,2.0,11.0
2019-03-26,67.0,27.0,28.0,34.0,1.0,10.0
2019-03-27,58.0,35.0,26.0,52.0,2.0,10.0
2019-03-28,74.0,45.0,34.0,45.0,2.0,7.0
2019-03-29,82.0,53.0,35.0,42.0,3.0,9.0
2019-03-30,113.0,31.0,35.0,25.0,3.0,8.0
2019-03-31,33.0,25.0,33.0,32.0,2.0,8.0
2019-04-01,36.0,30.0,26.0,43.0,4.0,11.0
2019-04-02,67.0,16.0,13.0,27.0,3.0,11.0
2019-04-03,54.0,12.0,23.0,18.0,2.0,10.0
2019-04-04,29.0,17.0,24.0,19.0,2.0,10.0
2019-04-05,37.0,22.0,29.0,24.0,1.0,6.0
2019-04-06,55.0,47.0,31.0,14.0,1.0,6.0
2019-04-07,129.0,49.0,28.0,28.0,1.0,8.0
2019-04-08,133.0,40.0,36.0,27.0,,6.0
2019-04-09,101.0,23.0,31.0,29.0,,8.0
2019-04-10,56.0,23.0,35.0,34.0,1.0,6.0
2019-04-11,47.0,22.0,32.0,36.0,2.0,4.0
2019-04-12,62.0,21.0,31.0,27.0,2.0,3.0
2019-04-13,57.0,25.0,33.0,24.0,2.0,5.0
2019-04-14,51.0,43.0,27.0,32.0,2.0,5.0
2019-04-15,67.0,55.0,14.0,35.0,2.0,4.0
2019-04-16,77.0,57.0,27.0,41.0,2.0,6.0
2019-04-17,86.0,53.0,40.0,46.0,1.0,9.0
2019-04-18,64.0,42.0,51.0,43.0,1.0,9.0
2019-04-19,67.0,40.0,56.0,38.0,,8.0
2019-04-20,61.0,40.0,60.0,26.0,1.0,9.0
2019-04-21,72.0,56.0,55.0,46.0,8.0,9.0
2019-04-22,116.0,45.0,31.0,43.0,8.0,8.0
2019-04-23,88.0,38.0,38.0,42.0,3.0,9.0
2019-04-24,47.0,18.0,37.0,40.0,2.0,8.0
2019-04-25,26.0,22.0,37.0,34.0,1.0,9.0
2019-04-26,30.0,23.0,33.0,23.0,1.0,9.0
2019-04-27,29.0,16.0,31.0,19.0,1.0,7.0
2019-04-28,33.0,27.0,29.0,32.0,,8.0
2019-04-29,58.0,35.0,31.0,43.0,,9.0
2019-04-30,82.0,30.0,36.0,37.0,1.0,6.0
2019-05-01,57.0,23.0,22.0,29.0,,3.0
2019-05-02,31.0,20.0,22.0,25.0,1.0,2.0
2019-05-03,41.0,16.0,27.0,12.0,,2.0
2019-05-04,34.0,24.0,30.0,16.0,1.0,2.0
2019-05-05,49.0,16.0,22.0,22.0,1.0,2.0
2019-05-06,45.0,22.0,28.0,40.0,,2.0
2019-05-07,62.0,22.0,22.0,38.0,2.0,6.0
2019-05-08,64.0,22.0,18.0,32.0,3.0,8.0
2019-05-09,63.0,18.0,30.0,41.0,2.0,9.0
2019-05-10,57.0,16.0,31.0,29.0,1.0,5.0
2019-05-11,60.0,16.0,31.0,27.0,1.0,7.0
2019-05-12,45.0,17.0,27.0,34.0,1.0,9.0
2019-05-13,41.0,17.0,29.0,29.0,1.0,7.0
2019-05-14,42.0,30.0,32.0,26.0,1.0,8.0
2019-05-15,73.0,27.0,32.0,17.0,1.0,8.0
2019-05-16,63.0,25.0,24.0,29.0,1.0,5.0
2019-05-17,59.0,28.0,26.0,33.0,2.0,7.0
2019-05-18,73.0,27.0,32.0,29.0,1.0,6.0
2019-05-19,84.0,27.0,32.0,30.0,1.0,5.0
2019-05-20,44.0,20.0,37.0,28.0,,7.0
2019-05-21,36.0,24.0,41.0,49.0,1.0,9.0
2019-05-22,44.0,23.0,44.0,44.0,2.0,10.0
2019-05-23,48.0,20.0,23.0,22.0,,6.0
2019-05-24,51.0,16.0,24.0,20.0,,5.0
2019-05-25,32.0,18.0,16.0,20.0,1.0,6.0
2019-05-26,34.0,16.0,22.0,21.0,,7.0
2019-05-27,33.0,15.0,25.0,24.0,1.0,6.0
2019-05-28,31.0,20.0,25.0,35.0,2.0,8.0
2019-05-29,41.0,20.0,20.0,29.0,2.0,6.0
2019-05-30,44.0,18.0,17.0,32.0,1.0,6.0
2019-05-31,34.0,20.0,35.0,46.0,2.0,5.0
2019-06-01,38.0,20.0,34.0,46.0,,3.0
2019-06-02,35.0,21.0,30.0,50.0,1.0,5.0
2019-06-03,38.0,26.0,22.0,41.0,,4.0
2019-06-04,42.0,19.0,26.0,34.0,3.0,5.0
2019-06-05,43.0,20.0,26.0,34.0,3.0,3.0
2019-06-06,35.0,23.0,23.0,29.0,4.0,4.0
2019-06-07,36.0,22.0,20.0,25.0,2.0,6.0
2019-06-08,34.0,24.0,22.0,29.0,2.0,6.0
2019-06-09,30.0,13.0,25.0,27.0,1.0,3.0
2019-06-10,50.0,17.0,23.0,26.0,,1.0
2019-06-11,30.0,20.0,23.0,25.0,1.0,3.0
2019-06-12,34.0,19.0,27.0,35.0,2.0,6.0
2019-06-13,31.0,21.0,27.0,36.0,1.0,5.0
2019-06-14,36.0,20.0,26.0,30.0,,4.0
2019-06-15,36.0,16.0,24.0,24.0,,3.0
2019-06-16,31.0,20.0,32.0,41.0,1.0,6.0
2019-06-17,34.0,22.0,21.0,41.0,1.0,5.0
2019-06-18,48.0,22.0,15.0,37.0,1.0,6.0
2019-06-19,46.0,20.0,24.0,37.0,2.0,6.0
2019-06-20,39.0,16.0,28.0,34.0,1.0,6.0
2019-06-21,40.0,15.0,33.0,32.0,1.0,5.0
2019-06-22,34.0,30.0,45.0,20.0,,6.0
2019-06-23,58.0,35.0,26.0,39.0,2.0,8.0
2019-06-24,58.0,31.0,27.0,29.0,,6.0
2019-06-25,58.0,16.0,28.0,25.0,,3.0
2019-06-26,38.0,20.0,30.0,30.0,,3.0
2019-06-27,39.0,27.0,23.0,25.0,1.0,3.0
2019-06-28,45.0,33.0,56.0,44.0,1.0,4.0
2019-06-29,66.0,20.0,27.0,22.0,1.0,4.0
2019-06-30,42.0,15.0,25.0,18.0,1.0,3.0
2019-07-01,40.0,16.0,29.0,23.0,1.0,2.0
2019-07-02,58.0,19.0,24.0,29.0,1.0,3.0
2019-07-03,44.0,20.0,32.0,36.0,,3.0
2019-07-04,48.0,22.0,39.0,44.0,1.0,3.0
2019-07-05,61.0,16.0,19.0,20.0,1.0,2.0
2019-07-06,50.0,17.0,24.0,26.0,6.0,2.0
2019-07-07,49.0,22.0,32.0,38.0,2.0,3.0
2019-07-08,49.0,20.0,33.0,41.0,8.0,3.0
2019-07-09,49.0,19.0,36.0,46.0,5.0,3.0
2019-07-10,50.0,16.0,26.0,33.0,1.0,2.0
2019-07-11,43.0,13.0,25.0,15.0,1.0,2.0
2019-07-12,45.0,15.0,25.0,19.0,,2.0
2019-07-13,52.0,14.0,22.0,18.0,,2.0
2019-07-14,46.0,17.0,28.0,23.0,1.0,1.0
2019-07-15,41.0,23.0,36.0,34.0,2.0,2.0
2019-07-16,51.0,25.0,41.0,60.0,1.0,3.0
2019-07-17,57.0,12.0,21.0,20.0,,4.0
2019-07-18,36.0,8.0,15.0,22.0,1.0,4.0
2019-07-19,22.0,17.0,23.0,7.0,,3.0
2019-07-20,28.0,12.0,22.0,15.0,,4.0
2019-07-21,24.0,18.0,19.0,7.0,1.0,3.0
2019-07-22,36.0,28.0,49.0,40.0,,3.0
2019-07-23,50.0,33.0,19.0,52.0,1.0,4.0
2019-07-24,68.0,34.0,40.0,37.0,1.0,4.0
2019-07-25,64.0,23.0,16.0,27.0,1.0,2.0
2019-07-26,54.0,14.0,14.0,23.0,3.0,3.0
2019-07-27,37.0,15.0,23.0,18.0,4.0,1.0
2019-07-28,23.0,17.0,32.0,14.0,5.0,2.0
2019-07-29,41.0,14.0,24.0,12.0,1.0,2.0
2019-07-30,61.0,12.0,17.0,13.0,1.0,2.0
2019-07-31,32.0,16.0,21.0,18.0,,2.0
2019-08-01,36.0,23.0,31.0,20.0,,2.0
2019-08-02,47.0,22.0,32.0,28.0,,2.0
2019-08-03,54.0,22.0,39.0,30.0,,3.0
2019-08-04,59.0,19.0,26.0,24.0,1.0,4.0
2019-08-05,53.0,21.0,25.0,25.0,1.0,2.0
2019-08-06,50.0,27.0,23.0,28.0,1.0,2.0
2019-08-07,50.0,19.0,25.0,33.0,1.0,2.0
2019-08-08,48.0,21.0,24.0,24.0,,3.0
2019-08-09,51.0,23.0,25.0,18.0,,2.0
2019-08-10,51.0,17.0,26.0,19.0,,2.0
2019-08-11,48.0,15.0,21.0,25.0,,3.0
2019-08-12,43.0,14.0,28.0,30.0,,4.0
2019-08-13,31.0,11.0,17.0,29.0,1.0,3.0
2019-08-14,34.0,12.0,23.0,24.0,,3.0
2019-08-15,34.0,17.0,16.0,25.0,1.0,4.0
2019-08-16,34.0,16.0,21.0,17.0,,3.0
2019-08-17,35.0,16.0,23.0,15.0,,4.0
2019-08-18,37.0,22.0,24.0,22.0,1.0,4.0
2019-08-19,38.0,19.0,30.0,36.0,,5.0
2019-08-20,54.0,20.0,31.0,33.0,1.0,5.0
2019-08-21,51.0,21.0,27.0,35.0,,5.0
2019-08-22,56.0,26.0,31.0,39.0,1.0,4.0
2019-08-23,65.0,41.0,57.0,52.0,,5.0
2019-08-24,102.0,46.0,54.0,53.0,,6.0
2019-08-25,117.0,37.0,54.0,53.0,,6.0
2019-08-26,98.0,39.0,56.0,62.0,,6.0
2019-08-27,96.0,20.0,26.0,33.0,1.0,4.0
2019-08-28,53.0,16.0,23.0,30.0,1.0,4.0
2019-08-29,45.0,20.0,27.0,31.0,1.0,3.0
2019-08-30,52.0,18.0,26.0,27.0,1.0,3.0
2019-08-31,55.0,12.0,24.0,20.0,1.0,3.0
2019-09-01,41.0,20.0,25.0,32.0,1.0,4.0
2019-09-02,49.0,18.0,23.0,32.0,1.0,3.0
2019-09-03,46.0,15.0,20.0,21.0,7.0,5.0
2019-09-04,44.0,15.0,23.0,27.0,11.0,8.0
2019-09-05,46.0,20.0,18.0,33.0,12.0,11.0
2019-09-06,52.0,14.0,22.0,20.0,8.0,8.0
2019-09-07,46.0,17.0,23.0,22.0,11.0,9.0
2019-09-08,48.0,19.0,20.0,39.0,7.0,9.0
2019-09-09,57.0,29.0,18.0,33.0,2.0,9.0
2019-09-10,63.0,19.0,14.0,30.0,2.0,8.0
2019-09-11,49.0,19.0,13.0,28.0,3.0,8.0
2019-09-12,51.0,21.0,24.0,31.0,1.0,5.0
2019-09-13,52.0,26.0,20.0,43.0,1.0,5.0
2019-09-14,67.0,22.0,24.0,30.0,1.0,5.0
2019-09-15,59.0,29.0,15.0,23.0,1.0,4.0
2019-09-16,66.0,17.0,22.0,27.0,,4.0
2019-09-17,44.0,22.0,24.0,32.0,,2.0
2019-09-18,41.0,23.0,22.0,42.0,1.0,2.0
2019-09-19,47.0,29.0,25.0,42.0,2.0,2.0
2019-09-20,53.0,37.0,21.0,39.0,2.0,2.0
2019-09-21,52.0,26.0,24.0,34.0,1.0,
2019-09-22,45.0,19.0,21.0,31.0,2.0,1.0
2019-09-23,36.0,26.0,19.0,17.0,,1.0
2019-09-24,29.0,18.0,18.0,17.0,1.0,1.0
2019-09-25,37.0,16.0,10.0,35.0,3.0,1.0
2019-09-26,43.0,18.0,11.0,34.0,1.0,1.0
2019-09-27,40.0,13.0,17.0,28.0,1.0,1.0
2019-09-28,34.0,11.0,19.0,18.0,,
2019-09-29,35.0,16.0,16.0,31.0,2.0,2.0
2019-09-30,42.0,18.0,25.0,29.0,2.0,1.0
2019-10-01,47.0,13.0,19.0,24.0,1.0,1.0
2019-10-02,43.0,24.0,21.0,43.0,4.0,4.0
2019-10-03,56.0,26.0,17.0,35.0,2.0,2.0
2019-10-04,59.0,19.0,14.0,27.0,1.0,1.0
2019-10-05,48.0,14.0,24.0,17.0,,
2019-10-06,45.0,18.0,19.0,38.0,3.0,2.0
2019-10-07,47.0,26.0,24.0,39.0,3.0,3.0
2019-10-08,52.0,19.0,21.0,39.0,2.0,4.0
2019-10-09,44.0,22.0,24.0,40.0,3.0,3.0
2019-10-10,45.0,16.0,23.0,28.0,,1.0
2019-10-11,44.0,15.0,21.0,47.0,2.0,2.0
2019-10-12,46.0,16.0,28.0,33.0,2.0,2.0
2019-10-13,31.0,21.0,17.0,36.0,1.0,1.0
2019-10-14,41.0,19.0,18.0,51.0,4.0,4.0
2019-10-15,44.0,23.0,22.0,46.0,2.0,3.0
2019-10-16,54.0,21.0,22.0,58.0,1.0,3.0
2019-10-17,51.0,20.0,27.0,47.0,1.0,3.0
2019-10-18,49.0,19.0,22.0,44.0,2.0,4.0
2019-10-19,46.0,17.0,26.0,26.0,1.0,2.0
2019-10-20,55.0,14.0,26.0,26.0,1.0,1.0
2019-10-21,34.0,27.0,15.0,51.0,2.0,6.0
2019-10-22,43.0,39.0,5.0,51.0,2.0,6.0
2019-10-23,61.0,32.0,10.0,41.0,2.0,4.0
2019-10-24,48.0,20.0,29.0,35.0,1.0,2.0
2019-10-25,30.0,18.0,29.0,28.0,,2.0
2019-10-26,45.0,19.0,19.0,28.0,,4.0
2019-10-27,45.0,39.0,19.0,46.0,4.0,4.0
2019-10-28,38.0,17.0,21.0,41.0,4.0,3.0
2019-10-29,31.0,24.0,19.0,41.0,5.0,5.0
2019-10-30,45.0,36.0,7.0,42.0,5.0,7.0
2019-10-31,62.0,41.0,23.0,43.0,5.0,5.0
2019-11-01,51.0,29.0,23.0,29.0,5.0,5.0
2019-11-02,38.0,32.0,16.0,39.0,5.0,8.0
2019-11-03,58.0,33.0,14.0,52.0,6.0,8.0
2019-11-04,42.0,20.0,19.0,29.0,5.0,4.0
2019-11-05,55.0,30.0,15.0,46.0,5.0,8.0
2019-11-06,69.0,19.0,16.0,50.0,5.0,9.0
2019-11-07,42.0,29.0,10.0,38.0,7.0,9.0
2019-11-08,66.0,32.0,14.0,45.0,5.0,8.0
2019-11-09,55.0,22.0,18.0,42.0,5.0,7.0
2019-11-10,52.0,19.0,21.0,37.0,4.0,9.0
2019-11-11,37.0,21.0,18.0,46.0,4.0,10.0
2019-11-12,33.0,20.0,15.0,52.0,5.0,10.0
2019-11-13,50.0,17.0,21.0,61.0,3.0,8.0
2019-11-14,46.0,19.0,16.0,31.0,4.0,5.0
2019-11-15,50.0,23.0,8.0,54.0,4.0,8.0
2019-11-16,71.0,33.0,5.0,56.0,3.0,11.0
2019-11-17,81.0,16.0,13.0,31.0,2.0,7.0
2019-11-18,30.0,39.0,2.0,45.0,4.0,13.0
2019-11-19,72.0,25.0,17.0,44.0,3.0,11.0
2019-11-20,63.0,30.0,6.0,37.0,3.0,10.0
2019-11-21,68.0,22.0,15.0,36.0,2.0,8.0
2019-11-22,43.0,23.0,9.0,26.0,1.0,7.0
2019-11-23,57.0,20.0,12.0,16.0,1.0,9.0
2019-11-24,40.0,17.0,21.0,20.0,2.0,6.0
2019-11-25,42.0,11.0,21.0,21.0,,6.0
2019-11-26,27.0,15.0,18.0,21.0,1.0,6.0
2019-11-27,38.0,14.0,22.0,20.0,,5.0
2019-11-28,49.0,21.0,14.0,30.0,,5.0
2019-11-29,61.0,26.0,7.0,39.0,,6.0
2019-11-30,63.0,12.0,22.0,27.0,,4.0
2019-12-01,34.0,26.0,9.0,37.0,2.0,8.0
2019-12-02,69.0,35.0,9.0,46.0,4.0,9.0
2019-12-03,53.0,45.0,5.0,52.0,4.0,10.0
2019-12-04,70.0,40.0,26.0,41.0,5.0,9.0
2019-12-05,48.0,17.0,23.0,38.0,2.0,4.0
2019-12-06,26.0,18.0,27.0,32.0,1.0,5.0
2019-12-07,41.0,15.0,28.0,25.0,1.0,4.0
2019-12-08,37.0,17.0,24.0,26.0,1.0,5.0
2019-12-09,37.0,19.0,25.0,30.0,1.0,5.0
2019-12-10,43.0,22.0,20.0,39.0,3.0,7.0
2019-12-11,43.0,22.0,19.0,41.0,3.0,6.0
2019-12-12,35.0,18.0,22.0,34.0,2.0,5.0
2019-12-13,38.0,19.0,29.0,35.0,1.0,5.0
2019-12-14,43.0,15.0,29.0,30.0,1.0,4.0
2019-12-15,39.0,20.0,24.0,40.0,3.0,5.0
2019-12-16,43.0,17.0,19.0,40.0,5.0,5.0
2019-12-17,54.0,22.0,18.0,34.0,3.0,4.0
2019-12-18,53.0,19.0,26.0,31.0,3.0,2.0
2019-12-19,53.0,15.0,20.0,39.0,5.0,4.0
2019-12-20,52.0,14.0,27.0,34.0,7.0,3.0
2019-12-21,42.0,14.0,23.0,32.0,7.0,4.0
2019-12-22,45.0,18.0,19.0,33.0,5.0,4.0
2019-12-23,47.0,17.0,24.0,30.0,1.0,3.0
2019-12-24,49.0,16.0,22.0,28.0,1.0,5.0
2019-12-25,49.0,17.0,23.0,27.0,1.0,4.0
2019-12-26,49.0,20.0,16.0,24.0,1.0,5.0
2019-12-27,64.0,23.0,19.0,29.0,,5.0
2019-12-28,71.0,23.0,19.0,25.0,,4.0
2019-12-29,70.0,,,,,
2019-12-31,,41.0,10.0,30.0,1.0,6.0
2020-01-01,116.0,16.0,27.0,27.0,1.0,3.0
2020-01-02,56.0,15.0,26.0,26.0,2.0,3.0
2020-01-03,45.0,16.0,14.0,30.0,1.0,4.0
2020-01-04,46.0,11.0,21.0,28.0,1.0,4.0
2020-01-05,36.0,9.0,25.0,9.0,2.0,4.0
2020-01-06,29.0,14.0,21.0,23.0,2.0,4.0
2020-01-07,41.0,21.0,19.0,28.0,2.0,4.0
2020-01-08,52.0,37.0,20.0,25.0,3.0,4.0
2020-01-09,36.0,12.0,20.0,28.0,2.0,5.0
2020-01-10,44.0,17.0,30.0,24.0,1.0,3.0
2020-01-11,31.0,12.0,27.0,24.0,3.0,4.0
2020-01-12,26.0,13.0,31.0,28.0,4.0,4.0
2020-01-13,25.0,9.0,26.0,15.0,3.0,2.0
2020-01-14,25.0,10.0,21.0,31.0,3.0,4.0
2020-01-15,37.0,16.0,20.0,12.0,2.0,3.0
2020-01-16,43.0,13.0,23.0,23.0,2.0,4.0
2020-01-17,35.0,20.0,11.0,30.0,2.0,6.0
2020-01-18,48.0,26.0,11.0,27.0,3.0,7.0
2020-01-19,49.0,44.0,1.0,38.0,5.0,10.0
2020-01-20,69.0,41.0,,36.0,5.0,11.0
2020-01-21,78.0,30.0,11.0,31.0,1.0,5.0
2020-01-22,83.0,27.0,13.0,27.0,1.0,3.0
2020-01-23,68.0,27.0,9.0,35.0,3.0,3.0
2020-01-24,41.0,35.0,15.0,16.0,2.0,3.0
2020-01-25,80.0,27.0,20.0,15.0,4.0,3.0
2020-01-26,63.0,13.0,28.0,24.0,5.0,6.0
2020-01-27,44.0,16.0,28.0,37.0,6.0,9.0
2020-01-28,29.0,23.0,26.0,37.0,5.0,8.0
2020-01-29,40.0,15.0,26.0,31.0,5.0,7.0
2020-01-30,29.0,13.0,23.0,29.0,5.0,6.0
2020-01-31,24.0,22.0,29.0,28.0,5.0,7.0
2020-02-01,49.0,22.0,27.0,28.0,5.0,7.0
2020-02-02,52.0,24.0,28.0,30.0,5.0,7.0
2020-02-03,50.0,23.0,26.0,29.0,3.0,7.0
2020-02-04,45.0,39.0,8.0,39.0,4.0,9.0
2020-02-05,72.0,42.0,7.0,41.0,3.0,7.0
2020-02-06,83.0,41.0,18.0,34.0,4.0,6.0
2020-02-07,93.0,26.0,29.0,30.0,4.0,4.0
2020-02-08,55.0,16.0,32.0,16.0,5.0,2.0
2020-02-09,44.0,18.0,30.0,34.0,6.0,4.0
2020-02-10,42.0,21.0,31.0,30.0,6.0,6.0
2020-02-11,41.0,19.0,26.0,36.0,6.0,6.0
2020-02-12,41.0,17.0,32.0,37.0,8.0,4.0
2020-02-13,47.0,28.0,27.0,39.0,5.0,5.0
2020-02-14,55.0,12.0,25.0,24.0,10.0,2.0
2020-02-15,38.0,10.0,33.0,26.0,9.0,2.0
2020-02-16,36.0,21.0,30.0,33.0,7.0,4.0
2020-02-17,45.0,18.0,28.0,33.0,6.0,5.0
2020-02-18,40.0,20.0,32.0,40.0,6.0,5.0
2020-02-19,45.0,13.0,32.0,32.0,7.0,4.0
2020-02-20,34.0,23.0,33.0,33.0,5.0,5.0
2020-02-21,44.0,22.0,32.0,26.0,6.0,3.0
2020-02-22,52.0,13.0,29.0,23.0,2.0,3.0
2020-02-23,36.0,12.0,25.0,30.0,2.0,4.0
2020-02-24,34.0,17.0,27.0,37.0,4.0,6.0
2020-02-25,35.0,17.0,27.0,34.0,3.0,7.0
2020-02-26,36.0,16.0,27.0,33.0,3.0,6.0
2020-02-27,41.0,18.0,23.0,34.0,2.0,5.0
2020-02-28,44.0,23.0,30.0,27.0,3.0,4.0
2020-02-29,46.0,15.0,29.0,28.0,3.0,7.0
2020-03-01,35.0,13.0,23.0,31.0,3.0,5.0
2020-03-02,34.0,26.0,9.0,40.0,4.0,9.0
2020-03-03,54.0,22.0,20.0,41.0,4.0,7.0
2020-03-04,52.0,20.0,27.0,26.0,4.0,3.0
2020-03-05,59.0,28.0,25.0,33.0,3.0,5.0
2020-03-06,62.0,29.0,33.0,36.0,3.0,6.0
2020-03-07,60.0,16.0,33.0,28.0,3.0,4.0
2020-03-08,41.0,17.0,28.0,37.0,3.0,5.0
2020-03-09,39.0,10.0,25.0,30.0,3.0,3.0
2020-03-10,35.0,14.0,34.0,39.0,3.0,4.0
2020-03-11,30.0,19.0,27.0,35.0,3.0,5.0
2020-03-12,43.0,18.0,27.0,33.0,2.0,6.0
2020-03-13,45.0,13.0,27.0,21.0,1.0,4.0
2020-03-14,29.0,10.0,23.0,11.0,1.0,3.0
2020-03-15,23.0,14.0,12.0,20.0,1.0,6.0
2020-03-16,38.0,15.0,18.0,14.0,1.0,4.0
2020-03-17,31.0,19.0,23.0,16.0,2.0,3.0
2020-03-18,41.0,22.0,24.0,22.0,3.0,2.0
2020-03-19,57.0,17.0,27.0,16.0,3.0,3.0
2020-03-20,35.0,19.0,27.0,15.0,3.0,5.0
2020-03-21,41.0,20.0,26.0,14.0,3.0,5.0
2020-03-22,53.0,26.0,21.0,30.0,4.0,7.0
2020-03-23,59.0,25.0,34.0,28.0,3.0,6.0
2020-03-24,61.0,36.0,30.0,30.0,4.0,7.0
2020-03-25,80.0,47.0,36.0,21.0,5.0,6.0
2020-03-26,100.0,42.0,41.0,17.0,9.0,4.0
2020-03-27,90.0,30.0,40.0,10.0,5.0,4.0
2020-03-28,56.0,25.0,33.0,5.0,4.0,5.0
2020-03-29,35.0,,,,,
2020-03-31,,18.0,31.0,22.0,4.0,5.0
2020-04-01,52.0,14.0,32.0,31.0,7.0,5.0
2020-04-02,26.0,20.0,32.0,25.0,9.0,5.0
2020-04-03,43.0,21.0,34.0,19.0,9.0,4.0
2020-04-04,38.0,17.0,39.0,13.0,10.0,4.0
2020-04-05,33.0,18.0,33.0,25.0,7.0,3.0
2020-04-06,36.0,30.0,35.0,25.0,4.0,4.0
2020-04-07,49.0,52.0,38.0,28.0,4.0,3.0
2020-04-08,69.0,54.0,38.0,27.0,5.0,3.0
2020-04-09,57.0,46.0,38.0,23.0,4.0,3.0
2020-04-10,76.0,38.0,39.0,26.0,5.0,3.0
2020-04-11,74.0,29.0,43.0,19.0,7.0,3.0
2020-04-12,61.0,19.0,31.0,7.0,4.0,4.0
2020-04-13,46.0,18.0,32.0,17.0,4.0,3.0
2020-04-14,44.0,31.0,31.0,24.0,5.0,2.0
2020-04-15,70.0,51.0,31.0,25.0,6.0,2.0
2020-04-16,115.0,23.0,28.0,12.0,5.0,3.0
2020-04-17,50.0,27.0,24.0,13.0,6.0,3.0
2020-04-18,59.0,23.0,37.0,11.0,6.0,2.0
2020-04-19,57.0,31.0,35.0,13.0,6.0,2.0
2020-04-20,51.0,32.0,37.0,13.0,6.0,2.0
2020-04-21,42.0,32.0,41.0,17.0,6.0,2.0
2020-04-22,47.0,36.0,43.0,21.0,7.0,2.0
2020-04-23,54.0,35.0,45.0,20.0,7.0,2.0
2020-04-24,49.0,21.0,32.0,13.0,7.0,2.0
2020-04-25,34.0,22.0,41.0,16.0,8.0,2.0
2020-04-26,37.0,29.0,32.0,19.0,7.0,3.0
2020-04-27,59.0,12.0,25.0,16.0,2.0,2.0
2020-04-28,43.0,17.0,27.0,16.0,3.0,2.0
2020-04-29,43.0,14.0,27.0,16.0,3.0,2.0
2020-04-30,36.0,15.0,25.0,19.0,2.0,2.0
2020-05-01,36.0,12.0,30.0,18.0,2.0,2.0
2020-05-02,35.0,15.0,31.0,14.0,2.0,3.0
2020-05-03,48.0,20.0,34.0,13.0,1.0,2.0
2020-05-04,53.0,18.0,31.0,12.0,,2.0
2020-05-05,28.0,24.0,37.0,16.0,1.0,2.0
2020-05-06,53.0,29.0,43.0,27.0,1.0,2.0
2020-05-07,58.0,22.0,47.0,20.0,1.0,3.0
2020-05-08,67.0,38.0,49.0,20.0,3.0,3.0
2020-05-09,53.0,27.0,35.0,8.0,2.0,2.0
2020-05-10,40.0,20.0,25.0,7.0,1.0,3.0
2020-05-11,28.0,17.0,29.0,13.0,1.0,3.0
2020-05-12,29.0,15.0,29.0,10.0,2.0,3.0
2020-05-13,29.0,13.0,30.0,12.0,1.0,3.0
2020-05-14,35.0,18.0,32.0,17.0,1.0,3.0
2020-05-15,35.0,17.0,32.0,21.0,2.0,3.0
2020-05-16,33.0,15.0,30.0,19.0,1.0,2.0
2020-05-17,36.0,16.0,35.0,23.0,1.0,2.0
2020-05-18,41.0,16.0,29.0,23.0,,3.0
2020-05-19,33.0,16.0,36.0,27.0,,3.0
2020-05-20,45.0,12.0,47.0,25.0,1.0,3.0
2020-05-21,55.0,19.0,34.0,16.0,1.0,2.0
2020-05-22,59.0,18.0,34.0,11.0,,2.0
2020-05-23,46.0,16.0,30.0,14.0,,2.0
2020-05-24,59.0,17.0,38.0,16.0,,3.0
2020-05-25,61.0,18.0,40.0,21.0,,3.0
2020-05-26,47.0,19.0,38.0,22.0,,3.0
2020-05-27,37.0,22.0,30.0,15.0,1.0,3.0
2020-05-28,31.0,25.0,34.0,17.0,2.0,4.0
2020-05-29,33.0,25.0,43.0,12.0,2.0,3.0
2020-05-30,36.0,22.0,39.0,8.0,2.0,3.0
2020-05-31,31.0,19.0,42.0,8.0,3.0,3.0
2020-06-01,35.0,19.0,40.0,18.0,3.0,3.0
2020-06-02,48.0,24.0,32.0,22.0,5.0,3.0
2020-06-03,36.0,13.0,25.0,18.0,3.0,3.0
2020-06-04,27.0,13.0,27.0,23.0,5.0,3.0
2020-06-05,24.0,14.0,22.0,18.0,5.0,2.0
2020-06-06,31.0,12.0,20.0,16.0,3.0,3.0
2020-06-07,31.0,19.0,25.0,13.0,1.0,2.0
2020-06-08,33.0,20.0,31.0,20.0,1.0,3.0
2020-06-09,33.0,19.0,26.0,22.0,2.0,3.0
2020-06-10,36.0,16.0,31.0,14.0,3.0,3.0
2020-06-11,48.0,25.0,28.0,17.0,4.0,4.0
2020-06-12,64.0,16.0,31.0,16.0,4.0,4.0
2020-06-13,43.0,16.0,33.0,19.0,4.0,4.0
2020-06-14,50.0,12.0,32.0,24.0,4.0,4.0
2020-06-15,45.0,13.0,33.0,24.0,4.0,3.0
2020-06-16,42.0,14.0,29.0,28.0,4.0,4.0
2020-06-17,48.0,13.0,34.0,25.0,4.0,4.0
2020-06-18,46.0,15.0,28.0,19.0,4.0,3.0
2020-06-19,47.0,14.0,24.0,19.0,3.0,3.0
2020-06-20,37.0,13.0,22.0,15.0,4.0,2.0
2020-06-21,36.0,22.0,29.0,22.0,3.0,3.0
2020-06-22,46.0,23.0,41.0,28.0,3.0,3.0
2020-06-23,42.0,31.0,73.0,32.0,5.0,3.0
2020-06-24,55.0,32.0,71.0,31.0,6.0,3.0
2020-06-25,51.0,28.0,51.0,30.0,6.0,3.0
2020-06-26,58.0,11.0,24.0,15.0,6.0,4.0
2020-06-27,27.0,12.0,20.0,13.0,6.0,3.0
2020-06-28,25.0,15.0,24.0,18.0,5.0,3.0
2020-06-29,27.0,12.0,20.0,18.0,3.0,4.0
2020-06-30,26.0,12.0,6.0,17.0,1.0,5.0
2020-07-01,33.0,11.0,8.0,13.0,,4.0
2020-07-02,29.0,9.0,14.0,8.0,,4.0
2020-07-03,24.0,10.0,13.0,7.0,4.0,4.0
2020-07-04,27.0,13.0,24.0,8.0,5.0,4.0
2020-07-05,25.0,14.0,23.0,13.0,4.0,4.0
2020-07-06,35.0,14.0,24.0,23.0,5.0,4.0
2020-07-07,43.0,11.0,11.0,13.0,6.0,5.0
2020-07-08,46.0,13.0,18.0,12.0,4.0,5.0
2020-07-09,44.0,11.0,21.0,14.0,,1.0
2020-07-10,39.0,12.0,25.0,15.0,,
2020-07-11,46.0,16.0,37.0,17.0,,
2020-07-12,59.0,15.0,20.0,18.0,,
2020-07-13,40.0,9.0,22.0,17.0,,1.0
2020-07-14,39.0,9.0,18.0,16.0,,1.0
2020-07-15,33.0,9.0,15.0,11.0,,1.0
2020-07-16,27.0,16.0,15.0,19.0,,1.0
2020-07-17,40.0,11.0,22.0,12.0,,1.0
2020-07-18,44.0,9.0,23.0,8.0,1.0,1.0
2020-07-19,35.0,13.0,29.0,15.0,,
2020-07-20,43.0,12.0,30.0,10.0,,
2020-07-21,42.0,13.0,35.0,19.0,,1.0
2020-07-22,38.0,16.0,39.0,25.0,1.0,1.0
2020-07-23,35.0,12.0,22.0,20.0,2.0,1.0
2020-07-24,34.0,9.0,17.0,14.0,3.0,1.0
2020-07-25,33.0,11.0,16.0,12.0,3.0,1.0
2020-07-26,29.0,9.0,17.0,12.0,3.0,1.0
2020-07-27,31.0,10.0,15.0,12.0,2.0,1.0
2020-07-28,25.0,15.0,27.0,21.0,1.0,2.0
2020-07-29,40.0,16.0,30.0,23.0,2.0,2.0
2020-07-30,41.0,36.0,52.0,37.0,3.0,3.0
2020-07-31,61.0,15.0,20.0,16.0,3.0,2.0
2020-08-01,37.0,13.0,23.0,14.0,3.0,2.0
2020-08-02,30.0,12.0,27.0,16.0,2.0,2.0
2020-08-03,31.0,16.0,29.0,23.0,3.0,2.0
2020-08-04,40.0,12.0,29.0,18.0,2.0,2.0
2020-08-05,23.0,13.0,27.0,25.0,2.0,2.0
2020-08-06,37.0,21.0,51.0,52.0,1.0,3.0
2020-08-07,65.0,25.0,55.0,35.0,1.0,4.0
2020-08-08,76.0,23.0,65.0,15.0,,3.0
2020-08-09,71.0,31.0,65.0,28.0,1.0,3.0
2020-08-10,72.0,44.0,67.0,28.0,1.0,4.0
2020-08-11,104.0,50.0,70.0,38.0,2.0,4.0
2020-08-12,100.0,29.0,46.0,13.0,3.0,3.0
2020-08-13,73.0,19.0,25.0,12.0,5.0,3.0
2020-08-14,34.0,19.0,20.0,17.0,4.0,3.0
2020-08-15,53.0,24.0,21.0,16.0,14.0,3.0
2020-08-16,76.0,13.0,31.0,10.0,6.0,3.0
2020-08-17,41.0,12.0,19.0,16.0,8.0,3.0
2020-08-18,28.0,9.0,8.0,12.0,3.0,3.0
2020-08-19,28.0,23.0,23.0,7.0,4.0,2.0
2020-08-20,39.0,20.0,19.0,10.0,3.0,2.0
2020-08-21,42.0,17.0,24.0,12.0,2.0,2.0
2020-08-22,45.0,11.0,24.0,15.0,2.0,2.0
2020-08-23,38.0,14.0,22.0,19.0,2.0,2.0
2020-08-24,45.0,12.0,24.0,12.0,4.0,2.0
2020-08-25,45.0,13.0,24.0,14.0,3.0,2.0
2020-08-26,38.0,16.0,17.0,16.0,3.0,2.0
2020-08-27,48.0,11.0,24.0,17.0,3.0,2.0
2020-08-28,39.0,12.0,22.0,11.0,1.0,2.0
2020-08-29,38.0,16.0,21.0,10.0,,2.0
2020-08-30,42.0,13.0,20.0,18.0,3.0,2.0
2020-08-31,43.0,20.0,23.0,28.0,1.0,5.0
2020-09-01,60.0,21.0,27.0,34.0,1.0,
2020-09-02,56.0,16.0,20.0,23.0,1.0,1.0
2020-09-03,49.0,19.0,20.0,29.0,2.0,1.0
2020-09-04,47.0,18.0,18.0,20.0,1.0,
2020-09-05,46.0,16.0,19.0,22.0,2.0,1.0
2020-09-06,51.0,17.0,14.0,21.0,2.0,1.0
2020-09-07,48.0,11.0,13.0,18.0,1.0,
2020-09-08,42.0,10.0,11.0,16.0,2.0,
2020-09-09,19.0,15.0,21.0,12.0,2.0,1.0
2020-09-10,32.0,18.0,20.0,14.0,2.0,2.0
2020-09-11,42.0,11.0,17.0,6.0,2.0,1.0
2020-09-12,30.0,11.0,20.0,7.0,1.0,1.0
2020-09-13,26.0,29.0,24.0,22.0,3.0,2.0
2020-09-14,56.0,49.0,36.0,35.0,4.0,2.0
2020-09-15,95.0,36.0,31.0,20.0,2.0,2.0
2020-09-16,78.0,22.0,26.0,15.0,1.0,1.0
2020-09-17,45.0,21.0,29.0,16.0,2.0,1.0
2020-09-18,50.0,17.0,33.0,10.0,2.0,1.0
2020-09-19,46.0,10.0,31.0,6.0,,1.0
2020-09-20,36.0,16.0,19.0,22.0,,2.0
2020-09-21,56.0,18.0,39.0,31.0,1.0,2.0
2020-09-22,63.0,9.0,29.0,22.0,,1.0
2020-09-23,36.0,6.0,10.0,23.0,1.0,2.0
2020-09-24,20.0,11.0,21.0,13.0,,1.0
2020-09-25,34.0,15.0,22.0,16.0,,2.0
2020-09-26,37.0,13.0,23.0,11.0,,1.0
2020-09-27,37.0,17.0,13.0,19.0,,4.0
2020-09-28,51.0,16.0,12.0,16.0,,3.0
2020-09-29,58.0,14.0,22.0,16.0,1.0,2.0
2020-09-30,39.0,10.0,21.0,24.0,3.0,5.0
2020-10-01,31.0,11.0,17.0,21.0,4.0,2.0
2020-10-02,33.0,13.0,23.0,15.0,4.0,2.0
2020-10-03,31.0,7.0,23.0,11.0,4.0,2.0
2020-10-04,25.0,13.0,19.0,15.0,2.0,3.0
2020-10-05,42.0,12.0,18.0,13.0,3.0,3.0
2020-10-06,39.0,16.0,16.0,13.0,1.0,4.0
2020-10-07,45.0,12.0,19.0,14.0,1.0,2.0
2020-10-08,35.0,17.0,14.0,21.0,2.0,6.0
2020-10-09,49.0,13.0,17.0,21.0,,8.0
2020-10-10,37.0,11.0,18.0,10.0,,6.0
2020-10-11,26.0,16.0,13.0,24.0,2.0,5.0
2020-10-12,35.0,13.0,14.0,13.0,1.0,4.0
2020-10-13,29.0,10.0,18.0,11.0,,2.0
2020-10-14,32.0,12.0,13.0,11.0,,2.0
2020-10-15,37.0,11.0,16.0,16.0,,3.0
2020-10-16,42.0,10.0,12.0,14.0,,2.0
2020-10-17,51.0,15.0,6.0,14.0,1.0,5.0
2020-10-18,62.0,15.0,25.0,10.0,3.0,3.0
2020-10-19,57.0,15.0,21.0,5.0,6.0,2.0
2020-10-20,56.0,11.0,23.0,9.0,6.0,2.0
2020-10-21,49.0,12.0,22.0,17.0,3.0,2.0
2020-10-22,56.0,12.0,21.0,19.0,2.0,2.0
2020-10-23,48.0,7.0,27.0,11.0,5.0,1.0
2020-10-24,41.0,7.0,21.0,13.0,6.0,1.0
2020-10-25,31.0,10.0,17.0,22.0,5.0,2.0
2020-10-26,48.0,11.0,18.0,20.0,5.0,2.0
2020-10-27,42.0,11.0,21.0,19.0,5.0,2.0
2020-10-28,50.0,10.0,24.0,20.0,3.0,4.0
2020-10-29,44.0,12.0,25.0,19.0,3.0,3.0
2020-10-30,48.0,18.0,24.0,17.0,4.0,3.0
2020-10-31,55.0,13.0,24.0,12.0,5.0,2.0
2020-11-01,45.0,11.0,24.0,17.0,6.0,4.0
2020-11-02,47.0,13.0,21.0,26.0,3.0,7.0
2020-11-03,48.0,18.0,10.0,29.0,3.0,9.0
2020-11-04,54.0,46.0,1.0,34.0,4.0,15.0
2020-11-05,105.0,46.0,4.0,31.0,4.0,12.0
2020-11-06,154.0,29.0,2.0,25.0,4.0,8.0
2020-11-07,98.0,29.0,2.0,18.0,4.0,7.0
2020-11-08,106.0,13.0,7.0,23.0,3.0,5.0
2020-11-09,66.0,16.0,16.0,23.0,1.0,5.0
2020-11-10,50.0,15.0,20.0,18.0,1.0,4.0
2020-11-11,49.0,17.0,24.0,22.0,1.0,5.0
2020-11-12,46.0,21.0,21.0,24.0,1.0,5.0
2020-11-13,52.0,17.0,24.0,14.0,2.0,3.0
2020-11-14,46.0,13.0,27.0,11.0,4.0,3.0
2020-11-15,38.0,17.0,25.0,18.0,1.0,4.0
2020-11-16,41.0,17.0,25.0,16.0,,3.0
2020-11-17,43.0,20.0,25.0,16.0,,4.0
2020-11-18,50.0,17.0,25.0,22.0,,5.0
2020-11-19,45.0,18.0,23.0,25.0,1.0,6.0
2020-11-20,56.0,15.0,24.0,14.0,,4.0
2020-11-21,41.0,15.0,17.0,20.0,,5.0
2020-11-22,46.0,26.0,16.0,24.0,2.0,7.0
2020-11-23,71.0,18.0,21.0,19.0,5.0,4.0
2020-11-24,55.0,24.0,17.0,21.0,5.0,5.0
2020-11-25,66.0,25.0,7.0,28.0,4.0,8.0
2020-11-26,74.0,32.0,,27.0,7.0,10.0
2020-11-27,87.0,44.0,1.0,26.0,6.0,9.0
2020-11-28,106.0,38.0,10.0,22.0,4.0,8.0
2020-11-29,99.0,28.0,19.0,21.0,4.0,9.0
2020-11-30,83.0,17.0,18.0,25.0,4.0,8.0
2020-12-01,47.0,29.0,4.0,31.0,6.0,10.0
2020-12-02,72.0,20.0,17.0,28.0,10.0,9.0
2020-12-03,54.0,16.0,17.0,27.0,12.0,10.0
2020-12-04,54.0,18.0,20.0,24.0,10.0,9.0
2020-12-05,47.0,21.0,16.0,22.0,8.0,9.0
2020-12-06,61.0,24.0,9.0,25.0,10.0,10.0
2020-12-07,63.0,30.0,5.0,30.0,9.0,13.0
2020-12-08,76.0,27.0,12.0,28.0,8.0,10.0
2020-12-09,53.0,20.0,15.0,18.0,10.0,9.0
2020-12-10,46.0,20.0,19.0,20.0,13.0,9.0
2020-12-11,53.0,22.0,16.0,19.0,9.0,8.0
2020-12-12,39.0,11.0,12.0,21.0,2.0,8.0
2020-12-13,18.0,16.0,15.0,26.0,4.0,7.0
2020-12-14,25.0,17.0,14.0,31.0,3.0,8.0
2020-12-15,23.0,15.0,23.0,27.0,2.0,8.0
2020-12-16,19.0,22.0,19.0,25.0,4.0,8.0
2020-12-17,22.0,18.0,22.0,18.0,1.0,5.0
2020-12-18,37.0,15.0,25.0,15.0,1.0,2.0
2020-12-19,42.0,14.0,26.0,13.0,,2.0
2020-12-20,33.0,16.0,23.0,15.0,1.0,3.0
2020-12-21,48.0,19.0,23.0,20.0,1.0,3.0
2020-12-22,58.0,16.0,24.0,21.0,1.0,5.0
2020-12-23,51.0,10.0,26.0,11.0,,7.0
2020-12-24,32.0,10.0,22.0,17.0,,9.0
2020-12-25,42.0,7.0,29.0,11.0,,7.0
2020-12-26,37.0,10.0,25.0,10.0,7.0,7.0
2020-12-27,37.0,13.0,12.0,19.0,8.0,9.0
2020-12-28,57.0,17.0,15.0,18.0,6.0,8.0
2020-12-29,60.0,17.0,9.0,26.0,3.0,10.0
2020-12-30,73.0,21.0,12.0,21.0,4.0,10.0
2020-12-31,78.0,54.0,12.0,22.0,2.0,8.0
2021-01-01,86.0,36.0,14.0,18.0,,8.0
2021-01-02,61.0,29.0,14.0,14.0,,9.0
2021-01-03,48.0,10.0,17.0,12.0,,7.0
2021-01-04,53.0,11.0,18.0,13.0,,8.0
2021-01-05,34.0,11.0,12.0,16.0,,8.0
2021-01-06,36.0,20.0,8.0,22.0,1.0,10.0
2021-01-07,72.0,27.0,8.0,21.0,1.0,12.0
2021-01-08,70.0,28.0,13.0,24.0,,12.0
2021-01-09,83.0,21.0,13.0,22.0,1.0,11.0
2021-01-10,70.0,18.0,26.0,23.0,1.0,9.0
2021-01-11,55.0,14.0,25.0,24.0,1.0,7.0
2021-01-12,32.0,21.0,18.0,29.0,3.0,11.0
2021-01-13,49.0,11.0,16.0,22.0,1.0,8.0
2021-01-14,46.0,23.0,12.0,24.0,,12.0
2021-01-15,67.0,16.0,15.0,25.0,1.0,11.0
2021-01-16,51.0,17.0,22.0,29.0,1.0,10.0
2021-01-17,48.0,21.0,27.0,25.0,3.0,10.0
2021-01-18,55.0,11.0,27.0,16.0,3.0,7.0
2021-01-19,33.0,12.0,28.0,12.0,2.0,6.0
2021-01-20,33.0,12.0,26.0,15.0,4.0,6.0
2021-01-21,21.0,17.0,17.0,23.0,6.0,8.0
2021-01-22,43.0,16.0,20.0,22.0,5.0,9.0
2021-01-23,53.0,14.0,24.0,18.0,5.0,10.0
2021-01-24,54.0,16.0,20.0,23.0,3.0,10.0
2021-01-25,52.0,15.0,20.0,19.0,2.0,7.0
2021-01-26,48.0,16.0,12.0,21.0,2.0,6.0
2021-01-27,59.0,14.0,23.0,14.0,4.0,5.0
2021-01-28,42.0,15.0,27.0,19.0,7.0,4.0
2021-01-29,38.0,13.0,17.0,9.0,7.0,5.0
2021-01-30,36.0,17.0,20.0,9.0,7.0,5.0
2021-01-31,43.0,20.0,13.0,10.0,7.0,5.0
2021-02-01,61.0,21.0,28.0,18.0,1.0,6.0
2021-02-02,50.0,19.0,25.0,22.0,,9.0
2021-02-03,50.0,18.0,18.0,13.0,,7.0
2021-02-04,54.0,16.0,21.0,13.0,1.0,8.0
2021-02-05,51.0,18.0,15.0,18.0,,7.0
2021-02-06,66.0,16.0,28.0,8.0,,9.0
2021-02-07,49.0,12.0,26.0,12.0,,10.0
2021-02-08,35.0,10.0,26.0,11.0,,10.0
2021-02-09,24.0,14.0,26.0,19.0,,11.0
2021-02-10,30.0,28.0,21.0,27.0,1.0,11.0
2021-02-11,67.0,29.0,24.0,25.0,1.0,13.0
2021-02-12,73.0,22.0,26.0,18.0,1.0,13.0
2021-02-13,57.0,24.0,27.0,15.0,,12.0
2021-02-14,64.0,21.0,24.0,23.0,1.0,9.0
2021-02-15,55.0,19.0,25.0,25.0,2.0,9.0
2021-02-16,54.0,19.0,31.0,18.0,1.0,4.0
2021-02-17,45.0,17.0,29.0,20.0,1.0,4.0
2021-02-18,41.0,18.0,28.0,21.0,3.0,3.0
2021-02-19,39.0,35.0,29.0,21.0,6.0,4.0
2021-02-20,64.0,29.0,26.0,20.0,6.0,4.0
2021-02-21,66.0,34.0,9.0,29.0,2.0,6.0
2021-02-22,76.0,21.0,31.0,20.0,6.0,4.0
2021-02-23,50.0,23.0,29.0,23.0,6.0,4.0
2021-02-24,48.0,26.0,29.0,27.0,6.0,4.0
2021-02-25,56.0,33.0,25.0,31.0,7.0,7.0
2021-02-26,52.0,37.0,30.0,28.0,7.0,7.0
2021-02-27,51.0,30.0,21.0,17.0,6.0,4.0
2021-02-28,42.0,41.0,17.0,18.0,8.0,5.0
2021-03-01,63.0,47.0,13.0,19.0,7.0,5.0
2021-03-02,83.0,54.0,,25.0,5.0,8.0
2021-03-03,95.0,36.0,30.0,23.0,1.0,7.0
2021-03-04,35.0,19.0,28.0,19.0,1.0,7.0
2021-03-05,24.0,19.0,27.0,24.0,1.0,5.0
2021-03-06,41.0,30.0,30.0,25.0,1.0,5.0
2021-03-07,66.0,37.0,17.0,38.0,3.0,3.0
2021-03-08,99.0,38.0,30.0,30.0,2.0,8.0
2021-03-09,73.0,25.0,27.0,20.0,2.0,5.0
2021-03-10,63.0,22.0,28.0,18.0,2.0,5.0
2021-03-11,46.0,22.0,31.0,22.0,2.0,7.0
2021-03-12,38.0,18.0,31.0,16.0,2.0,6.0
2021-03-13,44.0,18.0,27.0,15.0,2.0,6.0
2021-03-14,38.0,23.0,32.0,14.0,1.0,2.0
2021-03-15,51.0,27.0,26.0,21.0,2.0,5.0
2021-03-16,52.0,30.0,24.0,29.0,1.0,6.0
2021-03-17,56.0,26.0,24.0,32.0,,6.0
2021-03-18,59.0,18.0,30.0,20.0,1.0,7.0
2021-03-19,42.0,19.0,21.0,30.0,1.0,7.0
2021-03-20,63.0,18.0,31.0,16.0,1.0,7.0
2021-03-21,53.0,29.0,25.0,25.0,2.0,6.0
2021-03-22,68.0,30.0,29.0,30.0,1.0,1.0
2021-03-23,70.0,38.0,26.0,28.0,,
2021-03-24,74.0,21.0,31.0,27.0,1.0,
2021-03-25,47.0,18.0,30.0,24.0,,
2021-03-26,38.0,23.0,32.0,18.0,,
2021-03-27,38.0,22.0,34.0,12.0,,
2021-03-28,44.0,26.0,33.0,26.0,,
2021-03-29,49.0,36.0,40.0,44.0,1.0,2.0
2021-03-30,74.0,51.0,23.0,50.0,2.0,2.0
2021-03-31,99.0,35.0,29.0,17.0,1.0,5.0
2021-04-01,68.0,16.0,33.0,9.0,,7.0
2021-04-02,37.0,17.0,35.0,7.0,,7.0
2021-04-03,42.0,24.0,36.0,15.0,,8.0
2021-04-04,55.0,21.0,32.0,16.0,,9.0
2021-04-05,53.0,14.0,29.0,14.0,,10.0
2021-04-06,32.0,19.0,28.0,23.0,,10.0
2021-04-07,41.0,24.0,28.0,23.0,2.0,10.0
2021-04-08,42.0,19.0,30.0,23.0,2.0,9.0
2021-04-09,46.0,17.0,29.0,18.0,,8.0
2021-04-10,45.0,13.0,32.0,16.0,,9.0
2021-04-11,42.0,20.0,30.0,27.0,1.0,11.0
2021-04-12,53.0,30.0,28.0,39.0,2.0,12.0
2021-04-13,68.0,26.0,34.0,26.0,,8.0
2021-04-14,60.0,17.0,31.0,21.0,,8.0
2021-04-15,33.0,19.0,34.0,26.0,,9.0
2021-04-16,33.0,17.0,31.0,21.0,,10.0
2021-04-17,31.0,19.0,31.0,22.0,,10.0
2021-04-18,35.0,35.0,33.0,33.0,1.0,6.0
2021-04-19,52.0,43.0,27.0,36.0,1.0,7.0
2021-04-20,76.0,54.0,30.0,31.0,1.0,8.0
2021-04-21,137.0,26.0,29.0,25.0,1.0,9.0
2021-04-22,54.0,24.0,29.0,30.0,1.0,9.0
2021-04-23,52.0,24.0,39.0,23.0,1.0,8.0
2021-04-24,58.0,19.0,35.0,13.0,,7.0
2021-04-25,47.0,16.0,35.0,16.0,1.0,9.0
2021-04-26,37.0,29.0,34.0,33.0,1.0,10.0
2021-04-27,63.0,33.0,39.0,24.0,2.0,8.0
2021-04-28,62.0,21.0,32.0,24.0,2.0,4.0
2021-04-29,43.0,20.0,35.0,29.0,1.0,3.0
2021-04-30,36.0,21.0,37.0,23.0,1.0,2.0
2021-05-01,37.0,22.0,36.0,19.0,1.0,3.0
2021-05-02,42.0,19.0,40.0,14.0,1.0,2.0
2021-05-03,25.0,15.0,32.0,17.0,2.0,2.0
2021-05-04,27.0,14.0,27.0,22.0,2.0,5.0
2021-05-05,20.0,15.0,29.0,24.0,7.0,6.0
2021-05-06,24.0,19.0,32.0,24.0,7.0,5.0
2021-05-07,24.0,16.0,25.0,13.0,,1.0
2021-05-08,29.0,14.0,18.0,14.0,,
2021-05-09,25.0,15.0,30.0,20.0,1.0,1.0
2021-05-10,42.0,18.0,37.0,25.0,2.0,1.0
2021-05-11,45.0,19.0,35.0,25.0,1.0,2.0
2021-05-12,61.0,18.0,24.0,29.0,1.0,
2021-05-13,56.0,15.0,30.0,23.0,1.0,1.0
2021-05-14,63.0,18.0,30.0,25.0,1.0,1.0
2021-05-15,41.0,15.0,28.0,18.0,1.0,1.0
2021-05-16,25.0,15.0,25.0,25.0,1.0,3.0
2021-05-17,40.0,20.0,25.0,26.0,2.0,1.0
2021-05-18,43.0,17.0,30.0,22.0,1.0,4.0
2021-05-19,37.0,23.0,30.0,23.0,1.0,1.0
2021-05-20,43.0,22.0,30.0,20.0,2.0,1.0
2021-05-21,48.0,13.0,27.0,20.0,3.0,3.0
2021-05-22,39.0,14.0,34.0,18.0,3.0,1.0
2021-05-23,34.0,15.0,27.0,25.0,2.0,2.0
2021-05-24,34.0,17.0,23.0,23.0,2.0,2.0
2021-05-25,41.0,16.0,30.0,23.0,3.0,3.0
2021-05-26,40.0,17.0,36.0,28.0,3.0,2.0
2021-05-27,47.0,25.0,30.0,34.0,4.0,1.0
2021-05-28,60.0,25.0,38.0,20.0,4.0,1.0
2021-05-29,69.0,23.0,35.0,13.0,3.0,
2021-05-30,65.0,26.0,42.0,16.0,3.0,
2021-05-31,70.0,26.0,54.0,22.0,3.0,
2021-06-01,71.0,30.0,52.0,30.0,4.0,1.0
2021-06-02,73.0,30.0,36.0,23.0,1.0,1.0
2021-06-03,70.0,21.0,18.0,29.0,,1.0
2021-06-04,53.0,20.0,40.0,21.0,,1.0
2021-06-05,62.0,17.0,23.0,17.0,,1.0
2021-06-06,50.0,19.0,27.0,18.0,,
2021-06-07,50.0,19.0,37.0,23.0,,
2021-06-08,46.0,21.0,35.0,22.0,1.0,
2021-06-09,42.0,19.0,18.0,15.0,1.0,
2021-06-10,39.0,15.0,21.0,14.0,,
2021-06-11,42.0,13.0,33.0,10.0,,
2021-06-12,36.0,19.0,40.0,17.0,,
2021-06-13,42.0,14.0,28.0,16.0,,
2021-06-14,46.0,17.0,20.0,15.0,1.0,
2021-06-15,40.0,24.0,38.0,26.0,1.0,
2021-06-16,52.0,21.0,21.0,18.0,,1.0
2021-06-17,57.0,16.0,21.0,20.0,,1.0
2021-06-18,51.0,15.0,21.0,16.0,,1.0
2021-06-19,51.0,14.0,20.0,12.0,,1.0
2021-06-20,43.0,13.0,25.0,14.0,1.0,1.0
2021-06-21,34.0,15.0,27.0,14.0,,1.0
2021-06-22,36.0,15.0,35.0,22.0,,1.0
2021-06-23,49.0,24.0,22.0,22.0,1.0,1.0
2021-06-24,39.0,16.0,27.0,20.0,1.0,1.0
2021-06-25,43.0,18.0,29.0,18.0,,1.0
2021-06-26,42.0,21.0,30.0,15.0,,1.0
2021-06-27,54.0,18.0,21.0,18.0,,1.0
2021-06-28,50.0,22.0,12.0,25.0,,1.0
2021-06-29,50.0,15.0,22.0,23.0,,1.0
2021-06-30,36.0,20.0,30.0,24.0,4.0,6.0
2021-07-01,57.0,25.0,34.0,19.0,2.0,10.0
2021-07-02,70.0,17.0,25.0,8.0,1.0,10.0
2021-07-03,49.0,12.0,22.0,4.0,2.0,10.0
2021-07-04,35.0,16.0,26.0,7.0,3.0,4.0
2021-07-05,37.0,14.0,21.0,6.0,3.0,1.0
2021-07-06,33.0,16.0,23.0,12.0,2.0,1.0
2021-07-07,29.0,15.0,23.0,26.0,1.0,6.0
2021-07-08,29.0,17.0,26.0,28.0,,7.0
2021-07-09,38.0,16.0,11.0,23.0,,5.0
2021-07-10,46.0,17.0,13.0,18.0,,5.0
2021-07-11,48.0,13.0,12.0,24.0,,4.0
2021-07-12,45.0,17.0,23.0,22.0,,3.0
2021-07-13,50.0,14.0,25.0,21.0,,4.0
2021-07-14,44.0,10.0,18.0,18.0,,3.0
2021-07-15,35.0,17.0,28.0,16.0,,4.0
2021-07-16,39.0,14.0,30.0,12.0,,4.0
2021-07-17,37.0,21.0,42.0,19.0,,4.0
2021-07-18,41.0,24.0,42.0,23.0,,5.0
2021-07-19,49.0,30.0,45.0,26.0,,4.0
2021-07-20,56.0,32.0,47.0,29.0,,4.0
2021-07-21,75.0,28.0,33.0,18.0,,4.0
2021-07-22,73.0,14.0,29.0,13.0,,3.0
2021-07-23,46.0,28.0,31.0,16.0,,2.0
2021-07-24,66.0,26.0,24.0,18.0,,2.0
2021-07-25,69.0,32.0,38.0,20.0,1.0,1.0
2021-07-26,65.0,16.0,31.0,20.0,1.0,3.0
2021-07-27,43.0,12.0,20.0,9.0,1.0,3.0
2021-07-28,40.0,17.0,23.0,20.0,1.0,5.0
2021-07-29,36.0,16.0,20.0,16.0,1.0,5.0
2021-07-30,30.0,10.0,24.0,19.0,1.0,4.0
2021-07-31,31.0,11.0,22.0,11.0,,4.0
2021-08-01,27.0,11.0,25.0,10.0,1.0,5.0
2021-08-02,28.0,12.0,31.0,10.0,,6.0
2021-08-03,44.0,15.0,29.0,13.0,,6.0
2021-08-04,52.0,12.0,30.0,7.0,,5.0
2021-08-05,48.0,12.0,22.0,6.0,,6.0
2021-08-06,35.0,11.0,26.0,16.0,,6.0
2021-08-07,31.0,16.0,23.0,15.0,,6.0
2021-08-08,33.0,15.0,18.0,17.0,,6.0
2021-08-09,34.0,16.0,25.0,18.0,,9.0
2021-08-10,44.0,16.0,27.0,24.0,,7.0
2021-08-11,39.0,15.0,17.0,19.0,,6.0
2021-08-12,40.0,18.0,21.0,19.0,,8.0
2021-08-13,37.0,20.0,28.0,20.0,,7.0
2021-08-14,36.0,14.0,28.0,15.0,,5.0
2021-08-15,32.0,21.0,23.0,17.0,,5.0
2021-08-16,47.0,15.0,15.0,21.0,,6.0
2021-08-17,31.0,14.0,22.0,20.0,,5.0
2021-08-18,26.0,16.0,24.0,23.0,,5.0
2021-08-19,35.0,13.0,19.0,23.0,,5.0
2021-08-20,35.0,16.0,17.0,28.0,,6.0
2021-08-21,43.0,15.0,24.0,20.0,,5.0
2021-08-22,47.0,15.0,25.0,25.0,,5.0
2021-08-23,39.0,22.0,30.0,21.0,,6.0
2021-08-24,37.0,16.0,27.0,20.0,,5.0
2021-08-25,26.0,16.0,27.0,23.0,,6.0
2021-08-26,29.0,19.0,25.0,26.0,,5.0
2021-08-27,31.0,12.0,26.0,21.0,,5.0
2021-08-28,35.0,9.0,27.0,21.0,,5.0
2021-08-29,28.0,5.0,25.0,10.0,,6.0
2021-08-30,21.0,5.0,24.0,6.0,,5.0
2021-08-31,20.0,7.0,20.0,7.0,,5.0
2021-09-01,31.0,15.0,23.0,7.0,,5.0
2021-09-02,37.0,22.0,24.0,16.0,,5.0
2021-09-03,54.0,30.0,20.0,15.0,,5.0
2021-09-04,56.0,33.0,39.0,17.0,,3.0
2021-09-05,58.0,41.0,39.0,43.0,,3.0
2021-09-06,59.0,51.0,53.0,47.0,,3.0
2021-09-07,81.0,46.0,51.0,29.0,,2.0
2021-09-08,81.0,16.0,23.0,9.0,,1.0
2021-09-09,57.0,9.0,26.0,9.0,,2.0
2021-09-10,40.0,10.0,31.0,8.0,,1.0
2021-09-11,41.0,11.0,28.0,15.0,,1.0
2021-09-12,44.0,11.0,29.0,12.0,,1.0
2021-09-13,33.0,16.0,20.0,14.0,,2.0
2021-09-14,59.0,13.0,27.0,17.0,,3.0
2021-09-15,74.0,19.0,29.0,34.0,1.0,7.0
2021-09-16,59.0,14.0,29.0,35.0,1.0,7.0
2021-09-17,33.0,20.0,36.0,32.0,,7.0
2021-09-18,49.0,29.0,16.0,22.0,,5.0
2021-09-19,64.0,10.0,24.0,16.0,,5.0
2021-09-20,38.0,20.0,14.0,22.0,,7.0
2021-09-21,46.0,24.0,28.0,23.0,,8.0
2021-09-22,51.0,21.0,20.0,23.0,1.0,8.0
2021-09-23,44.0,21.0,25.0,28.0,2.0,8.0
2021-09-24,44.0,18.0,13.0,21.0,1.0,7.0
2021-09-25,38.0,21.0,23.0,16.0,1.0,6.0
2021-09-26,40.0,16.0,31.0,21.0,1.0,6.0
2021-09-27,34.0,20.0,27.0,25.0,1.0,7.0
2021-09-28,31.0,17.0,22.0,19.0,1.0,7.0
2021-09-29,31.0,23.0,25.0,27.0,1.0,5.0
2021-09-30,33.0,18.0,25.0,26.0,,2.0
2021-10-01,34.0,18.0,27.0,25.0,1.0,2.0
2021-10-02,33.0,15.0,22.0,17.0,1.0,2.0
2021-10-03,33.0,17.0,26.0,29.0,1.0,2.0
2021-10-04,38.0,13.0,25.0,23.0,1.0,2.0
2021-10-05,34.0,19.0,20.0,23.0,1.0,3.0
2021-10-06,41.0,23.0,13.0,26.0,1.0,2.0
2021-10-07,49.0,22.0,16.0,20.0,1.0,2.0
2021-10-08,50.0,40.0,18.0,30.0,,3.0
2021-10-09,101.0,36.0,17.0,18.0,,3.0
2021-10-10,93.0,21.0,15.0,17.0,,3.0
2021-10-11,50.0,22.0,17.0,20.0,,3.0
2021-10-12,54.0,23.0,12.0,25.0,1.0,4.0
2021-10-13,44.0,21.0,22.0,28.0,1.0,5.0
2021-10-14,52.0,26.0,23.0,27.0,,3.0
2021-10-15,56.0,31.0,13.0,32.0,1.0,5.0
2021-10-16,68.0,25.0,23.0,26.0,1.0,4.0
2021-10-17,60.0,25.0,15.0,25.0,1.0,3.0
2021-10-18,60.0,29.0,19.0,16.0,1.0,1.0
2021-10-19,69.0,22.0,25.0,21.0,1.0,2.0
2021-10-20,51.0,19.0,23.0,20.0,1.0,4.0
2021-10-21,43.0,19.0,22.0,26.0,1.0,5.0
2021-10-22,40.0,16.0,25.0,28.0,1.0,5.0
2021-10-23,37.0,20.0,27.0,23.0,1.0,4.0
2021-10-24,39.0,22.0,22.0,27.0,1.0,5.0
2021-10-25,45.0,21.0,25.0,27.0,1.0,4.0
2021-10-26,45.0,19.0,29.0,23.0,1.0,2.0
2021-10-27,37.0,20.0,25.0,27.0,2.0,3.0
2021-10-28,49.0,21.0,28.0,27.0,3.0,3.0
2021-10-29,48.0,16.0,25.0,26.0,3.0,4.0
2021-10-30,49.0,18.0,27.0,18.0,3.0,4.0
2021-10-31,39.0,17.0,25.0,26.0,,6.0
2021-11-01,38.0,22.0,10.0,32.0,2.0,8.0
2021-11-02,52.0,23.0,19.0,25.0,1.0,7.0
2021-11-03,64.0,16.0,19.0,14.0,,6.0
2021-11-04,46.0,28.0,6.0,32.0,1.0,12.0
2021-11-05,77.0,29.0,22.0,23.0,,5.0
2021-11-06,72.0,20.0,21.0,22.0,,8.0
2021-11-07,45.0,26.0,12.0,33.0,1.0,7.0
2021-11-08,62.0,18.0,20.0,32.0,1.0,4.0
2021-11-09,44.0,16.0,19.0,31.0,2.0,2.0
2021-11-10,48.0,20.0,17.0,34.0,2.0,4.0
2021-11-11,53.0,21.0,21.0,28.0,2.0,4.0
2021-11-12,54.0,13.0,17.0,18.0,,5.0
2021-11-13,35.0,12.0,15.0,16.0,1.0,2.0
2021-11-14,38.0,20.0,6.0,28.0,1.0,4.0
2021-11-15,59.0,25.0,10.0,37.0,,8.0
2021-11-16,69.0,26.0,11.0,29.0,1.0,13.0
2021-11-17,62.0,24.0,15.0,32.0,2.0,8.0
2021-11-18,57.0,17.0,14.0,26.0,2.0,4.0
2021-11-19,52.0,18.0,22.0,26.0,2.0,5.0
2021-11-20,48.0,14.0,21.0,13.0,2.0,3.0
2021-11-21,35.0,16.0,19.0,19.0,1.0,2.0
2021-11-22,48.0,28.0,4.0,35.0,3.0,5.0
2021-11-23,71.0,37.0,12.0,36.0,4.0,8.0
2021-11-24,93.0,26.0,14.0,21.0,3.0,3.0
2021-11-25,69.0,19.0,20.0,25.0,1.0,5.0
2021-11-26,48.0,12.0,25.0,10.0,1.0,3.0
2021-11-27,44.0,14.0,23.0,12.0,2.0,6.0
2021-11-28,44.0,25.0,11.0,35.0,1.0,10.0
2021-11-29,66.0,26.0,26.0,26.0,1.0,10.0
2021-11-30,66.0,20.0,26.0,19.0,1.0,11.0
2021-12-01,69.0,16.0,16.0,23.0,1.0,13.0
2021-12-02,42.0,22.0,18.0,38.0,3.0,13.0
2021-12-03,59.0,30.0,22.0,27.0,1.0,13.0
2021-12-04,83.0,18.0,22.0,12.0,,10.0
2021-12-05,61.0,48.0,16.0,33.0,4.0,10.0
2021-12-06,139.0,48.0,26.0,32.0,5.0,4.0
2021-12-07,137.0,27.0,25.0,27.0,5.0,4.0
2021-12-08,65.0,21.0,20.0,24.0,4.0,5.0
2021-12-09,39.0,14.0,22.0,20.0,3.0,5.0
2021-12-10,35.0,21.0,17.0,39.0,2.0,5.0
2021-12-11,48.0,16.0,22.0,22.0,2.0,1.0
2021-12-12,33.0,13.0,21.0,25.0,,2.0
2021-12-13,34.0,18.0,14.0,28.0,1.0,2.0
2021-12-14,45.0,17.0,18.0,26.0,1.0,3.0
2021-12-15,51.0,8.0,20.0,22.0,,2.0
2021-12-16,36.0,13.0,19.0,22.0,,1.0
2021-12-17,48.0,15.0,16.0,23.0,,1.0
2021-12-18,54.0,9.0,19.0,21.0,2.0,2.0
2021-12-19,39.0,7.0,21.0,28.0,2.0,3.0
2021-12-20,25.0,14.0,21.0,30.0,,2.0
2021-12-21,51.0,28.0,5.0,40.0,1.0,2.0
2021-12-22,66.0,29.0,14.0,26.0,2.0,4.0
2021-12-23,75.0,18.0,17.0,23.0,1.0,2.0
2021-12-24,52.0,16.0,16.0,13.0,1.0,1.0
2021-12-25,53.0,25.0,17.0,26.0,1.0,3.0
2021-12-26,74.0,19.0,22.0,21.0,,
2021-12-27,56.0,9.0,27.0,16.0,,4.0
2021-12-28,43.0,13.0,20.0,19.0,1.0,1.0
2021-12-29,33.0,12.0,20.0,14.0,1.0,
2021-12-30,39.0,17.0,21.0,15.0,1.0,
2021-12-31,45.0,24.0,18.0,14.0,2.0,1.0
2022-01-01,63.0,15.0,28.0,17.0,2.0,1.0
2022-01-02,36.0,13.0,28.0,4.0,2.0,2.0
2022-01-03,33.0,9.0,19.0,8.0,,1.0
2022-01-04,24.0,12.0,18.0,12.0,,
2022-01-05,30.0,17.0,26.0,23.0,1.0,5.0
2022-01-06,51.0,12.0,23.0,27.0,1.0,9.0
2022-01-07,32.0,15.0,22.0,17.0,1.0,6.0
2022-01-08,36.0,20.0,21.0,22.0,1.0,7.0
2022-01-09,55.0,31.0,17.0,37.0,1.0,7.0
2022-01-10,69.0,20.0,15.0,19.0,1.0,3.0
2022-01-11,57.0,35.0,6.0,30.0,2.0,8.0
2022-01-12,79.0,39.0,4.0,34.0,2.0,10.0
2022-01-13,84.0,47.0,1.0,38.0,3.0,11.0
2022-01-14,109.0,44.0,7.0,26.0,2.0,8.0
2022-01-15,101.0,31.0,15.0,20.0,2.0,7.0
2022-01-16,75.0,31.0,10.0,26.0,2.0,5.0
2022-01-17,60.0,43.0,12.0,33.0,3.0,11.0
2022-01-18,100.0,31.0,14.0,22.0,,6.0
2022-01-19,62.0,20.0,18.0,17.0,1.0,7.0
2022-01-20,50.0,21.0,9.0,24.0,1.0,3.0
2022-01-21,47.0,15.0,20.0,19.0,1.0,
2022-01-22,49.0,26.0,22.0,20.0,1.0,1.0
2022-01-23,26.0,27.0,20.0,21.0,1.0,
2022-01-24,73.0,28.0,12.0,19.0,1.0,
2022-01-25,81.0,25.0,14.0,27.0,1.0,1.0
2022-01-26,68.0,23.0,18.0,23.0,1.0,2.0
2022-01-27,54.0,24.0,18.0,28.0,2.0,3.0
2022-01-28,50.0,20.0,25.0,10.0,,1.0
2022-01-29,37.0,25.0,25.0,14.0,1.0,4.0
2022-01-30,45.0,19.0,28.0,7.0,1.0,5.0
2022-01-31,47.0,19.0,22.0,7.0,1.0,5.0
2022-02-01,42.0,22.0,25.0,11.0,1.0,4.0
2022-02-02,47.0,27.0,26.0,24.0,1.0,6.0
2022-02-03,49.0,23.0,29.0,21.0,,11.0
2022-02-04,40.0,28.0,30.0,22.0,,10.0
2022-02-05,40.0,14.0,29.0,11.0,,11.0
2022-02-06,30.0,24.0,29.0,25.0,1.0,13.0
2022-02-07,45.0,12.0,28.0,24.0,,9.0
2022-02-08,28.0,17.0,28.0,24.0,1.0,9.0
2022-02-09,28.0,18.0,17.0,22.0,,12.0
2022-02-10,42.0,22.0,19.0,28.0,,12.0
2022-02-11,44.0,23.0,24.0,19.0,,10.0
2022-02-12,47.0,19.0,27.0,14.0,1.0,9.0
2022-02-13,48.0,15.0,25.0,21.0,1.0,8.0
2022-02-14,41.0,22.0,26.0,25.0,1.0,2.0
2022-02-15,45.0,15.0,32.0,16.0,1.0,
2022-02-16,39.0,30.0,29.0,21.0,1.0,7.0
2022-02-17,49.0,26.0,31.0,15.0,,6.0
2022-02-18,46.0,21.0,26.0,21.0,1.0,4.0
2022-02-19,49.0,21.0,30.0,14.0,,1.0
2022-02-20,49.0,21.0,29.0,14.0,,3.0
2022-02-21,49.0,25.0,28.0,24.0,,3.0
2022-02-22,53.0,15.0,30.0,27.0,,3.0
2022-02-23,35.0,6.0,31.0,24.0,1.0,6.0
2022-02-24,14.0,15.0,26.0,24.0,1.0,5.0
2022-02-25,33.0,15.0,29.0,29.0,,5.0
2022-02-26,41.0,11.0,26.0,21.0,,4.0
2022-02-27,32.0,14.0,25.0,28.0,1.0,3.0
2022-02-28,42.0,16.0,18.0,23.0,,1.0
2022-03-01,53.0,31.0,15.0,25.0,,2.0
2022-03-02,98.0,41.0,19.0,33.0,,2.0
2022-03-03,100.0,23.0,24.0,19.0,,1.0
2022-03-04,64.0,16.0,25.0,13.0,,1.0
2022-03-05,62.0,18.0,25.0,12.0,,
2022-03-06,54.0,21.0,24.0,21.0,,1.0
2022-03-07,52.0,35.0,23.0,18.0,1.0,2.0
2022-03-08,83.0,28.0,27.0,23.0,1.0,2.0
2022-03-09,66.0,23.0,28.0,28.0,1.0,3.0
2022-03-10,65.0,21.0,26.0,24.0,2.0,2.0
2022-03-11,61.0,19.0,32.0,19.0,1.0,2.0
2022-03-12,47.0,16.0,30.0,20.0,1.0,2.0
2022-03-13,50.0,23.0,36.0,29.0,2.0,3.0
2022-03-14,60.0,24.0,25.0,29.0,1.0,3.0
2022-03-15,58.0,28.0,24.0,22.0,2.0,3.0
2022-03-16,70.0,26.0,25.0,29.0,1.0,11.0
2022-03-17,53.0,29.0,29.0,28.0,,5.0
2022-03-18,57.0,32.0,28.0,17.0,,1.0
2022-03-19,70.0,32.0,31.0,20.0,,2.0
2022-03-20,80.0,51.0,28.0,23.0,1.0,4.0
2022-03-21,108.0,56.0,34.0,35.0,1.0,2.0
2022-03-22,125.0,61.0,39.0,41.0,2.0,3.0
2022-03-23,140.0,67.0,39.0,47.0,3.0,5.0
2022-03-24,144.0,64.0,40.0,37.0,3.0,3.0
2022-03-25,144.0,47.0,42.0,30.0,3.0,2.0
2022-03-26,96.0,27.0,23.0,21.0,3.0,1.0
2022-03-27,62.0,35.0,21.0,28.0,2.0,1.0
2022-03-28,79.0,38.0,30.0,20.0,1.0,1.0
2022-03-29,89.0,41.0,30.0,13.0,1.0,3.0
2022-03-30,92.0,19.0,30.0,8.0,,6.0
2022-03-31,44.0,14.0,32.0,11.0,,1.0
2022-04-01,32.0,19.0,33.0,15.0,,3.0
2022-04-02,47.0,20.0,31.0,20.0,,5.0
2022-04-03,53.0,16.0,28.0,24.0,1.0,5.0
2022-04-04,43.0,18.0,31.0,21.0,,4.0
2022-04-05,35.0,14.0,31.0,24.0,,2.0
2022-04-06,28.0,16.0,23.0,14.0,,5.0
2022-04-07,28.0,17.0,27.0,17.0,,4.0
2022-04-08,41.0,16.0,25.0,16.0,,6.0
2022-04-09,44.0,18.0,30.0,23.0,,4.0
2022-04-10,46.0,30.0,21.0,35.0,1.0,4.0
2022-04-11,59.0,32.0,26.0,28.0,1.0,2.0
2022-04-12,61.0,18.0,27.0,20.0,1.0,1.0
2022-04-13,43.0,14.0,27.0,24.0,,2.0
2022-04-14,40.0,15.0,32.0,26.0,,3.0
2022-04-15,42.0,39.0,31.0,25.0,,2.0
2022-04-16,91.0,29.0,40.0,23.0,,3.0
2022-04-17,90.0,21.0,34.0,18.0,,4.0
2022-04-18,56.0,19.0,33.0,14.0,,3.0
2022-04-19,46.0,25.0,32.0,16.0,,2.0
2022-04-20,56.0,28.0,32.0,16.0,,1.0
2022-04-21,62.0,22.0,31.0,13.0,,1.0
2022-04-22,57.0,35.0,33.0,11.0,,
2022-04-23,72.0,30.0,38.0,9.0,,1.0
2022-04-24,67.0,15.0,29.0,15.0,,1.0
2022-04-25,35.0,13.0,33.0,17.0,,1.0
2022-04-26,37.0,22.0,29.0,15.0,,1.0
2022-04-27,40.0,25.0,31.0,4.0,,1.0
2022-04-28,52.0,26.0,29.0,18.0,,1.0
2022-04-29,56.0,25.0,36.0,19.0,,2.0
2022-04-30,56.0,25.0,31.0,21.0,,2.0
2022-05-01,59.0,28.0,27.0,21.0,,1.0
2022-05-02,69.0,28.0,17.0,20.0,,
2022-05-03,71.0,35.0,21.0,27.0,1.0,1.0
2022-05-04,74.0,23.0,27.0,23.0,1.0,1.0
2022-05-05,56.0,26.0,28.0,26.0,1.0,3.0
2022-05-06,57.0,16.0,21.0,18.0,,4.0
2022-05-07,39.0,21.0,31.0,14.0,,6.0
2022-05-08,51.0,26.0,32.0,26.0,1.0,5.0
2022-05-09,55.0,26.0,27.0,18.0,1.0,1.0
2022-05-10,50.0,21.0,24.0,17.0,1.0,1.0
2022-05-11,47.0,24.0,27.0,19.0,1.0,1.0
2022-05-12,36.0,21.0,32.0,24.0,,6.0
2022-05-13,44.0,30.0,38.0,21.0,,5.0
2022-05-14,53.0,35.0,31.0,22.0,1.0,6.0
2022-05-15,69.0,30.0,28.0,24.0,1.0,6.0
2022-05-16,57.0,21.0,33.0,26.0,,2.0
2022-05-17,45.0,23.0,32.0,24.0,1.0,1.0
2022-05-18,43.0,22.0,36.0,25.0,,1.0
2022-05-19,42.0,19.0,30.0,25.0,,1.0
2022-05-20,44.0,20.0,29.0,19.0,,1.0
2022-05-21,50.0,22.0,36.0,19.0,,1.0
2022-05-22,50.0,18.0,24.0,20.0,,
2022-05-23,39.0,18.0,24.0,20.0,1.0,1.0
2022-05-24,29.0,19.0,24.0,21.0,,1.0
2022-05-25,34.0,19.0,21.0,18.0,,3.0
2022-05-26,31.0,22.0,33.0,15.0,,4.0
2022-05-27,35.0,17.0,27.0,12.0,,1.0
2022-05-28,44.0,15.0,27.0,8.0,,
2022-05-29,34.0,21.0,26.0,15.0,,1.0
2022-05-30,33.0,18.0,24.0,13.0,,1.0
2022-05-31,40.0,15.0,25.0,18.0,,1.0
2022-06-01,50.0,21.0,35.0,20.0,,1.0
2022-06-02,56.0,22.0,44.0,16.0,,1.0
2022-06-03,57.0,19.0,34.0,3.0,,
2022-06-04,46.0,19.0,25.0,8.0,,
2022-06-05,58.0,15.0,22.0,22.0,1.0,1.0
2022-06-06,40.0,17.0,26.0,18.0,1.0,1.0
2022-06-07,43.0,23.0,27.0,18.0,1.0,2.0
2022-06-08,35.0,23.0,23.0,23.0,1.0,5.0
2022-06-09,48.0,22.0,26.0,21.0,1.0,2.0
2022-06-10,53.0,24.0,26.0,12.0,,1.0
2022-06-11,51.0,19.0,29.0,12.0,,1.0
2022-06-12,45.0,15.0,31.0,20.0,,1.0
2022-06-13,43.0,20.0,42.0,28.0,1.0,2.0
2022-06-14,50.0,29.0,48.0,35.0,1.0,1.0
2022-06-15,64.0,35.0,51.0,43.0,1.0,2.0
2022-06-16,78.0,44.0,52.0,37.0,1.0,2.0
2022-06-17,103.0,35.0,24.0,15.0,,
2022-06-18,80.0,15.0,26.0,9.0,,
2022-06-19,38.0,18.0,29.0,10.0,,
2022-06-20,31.0,17.0,30.0,25.0,1.0,
2022-06-21,43.0,21.0,31.0,22.0,,
2022-06-22,52.0,24.0,41.0,24.0,,
2022-06-23,50.0,22.0,31.0,22.0,,1.0
2022-06-24,55.0,16.0,29.0,16.0,,2.0
2022-06-25,26.0,14.0,29.0,14.0,,2.0
2022-06-26,63.0,18.0,21.0,19.0,,2.0
2022-06-27,33.0,14.0,27.0,22.0,,4.0
2022-06-28,36.0,17.0,23.0,21.0,,3.0
2022-06-29,33.0,21.0,24.0,22.0,1.0,1.0
2022-06-30,30.0,22.0,24.0,18.0,,1.0
2022-07-01,35.0,20.0,24.0,16.0,,1.0
2022-07-02,33.0,12.0,23.0,7.0,,
2022-07-03,33.0,15.0,25.0,16.0,,2.0
2022-07-04,26.0,13.0,22.0,12.0,,
2022-07-05,36.0,14.0,16.0,11.0,,
2022-07-06,34.0,12.0,28.0,16.0,,3.0
2022-07-07,31.0,17.0,32.0,20.0,,5.0
2022-07-08,44.0,14.0,31.0,12.0,,5.0
2022-07-09,38.0,17.0,43.0,12.0,,4.0
2022-07-10,46.0,20.0,46.0,24.0,,6.0
2022-07-11,68.0,24.0,37.0,27.0,,4.0
2022-07-12,55.0,20.0,35.0,13.0,,
2022-07-13,49.0,17.0,29.0,6.0,,1.0
2022-07-14,43.0,13.0,27.0,15.0,,1.0
2022-07-15,26.0,12.0,40.0,15.0,11.0,1.0
2022-07-16,34.0,18.0,41.0,20.0,,2.0
2022-07-17,46.0,38.0,58.0,21.0,1.0,2.0
2022-07-18,73.0,37.0,52.0,21.0,,2.0
2022-07-19,69.0,27.0,33.0,10.0,,
2022-07-20,70.0,21.0,25.0,12.0,,
2022-07-21,47.0,17.0,24.0,16.0,,1.0
2022-07-22,24.0,17.0,30.0,14.0,,1.0
2022-07-23,34.0,18.0,26.0,11.0,3.0,
2022-07-24,38.0,16.0,24.0,14.0,4.0,
2022-07-25,36.0,17.0,23.0,15.0,,
2022-07-26,31.0,14.0,23.0,20.0,,2.0
2022-07-27,27.0,14.0,32.0,15.0,,3.0
2022-07-28,32.0,13.0,40.0,13.0,,1.0
2022-07-29,41.0,17.0,35.0,9.0,,1.0
2022-07-30,30.0,6.0,18.0,5.0,,
2022-07-31,17.0,7.0,32.0,11.0,,
2022-08-01,23.0,16.0,16.0,7.0,,
2022-08-02,36.0,19.0,10.0,11.0,1.0,
2022-08-03,39.0,10.0,28.0,12.0,,
2022-08-04,35.0,14.0,28.0,15.0,,4.0
2022-08-05,34.0,19.0,28.0,14.0,,7.0
2022-08-06,49.0,19.0,30.0,18.0,,7.0
2022-08-07,48.0,18.0,31.0,16.0,,6.0
2022-08-08,52.0,13.0,27.0,16.0,,2.0
2022-08-09,42.0,17.0,33.0,17.0,,3.0
2022-08-10,42.0,23.0,48.0,22.0,,4.0
2022-08-11,56.0,26.0,59.0,22.0,,4.0
2022-08-12,56.0,26.0,58.0,23.0,,4.0
2022-08-13,52.0,24.0,61.0,23.0,1.0,4.0
2022-08-14,47.0,31.0,54.0,27.0,1.0,3.0
2022-08-15,43.0,31.0,33.0,21.0,,2.0
2022-08-16,56.0,32.0,34.0,18.0,,
2022-08-17,51.0,20.0,36.0,20.0,,
2022-08-18,25.0,15.0,28.0,22.0,,
2022-08-19,26.0,19.0,24.0,14.0,,
2022-08-20,37.0,20.0,28.0,13.0,,
2022-08-21,41.0,18.0,23.0,17.0,,1.0
2022-08-22,43.0,9.0,15.0,13.0,,2.0
2022-08-23,32.0,11.0,23.0,17.0,,1.0
2022-08-24,36.0,15.0,10.0,17.0,,
2022-08-25,42.0,20.0,25.0,16.0,,
2022-08-26,42.0,23.0,29.0,17.0,,
2022-08-27,45.0,19.0,23.0,9.0,,
2022-08-28,24.0,12.0,22.0,6.0,,
2022-08-29,22.0,10.0,24.0,7.0,,1.0
2022-08-30,31.0,19.0,30.0,10.0,,1.0
2022-08-31,38.0,15.0,32.0,15.0,,1.0
2022-09-01,48.0,26.0,28.0,27.0,,2.0
2022-09-02,52.0,20.0,36.0,22.0,,2.0
2022-09-03,60.0,19.0,25.0,15.0,,2.0
2022-09-04,52.0,22.0,18.0,23.0,,3.0
2022-09-05,45.0,18.0,23.0,13.0,,2.0
2022-09-06,43.0,10.0,22.0,12.0,1.0,3.0
2022-09-07,40.0,10.0,18.0,20.0,1.0,3.0
2022-09-08,40.0,12.0,19.0,20.0,1.0,2.0
2022-09-09,44.0,21.0,22.0,17.0,,2.0
2022-09-10,46.0,19.0,30.0,9.0,,2.0
2022-09-11,50.0,12.0,29.0,12.0,,2.0
2022-09-12,45.0,11.0,13.0,9.0,,2.0
2022-09-13,44.0,10.0,18.0,9.0,,2.0
2022-09-14,43.0,15.0,21.0,9.0,,1.0
2022-09-15,41.0,8.0,17.0,6.0,,
2022-09-16,31.0,15.0,16.0,17.0,,1.0
2022-09-17,42.0,13.0,16.0,12.0,,
2022-09-18,28.0,20.0,21.0,13.0,,
2022-09-19,30.0,29.0,21.0,18.0,,
2022-09-20,53.0,27.0,21.0,15.0,1.0,2.0
2022-09-21,67.0,23.0,28.0,11.0,,1.0
2022-09-22,63.0,19.0,17.0,8.0,,
2022-09-23,44.0,23.0,21.0,13.0,,
2022-09-24,54.0,18.0,25.0,11.0,,1.0
2022-09-25,51.0,32.0,20.0,15.0,,1.0
2022-09-26,55.0,19.0,19.0,15.0,,2.0
2022-09-27,39.0,22.0,15.0,17.0,1.0,2.0
2022-09-28,43.0,25.0,17.0,29.0,1.0,4.0
2022-09-29,67.0,25.0,20.0,24.0,,3.0
2022-09-30,71.0,33.0,21.0,17.0,,3.0
2022-10-01,82.0,45.0,21.0,19.0,,2.0
2022-10-02,119.0,28.0,21.0,31.0,1.0,4.0
2022-10-03,75.0,17.0,23.0,23.0,,1.0
2022-10-04,47.0,23.0,24.0,18.0,,1.0
2022-10-05,44.0,23.0,18.0,25.0,1.0,3.0
2022-10-06,41.0,16.0,15.0,21.0,,3.0
2022-10-07,29.0,16.0,11.0,19.0,,5.0
2022-10-08,33.0,15.0,19.0,23.0,,4.0
2022-10-09,33.0,13.0,16.0,27.0,,3.0
2022-10-10,38.0,21.0,8.0,30.0,1.0,6.0
2022-10-11,45.0,22.0,18.0,25.0,1.0,5.0
2022-10-12,54.0,28.0,14.0,30.0,1.0,3.0
2022-10-13,59.0,17.0,20.0,13.0,1.0,3.0
2022-10-14,44.0,9.0,25.0,4.0,1.0,2.0
2022-10-15,23.0,21.0,24.0,17.0,1.0,2.0
2022-10-16,41.0,25.0,24.0,25.0,,2.0
2022-10-17,51.0,27.0,16.0,26.0,,4.0
2022-10-18,54.0,20.0,15.0,12.0,,2.0
2022-10-19,53.0,22.0,13.0,20.0,1.0,2.0
2022-10-20,70.0,19.0,24.0,15.0,1.0,1.0
2022-10-21,53.0,20.0,22.0,20.0,1.0,1.0
2022-10-22,45.0,19.0,27.0,19.0,1.0,1.0
2022-10-23,45.0,21.0,28.0,20.0,1.0,
2022-10-24,46.0,19.0,19.0,21.0,1.0,2.0
2022-10-25,40.0,24.0,26.0,20.0,1.0,2.0
2022-10-26,49.0,15.0,19.0,8.0,,3.0
2022-10-27,38.0,18.0,26.0,6.0,,2.0
2022-10-28,38.0,21.0,22.0,8.0,,2.0
2022-10-29,45.0,12.0,22.0,3.0,,2.0
2022-10-30,29.0,14.0,28.0,7.0,,2.0
2022-10-31,33.0,16.0,27.0,14.0,,2.0
2022-11-01,34.0,18.0,24.0,15.0,,3.0
2022-11-02,41.0,17.0,26.0,26.0,14.0,4.0
2022-11-03,44.0,26.0,12.0,26.0,,3.0
2022-11-04,66.0,19.0,19.0,20.0,,1.0
2022-11-05,56.0,14.0,23.0,15.0,,
2022-11-06,41.0,19.0,30.0,18.0,1.0,2.0
2022-11-07,48.0,18.0,28.0,17.0,1.0,1.0
2022-11-08,40.0,14.0,22.0,21.0,1.0,2.0
2022-11-09,41.0,19.0,25.0,19.0,,2.0
2022-11-10,44.0,15.0,25.0,20.0,4.0,2.0
2022-11-11,42.0,19.0,12.0,21.0,15.0,2.0
2022-11-12,54.0,25.0,10.0,17.0,26.0,3.0
2022-11-13,64.0,36.0,22.0,23.0,15.0,4.0
2022-11-14,74.0,18.0,24.0,22.0,2.0,2.0
2022-11-15,34.0,12.0,24.0,23.0,1.0,4.0
2022-11-16,31.0,23.0,20.0,23.0,2.0,6.0
2022-11-17,45.0,24.0,23.0,22.0,2.0,6.0
2022-11-18,42.0,23.0,16.0,19.0,1.0,6.0
2022-11-19,61.0,20.0,20.0,19.0,1.0,6.0
2022-11-20,52.0,18.0,20.0,21.0,1.0,5.0
2022-11-21,39.0,21.0,23.0,24.0,2.0,7.0
2022-11-22,40.0,20.0,24.0,25.0,2.0,6.0
2022-11-23,44.0,24.0,26.0,23.0,1.0,6.0
2022-11-24,51.0,31.0,22.0,24.0,1.0,7.0
2022-11-25,54.0,22.0,21.0,19.0,,6.0
2022-11-26,49.0,16.0,21.0,19.0,1.0,7.0
2022-11-27,41.0,28.0,17.0,30.0,2.0,6.0
2022-11-28,58.0,32.0,18.0,21.0,1.0,7.0
2022-11-29,73.0,36.0,17.0,24.0,1.0,7.0
2022-11-30,76.0,33.0,12.0,18.0,1.0,8.0
2022-12-01,74.0,17.0,14.0,11.0,1.0,7.0
2022-12-02,62.0,13.0,19.0,7.0,,7.0
2022-12-03,57.0,16.0,15.0,7.0,1.0,7.0
2022-12-04,65.0,12.0,10.0,9.0,1.0,7.0
2022-12-05,49.0,10.0,13.0,11.0,,7.0
2022-12-06,40.0,16.0,15.0,17.0,1.0,15.0
2022-12-07,50.0,35.0,6.0,33.0,2.0,18.0
2022-12-08,79.0,44.0,6.0,31.0,2.0,12.0
2022-12-09,95.0,42.0,8.0,31.0,3.0,15.0
2022-12-10,107.0,40.0,5.0,28.0,3.0,19.0
2022-12-11,112.0,24.0,10.0,22.0,1.0,10.0
2022-12-12,70.0,30.0,5.0,29.0,2.0,2.0
2022-12-13,77.0,30.0,11.0,28.0,1.0,1.0
2022-12-14,77.0,29.0,9.0,33.0,2.0,2.0
2022-12-15,71.0,44.0,7.0,35.0,3.0,4.0
2022-12-16,83.0,40.0,8.0,34.0,2.0,4.0
2022-12-17,102.0,25.0,12.0,19.0,1.0,1.0
2022-12-18,71.0,13.0,18.0,12.0,1.0,
2022-12-19,44.0,13.0,21.0,22.0,2.0,1.0
2022-12-20,35.0,21.0,18.0,24.0,2.0,2.0
2022-12-21,49.0,18.0,16.0,22.0,2.0,2.0
2022-12-22,51.0,15.0,20.0,19.0,2.0,1.0
2022-12-23,36.0,21.0,20.0,9.0,1.0,1.0
2022-12-24,39.0,11.0,25.0,12.0,1.0,
2022-12-25,22.0,15.0,25.0,14.0,1.0,2.0
2022-12-26,35.0,14.0,27.0,14.0,1.0,2.0
2022-12-27,20.0,10.0,30.0,8.0,1.0,1.0
2022-12-28,20.0,18.0,28.0,10.0,1.0,2.0
2022-12-29,35.0,14.0,22.0,11.0,1.0,2.0
2022-12-30,31.0,17.0,27.0,8.0,1.0,2.0
2022-12-31,40.0,22.0,28.0,12.0,1.0,3.0
2023-01-01,50.0,20.0,20.0,21.0,1.0,4.0
2023-01-02,48.0,13.0,28.0,18.0,1.0,3.0
2023-01-03,36.0,18.0,27.0,9.0,1.0,1.0
2023-01-04,37.0,16.0,23.0,16.0,1.0,3.0
2023-01-05,30.0,8.0,25.0,19.0,1.0,3.0
2023-01-06,13.0,13.0,30.0,12.0,1.0,3.0
2023-01-07,29.0,15.0,28.0,15.0,2.0,4.0
2023-01-08,38.0,16.0,23.0,23.0,2.0,4.0
2023-01-09,46.0,17.0,26.0,20.0,1.0,1.0
2023-01-10,36.0,20.0,50.0,24.0,1.0,2.0
2023-01-11,39.0,17.0,29.0,10.0,1.0,2.0
2023-01-12,25.0,17.0,29.0,24.0,1.0,3.0
2023-01-13,34.0,7.0,25.0,13.0,1.0,2.0
2023-01-14,18.0,6.0,26.0,16.0,4.0,2.0
2023-01-15,16.0,16.0,20.0,20.0,2.0,2.0
2023-01-16,37.0,36.0,1.0,37.0,3.0,5.0
2023-01-17,77.0,26.0,10.0,33.0,2.0,4.0
2023-01-18,66.0,24.0,9.0,36.0,1.0,6.0
2023-01-19,63.0,26.0,13.0,32.0,,4.0
2023-01-20,49.0,41.0,10.0,29.0,,6.0
2023-01-21,83.0,49.0,8.0,36.0,2.0,12.0
2023-01-22,115.0,53.0,7.0,42.0,3.0,13.0
2023-01-23,89.0,40.0,16.0,24.0,,5.0
2023-01-24,66.0,38.0,13.0,32.0,2.0,7.0
2023-01-25,90.0,21.0,21.0,15.0,,4.0
2023-01-26,45.0,32.0,21.0,16.0,,4.0
2023-01-27,42.0,50.0,18.0,24.0,,4.0
2023-01-28,59.0,23.0,22.0,19.0,,4.0
2023-01-29,58.0,37.0,19.0,20.0,1.0,4.0
2023-01-30,51.0,34.0,18.0,26.0,2.0,3.0
2023-01-31,58.0,36.0,22.0,22.0,1.0,3.0
2023-02-01,57.0,29.0,26.0,25.0,1.0,3.0
2023-02-02,47.0,26.0,23.0,19.0,,3.0
2023-02-03,33.0,39.0,21.0,25.0,,3.0
2023-02-04,59.0,34.0,21.0,18.0,,2.0
2023-02-05,51.0,48.0,12.0,33.0,1.0,5.0
2023-02-06,65.0,51.0,9.0,35.0,2.0,5.0
2023-02-07,98.0,45.0,9.0,39.0,4.0,6.0
2023-02-08,102.0,51.0,10.0,28.0,1.0,3.0
2023-02-09,86.0,45.0,18.0,32.0,2.0,5.0
2023-02-10,80.0,38.0,20.0,23.0,1.0,2.0
2023-02-11,55.0,29.0,20.0,19.0,,1.0
2023-02-12,52.0,40.0,16.0,22.0,1.0,2.0
2023-02-13,80.0,53.0,8.0,37.0,3.0,5.0
2023-02-14,109.0,54.0,24.0,31.0,2.0,3.0
2023-02-15,117.0,21.0,22.0,22.0,1.0,1.0
2023-02-16,54.0,20.0,23.0,20.0,1.0,1.0
2023-02-17,35.0,23.0,27.0,13.0,1.0,1.0
2023-02-18,33.0,25.0,22.0,15.0,1.0,1.0
2023-02-19,45.0,22.0,25.0,16.0,1.0,
2023-02-20,38.0,32.0,17.0,16.0,1.0,
2023-02-21,50.0,27.0,12.0,16.0,2.0,1.0
2023-02-22,67.0,28.0,22.0,19.0,1.0,
2023-02-23,45.0,38.0,22.0,26.0,1.0,2.0
2023-02-24,55.0,27.0,25.0,16.0,,
2023-02-25,45.0,23.0,26.0,16.0,,
2023-02-26,36.0,28.0,23.0,21.0,,
2023-02-27,39.0,24.0,24.0,18.0,,
2023-02-28,39.0,22.0,22.0,20.0,1.0,1.0
2023-03-01,35.0,32.0,22.0,21.0,,
2023-03-02,52.0,19.0,26.0,11.0,,
2023-03-03,46.0,10.0,25.0,7.0,,
2023-03-04,40.0,22.0,16.0,15.0,,1.0
2023-03-05,62.0,21.0,8.0,22.0,1.0,1.0
2023-03-06,55.0,11.0,15.0,17.0,1.0,1.0
2023-03-07,43.0,9.0,19.0,13.0,2.0,1.0
2023-03-08,52.0,14.0,21.0,24.0,2.0,2.0
2023-03-09,51.0,12.0,24.0,17.0,1.0,1.0
2023-03-10,32.0,17.0,28.0,17.0,1.0,1.0
2023-03-11,43.0,18.0,28.0,10.0,1.0,
2023-03-12,48.0,24.0,32.0,9.0,2.0,
2023-03-13,48.0,12.0,26.0,14.0,2.0,1.0
2023-03-14,40.0,11.0,13.0,14.0,1.0,2.0
2023-03-15,34.0,18.0,19.0,18.0,1.0,2.0
2023-03-16,41.0,19.0,23.0,22.0,1.0,2.0
2023-03-17,46.0,17.0,27.0,21.0,1.0,2.0
2023-03-18,49.0,10.0,29.0,12.0,1.0,1.0
2023-03-19,22.0,16.0,26.0,11.0,1.0,1.0
2023-03-20,31.0,20.0,33.0,16.0,1.0,
2023-03-21,40.0,18.0,35.0,16.0,2.0,
2023-03-22,39.0,24.0,36.0,16.0,1.0,
2023-03-23,54.0,16.0,22.0,16.0,,1.0
2023-03-24,46.0,18.0,22.0,15.0,,1.0
2023-03-25,42.0,14.0,23.0,11.0,,
2023-03-26,33.0,12.0,21.0,12.0,,1.0
2023-03-27,29.0,15.0,22.0,16.0,,1.0
2023-03-28,41.0,14.0,32.0,17.0,,
2023-03-29,33.0,13.0,34.0,15.0,,
2023-03-30,38.0,15.0,31.0,7.0,1.0,
2023-03-31,38.0,14.0,26.0,17.0,,
2023-04-01,39.0,17.0,35.0,9.0,,
2023-04-02,45.0,16.0,26.0,16.0,,
2023-04-03,35.0,23.0,27.0,24.0,1.0,1.0
2023-04-04,51.0,20.0,31.0,19.0,,
2023-04-05,57.0,16.0,30.0,16.0,,
2023-04-06,43.0,17.0,33.0,16.0,,
2023-04-07,34.0,26.0,34.0,16.0,,
2023-04-08,62.0,25.0,39.0,10.0,,
2023-04-09,62.0,18.0,33.0,12.0,,
2023-04-10,45.0,16.0,34.0,15.0,,
2023-04-11,31.0,16.0,37.0,18.0,1.0,1.0
2023-04-12,30.0,17.0,36.0,17.0,1.0,1.0
2023-04-13,33.0,14.0,33.0,20.0,1.0,1.0
2023-04-14,30.0,23.0,34.0,19.0,,1.0
2023-04-15,55.0,27.0,36.0,23.0,,1.0
2023-04-16,66.0,27.0,33.0,21.0,,1.0
2023-04-17,62.0,28.0,32.0,19.0,,1.0
2023-04-18,67.0,31.0,41.0,15.0,,1.0
2023-04-19,64.0,22.0,40.0,20.0,,1.0
2023-04-20,52.0,26.0,30.0,26.0,,1.0
2023-04-21,73.0,37.0,39.0,22.0,1.0,2.0
2023-04-22,81.0,17.0,36.0,14.0,,1.0
2023-04-23,47.0,21.0,31.0,21.0,,1.0
2023-04-24,51.0,21.0,31.0,22.0,,1.0
2023-04-25,46.0,22.0,31.0,27.0,,1.0
2023-04-26,51.0,30.0,31.0,31.0,,1.0
2023-04-27,69.0,20.0,24.0,21.0,,1.0
2023-04-28,56.0,24.0,35.0,27.0,,3.0
2023-04-29,65.0,31.0,36.0,24.0,,3.0
2023-04-30,77.0,20.0,32.0,15.0,,2.0
2023-05-01,55.0,16.0,32.0,22.0,,2.0
2023-05-02,44.0,25.0,27.0,22.0,,3.0
2023-05-03,50.0,33.0,32.0,22.0,,3.0
2023-05-04,66.0,21.0,31.0,19.0,,2.0
2023-05-05,49.0,20.0,24.0,20.0,,2.0
2023-05-06,49.0,15.0,26.0,14.0,,2.0
2023-05-07,48.0,15.0,26.0,17.0,,2.0
2023-05-08,44.0,16.0,23.0,19.0,,2.0
2023-05-09,36.0,17.0,26.0,20.0,,2.0
2023-05-10,40.0,18.0,24.0,24.0,,2.0
2023-05-11,43.0,17.0,34.0,20.0,,
2023-05-12,59.0,20.0,32.0,18.0,,
2023-05-13,60.0,24.0,35.0,17.0,,1.0
2023-05-14,60.0,16.0,31.0,24.0,,
2023-05-15,46.0,21.0,29.0,22.0,,1.0
2023-05-16,44.0,25.0,28.0,26.0,,1.0
2023-05-17,50.0,24.0,31.0,25.0,,1.0
2023-05-18,52.0,26.0,31.0,24.0,,1.0
2023-05-19,57.0,24.0,38.0,16.0,,
2023-05-20,52.0,21.0,34.0,13.0,,
2023-05-21,47.0,21.0,33.0,19.0,,
2023-05-22,46.0,20.0,29.0,22.0,,1.0
2023-05-23,44.0,26.0,34.0,18.0,,1.0
2023-05-24,51.0,27.0,29.0,19.0,,1.0
2023-05-25,55.0,29.0,33.0,18.0,,1.0
2023-05-26,46.0,29.0,34.0,19.0,,1.0
2023-05-27,57.0,22.0,36.0,14.0,,1.0
2023-05-28,55.0,21.0,31.0,11.0,,
2023-05-29,43.0,20.0,31.0,13.0,,
2023-05-30,39.0,17.0,27.0,13.0,,
2023-05-31,39.0,18.0,33.0,12.0,,
2023-06-01,44.0,20.0,32.0,11.0,,
2023-06-02,39.0,25.0,37.0,9.0,,1.0
2023-06-03,45.0,20.0,33.0,12.0,,1.0
2023-06-04,31.0,18.0,31.0,13.0,,
2023-06-05,29.0,19.0,31.0,13.0,,1.0
2023-06-06,23.0,26.0,31.0,16.0,,1.0
2023-06-07,35.0,32.0,34.0,15.0,,1.0
2023-06-08,31.0,33.0,47.0,18.0,1.0,1.0
2023-06-09,52.0,34.0,73.0,20.0,1.0,
2023-06-10,67.0,36.0,66.0,23.0,1.0,
2023-06-11,73.0,37.0,56.0,29.0,1.0,1.0
2023-06-12,79.0,29.0,47.0,23.0,1.0,1.0
2023-06-13,60.0,29.0,57.0,23.0,1.0,1.0
2023-06-14,49.0,28.0,50.0,24.0,,1.0
2023-06-15,45.0,26.0,48.0,25.0,,1.0
2023-06-16,56.0,24.0,44.0,28.0,,2.0
2023-06-17,52.0,27.0,38.0,23.0,,2.0
2023-06-18,65.0,21.0,32.0,17.0,1.0,1.0
2023-06-19,46.0,19.0,30.0,21.0,1.0,2.0
2023-06-20,42.0,19.0,31.0,25.0,,2.0
2023-06-21,44.0,21.0,23.0,22.0,,2.0
2023-06-22,49.0,18.0,33.0,25.0,,2.0
2023-06-23,46.0,17.0,23.0,20.0,,2.0
2023-06-24,47.0,21.0,47.0,22.0,,2.0
2023-06-25,44.0,20.0,30.0,15.0,,1.0
2023-06-26,39.0,18.0,28.0,22.0,,2.0
2023-06-27,46.0,24.0,20.0,21.0,,2.0
2023-06-28,46.0,20.0,31.0,20.0,1.0,1.0
2023-06-29,33.0,15.0,24.0,19.0,1.0,2.0
2023-06-30,32.0,17.0,30.0,12.0,1.0,2.0
2023-07-01,39.0,26.0,31.0,14.0,,2.0
2023-07-02,56.0,19.0,26.0,10.0,,1.0
2023-07-03,35.0,16.0,25.0,12.0,,1.0
2023-07-04,36.0,11.0,17.0,12.0,3.0,1.0
2023-07-05,28.0,13.0,31.0,11.0,,1.0
2023-07-06,27.0,17.0,33.0,14.0,,1.0
2023-07-07,39.0,26.0,28.0,22.0,,2.0
2023-07-08,54.0,27.0,32.0,14.0,,1.0
2023-07-09,45.0,28.0,31.0,13.0,,
2023-07-10,39.0,26.0,30.0,13.0,,
2023-07-11,36.0,17.0,27.0,17.0,12.0,1.0
2023-07-12,28.0,11.0,30.0,18.0,,1.0
2023-07-13,28.0,12.0,20.0,17.0,,1.0
2023-07-14,28.0,16.0,28.0,10.0,,1.0
2023-07-15,31.0,14.0,27.0,10.0,,
2023-07-16,31.0,10.0,26.0,16.0,,1.0
2023-07-17,32.0,19.0,31.0,20.0,,1.0
2023-07-18,27.0,16.0,29.0,12.0,,1.0
2023-07-19,27.0,11.0,32.0,18.0,,1.0
2023-07-20,31.0,24.0,26.0,13.0,,1.0
2023-07-21,50.0,16.0,23.0,6.0,,1.0
2023-07-22,31.0,12.0,29.0,10.0,1.0,1.0
2023-07-23,25.0,18.0,23.0,15.0,,1.0
2023-07-24,39.0,19.0,26.0,11.0,1.0,1.0
2023-07-25,37.0,15.0,22.0,20.0,1.0,2.0
2023-07-26,40.0,17.0,15.0,6.0,1.0,2.0
2023-07-27,23.0,13.0,17.0,13.0,1.0,
2023-07-28,28.0,19.0,26.0,14.0,1.0,
2023-07-29,36.0,18.0,22.0,11.0,,
2023-07-30,33.0,18.0,24.0,9.0,1.0,1.0
2023-07-31,35.0,21.0,24.0,13.0,1.0,2.0
2023-08-01,45.0,17.0,19.0,14.0,4.0,2.0
2023-08-02,35.0,18.0,19.0,17.0,,1.0
2023-08-03,39.0,21.0,19.0,13.0,,1.0
2023-08-04,51.0,16.0,17.0,14.0,,1.0
2023-08-05,42.0,14.0,17.0,6.0,,1.0
2023-08-06,31.0,17.0,26.0,17.0,,1.0
2023-08-07,34.0,15.0,17.0,21.0,,2.0
2023-08-08,32.0,17.0,30.0,18.0,,2.0
2023-08-09,36.0,18.0,34.0,25.0,,2.0
2023-08-10,36.0,20.0,27.0,17.0,,2.0
2023-08-11,47.0,23.0,28.0,10.0,,1.0
2023-08-12,33.0,17.0,29.0,9.0,,2.0
2023-08-13,32.0,17.0,24.0,15.0,,1.0
2023-08-14,35.0,16.0,27.0,16.0,,1.0
2023-08-15,30.0,17.0,33.0,19.0,,1.0
2023-08-16,38.0,21.0,32.0,14.0,,1.0
2023-08-17,48.0,26.0,28.0,14.0,,
2023-08-18,60.0,26.0,27.0,10.0,,
2023-08-19,66.0,16.0,25.0,13.0,,
2023-08-20,39.0,12.0,28.0,15.0,,
2023-08-21,31.0,14.0,29.0,15.0,,
2023-08-22,28.0,15.0,37.0,20.0,,
2023-08-23,39.0,22.0,26.0,28.0,,
2023-08-24,48.0,14.0,27.0,18.0,,
2023-08-25,32.0,12.0,21.0,13.0,,1.0
2023-08-26,27.0,9.0,23.0,9.0,,
2023-08-27,21.0,10.0,24.0,13.0,,1.0
2023-08-28,26.0,11.0,25.0,13.0,1.0,2.0
2023-08-29,24.0,12.0,23.0,11.0,2.0,2.0
2023-08-30,20.0,16.0,24.0,20.0,1.0,3.0
2023-08-31,27.0,13.0,18.0,18.0,,3.0
2023-09-01,38.0,19.0,30.0,13.0,,2.0
2023-09-02,49.0,23.0,40.0,15.0,,2.0
2023-09-03,56.0,28.0,36.0,22.0,,1.0
2023-09-04,64.0,35.0,43.0,26.0,1.0,1.0
2023-09-05,73.0,41.0,55.0,34.0,6.0,1.0
2023-09-06,79.0,57.0,53.0,32.0,,1.0
2023-09-07,126.0,42.0,57.0,40.0,,3.0
2023-09-08,93.0,35.0,78.0,37.0,,2.0
2023-09-09,72.0,53.0,49.0,27.0,,1.0
2023-09-10,114.0,21.0,33.0,21.0,,
2023-09-11,49.0,16.0,25.0,19.0,,
2023-09-12,36.0,16.0,25.0,17.0,,
2023-09-13,27.0,13.0,23.0,25.0,,
2023-09-14,31.0,21.0,31.0,28.0,,
2023-09-15,51.0,25.0,37.0,21.0,,1.0
2023-09-16,59.0,30.0,40.0,17.0,,1.0
2023-09-17,68.0,19.0,26.0,19.0,,1.0
2023-09-18,52.0,15.0,26.0,14.0,,1.0
2023-09-19,31.0,11.0,31.0,12.0,,
2023-09-20,27.0,11.0,26.0,17.0,1.0,
2023-09-21,24.0,14.0,23.0,20.0,,
2023-09-22,30.0,14.0,28.0,21.0,,1.0
2023-09-23,41.0,16.0,29.0,17.0,,1.0
2023-09-24,39.0,20.0,33.0,21.0,,1.0
2023-09-25,42.0,20.0,32.0,22.0,,1.0
2023-09-26,49.0,20.0,30.0,21.0,,1.0
2023-09-27,48.0,18.0,27.0,6.0,,1.0
2023-09-28,47.0,,,,,
