,UTC-DateTime,NL.ISO,NL.Amsterdam.CO.concentration,NL.Amsterdam.CO.aqi,NL.Amsterdam.NO2.concentration,NL.Amsterdam.NO2.aqi,NL.Amsterdam.O3.concentration,NL.Amsterdam.O3.aqi,NL.Amsterdam.SO2.concentration,NL.Amsterdam.SO2.aqi,NL.Amsterdam.PM2.5.concentration,NL.Amsterdam.PM2.5.aqi,NL.Amsterdam.PM10.concentration,NL.Amsterdam.PM10.aqi,NL.Amsterdam.overall_aqi,NL.Rotterdam.CO.concentration,NL.Rotterdam.CO.aqi,NL.Rotterdam.NO2.concentration,NL.Rotterdam.NO2.aqi,NL.Rotterdam.O3.concentration,NL.Rotterdam.O3.aqi,NL.Rotterdam.SO2.concentration,NL.Rotterdam.SO2.aqi,NL.Rotterdam.PM2.5.concentration,NL.Rotterdam.PM2.5.aqi,NL.Rotterdam.PM10.concentration,NL.Rotterdam.PM10.aqi,NL.Rotterdam.overall_aqi,NL.Utrecht.CO.concentration,NL.Utrecht.CO.aqi,NL.Utrecht.NO2.concentration,NL.Utrecht.NO2.aqi,NL.Utrecht.O3.concentration,NL.Utrecht.O3.aqi,NL.Utrecht.SO2.concentration,NL.Utrecht.SO2.aqi,NL.Utrecht.PM2.5.concentration,NL.Utrecht.PM2.5.aqi,NL.Utrecht.PM10.concentration,NL.Utrecht.PM10.aqi,NL.Utrecht.overall_aqi,UK.ISO,UK.London.CO.concentration,UK.London.CO.aqi,UK.London.NO2.concentration,UK.London.NO2.aqi,UK.London.O3.concentration,UK.London.O3.aqi,UK.London.SO2.concentration,UK.London.SO2.aqi,UK.London.PM2.5.concentration,UK.London.PM2.5.aqi,UK.London.PM10.concentration,UK.London.PM10.aqi,UK.London.overall_aqi,UK.Manchester.CO.concentration,UK.Manchester.CO.aqi,UK.Manchester.NO2.concentration,UK.Manchester.NO2.aqi,UK.Manchester.O3.concentration,UK.Manchester.O3.aqi,UK.Manchester.SO2.concentration,UK.Manchester.SO2.aqi,UK.Manchester.PM2.5.concentration,UK.Manchester.PM2.5.aqi,UK.Manchester.PM10.concentration,UK.Manchester.PM10.aqi,UK.Manchester.overall_aqi,UK.Birmingham.CO.concentration,UK.Birmingham.CO.aqi,UK.Birmingham.NO2.concentration,UK.Birmingham.NO2.aqi,UK.Birmingham.O3.concentration,UK.Birmingham.O3.aqi,UK.Birmingham.SO2.concentration,UK.Birmingham.SO2.aqi,UK.Birmingham.PM2.5.concentration,UK.Birmingham.PM2.5.aqi,UK.Birmingham.PM10.concentration,UK.Birmingham.PM10.aqi,UK.Birmingham.overall_aqi,FR.ISO,FR.Paris.CO.concentration,FR.Paris.CO.aqi,FR.Paris.NO2.concentration,FR.Paris.NO2.aqi,FR.Paris.O3.concentration,FR.Paris.O3.aqi,FR.Paris.SO2.concentration,FR.Paris.SO2.aqi,FR.Paris.PM2.5.concentration,FR.Paris.PM2.5.aqi,FR.Paris.PM10.concentration,FR.Paris.PM10.aqi,FR.Paris.overall_aqi,FR.Lyon.CO.concentration,FR.Lyon.CO.aqi,FR.Lyon.NO2.concentration,FR.Lyon.NO2.aqi,FR.Lyon.O3.concentration,FR.Lyon.O3.aqi,FR.Lyon.SO2.concentration,FR.Lyon.SO2.aqi,FR.Lyon.PM2.5.concentration,FR.Lyon.PM2.5.aqi,FR.Lyon.PM10.concentration,FR.Lyon.PM10.aqi,FR.Lyon.overall_aqi,FR.Marseille.CO.concentration,FR.Marseille.CO.aqi,FR.Marseille.NO2.concentration,FR.Marseille.NO2.aqi,FR.Marseille.O3.concentration,FR.Marseille.O3.aqi,FR.Marseille.SO2.concentration,FR.Marseille.SO2.aqi,FR.Marseille.PM2.5.concentration,FR.Marseille.PM2.5.aqi,FR.Marseille.PM10.concentration,FR.Marseille.PM10.aqi,FR.Marseille.overall_aqi,BE.ISO,BE.Brussel.CO.concentration,BE.Brussel.CO.aqi,BE.Brussel.NO2.concentration,BE.Brussel.NO2.aqi,BE.Brussel.O3.concentration,BE.Brussel.O3.aqi,BE.Brussel.SO2.concentration,BE.Brussel.SO2.aqi,BE.Brussel.PM2.5.concentration,BE.Brussel.PM2.5.aqi,BE.Brussel.PM10.concentration,BE.Brussel.PM10.aqi,BE.Brussel.overall_aqi,BE.Antwerp.CO.concentration,BE.Antwerp.CO.aqi,BE.Antwerp.NO2.concentration,BE.Antwerp.NO2.aqi,BE.Antwerp.O3.concentration,BE.Antwerp.O3.aqi,BE.Antwerp.SO2.concentration,BE.Antwerp.SO2.aqi,BE.Antwerp.PM2.5.concentration,BE.Antwerp.PM2.5.aqi,BE.Antwerp.PM10.concentration,BE.Antwerp.PM10.aqi,BE.Antwerp.overall_aqi,BE.Ghent.CO.concentration,BE.Ghent.CO.aqi,BE.Ghent.NO2.concentration,BE.Ghent.NO2.aqi,BE.Ghent.O3.concentration,BE.Ghent.O3.aqi,BE.Ghent.SO2.concentration,BE.Ghent.SO2.aqi,BE.Ghent.PM2.5.concentration,BE.Ghent.PM2.5.aqi,BE.Ghent.PM10.concentration,BE.Ghent.PM10.aqi,BE.Ghent.overall_aqi,FI.ISO,FI.Helsinki.CO.concentration,FI.Helsinki.CO.aqi,FI.Helsinki.NO2.concentration,FI.Helsinki.NO2.aqi,FI.Helsinki.O3.concentration,FI.Helsinki.O3.aqi,FI.Helsinki.SO2.concentration,FI.Helsinki.SO2.aqi,FI.Helsinki.PM2.5.concentration,FI.Helsinki.PM2.5.aqi,FI.Helsinki.PM10.concentration,FI.Helsinki.PM10.aqi,FI.Helsinki.overall_aqi,FI.Tempere.CO.concentration,FI.Tempere.CO.aqi,FI.Tempere.NO2.concentration,FI.Tempere.NO2.aqi,FI.Tempere.O3.concentration,FI.Tempere.O3.aqi,FI.Tempere.SO2.concentration,FI.Tempere.SO2.aqi,FI.Tempere.PM2.5.concentration,FI.Tempere.PM2.5.aqi,FI.Tempere.PM10.concentration,FI.Tempere.PM10.aqi,FI.Tempere.overall_aqi,FI.Oulu.CO.concentration,FI.Oulu.CO.aqi,FI.Oulu.NO2.concentration,FI.Oulu.NO2.aqi,FI.Oulu.O3.concentration,FI.Oulu.O3.aqi,FI.Oulu.SO2.concentration,FI.Oulu.SO2.aqi,FI.Oulu.PM2.5.concentration,FI.Oulu.PM2.5.aqi,FI.Oulu.PM10.concentration,FI.Oulu.PM10.aqi,FI.Oulu.overall_aqi
0,2023-10-18 11:34,NL,283.72,3,15.77,19,41.13,34,3.4,5,11.98,38,14.09,13,38,310.42,3,25.36,31,37.19,31,6.14,9,11.42,37,14.15,13,37,287.06,3,17.82,22,40.77,34,4.17,6,12.27,39,14.64,13,39,UK,283.72,3,18.17,22,43.27,36,7.99,11,9.85,31,11.39,10,36,240.33,2,9,11,60.08,53,3.13,4,4.72,15,10.93,10,53,260.35,2,10.71,13,49.35,41,3.16,4,8.23,26,10.4,9,41,FR,323.77,3,18.34,22,45.78,38,4.41,6,4.8,15,6,5,38,223.64,2,2.74,3,72.96,93,0.9,1,1.81,5,2.33,2,93,247,2,3.9,4,75.1,100,1.39,2,3.11,10,4.72,4,100,BE,267.03,3,13.37,16,55.79,47,2.41,3,4.52,14,5.76,5,47,293.73,3,20.56,25,40.05,33,6.56,9,8.43,27,10.41,9,33,283.72,3,20.56,25,45.78,38,4.35,6,5.8,18,7.37,6,38,FI,273.71,3,6.43,8,42.2,35,2.59,3,1.33,4,2.54,2,35,203.61,2,0.77,0,72.24,91,0.25,0,0.9,2,1.26,1,91,243.66,2,0.47,0,75.1,100,0.14,0,0.5,1,0.69,0,100
0,2023-10-18 11:42,NL,283.72,3,15.77,19,41.13,34,3.4,5,11.98,38,14.09,13,38,310.42,3,25.36,31,37.19,31,6.14,9,11.42,37,14.15,13,37,287.06,3,17.82,22,40.77,34,4.17,6,12.27,39,14.64,13,39,UK,283.72,3,18.17,22,43.27,36,7.99,11,9.85,31,11.39,10,36,240.33,2,9,11,60.08,53,3.13,4,4.72,15,10.93,10,53,260.35,2,10.71,13,49.35,41,3.16,4,8.23,26,10.4,9,41,FR,323.77,3,18.34,22,45.78,38,4.41,6,4.8,15,6,5,38,223.64,2,2.74,3,72.96,93,0.9,1,1.81,5,2.33,2,93,247,2,3.9,4,75.1,100,1.39,2,3.11,10,4.72,4,100,BE,267.03,3,13.37,16,55.79,47,2.41,3,4.52,14,5.76,5,47,290.39,3,19.88,24,42.2,35,6.26,9,7.51,24,9.41,8,35,283.72,3,20.56,25,45.78,38,4.35,6,5.8,18,7.37,6,38,FI,273.71,3,6.43,8,42.2,35,2.59,3,1.33,4,2.54,2,35,203.61,2,0.77,0,72.24,91,0.25,0,0.9,2,1.26,1,91,243.66,2,0.47,0,75.1,100,0.14,0,0.5,1,0.69,0,100
0,2023-10-15 20:05,NL,263.69,2,8.4,10,68.67,80,1.16,1,0.98,3,2.75,2,80,313.76,3,47.3,59,22.89,19,3.46,5,1.8,5,3.38,3,59,277.04,3,19.54,24,48.64,41,1.18,1,1.3,4,3.65,3,41,UK,420.57,4,45.93,57,0,0,12.88,18,11.73,38,13.69,12,57,270.37,3,20.22,25,40.41,34,2.68,3,1.28,4,1.62,1,34,320.44,3,39.76,49,0.09,0,6.2,9,5.5,17,6.65,6,49,FR,410.56,4,22.96,28,41.13,34,2.41,3,8.36,27,10.94,10,34,253.68,2,4.76,5,65.09,69,0.97,1,1.99,6,2.89,2,69,233.65,2,3.68,4,72.24,91,1.49,2,1.38,4,2.12,1,91,BE,347.14,3,43.18,53,3.58,3,3.31,4,4.32,14,6.9,6,53,257.02,2,20.91,26,35.76,30,6.02,8,1.58,5,3.65,3,30,300.41,3,27.76,34,12.7,10,1.89,2,2.97,9,6.14,5,34,FI,263.69,2,2.53,3,57.94,49,0.73,1,0.78,2,1.66,1,49,233.65,2,1.86,2,60.8,55,0.51,0,1.5,4,2.11,1,55,236.99,2,0.43,0,65.09,69,0.13,0,0.5,1,0.52,0,69
0,2023-10-15 21:08,NL,263.69,2,7.71,9,67.23,75,1.12,1,0.99,3,2.56,2,75,323.77,3,52.09,65,13.59,11,3.58,5,2.02,6,3.64,3,65,273.71,3,19.54,24,45.06,38,1.04,1,1.23,3,3.34,3,38,UK,407.22,4,44.55,55,0,0,10.97,16,10.8,35,12.54,11,55,273.71,3,23.31,29,33.98,28,2.92,4,1.63,5,2.03,1,29,310.42,3,38.39,47,0.28,0,5.25,7,4.98,16,6.14,5,47,FR,377.18,4,19.02,23,44.35,37,2,2,6.83,22,9.12,8,37,247,2,4.33,5,61.51,57,0.85,1,1.83,5,2.68,2,57,236.99,2,3.98,4,70.81,86,1.54,2,1.43,4,2.14,1,86,BE,377.18,4,46.61,58,0.32,0,4.53,6,5.87,19,8.66,8,58,263.69,2,30.16,37,25.75,21,9.06,13,2.06,6,4.53,4,37,310.42,3,29.47,36,9.21,7,1.34,1,3.49,11,6.85,6,36,FI,260.35,2,2.59,3,56.51,47,0.69,1,0.74,2,1.57,1,47,233.65,2,1.86,2,59.37,51,0.58,0,1.54,5,2.11,1,51,236.99,2,0.39,0,62.23,60,0.13,0,0.5,1,0.52,0,60
0,2023-10-16 17:38,NL,377.18,4,58.26,72,0,0,2.3,3,3.32,10,5.27,4,72,333.79,3,48.67,60,0.03,0,3.79,5,2.8,9,4.56,4,60,327.11,3,50.72,63,0.45,0,1.34,1,2.38,7,4.12,3,63,UK,283.72,3,30.5,38,37.55,31,11.8,17,3.34,10,4.95,4,38,287.06,3,47.3,59,18.06,15,6.74,9,3.77,12,4.81,4,59,263.69,2,18.85,23,49.35,41,5.07,7,2.27,7,3.3,3,41,FR,327.11,3,16.45,20,60.8,55,3.31,4,5.49,17,8.21,7,55,560.76,6,43.18,53,15.56,13,4.89,7,19.52,58,22.11,20,58,263.69,2,7.8,9,68.67,80,2.15,3,2.67,8,5.27,4,80,BE,290.39,3,20.39,25,47.92,40,2.27,3,3.5,11,6.45,5,40,280.38,3,23.65,29,40.77,34,4.77,7,4.01,13,5.88,5,34,307.08,3,33.93,42,29.68,25,6.68,9,5.44,17,7.92,7,42,FI,257.02,2,2.55,3,62.23,60,0.83,1,0.79,2,1.78,1,60,250.34,2,9.6,12,43.99,37,0.78,1,6.2,20,7.42,6,37,250.34,2,0.59,0,40.05,33,0.11,0,0.5,1,0.72,0,33
0,2023-10-16 18:38,NL,357.15,4,54.15,67,0,0,2.03,2,3.07,9,4.94,4,67,333.79,3,45.24,56,0.01,0,3.31,4,2.91,9,4.79,4,56,327.11,3,45.24,56,0.1,0,1.15,1,2.38,7,4.11,3,56,UK,280.38,3,27.76,34,35.76,30,10.01,14,3.02,9,4.26,3,34,293.73,3,45.24,56,15.74,13,6.5,9,4.91,15,6.11,5,56,260.35,2,17.82,22,48.64,41,4.59,6,2.52,8,3.54,3,41,FR,330.45,3,16.28,20,60.8,55,3.25,4,5.57,18,8.19,7,55,574.11,6,39.76,49,15.38,13,4.41,6,19.08,57,21.62,20,57,267.03,3,7.37,9,70.1,84,2.18,3,2.8,9,5.24,4,84,BE,290.39,3,19.19,23,47.92,40,2.74,4,4.19,13,7.27,6,40,287.06,3,24.33,30,38.27,32,4.41,6,4.88,15,6.94,6,32,310.42,3,35.3,44,26.46,22,6.74,9,5.97,19,8.44,7,44,FI,260.35,2,2.4,3,61.51,57,0.83,1,0.8,2,1.78,1,57,270.37,3,12.68,15,36.84,31,0.94,1,7.66,24,9.16,8,31,253.68,2,0.4,0,40.05,33,0.09,0,0.5,1,0.68,0,33
0,2023-10-16 19:39,NL,330.45,3,44.55,55,0.08,0,1.76,2,2.54,8,4.36,4,55,337.12,3,45.93,57,0.01,0,3.16,4,3.02,9,4.94,4,57,317.1,3,40.44,50,0.11,0,0.97,1,2.41,7,4.31,3,50,UK,280.38,3,25.71,32,34.69,29,9.18,13,2.83,9,3.89,3,32,293.73,3,39.07,48,19.31,16,6.14,9,6.19,20,7.52,6,48,257.02,2,15.59,19,50.07,42,4.23,6,2.61,8,3.56,3,42,FR,333.79,3,16.28,20,60.08,53,3.31,4,5.88,19,8.46,7,53,527.38,5,32.22,40,21.64,18,3.82,5,15.91,51,18.06,16,51,263.69,2,6.77,8,70.1,84,2.12,3,2.84,9,5.25,4,84,BE,297.07,3,21.94,27,41.84,35,6.08,8,6.29,20,9.79,9,35,287.06,3,23.31,29,37.55,31,4.17,6,5.58,18,7.89,7,31,310.42,3,33.59,41,27.9,23,6.32,9,6.36,20,8.83,8,41,FI,260.35,2,2.42,3,59.37,51,0.85,1,0.85,2,1.83,1,51,297.07,3,16.28,20,32.19,27,1.07,1,9.37,30,11.15,10,30,250.34,2,0.31,0,39.7,33,0.09,0,0.5,1,0.64,0,33
0,2023-10-16 20:39,NL,310.42,3,40.1,50,0.96,0,1.48,2,2.48,8,4.29,3,50,333.79,3,45.93,57,0.09,0,3.01,4,3.56,11,5.52,5,57,303.75,3,38.04,47,0.93,0,0.83,1,2.68,8,4.68,4,47,UK,280.38,3,25.36,31,33.62,28,9.06,13,2.87,9,3.9,3,31,290.39,3,33.59,41,25.03,21,6.08,8,7.11,23,8.46,7,41,257.02,2,13.71,17,49.35,41,3.87,5,3.13,10,4.02,3,41,FR,327.11,3,15.77,19,59.37,51,3.31,4,6.12,19,8.58,7,51,447.27,5,23.31,29,32.19,27,3.07,4,11.26,36,12.88,11,36,263.69,2,6.26,7,69.38,82,2.03,2,2.83,9,5.52,5,82,BE,313.76,3,25.36,31,35.76,30,7.51,11,8.97,29,13.04,12,31,297.07,3,23.65,29,35.76,30,4.41,6,6.81,22,9.49,8,30,310.42,3,30.5,38,31.47,26,6.02,8,6.95,22,9.7,8,38,FI,257.02,2,2.42,3,57.22,48,0.83,1,0.75,2,1.69,1,48,327.11,3,19.36,24,30.04,25,1.16,1,10.98,35,12.96,12,35,250.34,2,0.24,0,38.62,32,0.08,0,0.5,1,0.6,0,32
0,2023-10-16 21:39,NL,283.72,3,30.85,38,12.16,10,1.1,1,3.43,11,5.07,4,38,313.76,3,45.93,57,0.67,0,2.77,4,4.65,15,6.78,6,57,287.06,3,31.19,38,11.09,9,0.76,1,3.27,10,5.18,4,38,UK,280.38,3,25.02,31,33.98,28,9.42,13,3.12,10,4.37,4,31,293.73,3,27.08,33,33.26,28,5.66,8,7.32,23,8.61,7,33,257.02,2,12.68,15,47.21,40,3.43,5,4.05,13,4.93,4,40,FR,303.75,3,13.54,16,60.08,53,3.1,4,5.75,18,7.96,7,53,353.81,4,13.2,16,44.35,37,2.15,3,6.44,20,7.44,6,37,260.35,2,5.36,6,69.38,82,1.89,2,2.71,8,5.37,4,82,BE,333.79,3,28.45,35,29.33,24,7.99,11,12.11,39,17.23,15,39,330.45,3,28.45,35,30.04,25,6.44,9,12.06,39,15.38,14,39,323.77,3,27.42,34,35.41,30,6.97,10,8.76,28,12.21,11,34,FI,250.34,2,2.31,2,54.36,46,0.78,1,0.56,1,1.4,1,46,350.48,3,20.22,25,30.04,25,1.1,1,11.77,38,13.83,12,38,247,2,0.2,0,37.55,31,0.07,0,0.5,1,0.58,0,31
0,2023-10-17 06:09,NL,283.72,3,33.59,41,12.52,10,1.33,1,6.55,21,8.83,8,41,287.06,3,31.87,39,15.38,13,5.13,7,11.18,36,14.02,12,39,273.71,3,23.99,29,21.82,18,1.27,1,7.69,24,10.21,9,29,UK,290.39,3,21.25,26,42.2,35,10.73,15,5.19,16,9.16,8,35,253.68,2,13.2,16,55.08,46,5.07,7,3.83,12,5.14,4,46,253.68,2,10.2,12,40.41,34,3.13,4,4.92,15,6.3,5,34,FR,400.54,4,27.42,34,29.33,24,3.67,5,13.2,42,16.04,14,42,447.27,5,28.1,35,20.56,17,3.22,4,11.94,38,13.89,12,38,257.02,2,4.97,6,70.1,84,1.83,2,2.56,8,4.42,4,84,BE,310.42,3,23.65,29,26.82,22,3.87,5,7.67,24,11.04,10,29,343.8,3,29.82,37,26.46,22,6.08,8,12.16,39,15.72,14,39,347.14,3,30.5,38,25.75,21,8.35,12,10.95,35,14.31,13,38,FI,270.37,3,4.2,5,55.79,47,1.1,1,1.31,4,3.04,2,47,273.71,3,8.65,10,40.41,34,0.95,1,4.58,14,5.71,5,34,247,2,0.51,0,47.21,40,0.09,0,0.5,1,0.71,0,40
0,2023-10-17 06:29,NL,283.72,3,33.59,41,12.52,10,1.33,1,6.55,21,8.83,8,41,287.06,3,31.87,39,15.38,13,5.13,7,11.18,36,14.02,12,39,273.71,3,23.99,29,21.82,18,1.27,1,7.69,24,10.21,9,29,UK,290.39,3,21.25,26,42.2,35,10.73,15,5.19,16,9.16,8,35,253.68,2,13.2,16,55.08,46,5.07,7,3.83,12,5.14,4,46,253.68,2,10.2,12,40.41,34,3.13,4,4.92,15,6.3,5,34,FR,400.54,4,27.42,34,29.33,24,3.67,5,13.2,42,16.04,14,42,447.27,5,28.1,35,20.56,17,3.22,4,11.94,38,13.89,12,38,257.02,2,4.97,6,70.1,84,1.83,2,2.56,8,4.42,4,84,BE,310.42,3,23.65,29,26.82,22,3.87,5,7.67,24,11.04,10,29,343.8,3,29.82,37,26.46,22,6.08,8,12.16,39,15.72,14,39,347.14,3,30.5,38,25.75,21,8.35,12,10.95,35,14.31,13,38,FI,270.37,3,4.2,5,55.79,47,1.1,1,1.31,4,3.04,2,47,273.71,3,8.65,10,40.41,34,0.95,1,4.58,14,5.71,5,34,247,2,0.51,0,47.21,40,0.09,0,0.5,1,0.71,0,40
0,2023-10-17 07:29,NL,287.06,3,34.62,43,11.98,10,1.48,2,6.39,20,8.97,8,43,293.73,3,34.62,43,13.23,11,5.01,7,11.69,37,14.76,13,43,280.38,3,28.45,35,17.7,14,1.4,2,8.02,26,10.87,10,35,UK,300.41,3,26.73,33,37.19,31,11.21,16,6.47,21,10.54,9,33,253.68,2,16.79,20,50.78,43,5.42,7,3.47,11,4.79,4,43,260.35,2,14.57,18,34.33,29,3.46,5,6.33,20,8.01,7,29,FR,423.91,4,31.53,39,22.17,18,3.93,5,14.53,47,17.64,16,47,467.3,5,30.5,38,17.52,14,3.49,5,12.6,40,14.79,13,40,260.35,2,5.66,7,70.1,84,1.89,2,2.64,8,4.52,4,84,BE,300.41,3,22.28,27,28.97,24,3.87,5,5.99,19,8.95,8,27,340.46,3,28.79,35,25.39,21,5.72,8,10.56,34,14.06,13,35,330.45,3,28.1,35,28.25,23,8.23,12,9.27,30,12.42,11,35,FI,270.37,3,4.41,5,56.51,47,1.19,1,1.29,4,3.04,2,47,277.04,3,10.97,13,41.84,35,1.18,1,4.76,15,6.06,5,35,247,2,0.46,0,47.21,40,0.09,0,0.5,1,0.75,0,40
0,2023-10-17 08:29,NL,287.06,3,28.45,35,17.7,14,1.46,2,3.95,12,6.27,5,35,297.07,3,31.53,39,13.95,11,3.87,5,9.52,30,12.64,11,39,283.72,3,24.33,30,19.31,16,1.12,1,5.29,17,7.71,7,30,UK,300.41,3,26.73,33,35.05,29,11.21,16,6.03,19,10.04,9,33,270.37,3,22.28,27,37.91,32,6.2,9,5.96,19,7.3,6,32,263.69,2,17.14,21,30.04,25,4.05,5,6.88,22,8.5,7,25,FR,410.56,4,21.76,27,30.76,26,4.11,6,15.51,50,18.69,17,50,453.95,5,25.02,31,25.39,21,3.58,5,11.83,38,13.91,12,38,270.37,3,7.2,9,65.8,71,2.3,3,2.82,9,5.03,4,71,BE,310.42,3,20.56,25,29.33,24,4.29,6,7.62,24,10.81,10,25,363.83,4,31.19,38,21.99,18,6.68,9,13.89,45,18.09,16,45,363.83,4,30.16,37,24.32,20,9.66,14,12.15,39,15.82,14,39,FI,273.71,3,4.46,5,47.92,40,1.68,2,1.66,5,4.31,3,40,300.41,3,10.97,13,38.98,33,1.15,1,4.9,15,6.56,6,33,253.68,2,0.71,0,43.27,36,0.13,0,0.5,1,0.91,0,36
0,2023-10-17 09:30,NL,270.37,3,14.74,18,41.84,35,1.58,2,4.58,14,6.83,6,35,290.39,3,19.88,24,30.76,26,4.89,7,9.75,31,12.7,11,31,273.71,3,13.37,16,40.05,33,1.65,2,6.18,20,8.47,7,33,UK,287.06,3,22.28,27,43.27,36,10.37,15,4.95,16,8.23,7,36,277.04,3,21.94,27,30.4,25,6.32,9,5.58,18,7.17,6,27,260.35,2,10.8,13,47.21,40,3.87,5,4.68,15,6.59,6,40,FR,397.21,4,18.17,22,37.91,32,4.71,6,15.17,49,18.3,16,49,307.08,3,11.65,14,50.78,43,2.65,3,4.86,15,6.38,5,43,260.35,2,5.27,6,70.1,84,1.94,2,2.43,7,4.74,4,84,BE,297.07,3,14.4,18,40.77,34,4.05,5,6.05,19,8.9,8,34,337.12,3,20.22,25,38.62,32,7.03,10,10.4,33,13.94,12,33,333.79,3,21.25,26,38.27,32,8.94,13,9.21,29,12.33,11,32,FI,260.35,2,3.04,3,52.21,44,1.43,2,1.02,3,2.76,2,44,303.75,3,12,15,41.49,35,1.39,2,5.26,17,6.97,6,35,250.34,2,0.48,0,48.64,41,0.12,0,0.5,1,0.89,0,41
0,2023-10-17 10:30,NL,267.03,3,13.02,16,45.78,38,1.52,2,4.72,15,6.83,6,38,287.06,3,17.82,22,34.69,29,4.95,7,8.82,28,11.49,10,29,270.37,3,12.17,15,42.92,36,1.67,2,5.77,18,7.89,7,36,UK,273.71,3,17.48,21,53.64,45,9.18,13,4.02,13,6.75,6,45,280.38,3,20.74,25,27.54,23,6.08,8,5.15,16,6.96,6,25,253.68,2,8.74,10,53.64,45,3.76,5,3.44,11,5.26,4,45,FR,390.53,4,16.62,20,42.2,35,4.83,7,15.48,50,18.52,17,50,270.37,3,7.63,9,61.51,57,2.15,3,3.33,10,4.62,4,57,260.35,2,5.27,6,70.1,84,1.94,2,2.43,7,4.74,4,84,BE,290.39,3,12.51,15,47.92,40,3.99,5,5.42,17,8.17,7,40,323.77,3,16.45,20,46.49,39,7.09,10,8.93,28,12.23,11,39,313.76,3,18.17,22,44.35,37,8.7,12,7.67,24,10.59,9,37,FI,257.02,2,2.74,3,53.64,45,1.31,1,0.85,2,2.28,2,45,303.75,3,11.82,14,46.49,39,1.59,2,5.6,18,7.38,6,39,250.34,2,0.47,0,50.07,42,0.11,0,0.5,1,0.86,0,42
0,2023-10-17 11:32,NL,267.03,3,12.34,15,47.21,40,1.49,2,4.79,15,6.67,6,40,283.72,3,15.77,19,40.77,34,5.36,7,8.27,26,10.53,9,34,270.37,3,11.82,14,44.35,37,1.65,2,5.54,17,7.43,6,37,UK,267.03,3,16.11,20,62.23,60,8.35,12,3.62,11,6.27,5,60,277.04,3,16.97,21,31.47,26,5.25,7,4.3,13,6.41,5,26,247,2,7.97,9,57.94,49,3.55,5,2.74,8,4.51,4,49,FR,373.84,4,15.25,19,46.49,39,4.41,6,15.51,50,18.35,16,50,250.34,2,5.66,7,70.1,84,1.74,2,2.75,8,3.84,3,84,253.68,2,4.67,5,72.24,91,1.8,2,2.34,7,5.16,4,91,BE,290.39,3,12.34,15,52.21,44,4.29,6,5.45,17,8.18,7,44,320.44,3,15.59,19,50.78,43,7.03,10,8.96,29,12.29,11,43,307.08,3,17.65,22,47.21,40,9.06,13,7.33,23,10.16,9,40,FI,257.02,2,2.91,3,54.36,46,1.3,1,0.8,2,2.18,2,46,280.38,3,9.34,11,55.08,46,1.68,2,4.93,16,6.6,6,46,250.34,2,0.48,0,50.78,43,0.11,0,0.5,1,0.83,0,43
0,2023-10-17 12:33,NL,253.68,2,8.74,10,64.37,66,0.97,1,2.39,7,3.61,3,66,270.37,3,13.2,16,57.94,49,4.89,7,6,19,7.57,7,49,257.02,2,8.4,10,61.51,57,1.39,2,3.77,12,5.08,4,57,UK,267.03,3,17.65,22,62.94,62,8.7,12,3.63,11,6.35,5,62,257.02,2,11.48,14,49.35,41,3.76,5,2.06,6,4.01,3,41,243.66,2,8.4,10,60.8,55,3.52,5,2.87,9,4.77,4,55,FR,340.46,3,15.94,19,50.07,42,3.87,5,14.26,46,16.53,15,46,236.99,2,4.5,5,75.82,102,1.39,2,2.3,7,3.23,2,102,247,2,4.33,5,74.39,98,1.58,2,2.35,7,5.56,5,98,BE,290.39,3,12.85,16,55.79,47,4.53,6,5.31,17,7.81,7,47,310.42,3,14.57,18,57.22,48,6.14,9,7.99,25,10.84,10,48,303.75,3,18.17,22,50.07,42,9.18,13,7.29,23,9.87,9,42,FI,283.72,3,5.14,6,48.64,41,1.49,2,1.91,6,3.98,3,41,247,2,5.91,7,65.8,71,1.3,1,3.49,11,4.82,4,71,253.68,2,1.21,1,47.21,40,0.12,0,0.5,1,0.84,0,40
0,2023-10-17 16:19,NL,250.34,2,14.05,17,67.23,75,1.18,1,3.18,10,4.45,4,75,260.35,2,16.79,20,59.37,51,2.92,4,3.32,10,4.61,4,51,253.68,2,12,15,66.52,73,0.92,1,3.69,11,4.77,4,73,UK,277.04,3,23.99,29,57.22,48,9.18,13,4.26,13,7.53,6,48,233.65,2,10.03,12,68.67,80,2.8,4,1.11,3,3.36,3,80,240.33,2,10.03,12,65.8,71,3.07,4,2.72,8,4.65,4,71,FR,330.45,3,17.65,22,52.21,44,2.89,4,12.71,41,14.6,13,44,247,2,7.2,9,72.96,93,1.49,2,2.06,6,2.79,2,93,250.34,2,5.74,7,73.67,95,1.8,2,3.02,9,6.61,6,95,BE,270.37,3,16.45,20,60.8,55,5.25,7,2.65,8,4.41,4,55,283.72,3,15.77,19,62.94,62,5.19,7,4.56,14,6.67,6,62,280.38,3,21.94,27,55.08,46,8.7,12,4.27,13,6.11,5,46,FI,407.22,4,19.71,24,23.6,20,2.65,3,7.38,23,11.43,10,24,213.62,2,3.38,4,73.67,95,0.57,0,1.53,4,2.29,2,95,267.03,3,3.77,4,35.05,29,0.24,0,0.92,2,1.41,1,29
0,2023-10-17 17:20,NL,253.68,2,16.45,20,63.66,64,1.31,1,3.23,10,4.63,4,64,260.35,2,18.85,23,56.51,47,2.15,3,3.45,11,4.81,4,47,257.02,2,14.74,18,63.66,64,1.18,1,4.29,13,5.44,5,64,UK,277.04,3,25.36,31,56.51,47,9.3,13,4.12,13,7.38,6,47,233.65,2,10.88,13,69.38,82,2.89,4,1.42,4,3.85,3,82,243.66,2,11.14,13,63.66,64,3.01,4,2.66,8,4.64,4,64,FR,347.14,3,19.54,24,47.92,40,3.07,4,12.34,40,14.32,13,40,263.69,2,9,11,68.67,80,1.8,2,2.71,8,3.53,3,80,260.35,2,7.03,8,72.24,91,2.09,3,3.58,11,7.35,6,91,BE,270.37,3,18.51,23,57.94,49,6.02,8,2.75,8,4.47,4,49,280.38,3,15.77,19,62.94,62,5.01,7,3.92,12,5.95,5,62,280.38,3,24.68,30,50.78,43,9.66,14,4.41,14,6.23,5,43,FI,507.36,5,23.99,29,15.91,13,4.59,6,11.96,38,17.41,16,38,220.3,2,4.58,5,70.81,86,0.66,0,1.58,5,2.37,2,86,267.03,3,2.7,3,36.12,30,0.24,0,0.93,3,1.46,1,30
0,2023-10-17 18:20,NL,253.68,2,16.97,21,60.8,55,1.37,2,3.17,10,4.64,4,55,263.69,2,19.19,23,55.79,47,1.91,2,4.17,13,5.62,5,47,257.02,2,15.25,19,62.23,60,1.24,1,4.12,13,5.28,4,60,UK,280.38,3,25.71,32,55.79,47,9.78,14,4.36,14,7.51,6,47,233.65,2,10.8,13,70.81,86,3.01,4,1.69,5,4.34,4,86,250.34,2,11.82,14,60.8,55,3.16,4,2.76,8,4.96,4,55,FR,370.5,4,20.56,25,43.27,36,3.4,5,12.01,38,14.09,13,38,280.38,3,9.94,12,65.09,69,2.03,2,3.38,10,4.28,3,69,267.03,3,7.45,9,72.96,93,2.21,3,4.07,13,7.84,7,93,BE,273.71,3,18.68,23,57.22,48,6.2,9,2.78,9,4.47,4,48,277.04,3,15.77,19,62.23,60,5.31,7,3.81,12,5.82,5,60,280.38,3,25.36,31,49.35,41,9.89,14,4.4,14,6.17,5,41,FI,634.19,7,26.39,32,10.73,9,7.03,10,18.03,55,25.34,23,55,223.64,2,5.1,6,67.95,77,0.72,1,1.7,5,2.56,2,77,260.35,2,1.69,2,39.7,33,0.21,0,0.82,2,1.36,1,33
0,2023-10-17 21:24,NL,260.35,2,14.91,18,55.79,47,1.36,2,4.53,14,5.97,5,47,263.69,2,15.94,19,54.36,46,3.31,4,5.4,17,6.89,6,46,260.35,2,12.68,15,57.22,48,1.21,1,4.43,14,5.69,5,48,UK,280.38,3,23.31,29,50.78,43,9.89,14,8.35,27,11.3,10,43,226.97,2,6.94,8,77.96,107,2.35,3,1.53,4,3.48,3,107,250.34,2,11.82,14,62.23,60,3.64,5,5.85,18,8.77,8,60,FR,367.17,4,18.51,23,45.78,38,3.16,4,11.1,36,13.04,12,38,263.69,2,7.03,8,67.23,75,1.59,2,2.65,8,3.22,2,75,263.69,2,5.44,6,80.11,112,1.94,2,4.31,13,7.35,6,112,BE,290.39,3,18.17,22,53.64,45,4.83,7,4.77,15,6.64,6,45,287.06,3,19.88,24,50.78,43,7.75,11,6.15,19,8.18,7,43,283.72,3,23.65,29,47.92,40,8.46,12,5.09,16,6.74,6,40,FI,1188.28,13,30.16,37,0.02,0,14.78,21,49.51,118,58.99,52,118,247,2,6,7,62.94,62,0.94,1,2.32,7,3.13,2,62,250.34,2,0.55,0,51.5,43,0.12,0,0.5,1,0.9,0,43
0,2023-10-17 22:25,NL,260.35,2,13.02,16,55.08,46,1.3,1,4.9,15,6.35,5,46,260.35,2,14.74,18,52.93,44,3.79,5,5.52,17,7.05,6,44,257.02,2,11.48,14,55.79,47,1.42,2,4.76,15,6.09,5,47,UK,283.72,3,22.96,28,47.21,40,9.78,14,9.44,30,12.36,11,40,226.97,2,6.43,8,77.25,105,2.21,3,1.57,5,3.74,3,105,253.68,2,11.31,14,60.8,55,3.67,5,8.2,26,11.05,10,55,FR,327.11,3,14.57,18,52.93,44,2.74,4,9.53,30,10.91,10,44,240.33,2,4.8,6,70.1,84,1.21,1,1.88,6,2.29,2,84,257.02,2,4.46,5,82.25,118,1.73,2,3.95,12,6.64,6,118,BE,290.39,3,16.62,20,53.64,45,3.87,5,5.6,18,7.45,6,45,287.06,3,20.39,25,47.92,40,7.99,11,6.68,21,8.67,8,40,287.06,3,22.28,27,47.92,40,7.09,10,5.75,18,7.46,6,40,FI,894.55,10,28.1,35,0.16,0,7.27,10,33.75,86,40.64,37,86,240.33,2,5.31,6,63.66,64,0.83,1,2.06,6,2.74,2,64,247,2,0.34,0,54.36,46,0.11,0,0.5,1,0.86,0,46
0,2023-10-17 23:25,NL,260.35,2,11.65,14,53.64,45,1.34,1,5.26,17,6.75,6,45,263.69,2,14.22,17,50.07,42,3.79,5,5.96,19,7.57,7,42,260.35,2,10.88,13,53.64,45,1.68,2,5.21,16,6.7,6,45,UK,280.38,3,21.25,26,46.49,39,8.94,13,9.88,32,12.67,11,39,230.31,2,6.08,7,74.39,98,2.09,3,1.73,5,3.91,3,98,260.35,2,10.37,12,59.37,51,3.67,5,10.58,34,13.4,12,51,FR,290.39,3,10.88,13,57.22,48,2.33,3,7.94,25,8.83,8,48,233.65,2,4.11,5,70.1,84,1.09,1,1.77,5,2.15,1,84,250.34,2,3.73,4,83.69,121,1.59,2,3.6,11,5.81,5,121,BE,290.39,3,14.74,18,52.93,44,3.19,4,6.67,21,8.48,7,44,287.06,3,20.22,25,45.78,38,7.51,11,7.1,23,9.09,8,38,290.39,3,20.22,25,48.64,41,5.78,8,6.34,20,8.11,7,41,FI,494,5,25.71,32,2.17,1,4.95,7,13.42,43,17.82,16,43,233.65,2,4.2,5,65.8,71,0.73,1,1.71,5,2.22,2,71,247,2,0.24,0,55.79,47,0.1,0,0.5,1,0.84,0,47
0,2023-10-18 00:25,NL,260.35,2,10.97,13,52.21,44,1.49,2,5.95,19,7.52,6,44,267.03,3,14.74,18,46.49,39,3.82,5,6.67,21,8.38,7,39,260.35,2,10.11,12,52.21,44,1.91,2,5.69,18,7.28,6,44,UK,280.38,3,19.02,23,47.92,40,8.35,12,10.07,32,12.63,11,40,233.65,2,6.08,7,70.1,84,2.18,3,2.52,8,4.92,4,84,267.03,3,9.34,11,57.94,49,3.87,5,11.94,38,14.78,13,49,FR,280.38,3,9.94,12,56.51,47,2.27,3,7.47,24,8.19,7,47,233.65,2,3.94,4,68.67,80,1.06,1,1.91,6,2.37,2,80,247,2,3.04,3,84.4,123,1.48,2,3.34,10,5.15,4,123,BE,290.39,3,13.71,17,50.78,43,2.8,4,7.66,24,9.42,8,43,287.06,3,19.54,24,44.35,37,6.97,10,7.47,24,9.42,8,37,290.39,3,18.34,22,48.64,41,5.01,7,7.23,23,9.03,8,41,FI,370.5,4,20.56,25,11.27,9,4.41,6,6.96,22,9.67,8,25,223.64,2,3.34,4,66.52,73,0.69,1,1.54,5,1.97,1,73,247,2,0.19,0,57.22,48,0.1,0,0.5,1,0.82,0,48
0,2023-10-18 01:26,NL,260.35,2,10.54,13,51.5,43,1.68,2,6.74,21,8.31,7,43,270.37,3,15.77,19,43.27,36,3.99,5,7.53,24,9.34,8,36,257.02,2,9.25,11,52.21,44,2.12,3,6.06,19,7.68,7,44,UK,280.38,3,16.97,21,48.64,41,7.75,11,10.66,34,12.96,12,41,236.99,2,6.26,7,65.09,69,2.41,3,4.73,15,7.29,6,69,267.03,3,8.23,10,58.65,49,4.05,5,11.48,37,14.15,13,49,FR,280.38,3,10.11,12,54.36,46,2.38,3,7.62,24,8.47,7,46,233.65,2,3.81,4,67.95,77,1.07,1,1.94,6,2.41,2,77,243.66,2,2.7,3,85.12,125,1.46,2,3.32,10,4.92,4,125,BE,287.06,3,12.85,16,49.35,41,2.44,3,8.2,26,9.9,9,41,287.06,3,18.85,23,43.27,36,6.56,9,7.6,24,9.47,8,36,290.39,3,17.31,21,47.92,40,4.53,6,8.06,26,9.87,9,40,FI,337.12,3,16.79,20,17.52,14,4.47,6,5.22,16,7.53,6,20,223.64,2,3,3,66.52,73,0.69,1,1.65,5,2.09,1,73,247,2,0.15,0,60.8,55,0.11,0,0.5,1,0.78,0,55
0,2023-10-18 02:26,NL,260.35,2,10.03,12,50.78,43,1.83,2,7.25,23,8.85,8,43,273.71,3,16.11,20,41.84,35,4.05,5,7.99,25,9.85,9,35,257.02,2,9,11,50.78,43,2.3,3,6.51,21,8.15,7,43,UK,280.38,3,16.11,20,47.21,40,7.45,10,11.45,37,13.36,12,40,240.33,2,6.51,8,61.51,57,2.8,4,6.49,21,8.98,8,57,263.69,2,7.63,9,57.94,49,4.05,5,10.94,35,13.54,12,49,FR,287.06,3,10.88,13,51.5,43,2.56,3,8.18,26,9.29,8,43,230.31,2,3.43,4,69.38,82,1.03,1,1.79,5,2.19,2,82,247,2,2.57,3,85.83,127,1.51,2,3.46,11,4.86,4,127,BE,283.72,3,11.82,14,48.64,41,2.15,3,8.3,26,9.92,9,41,283.72,3,17.99,22,42.92,36,6.26,9,7.53,24,9.33,8,36,290.39,3,16.62,20,46.49,39,4.17,6,8.5,27,10.3,9,39,FI,333.79,3,16.11,20,18.06,15,4.47,6,5.09,16,7.49,6,20,223.64,2,2.83,3,67.23,75,0.67,0,1.67,5,2.13,1,75,243.66,2,0.14,0,63.66,64,0.11,0,0.5,1,0.75,0,64
0,2023-10-18 07:19,NL,280.38,3,24.68,30,27.18,23,2.33,3,9.88,32,11.68,10,32,287.06,3,26.73,33,31.11,26,4.29,6,7.85,25,9.97,9,33,280.38,3,21.94,27,31.83,26,2.83,4,9.96,32,11.82,10,32,UK,290.39,3,25.02,31,31.83,26,9.42,13,13.18,42,14.58,13,42,250.34,2,11.48,14,52.93,44,4.05,5,8.03,26,11.27,10,44,270.37,3,13.88,17,45.42,38,4.53,6,12.9,41,14.63,13,41,FR,453.95,5,37.01,46,22.89,19,5.9,8,11.76,38,14.02,12,46,250.34,2,7.54,9,66.52,73,1.46,2,2.04,6,2.46,2,73,260.35,2,4.33,5,80.82,114,1.49,2,2.88,9,3.24,3,114,BE,290.39,3,21.42,26,37.91,32,2.74,4,7.13,23,8.54,7,32,277.04,3,21.25,26,39.7,33,5.9,8,7.25,23,8.7,8,33,287.06,3,21.59,26,39.7,33,4.23,6,7.66,24,8.81,8,33,FI,447.27,5,19.19,23,11.44,9,5.66,8,10.11,32,14.1,13,32,220.3,2,4.24,5,68.67,80,0.58,0,1.13,3,1.52,1,80,247,2,0.8,1,59.37,51,0.14,0,0.5,1,0.79,0,51
0,2023-10-18 08:20,NL,283.72,3,23.99,29,27.54,23,2.41,3,10.65,34,12.5,11,34,290.39,3,27.08,33,30.76,26,4.65,6,8.07,26,10.28,9,33,283.72,3,22.28,27,31.11,26,3.04,4,10.67,34,12.65,11,34,UK,290.39,3,26.05,32,30.4,25,9.66,14,12.28,39,13.66,12,39,253.68,2,13.54,16,47.92,40,4.23,6,9.22,29,13.39,12,40,270.37,3,14.57,18,44.35,37,4.29,6,12.15,39,13.72,12,39,FR,447.27,5,34.27,42,25.39,21,6.26,9,10.91,35,13.32,12,42,247,2,6.6,8,67.23,75,1.39,2,1.83,5,2.19,2,75,257.02,2,4.37,5,80.11,112,1.52,2,2.9,9,3.31,3,112,BE,290.39,3,21.76,27,39.34,33,2.92,4,7.07,22,8.51,7,33,280.38,3,22.62,28,37.91,32,6.2,9,7.39,23,8.84,8,32,290.39,3,23.99,29,37.91,32,4.41,6,7.58,24,8.91,8,32,FI,420.57,4,16.79,20,15.02,12,5.84,8,8.66,28,12.73,11,28,220.3,2,4.84,6,67.23,75,0.66,0,1.11,3,1.51,1,75,247,2,0.75,0,62.23,60,0.14,0,0.5,1,0.73,0,60
0,2023-10-18 09:21,NL,290.39,3,20.91,26,28.61,24,2.71,3,14.35,46,16.48,15,46,287.06,3,24.33,30,31.83,26,4.53,6,10.71,34,12.99,12,34,283.72,3,19.54,24,30.76,26,3.13,4,14.1,45,16.32,15,45,UK,283.72,3,22.62,28,38.62,32,9.18,13,13.06,42,15.36,14,42,243.66,2,10.2,12,56.51,47,3.34,4,4.43,14,10.49,9,47,267.03,3,13.02,16,46.49,39,4.11,6,12.95,42,16.08,14,42,FR,440.6,5,33.59,41,23.6,20,6.26,9,10.68,34,12.27,11,41,236.99,2,5.01,6,65.8,71,1.27,1,1.77,5,2.1,1,71,253.68,2,4.41,5,76.53,103,1.64,2,2.86,9,3.47,3,103,BE,297.07,3,21.59,26,38.98,33,2.77,4,7.99,25,9.8,9,33,290.39,3,22.28,27,36.84,31,6.44,9,8.88,28,10.92,10,31,300.41,3,26.73,33,31.47,26,5.25,7,9.13,29,11.16,10,33,FI,333.79,3,12,15,28.97,24,5.01,7,4.12,13,6.65,6,24,220.3,2,3.47,4,67.95,77,0.63,0,1.41,4,1.74,1,77,240.33,2,0.44,0,70.1,84,0.14,0,0.5,1,0.86,0,84
0,2023-10-18 10:21,NL,287.06,3,17.14,21,34.33,29,2.89,4,13.64,44,15.76,14,44,293.73,3,23.31,29,35.76,30,5.31,7,10.94,35,13.4,12,35,283.72,3,17.48,21,34.69,29,3.52,5,13.48,43,15.71,14,43,UK,280.38,3,20.56,25,40.77,34,9.18,13,11.87,38,13.78,12,38,243.66,2,9.68,12,56.51,47,3.37,4,4.46,14,10.98,10,47,267.03,3,12.34,15,47.92,40,3.87,5,11.72,38,14.68,13,40,FR,383.85,4,26.05,32,33.26,28,5.48,8,7.42,24,8.81,8,32,226.97,2,3.6,4,69.38,82,1.06,1,1.51,4,1.78,1,82,250.34,2,3.77,4,77.25,105,1.49,2,2.73,8,3.53,3,105,BE,290.39,3,19.19,23,43.63,36,2.77,4,6.97,22,8.63,7,36,293.73,3,21.42,26,38.27,32,6.74,9,8.86,28,10.9,10,32,300.41,3,23.31,29,36.84,31,5.01,7,8.65,28,10.61,9,31,FI,290.39,3,8.4,10,37.91,32,3.4,5,2.02,6,3.5,3,32,213.62,2,2.01,2,70.81,86,0.47,0,1.12,3,1.37,1,86,240.33,2,0.4,0,72.96,93,0.14,0,0.5,1,0.83,0,93
0,2023-10-18 11:22,NL,287.06,3,15.94,19,37.91,32,3.13,4,12.81,41,14.9,13,41,303.75,3,24.33,30,36.84,31,5.9,8,11.14,36,13.78,12,36,283.72,3,17.14,21,37.55,31,3.87,5,12.65,41,14.93,13,41,UK,283.72,3,19.19,23,42.2,35,8.7,12,10.48,34,12.18,11,35,240.33,2,9.17,11,57.94,49,3.31,4,4.53,14,10.93,10,49,263.69,2,11.48,14,48.64,41,3.49,5,10.11,32,12.74,11,41,FR,343.8,3,21.25,26,40.77,34,4.83,7,5.72,18,7.02,6,34,226.97,2,3,3,71.53,89,0.95,1,1.62,5,1.92,1,89,250.34,2,3.77,4,75.82,102,1.43,2,2.84,9,3.88,3,102,BE,277.04,3,16.11,20,49.35,41,2.59,3,5.44,17,6.89,6,41,293.73,3,20.56,25,40.05,33,6.56,9,8.43,27,10.41,9,33,297.07,3,22.28,27,40.41,34,4.65,6,7.68,24,9.48,8,34,FI,280.38,3,7.03,8,41.49,35,2.86,4,1.52,4,2.78,2,35,206.95,2,1.13,1,71.53,89,0.32,0,0.92,2,1.16,1,89,240.33,2,0.43,0,75.1,100,0.14,0,0.5,1,0.76,0,100
0,2023-10-18 12:22,NL,283.72,3,15.77,19,41.13,34,3.4,5,11.98,38,14.09,13,38,310.42,3,25.36,31,37.19,31,6.14,9,11.42,37,14.15,13,37,287.06,3,17.82,22,40.77,34,4.17,6,12.27,39,14.64,13,39,UK,283.72,3,18.17,22,43.27,36,7.99,11,9.85,31,11.39,10,36,240.33,2,9,11,60.08,53,3.13,4,4.72,15,10.93,10,53,260.35,2,10.71,13,49.35,41,3.16,4,8.23,26,10.4,9,41,FR,323.77,3,18.34,22,45.78,38,4.41,6,4.8,15,6,5,38,223.64,2,2.74,3,72.96,93,0.9,1,1.81,5,2.33,2,93,247,2,3.9,4,75.1,100,1.39,2,3.11,10,4.72,4,100,BE,267.03,3,13.37,16,55.79,47,2.41,3,4.52,14,5.76,5,47,290.39,3,19.88,24,42.2,35,6.26,9,7.51,24,9.41,8,35,283.72,3,20.56,25,45.78,38,4.35,6,5.8,18,7.37,6,38,FI,273.71,3,6.43,8,42.2,35,2.59,3,1.33,4,2.54,2,35,203.61,2,0.77,0,72.24,91,0.25,0,0.9,2,1.26,1,91,243.66,2,0.47,0,75.1,100,0.14,0,0.5,1,0.69,0,100
0,2023-10-18 13:22,NL,280.38,3,16.62,20,46.49,39,3.87,5,11.45,37,13.58,12,39,313.76,3,26.39,32,37.19,31,6.32,9,11.86,38,14.56,13,38,287.06,3,19.19,23,45.06,38,4.65,6,11.98,38,14.44,13,38,UK,280.38,3,18.34,22,42.92,36,7.45,10,7.7,25,8.81,8,36,240.33,2,9.6,12,61.51,57,3.1,4,4.93,16,10.8,10,57,257.02,2,11.14,13,50.07,42,3.1,4,6.28,20,8.25,7,42,FR,307.08,3,17.82,22,47.92,40,4.11,6,4.23,13,5.23,4,40,223.64,2,2.74,3,74.39,98,0.86,1,2.06,6,3.3,3,98,243.66,2,3.81,4,75.1,100,1.34,1,3.65,11,7.11,6,100,BE,253.68,2,11.14,13,63.66,64,2.15,3,4.23,13,5.24,4,64,283.72,3,19.19,23,45.78,38,5.96,8,6.1,19,7.83,7,38,267.03,3,16.97,21,55.08,46,3.87,5,4.49,14,5.73,5,46,FI,270.37,3,5.91,7,41.49,35,2.27,3,1.16,3,2.35,2,35,201.94,2,0.68,0,73.67,95,0.25,0,1.11,3,1.84,1,95,243.66,2,0.51,0,73.67,95,0.14,0,0.5,1,0.65,0,95
0,2023-10-18 14:22,NL,277.04,3,18.17,22,50.07,42,4.17,6,11.42,37,13.55,12,42,313.76,3,27.08,33,38.98,33,6.44,9,12.48,40,15.09,13,40,287.06,3,20.39,25,47.92,40,5.01,7,11.91,38,14.38,13,40,UK,270.37,3,16.62,20,45.06,38,6.8,10,5.65,18,6.22,5,38,240.33,2,10.97,13,60.08,53,3.22,4,5.18,16,10.17,9,53,253.68,2,12.51,15,49.35,41,3.22,4,5.69,18,7.44,6,41,FR,303.75,3,17.65,22,48.64,41,3.82,5,4.04,13,4.94,4,41,223.64,2,3.51,4,73.67,95,0.93,1,2.55,8,5.28,4,95,236.99,2,3.6,4,75.82,102,1.28,1,3.8,12,8.63,7,102,BE,247,2,11.14,13,65.09,69,2.12,3,4.12,13,5.03,4,69,280.38,3,19.19,23,48.64,41,5.66,8,5.54,17,7.19,6,41,257.02,2,15.08,18,60.8,55,3.49,5,4.2,13,5.22,4,55,FI,270.37,3,5.83,7,40.77,34,2.12,3,1.14,3,2.37,2,34,201.94,2,0.89,1,74.39,98,0.29,0,1.21,3,2.27,2,98,247,2,0.63,0,70.81,86,0.14,0,0.5,1,0.65,0,86
0,2023-10-18 15:22,NL,277.04,3,20.91,26,49.35,41,4.17,6,11.38,36,13.44,12,41,310.42,3,27.76,34,42.2,35,6.32,9,12.84,41,15.29,14,41,287.06,3,21.94,27,49.35,41,5.31,7,10.85,35,13.23,12,41,UK,260.35,2,15.42,19,47.21,40,5.96,8,5.04,16,5.33,4,40,243.66,2,13.54,16,57.22,48,3.31,4,5.59,18,10.56,9,48,257.02,2,14.74,18,47.92,40,3.34,4,5.72,18,7.28,6,40,FR,287.06,3,15.25,19,48.64,41,2.83,4,3.27,10,4.09,3,41,223.64,2,4.58,5,73.67,95,0.98,1,3.22,10,7.16,6,95,233.65,2,3.56,4,77.25,105,1.24,1,3.95,12,9.02,8,105,BE,247,2,12.34,15,62.94,62,2.18,3,4.12,13,4.99,4,62,277.04,3,19.54,24,50.07,42,5.31,7,5.61,18,7.19,6,42,253.68,2,14.74,18,61.51,57,3.22,4,3.91,12,4.82,4,57,FI,273.71,3,5.74,7,40.77,34,1.94,2,1.11,3,2.33,2,34,203.61,2,1.26,1,73.67,95,0.35,0,1.33,4,2.82,2,95,247,2,0.73,0,68.67,80,0.16,0,0.5,1,0.66,0,80
0,2023-10-18 16:23,NL,273.71,3,22.96,28,49.35,41,3.99,5,10.79,35,12.75,11,41,307.08,3,28.79,35,43.27,36,6.38,9,12.28,39,14.67,13,39,280.38,3,22.96,28,50.78,43,5.66,8,9.52,30,11.74,10,43,UK,253.68,2,16.11,20,46.49,39,5.36,7,4.03,13,4.19,3,39,247,2,16.62,20,52.93,44,3.46,5,6.16,20,12.07,11,44,260.35,2,16.62,20,46.49,39,3.31,4,5.32,17,6.29,5,39,FR,263.69,2,12,15,47.92,40,1.83,2,2.47,8,3.26,3,40,230.31,2,5.57,6,73.67,95,1.06,1,3.49,11,6.21,5,95,233.65,2,4.07,5,77.25,105,1.27,1,4.57,14,10.47,9,105,BE,250.34,2,14.22,17,60.08,53,2.35,3,4.28,13,4.99,4,53,277.04,3,19.88,24,51.5,43,5.07,7,5.75,18,7.02,6,43,253.68,2,15.94,19,58.65,49,3.25,4,3.96,12,4.61,4,49,FI,280.38,3,5.83,7,41.84,35,1.94,2,1.29,4,2.58,2,35,205.28,2,1.67,2,72.96,93,0.41,0,1.3,4,2.42,2,93,250.34,2,0.68,0,67.95,77,0.17,0,0.5,1,0.68,0,77
0,2023-10-18 17:23,NL,270.37,3,21.76,27,52.21,44,3.99,5,9.98,32,11.81,10,44,307.08,3,28.45,35,43.63,36,6.74,9,11.14,36,13.46,12,36,277.04,3,22.28,27,52.93,44,5.9,8,8.23,26,10.27,9,44,UK,250.34,2,17.65,22,41.84,35,5.54,8,2.93,9,3.07,2,35,253.68,2,19.19,23,49.35,41,3.76,5,6.9,22,14.14,13,41,260.35,2,16.62,20,47.21,40,3.01,4,4.78,15,5.22,4,40,FR,263.69,2,11.31,14,41.84,35,1.55,2,2.93,9,3.83,3,35,236.99,2,6.17,7,71.53,89,1.13,1,3.48,11,4.72,4,89,236.99,2,4.63,5,77.96,107,1.36,2,6.37,20,15.9,14,107,BE,257.02,2,16.45,20,56.51,47,2.74,4,4.67,15,5.24,4,47,273.71,3,19.19,23,52.93,44,4.89,7,5.49,17,6.39,5,44,260.35,2,17.14,21,55.08,46,3.19,4,4.38,14,4.81,4,46,FI,290.39,3,6.08,7,43.99,37,2.15,3,1.73,5,3.18,2,37,210.29,2,2.08,2,70.1,84,0.48,0,1.36,4,1.85,1,84,250.34,2,0.58,0,66.52,73,0.18,0,0.5,1,0.69,0,73
0,2023-10-18 18:23,NL,270.37,3,20.74,25,53.64,45,4.35,6,9.13,29,10.75,9,45,303.75,3,27.08,33,43.99,37,7.09,10,10.27,33,12.48,11,37,277.04,3,21.42,26,53.64,45,5.9,8,7.15,23,8.89,8,45,UK,243.66,2,18.17,22,36.12,30,6.14,9,2.27,7,2.45,2,30,257.02,2,19.88,24,47.92,40,4.05,5,7.74,25,15.36,14,40,260.35,2,15.59,19,47.92,40,2.68,3,4.66,15,4.91,4,40,FR,263.69,2,10.11,12,38.27,32,1.45,2,3.7,12,4.59,4,32,243.66,2,6.17,7,69.38,82,1.13,1,3.49,11,4.37,4,82,240.33,2,4.84,6,79.39,110,1.43,2,8.27,26,22.01,20,110,BE,263.69,2,17.48,21,54.36,46,2.89,4,5.2,16,5.7,5,46,267.03,3,18.17,22,53.64,45,4.77,7,5.1,16,5.77,5,45,267.03,3,17.48,21,52.21,44,3.01,4,4.99,16,5.31,4,44,FI,297.07,3,6.17,7,45.78,38,2.24,3,2.05,6,3.61,3,38,213.62,2,2.31,2,67.95,77,0.54,0,1.68,5,1.91,1,77,250.34,2,0.45,0,65.8,71,0.17,0,0.5,1,0.67,0,71
0,2023-10-18 19:24,NL,270.37,3,19.54,24,54.36,46,4.71,6,8.12,26,9.12,8,46,300.41,3,25.36,31,44.7,37,7.03,10,9.19,29,10.52,9,37,277.04,3,20.05,25,53.64,45,5.72,8,6.66,21,7.76,7,45,UK,236.99,2,16.62,20,32.9,27,6.62,9,2.04,6,2.31,2,27,260.35,2,19.02,23,47.92,40,4.05,5,7.03,22,11.57,10,40,260.35,2,15.77,19,45.06,38,2.59,3,4.53,14,4.69,4,38,FR,267.03,3,9.08,11,44.7,37,1.64,2,4.76,15,5.99,5,37,247,2,6.26,7,67.95,77,1.15,1,3.67,11,4.43,4,77,243.66,2,4.84,6,79.39,110,1.48,2,9.03,29,23.89,22,110,BE,270.37,3,16.11,20,53.64,45,2.44,3,5.33,17,5.65,5,45,263.69,2,17.65,22,53.64,45,4.53,6,4.85,15,5.3,4,45,273.71,3,15.25,19,52.21,44,2.38,3,5.44,17,5.66,5,44,FI,310.42,3,6.77,8,45.78,38,2.59,3,2.65,8,4.47,4,38,216.96,2,2.49,3,64.37,66,0.54,0,2,6,2.17,2,66,250.34,2,0.33,0,64.37,66,0.16,0,0.5,1,0.64,0,66
0,2023-10-18 20:24,NL,273.71,3,19.02,23,53.64,45,4.83,7,7.02,22,7.61,7,45,293.73,3,23.65,29,44.35,37,6.02,8,7.44,24,8.01,7,37,283.72,3,19.54,24,52.93,44,5.48,8,5.97,19,6.67,6,44,UK,243.66,2,13.54,16,44.7,37,6.14,9,3,9,3.8,3,37,267.03,3,18.51,23,46.49,39,3.82,5,5.29,17,7.11,6,39,260.35,2,16.45,20,40.41,34,2.83,4,4.24,13,4.38,4,34,FR,283.72,3,9.43,11,50.78,43,1.85,2,5.61,18,7.72,7,43,253.68,2,6.6,8,65.09,69,1.21,1,3.84,12,4.44,4,69,247,2,4.8,6,77.96,107,1.49,2,7.81,25,17.53,16,107,BE,270.37,3,13.54,16,53.64,45,1.76,2,5.18,16,5.35,4,45,263.69,2,18.68,23,50.07,42,4.35,6,4.9,15,5.16,4,42,267.03,3,10.45,13,52.93,44,1.4,2,5.4,17,5.54,5,44,FI,327.11,3,7.63,9,43.99,37,2.95,4,3.53,11,5.81,5,37,216.96,2,2.66,3,59.37,51,0.51,0,2.28,7,2.48,2,51,250.34,2,0.3,0,62.94,62,0.14,0,0.5,1,0.63,0,62
0,2023-10-18 21:24,NL,277.04,3,19.19,23,52.21,44,4.89,7,6.48,21,6.98,6,44,283.72,3,21.25,26,45.42,38,4.53,6,5.85,18,6.14,5,38,287.06,3,19.36,24,51.5,43,5.48,8,6.37,20,6.96,6,43,UK,236.99,2,8.91,11,57.22,48,4.53,6,2.66,8,3.96,3,48,273.71,3,18.34,22,43.63,36,3.76,5,5.55,18,6.45,5,36,260.35,2,16.79,20,35.41,30,3.58,5,3.93,12,4.08,3,30,FR,280.38,3,8.82,11,54.36,46,1.74,2,5.47,17,8.44,7,46,250.34,2,6.34,7,62.23,60,1.16,1,3.55,11,4,3,60,250.34,2,4.67,5,76.53,103,1.49,2,6.7,21,12.86,11,103,BE,257.02,2,9.43,11,52.93,44,1,1,4.67,15,4.81,4,44,270.37,3,19.19,23,45.78,38,4.05,5,5.13,16,5.29,4,38,253.68,2,6.77,8,53.64,45,0.83,1,4.69,15,4.84,4,45,FI,330.45,3,8.14,10,43.27,36,2.98,4,3.75,12,6.22,5,36,220.3,2,2.79,3,54.36,46,0.47,0,2.43,7,2.66,2,46,250.34,2,0.27,0,62.23,60,0.13,0,0.5,1,0.62,0,60
0,2023-10-18 22:25,NL,283.72,3,19.02,23,50.07,42,4.71,6,6.33,20,6.77,6,42,273.71,3,18.17,22,45.78,38,3.04,4,4.98,16,5.15,4,38,290.39,3,18.34,22,50.07,42,5.31,7,6.62,21,7.07,6,42,UK,223.64,2,6.77,8,65.8,71,3.7,5,2.44,7,4.6,4,71,277.04,3,18.17,22,39.7,33,3.58,5,5.82,18,6.35,5,33,263.69,2,20.22,25,26.46,22,5.07,7,4.1,13,4.29,3,25,FR,263.69,2,6.86,8,57.22,48,1.4,2,4.84,15,8.49,7,48,240.33,2,5.57,6,58.65,49,1.04,1,3.05,9,3.39,3,49,250.34,2,4.37,5,74.39,98,1.45,2,5.89,19,10.19,9,98,BE,233.65,2,6,7,50.78,43,0.63,0,2.88,9,3.02,2,43,267.03,3,15.94,19,44.7,37,3.55,5,4.97,16,5.12,4,37,250.34,2,7.28,9,45.78,38,1.22,1,2.93,9,3.18,2,38,FI,310.42,3,7.8,9,43.63,36,2.98,4,3.07,9,5.49,5,36,220.3,2,2.91,3,49.35,41,0.37,0,2.55,8,2.84,2,41,250.34,2,0.22,0,61.51,57,0.12,0,0.5,1,0.61,0,57
0,2023-10-18 23:25,NL,287.06,3,18.34,22,47.21,40,4.05,5,5.65,18,5.98,5,40,267.03,3,16.45,20,43.27,36,2.24,3,4.3,13,4.44,4,36,290.39,3,16.62,20,47.92,40,4.29,6,6.12,19,6.4,5,40,UK,216.96,2,6.17,7,69.38,82,3.73,5,2.81,9,7.22,6,82,273.71,3,17.65,22,35.41,30,3.19,4,5.78,18,6.21,5,30,263.69,2,21.08,26,20.56,17,5.54,8,3.83,12,4.05,3,26,FR,253.68,2,6,7,56.51,47,1.25,1,5.08,16,9.57,8,47,243.66,2,5.74,7,52.93,44,1.09,1,3.03,9,3.34,3,44,253.68,2,4.07,5,72.96,93,1.42,2,4.22,13,7.17,6,93,BE,240.33,2,6.68,8,40.41,34,1.12,1,2.13,6,2.44,2,34,243.66,2,10.8,13,42.92,36,2.8,4,3.46,11,3.64,3,36,250.34,2,7.11,8,38.27,32,1.18,1,2.21,7,2.57,2,32,FI,293.73,3,6.68,8,45.78,38,2.92,4,2.47,8,4.84,4,38,220.3,2,2.96,3,43.63,36,0.28,0,2.66,8,3.02,2,36,250.34,2,0.17,0,62.94,62,0.11,0,0.5,1,0.63,0,62
0,2023-10-19 00:25,NL,287.06,3,16.97,21,43.63,36,3.13,4,5.52,17,5.78,5,36,263.69,2,16.97,21,37.19,31,2.38,3,4.26,13,4.41,4,31,287.06,3,14.22,17,45.06,38,2.8,4,5.66,18,5.85,5,38,UK,213.62,2,6.17,7,71.53,89,4.11,6,3.36,10,9.51,8,89,273.71,3,16.79,20,31.47,26,3.01,4,5.28,17,5.64,5,26,253.68,2,13.71,17,23.96,20,3.22,4,3.21,10,3.45,3,20,FR,253.68,2,6,7,54.36,46,1.28,1,5.78,18,10.81,10,46,247,2,6,7,47.92,40,1.19,1,3.13,10,3.44,3,40,250.34,2,3.6,4,72.24,91,1.34,1,3.43,11,5.6,5,91,BE,243.66,2,6.08,7,38.62,32,1.25,1,2.6,8,3.32,3,32,243.66,2,9.85,12,34.69,29,2.44,3,2.46,7,2.76,2,29,236.99,2,4.84,6,41.84,35,1.04,1,1.9,6,2.38,2,35,FI,287.06,3,5.66,7,48.64,41,2.62,3,2.13,6,4.42,4,41,220.3,2,2.83,3,38.27,32,0.21,0,2.68,8,3.09,2,32,253.68,2,0.15,0,63.66,64,0.11,0,0.5,1,0.66,0,64
0,2023-10-19 01:26,NL,283.72,3,15.25,19,38.62,32,2.12,3,5.49,17,5.78,5,32,260.35,2,18.68,23,29.68,25,3.49,5,4.53,14,4.71,4,25,277.04,3,11.82,14,41.13,34,1.54,2,5.14,16,5.34,4,34,UK,208.62,2,6.34,7,72.24,91,4.59,6,3.32,10,9.28,8,91,273.71,3,16.28,20,27.18,23,3.46,5,4.63,15,4.96,4,23,240.33,2,5.91,7,44.35,37,1.68,2,2.38,7,3.43,3,37,FR,253.68,2,6.08,7,53.64,45,1.37,2,6.21,20,10.8,10,45,250.34,2,6.34,7,43.63,36,1.31,1,3.3,10,3.63,3,36,250.34,2,3.26,4,71.53,89,1.31,1,3.33,10,5.13,4,89,BE,236.99,2,4.28,5,45.06,38,1.18,1,3.01,9,4.23,3,38,243.66,2,9.68,12,32.54,27,2.8,4,2.52,8,3.08,2,27,236.99,2,4.24,5,45.78,38,1.03,1,2.16,7,2.96,2,38,FI,280.38,3,5.1,6,50.78,43,2.5,3,1.94,6,4.18,3,43,220.3,2,2.68,3,35.05,29,0.16,0,2.61,8,3.04,2,29,253.68,2,0.13,0,65.8,71,0.1,0,0.5,1,0.7,0,71
0,2023-10-19 02:26,NL,273.71,3,13.37,16,32.54,27,1.36,2,5.02,16,5.42,5,27,253.68,2,16.11,20,26.46,22,3.58,5,3.37,10,3.7,3,22,263.69,2,9.77,12,36.12,30,0.94,1,4.5,14,4.76,4,30,UK,206.95,2,6.86,8,71.53,89,5.07,7,3.42,11,9.08,8,89,267.03,3,15.25,19,23.96,20,4.05,5,3.93,12,4.21,3,20,216.96,2,3.47,4,62.94,62,1.94,2,2.45,7,4.68,4,62,FR,253.68,2,6.17,7,53.64,45,1.51,2,6.4,20,10.37,9,45,257.02,2,6.68,8,40.41,34,1.4,2,3.54,11,3.91,3,34,247,2,3.13,3,70.81,86,1.3,1,3.56,11,5.19,4,86,BE,243.66,2,4.2,5,47.92,40,1.24,1,3.78,12,5.94,5,40,236.99,2,8.4,10,36.84,31,2.74,4,2.78,9,3.76,3,31,240.33,2,4.07,5,48.64,41,1.06,1,2.87,9,4.3,3,41,FI,283.72,3,6.51,8,51.5,43,3.13,4,2.18,7,4.46,4,43,220.3,2,2.53,3,33.62,28,0.14,0,2.49,8,2.94,2,28,250.34,2,0.13,0,66.52,73,0.1,0,0.5,1,0.71,0,73
0,2023-10-19 03:26,NL,263.69,2,13.54,16,25.03,21,1.3,1,4.53,14,5.08,4,21,243.66,2,13.02,16,28.25,23,2.92,4,2.3,7,2.9,2,23,250.34,2,9.25,11,28.61,24,1.07,1,3.84,12,4.19,3,24,UK,211.95,2,8.48,10,66.52,73,5.9,8,3.5,11,8.72,8,73,257.02,2,12.85,16,22.17,18,4.11,6,3.86,12,4.12,3,18,211.95,2,3.9,4,63.66,64,2.41,3,2.67,8,4.86,4,64,FR,257.02,2,6.6,8,52.93,44,1.67,2,6.69,21,10.61,9,44,263.69,2,7.11,8,39.7,33,1.49,2,3.8,12,4.2,3,33,243.66,2,3,3,70.81,86,1.28,1,3.27,10,4.6,4,86,BE,253.68,2,4.97,6,47.92,40,1.34,1,4.53,14,7.89,7,40,240.33,2,7.71,9,40.77,34,2.56,3,3.42,11,5.1,4,34,243.66,2,3.94,4,50.07,42,1.09,1,3.55,11,5.88,5,42,FI,287.06,3,7.97,9,51.5,43,3.87,5,2.4,7,4.59,4,43,220.3,2,2.59,3,33.98,28,0.18,0,2.48,8,2.96,2,28,250.34,2,0.15,0,67.95,77,0.1,0,0.5,1,0.7,0,77
0,2023-10-19 04:27,NL,260.35,2,17.99,22,16.27,13,2.09,3,4,12,4.72,4,22,243.66,2,13.2,16,31.47,26,3.13,4,2.52,8,3.59,3,26,247,2,11.82,14,19.85,16,1.77,2,3.37,10,3.96,3,16,UK,213.62,2,8.48,10,62.94,62,5.96,8,2.98,9,7.15,6,62,243.66,2,9.43,11,25.03,21,3.87,5,3.67,11,4.17,3,21,208.62,2,4.71,5,60.8,55,3.01,4,2.81,9,4.44,4,55,FR,270.37,3,8.82,11,48.64,41,2.09,3,7.49,24,11.74,10,41,277.04,3,8.23,10,40.77,34,1.59,2,4.13,13,4.58,4,34,240.33,2,3,3,71.53,89,1.3,1,2.89,9,4.02,3,89,BE,260.35,2,6.26,7,45.42,38,1.37,2,5.06,16,9.43,8,38,243.66,2,7.8,9,42.2,35,2.62,3,4.13,13,6.81,6,35,243.66,2,4.03,5,50.78,43,1.15,1,3.92,12,7.15,6,43,FI,287.06,3,8.23,10,53.64,45,3.99,5,2.32,7,4.03,3,45,223.64,2,3.38,4,35.05,29,0.3,0,2.72,8,3.18,2,29,253.68,2,0.25,0,68.67,80,0.12,0,0.5,1,0.71,0,80
0,2023-10-19 05:27,NL,263.69,2,24.68,30,10.01,8,2.5,3,3.32,10,4.44,4,30,253.68,2,19.36,24,26.11,22,3.76,5,3.45,11,5.14,4,24,250.34,2,15.42,19,15.91,13,2.18,3,3.43,11,4.52,4,19,UK,216.96,2,8.23,10,60.8,55,6.14,9,2.68,8,5.99,5,55,226.97,2,6.68,8,36.84,31,3.55,5,2.72,8,3.76,3,31,208.62,2,5.18,6,59.37,51,3.43,5,3.56,11,5.21,4,51,FR,343.8,3,19.54,24,36.12,30,3.61,5,10.92,35,15.81,14,35,313.76,3,13.2,16,37.55,31,2.09,3,5.45,17,6.07,5,31,240.33,2,3.51,4,70.81,86,1.36,2,2.72,8,3.74,3,86,BE,267.03,3,8.31,10,41.49,35,1.43,2,5.42,17,10.14,9,35,250.34,2,9.6,12,39.7,33,2.89,4,4.71,15,8.49,7,33,250.34,2,5.18,6,48.64,41,1.27,1,4.27,13,8.39,7,41,FI,300.41,3,9.25,11,52.21,44,3.82,5,2.95,9,4.6,4,44,233.65,2,4.63,5,39.34,33,0.44,0,2.89,9,3.28,3,33,253.68,2,0.42,0,68.67,80,0.13,0,0.5,1,0.73,0,80
0,2023-10-19 06:27,NL,270.37,3,31.87,39,4.83,4,2.83,4,3.59,11,5.35,4,39,267.03,3,27.76,34,17.35,14,4.23,6,4.45,14,6.85,6,34,253.68,2,19.88,24,14.84,12,2.3,3,3.91,12,5.71,5,24,UK,230.31,2,13.37,16,53.64,45,7.75,11,2.95,9,5.31,4,45,213.62,2,8.48,10,45.42,38,3.58,5,2.5,8,3.74,3,38,216.96,2,7.28,9,55.79,47,3.87,5,3.65,11,5.49,5,47,FR,487.33,5,38.39,47,17.17,14,5.9,8,17.37,53,23.15,21,53,343.8,3,17.99,22,32.54,27,2.44,3,6.41,20,7.16,6,27,247,2,4.41,5,70.1,84,1.46,2,2.65,8,3.57,3,84,BE,263.69,2,10.71,13,37.19,31,1.48,2,5.85,18,10.24,9,31,263.69,2,13.37,16,34.33,29,3.22,4,5.36,17,10.13,9,29,260.35,2,7.71,9,43.99,37,1.43,2,4.87,15,9.74,9,37,FI,310.42,3,10.71,13,49.35,41,4.05,5,3.39,11,5.13,4,41,240.33,2,5.83,7,45.78,38,0.55,0,2.85,9,3.2,2,38,253.68,2,0.49,0,68.67,80,0.14,0,0.5,1,0.74,0,80
0,2023-10-19 07:28,NL,277.04,3,34.96,43,3.49,2,3.1,4,4.47,14,7.07,6,43,273.71,3,31.87,39,11.8,10,4.71,6,5.23,16,8.55,7,39,260.35,2,22.28,27,15.38,13,2.41,3,4.73,15,7.63,7,27,UK,240.33,2,20.56,25,43.27,36,9.66,14,3.48,11,4.9,4,36,220.3,2,13.88,17,43.99,37,3.87,5,2.69,8,3.94,3,37,220.3,2,10.97,13,50.78,43,4.23,6,3.01,9,4.14,3,43,FR,594.14,6,51.41,64,4.65,3,7.63,11,21.69,62,27.25,25,64,330.45,3,17.48,21,32.9,27,2.41,3,5.78,18,6.49,6,27,250.34,2,5.18,6,68.67,80,1.54,2,2.75,8,3.67,3,80,BE,260.35,2,11.82,14,35.76,30,1.45,2,5.94,19,9.55,8,30,270.37,3,17.31,21,28.25,23,3.58,5,6.07,19,11.19,10,23,273.71,3,10.37,12,38.98,33,1.64,2,5.88,19,11.36,10,33,FI,310.42,3,11.31,14,49.35,41,4.23,6,3.33,10,5,4,41,243.66,2,7.28,9,52.21,44,0.74,1,2.77,8,3.07,2,44,253.68,2,0.46,0,68.67,80,0.14,0,0.5,1,0.75,0,80
0,2023-10-19 08:28,NL,267.03,3,29.47,36,18.6,15,3.19,4,2.72,8,4.77,4,36,260.35,2,23.99,29,27.18,23,4.83,7,3.17,10,5.56,5,29,253.68,2,17.99,22,28.97,24,2.33,3,2.52,8,4.52,4,24,UK,240.33,2,19.71,24,42.92,36,8.94,13,3.56,11,4.13,3,36,226.97,2,15.42,19,41.49,35,3.99,5,1.8,5,2.42,2,35,220.3,2,12,15,47.92,40,4.35,6,2.5,8,3.15,2,40,FR,467.3,5,36.33,45,16.27,13,5.78,8,12.56,40,15.76,14,45,283.72,3,9.85,12,50.07,42,1.88,2,3.33,10,3.81,3,42,253.68,2,5.27,6,70.1,84,1.57,2,3.55,11,6.72,6,84,BE,240.33,2,8.82,11,47.21,40,1.24,1,3.51,11,5.62,5,40,250.34,2,12.68,15,40.41,34,2.92,4,3.66,11,6.02,5,34,260.35,2,9.08,11,44.35,37,1.77,2,4.54,14,7.5,6,37,FI,353.81,4,14.74,18,42.2,35,5.96,8,5.56,18,8.07,7,35,270.37,3,10.2,12,42.92,36,1.1,1,3.52,11,4.26,3,36,257.02,2,0.48,0,65.09,69,0.12,0,0.5,1,0.71,0,69
0,2023-10-19 09:28,NL,263.69,2,26.73,33,20.03,16,3.13,4,2.96,9,5.45,5,33,260.35,2,22.96,28,27.9,23,4.83,7,3.58,11,6.34,5,28,257.02,2,17.99,22,28.61,24,2.44,3,2.92,9,5.43,5,24,UK,236.99,2,16.11,20,47.92,40,8.23,12,2.55,8,2.89,2,40,223.64,2,15.25,19,42.2,35,4.71,6,2.41,7,3.1,2,35,220.3,2,11.65,14,46.49,39,4.53,6,2.23,7,2.68,2,39,FR,393.87,4,25.02,31,23.6,20,4.47,6,7.89,25,10.02,9,31,267.03,3,7.54,9,53.64,45,1.74,2,2.72,8,3.11,2,45,250.34,2,4.67,5,71.53,89,1.48,2,3.89,12,7.99,7,89,BE,240.33,2,8.57,10,50.07,42,1.18,1,3.55,11,5.21,4,42,247,2,11.48,14,43.99,37,2.65,3,3.68,11,5.64,5,37,260.35,2,8.31,10,47.92,40,2,2,4.72,15,6.94,6,40,FI,317.1,3,12.85,16,44.7,37,5.6,8,4.06,13,6.13,5,37,267.03,3,8.74,10,45.78,38,1.09,1,3.21,10,3.89,3,38,253.68,2,0.42,0,65.09,69,0.12,0,0.5,1,0.7,0,69
0,2023-10-19 10:29,NL,263.69,2,23.65,29,22.17,18,3.01,4,3.31,10,6.19,5,29,257.02,2,21.42,26,30.76,26,4.41,6,3.53,11,5.55,5,26,260.35,2,17.99,22,29.68,25,2.44,3,3.06,9,5.36,4,25,UK,230.31,2,13.37,16,50.78,43,7.75,11,2.21,7,2.48,2,43,223.64,2,14.22,17,41.84,35,4.83,7,2.62,8,3.23,2,35,216.96,2,11.14,13,46.49,39,4.53,6,2.08,6,2.47,2,39,FR,300.41,3,13.54,16,37.91,32,2.77,4,3.81,12,5.14,4,32,243.66,2,4.88,6,60.8,55,1.16,1,1.72,5,1.93,1,55,250.34,2,4.07,5,74.39,98,1.3,1,3.94,12,8.39,7,98,BE,243.66,2,9.08,11,52.21,44,1.25,1,3.22,10,4.44,4,44,236.99,2,10.71,13,49.35,41,2.65,3,3.22,10,4.5,4,41,250.34,2,6.68,8,52.93,44,1.74,2,4.08,13,5.2,4,44,FI,277.04,3,7.97,9,50.07,42,3.58,5,1.86,6,3.02,2,42,253.68,2,6.34,7,50.78,43,0.95,1,2.51,8,2.93,2,43,253.68,2,0.39,0,65.8,71,0.12,0,0.5,1,0.69,0,71
0,2023-10-19 11:29,NL,263.69,2,22.28,27,23.96,20,2.86,4,3.49,11,6.08,5,27,257.02,2,21.08,26,32.54,27,3.93,5,2.9,9,4.04,3,27,260.35,2,17.14,21,31.83,26,2.09,3,2.83,9,4.45,4,26,UK,230.31,2,12.68,15,50.78,43,7.63,11,2.04,6,2.33,2,43,223.64,2,13.88,17,40.05,33,4.89,7,2.09,6,2.47,2,33,216.96,2,11.14,13,45.06,38,4.35,6,2.01,6,2.33,2,38,FR,273.71,3,10.2,12,43.99,37,2.3,3,2.76,8,3.84,3,37,240.33,2,4.54,5,62.23,60,1.06,1,1.42,4,1.6,1,60,250.34,2,3.98,4,75.82,102,1.28,1,4.19,13,7.93,7,102,BE,250.34,2,10.28,12,52.93,44,1.57,2,2.73,8,3.56,3,44,243.66,2,13.54,16,50.07,42,4.47,6,3.04,9,3.99,3,42,243.66,2,6.77,8,54.36,46,1.62,2,3.35,10,3.98,3,46,FI,273.71,3,7.37,9,48.64,41,3.16,4,1.53,4,2.47,2,41,240.33,2,4.11,5,54.36,46,0.63,0,1.72,5,1.93,1,46,253.68,2,0.4,0,65.8,71,0.11,0,0.5,1,0.68,0,71
0,2023-10-19 12:29,NL,263.69,2,21.25,26,27.54,23,2.5,3,3.06,9,4.96,4,26,260.35,2,23.65,29,33.26,28,3.93,5,2.69,8,3.48,3,29,257.02,2,16.28,20,36.12,30,1.59,2,2.42,7,3.55,3,30,UK,230.31,2,13.2,16,46.49,39,7.75,11,2.19,7,2.53,2,39,220.3,2,14.22,17,37.91,32,4.83,7,1.61,5,1.88,1,32,223.64,2,13.37,16,37.91,32,5.13,7,2.44,7,2.61,2,32,FR,253.68,2,8.05,10,50.07,42,1.79,2,2.17,7,3.02,2,42,236.99,2,4.71,5,62.94,62,1.16,1,1.34,4,1.65,1,62,247,2,3.86,4,74.39,98,1.33,1,5.69,18,13.07,12,98,BE,260.35,2,13.02,16,41.13,34,2.21,3,2.27,7,2.72,2,34,267.03,3,22.96,28,41.84,35,7.03,10,2.93,9,3.59,3,35,240.33,2,8.48,10,51.5,43,1.88,2,2.16,7,2.51,2,43,FI,273.71,3,7.63,9,46.49,39,3.01,4,1.44,4,2.37,2,39,226.97,2,2.29,2,53.64,45,0.32,0,0.81,2,0.97,0,45,253.68,2,0.47,0,65.8,71,0.1,0,0.5,1,0.68,0,71
0,2023-10-19 13:30,NL,263.69,2,23.65,29,28.61,24,1.62,2,2.3,7,3.34,3,29,250.34,2,22.62,28,39.34,33,2.44,3,2.36,7,2.98,2,33,243.66,2,17.14,21,38.27,32,1.18,1,2,6,2.8,2,32,UK,243.66,2,17.82,22,33.26,28,9.89,14,3.14,10,3.51,3,28,220.3,2,16.97,21,31.83,26,5.07,7,1.76,5,1.96,1,26,223.64,2,13.37,16,37.91,32,5.13,7,2.44,7,2.61,2,32,FR,253.68,2,8.65,10,48.64,41,1.67,2,2.24,7,3.03,2,41,240.33,2,5.48,6,62.94,62,1.43,2,1.66,5,2.18,2,62,243.66,2,4.24,5,72.24,91,1.45,2,6.15,19,15.1,13,91,BE,260.35,2,13.02,16,36.48,30,2.15,3,2.04,6,2.38,2,30,260.35,2,21.94,27,37.91,32,6.38,9,2.75,8,3.25,3,32,243.66,2,8.23,10,47.92,40,1.71,2,1.79,5,2.07,1,40,FI,277.04,3,8.31,10,44.7,37,3.25,4,1.59,5,2.62,2,37,223.64,2,2.44,3,52.93,44,0.38,0,0.63,2,0.81,0,44,257.02,2,0.57,0,64.37,66,0.11,0,0.5,1,0.68,0,66
0,2023-10-19 14:30,NL,260.35,2,28.45,35,22.89,19,1.48,2,2.22,7,3.08,2,35,240.33,2,21.76,27,40.41,34,2,2,1.9,6,2.44,2,34,240.33,2,18.34,22,37.91,32,1.06,1,2.03,6,2.8,2,32,UK,250.34,2,20.56,25,28.61,24,10.25,15,3.14,10,3.48,3,25,223.64,2,18.17,22,27.9,23,4.89,7,2.14,6,2.33,2,23,226.97,2,16.28,20,32.19,27,4.95,7,2.36,7,2.52,2,27,FR,253.68,2,9.77,12,46.49,39,1.59,2,2.27,7,3.02,2,39,243.66,2,6.6,8,62.94,62,1.73,2,2.44,7,3.22,2,62,240.33,2,4.71,5,72.24,91,1.52,2,5.62,18,14.13,13,91,BE,257.02,2,13.88,17,33.26,28,2.06,3,1.79,5,2.1,1,28,260.35,2,21.94,27,31.83,26,5.72,8,2.6,8,2.97,2,27,240.33,2,8.4,10,44.35,37,1.58,2,1.48,4,1.72,1,37,FI,290.39,3,10.2,12,46.49,39,3.55,5,2.15,6,3.42,3,39,220.3,2,3.3,4,53.64,45,0.64,0,0.71,2,0.95,0,45,257.02,2,0.63,0,64.37,66,0.13,0,0.5,1,0.68,0,66
0,2023-10-19 15:30,NL,260.35,2,28.45,35,22.89,19,1.48,2,2.22,7,3.08,2,35,240.33,2,23.31,29,37.55,31,1.89,2,1.83,5,2.35,2,31,240.33,2,19.71,24,36.48,30,0.98,1,1.99,6,2.84,2,30,UK,253.68,2,25.71,32,24.32,20,11.09,16,3,9,3.32,3,32,226.97,2,19.88,24,25.39,21,4.41,6,1.86,6,2.02,1,24,230.31,2,19.54,24,27.18,23,5.19,7,2.55,8,2.71,2,24,FR,293.73,3,17.48,21,39.7,33,2.27,3,3.86,12,5.26,4,33,243.66,2,7.2,9,62.94,62,1.77,2,2.79,9,3.61,3,62,240.33,2,5.27,6,73.67,95,1.57,2,4.87,15,11.32,10,95,BE,260.35,2,17.14,21,28.97,24,2.15,3,1.81,5,2.16,2,24,263.69,2,25.36,31,25.39,21,6.14,9,2.53,8,2.91,2,31,243.66,2,9.85,12,41.84,35,1.51,2,1.32,4,1.59,1,35,FI,293.73,3,10.2,12,50.78,43,3.43,5,2.37,7,3.71,3,43,220.3,2,4.16,5,56.51,47,0.97,1,1.29,4,1.72,1,47,257.02,2,0.58,0,65.8,71,0.14,0,0.5,1,0.68,0,71
0,2023-10-19 16:31,NL,253.68,2,29.82,37,21.28,18,1.22,1,2.12,6,2.88,2,37,247,2,26.39,32,31.83,26,2.09,3,1.97,6,2.53,2,32,243.66,2,21.25,26,33.98,28,1.06,1,1.87,6,2.63,2,28,UK,263.69,2,33.59,41,16.45,13,12.64,18,3.24,10,3.6,3,41,230.31,2,22.28,27,23.96,20,4.59,6,2.02,6,2.18,2,27,236.99,2,23.99,29,20.56,17,5.78,8,2.82,9,3,2,29,FR,403.88,4,32.9,41,24.68,20,3.82,5,8.36,27,11.33,10,41,247,2,6.68,8,63.66,64,1.49,2,2.85,9,3.56,3,64,236.99,2,5.57,6,75.1,100,1.54,2,4.61,14,10.48,9,100,BE,270.37,3,22.62,28,23.25,19,2.59,3,2.16,7,2.62,2,28,270.37,3,31.19,38,16.63,14,7.15,10,2.73,8,3.16,2,38,243.66,2,9.85,12,41.84,35,1.51,2,1.32,4,1.59,1,35,FI,303.75,3,9.85,12,55.08,46,3.43,5,2.68,8,4.12,3,46,220.3,2,4.16,5,58.65,49,1.09,1,2.07,6,2.83,2,49,257.02,2,0.55,0,65.8,71,0.14,0,0.5,1,0.7,0,71
0,2023-10-19 17:31,NL,253.68,2,27.76,34,23.6,20,1.4,2,2.03,6,2.63,2,34,253.68,2,28.79,35,27.18,23,2.33,3,1.94,6,2.48,2,35,250.34,2,21.42,26,33.62,28,2.38,3,1.99,6,2.49,2,28,UK,267.03,3,37.01,46,12.88,10,13.47,19,3.54,11,3.99,3,46,233.65,2,22.96,28,23.25,19,5.01,7,2.39,7,2.55,2,28,243.66,2,26.39,32,16.09,13,6.2,9,3.07,9,3.27,3,32,FR,554.09,6,48.67,60,10.64,9,5.54,8,15.56,50,20.34,18,60,247,2,5.44,6,67.23,75,1.13,1,2.28,7,2.8,2,75,226.97,2,5.23,6,76.53,103,1.43,2,4.67,15,11.6,10,103,BE,283.72,3,25.71,32,20.74,17,2.92,4,2.5,8,3.07,2,32,277.04,3,33.24,41,11.62,9,7.45,10,2.92,9,3.43,3,41,250.34,2,13.54,16,35.05,29,1.45,2,1.41,4,1.77,1,29,FI,307.08,3,9.43,11,57.22,48,3.4,5,2.86,9,4.37,4,48,220.3,2,3.64,4,60.08,53,0.95,1,2.75,8,3.63,3,53,257.02,2,0.49,0,65.8,71,0.14,0,0.5,1,0.71,0,71
0,2023-10-19 18:31,NL,260.35,2,27.08,33,23.25,19,3.73,5,2.73,8,3.23,2,33,257.02,2,29.47,36,22.53,19,2.38,3,1.88,6,2.4,2,36,273.71,3,26.73,33,25.03,21,6.08,8,3.58,11,4.08,3,33,UK,280.38,3,41.47,51,7.15,6,14.66,21,4.47,14,5.09,4,51,233.65,2,20.39,25,22.89,19,4.47,6,2.01,6,2.17,2,25,250.34,2,26.05,32,14.13,11,6.32,9,3.3,10,3.53,3,32,FR,801.09,9,61.01,76,0.98,0,7.63,11,27.89,74,33.53,31,76,236.99,2,4.2,5,70.81,86,0.93,1,1.84,5,2.38,2,86,220.3,2,4.5,5,80.11,112,1.28,1,4.38,14,11.29,10,112,BE,287.06,3,26.39,32,20.39,17,3.04,4,2.7,8,3.31,3,32,277.04,3,32.56,40,9.66,8,7.39,10,3.08,10,3.64,3,40,250.34,2,14.05,17,32.54,27,1.52,2,1.56,5,1.95,1,27,FI,307.08,3,9,11,57.94,49,3.31,4,2.8,9,4.27,3,49,220.3,2,2.83,3,62.94,62,0.58,0,2.18,7,2.68,2,62,260.35,2,0.49,0,66.52,73,0.14,0,0.5,1,0.71,0,73
0,2023-10-19 19:32,NL,290.39,3,33.93,42,13.59,11,6.02,8,4.52,14,5.07,4,42,260.35,2,30.5,38,15.74,13,2.62,3,2.03,6,2.56,2,38,300.41,3,33.24,41,14.31,12,5.96,8,4.54,14,5.17,4,41,UK,297.07,3,44.55,55,1.45,1,15.5,22,5.8,18,6.64,6,55,233.65,2,19.54,24,20.92,17,4.47,6,2.1,6,2.29,2,24,250.34,2,24.33,30,14.13,11,6.14,9,3.43,11,3.73,3,30,FR,961.3,10,61.69,77,0.02,0,8.46,12,36.2,91,41.39,38,91,233.65,2,3.73,4,70.81,86,0.83,1,1.58,5,2.05,1,86,216.96,2,3.81,4,84.4,123,1.15,1,3.94,12,9.66,8,123,BE,283.72,3,23.99,29,22.35,18,2.86,4,2.59,8,3.22,2,29,277.04,3,31.19,38,9.39,7,7.33,10,3.21,10,3.81,3,38,253.68,2,14.05,17,30.04,25,1.57,2,1.79,5,2.23,2,25,FI,307.08,3,8.82,11,57.22,48,3.25,4,2.74,8,4.21,3,48,216.96,2,2.16,2,68.67,80,0.4,0,1.55,5,1.95,1,80,260.35,2,0.55,0,65.8,71,0.14,0,0.5,1,0.71,0,71
0,2023-10-19 20:32,NL,310.42,3,37.01,46,7.42,6,5.19,7,5.05,16,5.64,5,46,260.35,2,29.82,37,10.28,8,2.74,4,2.24,7,2.78,2,37,307.08,3,32.56,40,9.57,8,4.29,6,4.45,14,5.13,4,40,UK,310.42,3,42.5,53,0.27,0,15.74,23,6.76,21,7.78,7,53,236.99,2,19.36,24,18.06,15,4.65,6,2.1,6,2.31,2,24,247,2,22.62,28,14.66,12,5.84,8,3.47,11,3.86,3,28,FR,934.6,10,61.01,76,0.01,0,7.87,11,34.64,88,38.77,35,88,223.64,2,3.17,3,70.1,84,0.71,1,1.33,4,1.64,1,84,211.95,2,3.13,3,87.98,132,1.07,1,3.58,11,7.57,7,132,BE,277.04,3,20.91,26,24.68,20,2.56,3,2.39,7,3.01,2,26,280.38,3,30.85,38,9.21,7,7.51,11,3.38,10,4,3,38,253.68,2,13.2,16,28.25,23,1.51,2,1.92,6,2.41,2,23,FI,300.41,3,8.48,10,56.51,47,3.07,4,2.38,7,3.77,3,47,216.96,2,1.93,2,71.53,89,0.38,0,1.21,3,1.52,1,89,257.02,2,0.54,0,65.09,69,0.12,0,0.5,1,0.7,0,69
0,2023-10-19 21:32,NL,307.08,3,33.93,42,5.99,5,3.87,5,4.96,16,5.66,5,42,257.02,2,26.05,32,9.39,7,2.62,3,2.34,7,2.94,2,32,297.07,3,27.76,34,8.23,6,2.86,4,4.17,13,4.96,4,34,UK,310.42,3,40.1,50,0.09,0,14.78,21,7.03,22,8.19,7,50,236.99,2,19.88,24,14.31,12,4.65,6,2.17,7,2.38,2,24,240.33,2,20.56,25,15.74,13,5.25,7,3.37,10,3.92,3,25,FR,707.63,8,55.52,69,0.77,0,6.08,8,22.61,64,25.23,23,69,210.29,2,2.19,2,72.24,91,0.52,0,1.07,3,1.23,1,91,208.62,2,2.64,3,90.12,137,1.15,1,4.28,13,7.7,7,137,BE,267.03,3,17.48,21,26.82,22,2.12,3,2.19,7,2.8,2,22,277.04,3,29.82,37,9.3,7,7.39,10,3.45,11,4.14,3,37,250.34,2,11.82,14,27.9,23,1.3,1,1.85,6,2.37,2,23,FI,287.06,3,7.97,9,56.51,47,2.86,4,1.76,5,3.05,2,47,211.95,2,1.69,2,72.24,91,0.36,0,1.09,3,1.27,1,91,257.02,2,0.48,0,64.37,66,0.12,0,0.5,1,0.69,0,66
0,2023-10-19 22:33,NL,303.75,3,29.13,36,5.9,5,2.89,4,4.83,15,5.61,5,36,253.68,2,22.28,27,9.48,8,2.5,3,2.52,8,3.25,3,27,287.06,3,22.96,28,8.49,7,2,2,3.91,12,4.78,4,28,UK,293.73,3,36.67,45,0.09,0,11.56,17,6.37,20,7.5,6,45,240.33,2,19.19,23,12.16,10,4.17,6,1.98,6,2.18,2,23,233.65,2,18.17,22,17.17,14,4.65,6,3.24,10,4.03,3,22,FR,473.98,5,38.39,47,7.42,6,4.41,6,11.38,36,12.97,12,47,205.28,2,1.8,2,76.53,103,0.45,0,0.91,2,1,0,103,208.62,2,2.64,3,90.12,137,1.15,1,4.28,13,7.7,7,137,BE,257.02,2,14.74,18,27.18,23,1.85,2,2.16,7,2.79,2,23,267.03,3,26.05,32,10.73,9,6.91,10,3.33,10,4.13,3,32,243.66,2,10.54,13,27.18,23,1.12,1,1.68,5,2.25,2,23,FI,283.72,3,7.54,9,55.79,47,2.83,4,1.59,5,2.87,2,47,205.28,2,1.35,1,74.39,98,0.29,0,0.96,3,1.05,0,98,257.02,2,0.42,0,64.37,66,0.12,0,0.5,1,0.68,0,66
0,2023-10-19 23:33,NL,300.41,3,25.02,31,6.8,5,2.3,3,5.05,16,5.83,5,31,253.68,2,22.28,27,9.48,8,2.5,3,2.52,8,3.25,3,27,287.06,3,19.88,24,8.76,7,1.62,2,4.12,13,5,4,24,UK,273.71,3,31.87,39,0.17,0,8.94,13,5.46,17,6.57,6,39,240.33,2,17.82,22,11.44,9,3.82,5,1.83,5,2.03,1,22,226.97,2,16.11,20,18.42,15,4.53,6,3.69,11,4.63,4,20,FR,370.5,4,25.36,31,15.02,12,3.7,5,7.14,23,8.25,7,31,203.61,2,1.56,1,78.68,109,0.41,0,0.75,2,0.82,0,109,201.94,2,1.63,2,84.4,123,0.78,1,5.8,18,9.03,8,123,BE,250.34,2,12.17,15,26.82,22,1.68,2,2.24,7,2.94,2,22,257.02,2,21.42,26,12.34,10,6.38,9,3.15,10,4.03,3,26,240.33,2,10.28,12,25.75,21,1.12,1,1.62,5,2.25,2,21,FI,287.06,3,7.28,9,55.08,46,3.04,4,1.53,4,2.79,2,46,200.27,2,1.13,1,77.25,105,0.24,0,0.76,2,0.82,0,105,257.02,2,0.35,0,65.09,69,0.12,0,0.5,1,0.69,0,69
0,2023-10-20 00:33,NL,297.07,3,22.62,28,7.42,6,2.15,3,5.92,19,6.67,6,28,253.68,2,17.99,22,8.76,7,2.21,3,2.86,9,3.74,3,22,287.06,3,18.51,23,8.4,7,1.58,2,4.99,16,5.83,5,23,UK,260.35,2,27.08,33,0.29,0,7.87,11,4.99,16,5.96,5,33,240.33,2,16.79,20,11.18,9,3.76,5,1.99,6,2.24,2,20,226.97,2,14.57,18,20.03,16,4.83,7,4.75,15,5.85,5,18,FR,347.14,3,21.08,26,16.45,13,3.43,5,6.31,20,7.27,6,26,203.61,2,1.56,1,80.11,112,0.43,0,0.83,2,0.89,0,112,200.27,2,1.22,1,87.26,130,0.62,0,4.42,14,7.18,6,130,BE,247,2,10.63,13,26.11,22,1.57,2,2.23,7,2.91,2,22,247,2,18.51,23,12.88,10,6.02,8,3.02,9,3.97,3,23,247,2,11.65,14,23.25,19,1.27,1,1.78,5,2.46,2,19,FI,290.39,3,7.28,9,54.36,46,3.13,4,1.51,4,2.77,2,46,200.27,2,1.02,1,79.39,110,0.22,0,0.66,2,0.71,0,110,257.02,2,0.34,0,65.8,71,0.12,0,0.5,1,0.69,0,71
0,2023-10-20 01:34,NL,293.73,3,21.08,26,8.32,7,2.21,3,7.35,23,8.01,7,26,257.02,2,17.99,22,6.97,5,2.06,3,3.23,10,4.09,3,22,293.73,3,18.34,22,7.96,6,1.77,2,6.41,20,7.17,6,22,UK,253.68,2,23.99,29,0.41,0,7.75,11,5.11,16,5.86,5,29,240.33,2,16.45,20,10.73,9,3.87,5,2.21,7,2.54,2,20,226.97,2,13.37,16,21.64,18,4.95,7,5.48,17,6.74,6,18,FR,350.48,3,20.74,25,14.31,12,3.31,4,6.51,21,7.56,7,25,203.61,2,1.65,2,78.68,109,0.47,0,1.01,3,1.08,1,109,203.61,2,0.98,1,87.98,132,0.58,0,4.85,15,8.94,8,132,BE,243.66,2,9.34,11,24.68,20,1.39,2,2.12,6,2.68,2,20,240.33,2,16.28,20,12.52,10,5.31,7,2.78,9,3.83,3,20,253.68,2,14.4,18,19.31,16,1.65,2,2.27,7,3,2,18,FI,290.39,3,7.37,9,54.36,46,3.25,4,1.56,5,2.85,2,46,201.94,2,1.05,1,79.39,110,0.23,0,0.83,2,0.87,0,110,257.02,2,0.39,0,66.52,73,0.13,0,0.5,1,0.7,0,73
0,2023-10-20 02:34,NL,283.72,3,18.51,23,9.12,7,2,2,7.52,24,8.09,7,24,260.35,2,17.48,21,4.92,4,1.89,2,4.14,13,5,4,21,300.41,3,19.36,24,7.51,6,2.21,3,8.02,26,8.77,8,26,UK,243.66,2,22.62,28,0.69,0,7.75,11,5.3,17,5.84,5,28,240.33,2,16.45,20,10.1,8,4.05,5,2.63,8,3.02,2,20,226.97,2,12.68,15,22.71,19,4.95,7,6.28,20,7.7,7,20,FR,347.14,3,20.39,25,11.18,9,3.01,4,6.47,21,7.65,7,25,203.61,2,1.78,2,76.53,103,0.51,0,1.05,3,1.12,1,103,201.94,2,0.89,1,89.41,136,0.63,0,5.79,18,10.99,10,136,BE,240.33,2,7.8,9,23.6,20,1.13,1,1.97,6,2.49,2,20,233.65,2,14.22,17,11.62,9,4.23,6,2.44,7,3.58,3,17,253.68,2,15.77,19,16.09,13,2.15,3,2.73,8,3.56,3,19,FI,290.39,3,7.88,9,54.36,46,3.52,5,1.67,5,3.04,2,46,201.94,2,1.11,1,77.25,105,0.24,0,1.03,3,1.08,1,105,257.02,2,0.56,0,66.52,73,0.15,0,0.5,1,0.71,0,73
0,2023-10-20 03:34,NL,277.04,3,14.4,18,10.19,8,1.3,1,7.47,24,7.95,7,24,270.37,3,17.48,21,3.44,2,1.94,2,5.99,19,6.78,6,21,290.39,3,17.82,22,7.51,6,1.91,2,7.75,25,8.43,7,25,UK,233.65,2,20.91,26,1.81,1,7.57,11,4.65,15,5.02,4,26,240.33,2,16.79,20,9.48,8,4.23,6,2.94,9,3.39,3,20,226.97,2,12.17,15,22.71,19,4.59,6,7.3,23,8.76,8,23,FR,340.46,3,19.54,24,8.05,6,2.5,3,6.13,19,7.33,6,24,206.95,2,2.36,2,72.96,93,0.63,0,1.1,3,1.19,1,93,201.94,2,0.91,1,90.12,137,0.79,1,6.49,21,10.88,10,137,BE,243.66,2,8.82,11,19.13,16,0.95,1,2.06,6,2.67,2,16,243.66,2,15.08,18,8.23,6,3.28,4,2.54,8,3.46,3,18,247,2,16.97,21,11.98,10,3.22,4,2.94,9,3.66,3,21,FI,297.07,3,8.57,10,54.36,46,3.87,5,1.97,6,3.47,3,46,200.27,2,1.07,1,74.39,98,0.2,0,0.92,2,0.97,0,98,263.69,2,1.27,1,65.8,71,0.24,0,0.5,1,0.78,0,71
0,2023-10-20 04:35,NL,283.72,3,14.05,17,11.44,9,0.97,1,10.43,33,10.88,10,33,303.75,3,21.94,27,1.26,1,2.8,4,8.41,27,9.11,8,27,280.38,3,15.77,19,7.69,6,1.13,1,7.85,25,8.4,7,25,UK,230.31,2,19.36,24,3.31,2,7.15,10,3.71,12,4.02,3,24,240.33,2,15.94,19,10.46,8,4.23,6,2.92,9,3.39,3,19,226.97,2,13.02,16,20.92,17,4.23,6,8.7,28,10.06,9,28,FR,360.49,4,20.91,26,3.44,2,2.53,3,7.18,23,8.57,7,26,223.64,2,4.28,5,68.67,80,0.89,1,1.46,4,1.63,1,80,201.94,2,1.07,1,86.55,128,0.92,1,6.5,21,9.89,9,128,BE,253.68,2,12.68,15,14.84,12,1.15,1,2.14,6,2.65,2,15,253.68,2,17.65,22,3.76,3,3.07,4,2.83,9,3.36,3,22,247,2,19.19,23,6.35,5,4.35,6,3.03,9,3.66,3,23,FI,317.1,3,10.2,12,52.93,44,4.35,6,2.87,9,4.6,4,44,200.27,2,0.76,0,72.24,91,0.12,0,0.77,2,0.82,0,91,270.37,3,2.68,3,63.66,64,0.35,0,0.71,2,1.1,1,64
0,2023-10-20 05:35,NL,297.07,3,16.11,20,12.88,10,0.95,1,13.59,44,14.01,12,44,307.08,3,23.31,29,0.43,0,2.62,3,8.59,27,9.18,8,29,287.06,3,16.45,20,7.87,6,0.86,1,10.32,33,10.81,10,33,UK,240.33,2,21.42,26,2.33,1,7.87,11,3.4,11,3.75,3,26,243.66,2,15.94,19,12.52,10,4.29,6,2.75,8,3.24,3,19,236.99,2,17.14,21,17.52,14,4.47,6,10.03,32,11.21,10,32,FR,367.17,4,21.42,26,2.3,1,2.33,3,7.54,24,8.8,8,26,230.31,2,5.23,6,67.95,77,0.83,1,1.58,5,1.82,1,77,200.27,2,1.41,1,81.54,116,0.97,1,6.2,20,9.32,8,116,BE,257.02,2,15.59,19,14.31,12,1.3,1,1.98,6,2.33,2,19,260.35,2,18.34,22,3,2,3.34,4,3.4,11,3.78,3,22,263.69,2,22.62,28,1.81,1,5.01,7,3.29,10,3.8,3,28,FI,330.45,3,11.82,14,51.5,43,4.83,7,3.52,11,5.43,5,43,203.61,2,1,1,67.95,77,0.13,0,0.54,1,0.58,0,77,277.04,3,3.73,4,60.8,55,0.43,0,0.92,2,1.42,1,55
0,2023-10-20 06:35,NL,297.07,3,15.94,19,18.24,15,1.09,1,15,48,15.35,14,48,290.39,3,22.96,28,2.95,2,2.12,3,9.04,29,9.49,8,29,293.73,3,15.59,19,12.52,10,0.92,1,12.85,41,13.21,12,41,UK,250.34,2,23.31,29,0.95,0,7.87,11,3.29,10,3.67,3,29,263.69,2,20.91,26,8.94,7,4.95,7,2.78,9,3.22,2,26,236.99,2,17.14,21,17.52,14,4.47,6,10.03,32,11.21,10,32,FR,350.48,3,21.42,26,5.9,5,2,2,7.82,25,8.7,8,26,243.66,2,7.88,9,58.65,49,0.92,1,1.7,5,2.03,1,49,201.94,2,2.19,2,74.39,98,1.1,1,5.11,16,7.98,7,98,BE,260.35,2,16.97,21,12.34,10,1.39,2,2.2,7,2.46,2,21,287.06,3,21.76,27,5.01,4,4.59,6,5.51,17,5.8,5,27,270.37,3,24.33,30,2.12,1,5.31,7,3.16,10,3.49,3,30,FI,330.45,3,12.17,15,50.78,43,5.01,7,3.66,11,5.66,5,43,193.6,2,1.3,1,47.92,40,0.06,0,0.5,1,0.54,0,40,280.38,3,3.81,4,58.65,49,0.47,0,1.08,3,1.66,1,49
0,2023-10-20 07:36,NL,303.75,3,15.42,19,19.85,16,1.33,1,12.98,42,13.24,12,42,270.37,3,21.42,26,12.52,10,2.62,3,5.98,19,6.23,5,26,293.73,3,15.25,19,16.09,13,1.1,1,8.83,28,9.04,8,28,UK,323.77,3,33.93,42,0.05,0,21.46,31,7.63,24,8.29,7,42,277.04,3,13.2,16,27.9,23,2.83,4,3.97,12,4.21,3,23,250.34,2,18.51,23,12.88,10,3.79,5,2.41,7,2.57,2,23,FR,387.19,4,21.08,26,5.9,5,1.77,2,9.14,29,10.06,9,29,300.41,3,19.54,24,25.39,21,1.88,2,4.31,13,5.29,4,24,208.62,2,3.51,4,70.81,86,1.52,2,3.98,12,7.16,6,86,BE,277.04,3,23.99,29,15.56,13,2.38,3,2.41,7,2.78,2,29,257.02,2,19.54,24,16.63,14,4.29,6,2.84,9,3.14,2,24,283.72,3,26.05,32,13.41,11,3.4,5,2.55,8,2.95,2,32,FI,320.44,3,10.54,13,52.21,44,4.35,6,3.14,10,5.06,4,44,196.93,2,4.16,5,18.42,15,0.13,0,0.89,2,1.33,1,15,277.04,3,3.56,4,62.23,60,0.46,0,0.99,3,1.41,1,60
0,2023-10-20 08:36,NL,297.07,3,13.02,16,23.96,20,1.27,1,8.56,27,8.78,8,27,277.04,3,19.19,23,12.34,10,2.21,3,6.53,21,6.75,6,23,303.75,3,14.4,18,17.7,14,1.16,1,6.61,21,6.77,6,21,UK,320.44,3,35.3,44,0.56,0,23.84,35,7.77,25,8.45,7,44,270.37,3,10.71,13,36.48,30,2.77,4,3.89,12,4.14,3,30,253.68,2,21.08,26,7.42,6,4.95,7,2.79,9,2.97,2,26,FR,313.76,3,17.48,21,20.74,17,2.8,4,4.45,14,6.81,6,21,363.83,4,26.73,33,17.88,15,2.83,4,6.78,22,7.94,7,33,213.62,2,4.76,5,67.23,75,2.56,3,2.63,8,3.94,3,75,BE,277.04,3,22.28,27,16.09,13,2.38,3,2.47,8,2.85,2,27,257.02,2,19.02,23,15.56,13,4.11,6,2.86,9,3.15,2,23,290.39,3,27.42,34,10.46,8,3.76,5,2.76,8,3.17,2,34,FI,307.08,3,9.43,11,54.36,46,4.23,6,2.68,8,4.55,4,46,198.6,2,4.07,5,11,9,0.16,0,1.2,3,1.82,1,9,273.71,3,2.83,3,64.37,66,0.37,0,0.8,2,1.16,1,66
0,2023-10-20 09:36,NL,287.06,3,11.14,13,27.54,23,1.18,1,5.18,16,5.37,4,23,283.72,3,17.65,22,13.05,11,1.74,2,5.5,17,5.71,5,22,307.08,3,13.37,16,20.92,17,1.22,1,4.4,14,4.54,4,17,UK,290.39,3,34.27,42,3,2,20.98,30,6.18,20,6.8,6,42,257.02,2,8.91,11,36.48,30,2.62,3,2.81,9,3.03,2,30,260.35,2,20.39,25,5.23,4,5.72,8,3.14,10,3.34,3,25,FR,280.38,3,13.37,16,31.11,26,2.33,3,3.24,10,5.06,4,26,400.54,4,29.47,36,19.67,16,3.67,5,8.44,27,9.51,8,36,216.96,2,5.57,6,66.52,73,3.79,5,1.24,4,1.68,1,73,BE,280.38,3,20.56,25,18.42,15,2.47,3,2.42,7,2.81,2,25,270.37,3,20.91,26,12.7,10,4.89,7,3.38,10,3.68,3,26,297.07,3,26.39,32,9.92,8,3.73,5,2.9,9,3.32,3,32,FI,297.07,3,8.4,10,57.22,48,3.99,5,2.23,7,3.91,3,48,205.28,2,4.11,5,11.36,9,0.19,0,1.59,5,2.24,2,9,257.02,2,1.39,1,73.67,95,0.23,0,0.5,1,0.72,0,95
0,2023-10-20 10:37,NL,280.38,3,10.54,13,27.18,23,1.12,1,3.33,10,3.5,3,23,293.73,3,17.65,22,13.41,11,1.67,2,4.63,15,4.84,4,22,303.75,3,12.85,16,22.53,19,1.21,1,3.45,11,3.57,3,19,UK,273.71,3,31.19,38,5.1,4,19.07,28,5.28,17,5.96,5,38,250.34,2,7.88,9,38.27,32,2.44,3,2.3,7,2.49,2,32,260.35,2,17.82,22,5.72,4,4.71,6,3.04,9,3.24,3,22,FR,263.69,2,10.88,13,39.34,33,1.94,2,2.42,7,3.79,3,33,387.19,4,26.73,33,25.03,21,3.76,5,7.95,25,8.87,8,33,216.96,2,5.48,6,66.52,73,4.47,6,0.93,3,1.32,1,73,BE,287.06,3,20.22,25,18.6,15,2.59,3,2.42,7,2.86,2,25,293.73,3,23.31,29,8.85,7,6.14,9,4.55,14,4.87,4,29,310.42,3,23.31,29,10.64,9,3.01,4,2.85,9,3.3,3,29,FI,290.39,3,7.97,9,60.8,55,3.76,5,2.02,6,3.56,3,55,216.96,2,4.33,5,14.13,11,0.16,0,1.93,6,2.52,2,11,253.68,2,0.95,1,76.53,103,0.21,0,0.5,1,0.69,0,103
0,2023-10-20 11:37,NL,277.04,3,10.54,13,26.11,22,1.06,1,3.05,9,3.21,2,22,303.75,3,18.34,22,11.62,9,1.74,2,4.78,15,4.99,4,22,300.41,3,12.85,16,22.17,18,1.15,1,4.09,13,4.21,3,18,UK,263.69,2,30.16,37,5.45,4,19.31,28,5.31,17,6.09,5,37,250.34,2,7.37,9,44.35,37,2.24,3,2.4,7,2.57,2,37,270.37,3,15.25,19,7.78,6,3.37,4,2.96,9,3.14,2,19,FR,257.02,2,9.25,11,45.06,38,1.7,2,2,6,3.15,2,38,337.12,3,20.05,25,32.19,27,3.07,4,5.66,18,6.37,5,27,216.96,2,5.06,6,69.38,82,4.59,6,1.1,3,1.61,1,82,BE,273.71,3,15.59,19,18.42,15,1.89,2,2.13,6,2.55,2,19,303.75,3,24.68,30,6.88,5,7.09,10,4.86,15,5.21,4,30,300.41,3,17.14,21,11.98,10,1.67,2,2.58,8,3.05,2,21,FI,287.06,3,8.05,10,61.51,57,3.67,5,1.89,6,3.38,3,57,236.99,2,6.43,8,15.91,13,0.29,0,2.55,8,3.13,2,13,250.34,2,0.5,0,80.11,112,0.16,0,0.5,1,0.65,0,112
0,2023-10-20 12:37,NL,273.71,3,11.31,14,24.32,20,1.06,1,2.99,9,3.16,2,20,307.08,3,19.88,24,8.4,7,2.06,3,5.27,17,5.49,5,24,297.07,3,13.2,16,20.74,17,1.13,1,3.84,12,3.95,3,17,UK,257.02,2,30.85,38,5.63,4,17.41,25,5.59,18,6.54,6,38,250.34,2,7.2,9,48.64,41,2.18,3,2.98,9,3.16,2,41,277.04,3,12.68,15,17.17,14,2.74,4,3.53,11,3.7,3,15,FR,250.34,2,7.37,9,51.5,43,1.43,2,1.76,5,2.75,2,43,280.38,3,11.31,14,43.27,36,2.18,3,3.09,10,3.62,3,36,216.96,2,5.06,6,69.38,82,4.59,6,1.1,3,1.61,1,82,BE,260.35,2,12,15,15.2,12,1.55,2,2.35,7,2.67,2,15,307.08,3,26.05,32,5.28,4,8.11,11,4.6,14,5.04,4,32,313.76,3,14.22,17,12.52,10,1.36,2,3.76,12,4.25,3,17,FI,290.39,3,9.25,11,60.08,53,3.87,5,2.09,6,3.68,3,53,257.02,2,10.11,12,45.78,38,1,1,2.59,8,2.91,2,38,250.34,2,0.76,0,80.82,114,0.22,0,0.5,1,0.72,0,114
0,2023-10-20 13:38,NL,277.04,3,13.71,17,21.28,18,1.12,1,3.09,10,3.27,3,18,313.76,3,21.94,27,4.07,3,2.44,3,5.57,18,5.83,5,27,297.07,3,14.91,18,18.06,15,1.18,1,3.91,12,4.03,3,18,UK,253.68,2,32.9,41,6.08,5,16.21,23,6.15,19,7.23,6,41,250.34,2,7.2,9,50.78,43,2.18,3,3.35,10,3.53,3,43,263.69,2,11.82,14,22.89,19,2.62,3,2.78,9,2.95,2,19,FR,253.68,2,7.45,9,55.08,46,1.51,2,1.87,6,2.89,2,46,253.68,2,7.45,9,49.35,41,1.62,2,2.01,6,2.43,2,41,211.95,2,3.43,4,73.67,95,2.53,3,1.82,5,4.78,4,95,BE,267.03,3,12.85,16,13.77,11,1.61,2,2.76,8,3.09,2,16,303.75,3,27.08,33,3.62,3,7.75,11,4.06,13,4.59,4,33,293.73,3,12,15,18.42,15,1.03,1,3.31,10,3.76,3,15,FI,297.07,3,11.14,13,57.94,49,4.23,6,2.56,8,4.31,3,49,250.34,2,8.57,10,50.07,42,1.04,1,2.1,6,2.43,2,42,250.34,2,1.48,1,78.68,109,0.38,0,0.5,1,0.76,0,109
0,2023-10-20 14:38,NL,283.72,3,17.65,22,16.27,13,1.25,1,3.46,11,3.65,3,22,323.77,3,23.31,29,1.1,0,2.98,4,5.66,18,5.93,5,29,300.41,3,18.17,22,13.95,11,1.36,2,4.34,14,4.48,4,22,UK,257.02,2,32.22,40,8.32,7,14.54,21,5.6,18,6.5,6,40,250.34,2,7.37,9,51.5,43,2,2,3.04,9,3.21,2,43,260.35,2,12.51,15,22.71,19,2.47,3,1.84,5,2.01,1,19,FR,257.02,2,8.74,10,55.08,46,1.73,2,2.06,6,3.14,2,46,240.33,2,6.08,7,52.93,44,1.28,1,1.66,5,1.99,1,44,210.29,2,2.87,3,74.39,98,1.7,2,2.13,6,7.54,6,98,BE,263.69,2,14.05,17,19.67,16,1.61,2,2.62,8,2.98,2,17,307.08,3,24.68,30,2.48,2,5.36,7,3.76,12,4.29,3,30,253.68,2,10.03,12,23.6,20,0.94,1,2.31,7,2.77,2,20,FI,307.08,3,12.34,15,55.79,47,4.23,6,2.87,9,4.7,4,47,236.99,2,6.77,8,47.21,40,0.97,1,1.63,5,2.03,1,40,250.34,2,1.5,1,78.68,109,0.37,0,0.5,1,0.7,0,109
0,2023-10-20 15:38,NL,293.73,3,23.99,29,8.23,6,1.4,2,3.85,12,4.08,3,29,337.12,3,23.99,29,0.24,0,3.73,5,5.82,18,6.14,5,29,310.42,3,22.96,28,6.97,5,1.49,2,4.78,15,4.97,4,28,UK,260.35,2,30.85,38,8.85,7,13.11,19,4.74,15,5.51,5,38,247,2,7.97,9,51.5,43,1.83,2,2.59,8,2.73,2,43,260.35,2,15.42,19,19.31,16,2.47,3,1.82,5,2,1,19,FR,303.75,3,17.48,21,43.63,36,2.56,3,3.7,12,5.39,4,36,233.65,2,5.83,7,54.36,46,1.04,1,1.38,4,1.62,1,46,220.3,2,6.34,7,66.52,73,1.82,2,2.53,8,8.81,8,73,BE,257.02,2,14.74,18,22.35,18,1.65,2,2.36,7,2.78,2,18,320.44,3,26.39,32,2.37,2,5.42,7,4.36,14,4.9,4,32,247,2,11.65,14,23.96,20,1.1,1,2.32,7,2.83,2,20,FI,313.76,3,12.34,15,55.08,46,4.11,6,3.17,10,5.03,4,46,223.64,2,5.74,7,47.92,40,0.77,1,1.35,4,1.65,1,40,250.34,2,1.04,1,78.68,109,0.28,0,0.5,1,0.66,0,109
0,2023-10-20 16:39,NL,307.08,3,27.42,34,1.83,1,1.61,2,4.27,13,4.57,4,34,353.81,4,25.36,31,0,0,4.89,7,6.17,20,6.54,6,31,323.77,3,25.71,32,0.86,0,1.7,2,5.44,17,5.71,5,32,UK,263.69,2,34.96,43,2.44,2,12.28,18,4.79,15,5.5,5,43,247,2,8.31,10,52.21,44,1.71,2,2.27,7,2.41,2,44,263.69,2,20.22,25,12.34,10,2.83,4,2.21,7,2.4,2,25,FR,377.18,4,28.79,35,28.25,23,3.43,5,6.6,21,9.24,8,35,233.65,2,5.66,7,57.94,49,0.93,1,1.28,4,1.47,1,49,226.97,2,12.34,15,55.08,46,2.47,3,2.65,8,7.76,7,46,BE,250.34,2,16.62,20,20.39,17,1.8,2,2.24,7,2.76,2,20,310.42,3,27.76,34,2.66,2,5.36,7,4.22,13,4.79,4,34,250.34,2,15.59,19,21.1,17,1.33,1,2.56,8,3.25,3,19,FI,327.11,3,12,15,55.08,46,4.11,6,3.6,11,5.52,5,46,211.95,2,4.03,5,50.78,43,0.45,0,0.88,2,1.05,0,43,250.34,2,0.83,1,79.39,110,0.3,0,0.5,1,0.65,0,110
0,2023-10-20 17:39,NL,327.11,3,27.08,33,0.13,0,1.89,2,4.94,16,5.33,4,33,357.15,4,27.08,33,0,0,5.84,8,6.37,20,6.79,6,33,333.79,3,23.65,29,0.01,0,1.97,2,6.1,19,6.47,5,29,UK,263.69,2,35.64,44,0.36,0,11.09,16,4.64,15,5.22,4,44,243.66,2,7.97,9,52.93,44,1.68,2,2.03,6,2.18,2,44,270.37,3,23.31,29,7.33,6,3.46,5,2.6,8,2.82,2,29,FR,427.25,4,33.59,41,20.92,17,3.76,5,9,29,12.2,11,41,236.99,2,5.27,6,60.8,55,0.89,1,1.33,4,1.5,1,55,236.99,2,16.28,20,48.64,41,3.19,4,2.6,8,5.96,5,41,BE,247,2,17.82,22,18.77,15,1.94,2,2.23,7,2.84,2,22,297.07,3,29.13,36,2.37,2,5.25,7,4,12,4.61,4,36,260.35,2,19.54,24,18.77,15,1.55,2,2.83,9,3.78,3,24,FI,333.79,3,11.65,14,55.08,46,4.23,6,3.88,12,5.86,5,46,208.62,2,2.59,3,56.51,47,0.25,0,0.5,1,0.63,0,47,250.34,2,0.76,0,82.25,118,0.36,0,0.5,1,0.64,0,118
0,2023-10-20 18:39,NL,340.46,3,25.02,31,0,0,2.03,2,5.92,19,6.5,6,31,327.11,3,27.08,33,0.01,0,4.77,7,5.2,16,5.66,5,33,340.46,3,21.59,26,0,0,2.06,3,6.08,19,6.55,6,26,UK,263.69,2,33.24,41,0.11,0,10.85,15,4.54,14,5.11,4,41,240.33,2,7.11,8,53.64,45,1.64,2,1.81,5,1.97,1,45,273.71,3,23.65,29,4.78,4,3.99,5,2.89,9,3.15,2,29,FR,473.98,5,35.99,44,16.81,14,3.87,5,11.14,36,14.9,13,44,236.99,2,5.06,6,57.22,48,0.86,1,1.32,4,1.49,1,48,247,2,17.82,22,47.92,40,3.99,5,2.59,8,4.64,4,40,BE,253.68,2,19.19,23,16.99,14,2,2,2.52,8,3.26,3,23,290.39,3,30.5,38,2.17,1,5.36,7,3.95,12,4.67,4,38,280.38,3,23.65,29,16.63,14,1.79,2,3.32,10,4.58,4,29,FI,333.79,3,11.31,14,55.79,47,4.59,6,3.81,12,5.79,5,47,208.62,2,1.86,2,60.08,53,0.19,0,0.5,1,0.6,0,53,247,2,0.7,0,85.12,125,0.36,0,0.5,1,0.69,0,125
0,2023-10-20 19:40,NL,353.81,4,21.59,26,0,0,2.09,3,6.59,21,7.37,6,26,300.41,3,26.05,32,0.03,0,4.65,6,4.6,14,5.1,4,32,340.46,3,21.08,26,0,0,2.5,3,5.98,19,6.54,6,26,UK,267.03,3,30.85,38,0.05,0,10.73,15,4.76,15,5.38,4,38,240.33,2,6.26,7,54.36,46,1.58,2,1.72,5,1.9,1,46,277.04,3,21.94,27,4.43,3,4.05,5,3.08,10,3.35,3,27,FR,520.71,5,39.41,49,10.91,9,4.05,5,13.8,44,18.31,16,49,236.99,2,5.18,6,52.93,44,0.86,1,1.27,4,1.48,1,44,243.66,2,14.74,18,50.78,43,4.77,7,2.2,7,3.42,3,43,BE,273.71,3,20.56,25,15.91,13,2.03,2,3.28,10,4.22,3,25,277.04,3,29.82,37,3.53,2,5.13,7,3.68,11,4.54,4,37,313.76,3,26.39,32,15.74,13,2.09,3,4.17,13,5.72,5,32,FI,333.79,3,11.14,13,55.79,47,4.65,6,3.77,12,5.8,5,47,208.62,2,1.59,1,56.51,47,0.19,0,0.5,1,0.57,0,47,247,2,0.59,0,85.12,125,0.33,0,0.5,1,0.78,0,125
0,2023-10-20 20:40,NL,353.81,4,19.54,24,0,0,2.21,3,6.73,21,7.68,7,24,300.41,3,27.08,33,0.02,0,5.13,7,5.02,16,5.58,5,33,337.12,3,22.62,28,0,0,2.8,4,6.03,19,6.68,6,28,UK,270.37,3,30.85,38,0.08,0,10.37,15,5.14,16,5.8,5,38,236.99,2,5.57,6,54.36,46,1.48,2,1.73,5,1.91,1,46,277.04,3,20.56,25,5.1,4,4.17,6,3.23,10,3.51,3,25,FR,540.73,6,39.41,49,6.71,5,3.82,5,14.9,48,19.76,18,49,233.65,2,4.63,5,52.21,44,0.78,1,0.89,2,1.1,1,44,236.99,2,10.63,13,56.51,47,4.77,7,1.45,4,2.23,2,47,BE,287.06,3,19.88,24,18.6,15,1.86,2,3.89,12,4.93,4,24,267.03,3,26.73,33,6.08,5,4.71,6,3.35,10,4.32,4,33,330.45,3,25.71,32,16.45,13,2.12,3,4.91,15,6.6,6,32,FI,323.77,3,10.63,13,55.79,47,4.59,6,3.29,10,5.24,4,47,213.62,2,1.41,1,55.79,47,0.2,0,0.5,1,0.54,0,47,247,2,0.55,0,80.82,114,0.38,0,0.5,1,0.84,0,114
0,2023-10-20 21:40,NL,347.14,3,19.88,24,0,0,2.41,3,6.64,21,7.62,7,24,300.41,3,29.82,37,0.04,0,5.42,7,5.6,18,6.24,5,37,317.1,3,25.36,31,0.05,0,2.47,3,5.48,17,6.24,5,31,UK,270.37,3,31.19,38,0.2,0,9.66,14,5.42,17,6.1,5,38,233.65,2,5.06,6,53.64,45,1.39,2,1.79,5,1.98,1,45,277.04,3,19.71,24,6.08,5,4.17,6,3.36,10,3.64,3,24,FR,467.3,5,31.87,39,8.05,6,2.8,4,11.72,38,15.51,14,39,230.31,2,3.81,4,52.93,44,0.72,1,0.53,1,0.73,0,44,230.31,2,4.93,6,74.39,98,3.43,5,0.63,2,0.89,0,98,BE,280.38,3,14.57,18,28.25,23,1.46,2,3.41,11,4.31,3,23,267.03,3,23.65,29,8.67,7,4.23,6,3.48,11,4.55,4,29,313.76,3,20.39,25,19.13,16,1.73,2,4.28,13,5.91,5,25,FI,303.75,3,10.03,12,55.79,47,4.41,6,2.51,8,4.28,3,47,220.3,2,1.31,1,57.94,49,0.2,0,0.5,1,0.53,0,49,247,2,0.89,1,73.67,95,0.57,0,0.5,1,0.86,0,95
0,2023-10-20 22:41,NL,327.11,3,22.96,28,0,0,2.47,3,6.35,20,7.29,6,28,293.73,3,30.85,38,0.15,0,5.36,7,5.47,17,6.21,5,38,290.39,3,25.02,31,0.79,0,1.88,2,4.47,14,5.35,4,31,UK,260.35,2,30.5,38,0.53,0,8.23,12,5.25,17,5.92,5,38,233.65,2,4.24,5,53.64,45,1.19,1,1.74,5,1.92,1,45,273.71,3,18.34,22,7.24,6,3.99,5,3.32,10,3.63,3,22,FR,330.45,3,16.79,20,16.99,14,1.54,2,5.63,18,7.56,7,20,233.65,2,3.26,4,52.21,44,0.64,0,0.5,1,0.66,0,44,230.31,2,4.71,5,75.1,100,3.34,4,0.68,2,0.89,0,100,BE,260.35,2,9.34,11,37.19,31,1.06,1,2.48,8,3.19,2,31,273.71,3,21.08,26,12.7,10,3.79,5,3.87,12,4.99,4,26,287.06,3,14.57,18,21.99,18,1.43,2,3.62,11,5.11,4,18,FI,293.73,3,8.48,10,57.22,48,3.93,5,2,6,3.54,3,48,220.3,2,1.29,1,57.22,48,0.19,0,0.5,1,0.53,0,48,250.34,2,1.1,1,67.95,77,0.57,0,0.5,1,0.84,0,77
0,2023-10-20 23:41,NL,307.08,3,25.71,32,0.09,0,2.38,3,5.78,18,6.73,6,32,283.72,3,29.47,36,0.77,0,5.07,7,4.91,15,5.84,5,36,287.06,3,23.65,29,2.66,2,1.58,2,4.39,14,5.35,4,29,UK,247,2,27.76,34,1.74,1,6.91,10,4.9,15,5.55,5,34,233.65,2,3.09,3,55.08,46,0.92,1,1.69,5,1.87,1,46,270.37,3,16.79,20,8.76,7,3.99,5,3.3,10,3.64,3,20,FR,263.69,2,8.57,10,22.89,19,1,1,2.59,8,3.39,3,19,233.65,2,3,3,50.07,42,0.6,0,0.5,1,0.66,0,42,230.31,2,4.46,5,73.67,95,3.1,4,0.65,2,0.83,0,95,BE,243.66,2,6.26,7,41.84,35,0.82,1,1.93,6,2.53,2,35,273.71,3,17.14,21,19.49,16,3.43,5,3.67,11,4.68,4,21,280.38,3,11.31,14,25.03,21,1.39,2,3.99,12,5.34,4,21,FI,290.39,3,8.14,10,57.22,48,3.93,5,1.99,6,3.47,3,48,220.3,2,1.3,1,53.64,45,0.22,0,0.5,1,0.53,0,45,250.34,2,1.11,1,65.8,71,0.51,0,0.5,1,0.8,0,71
0,2023-10-21 00:41,NL,297.07,3,27.42,34,0.68,0,2.5,3,5.27,17,6.33,5,34,277.04,3,26.39,32,3.98,3,4.53,6,4.64,15,5.78,5,32,300.41,3,23.31,29,4.78,4,1.65,2,5.35,17,6.45,5,29,UK,236.99,2,23.99,29,4.51,3,6.26,9,4.69,15,5.32,4,29,233.65,2,2.49,3,55.08,46,0.83,1,1.74,5,1.93,1,46,270.37,3,18.68,23,6.26,5,4.65,6,3.92,12,4.35,4,23,FR,243.66,2,5.66,7,26.46,22,0.82,1,1.51,4,1.91,1,22,236.99,2,3.04,3,50.07,42,0.57,0,0.5,1,0.68,0,42,230.31,2,4.11,5,72.24,91,2.83,4,0.65,2,0.83,0,91,BE,233.65,2,4.93,6,42.2,35,0.69,1,1.79,5,2.34,2,35,260.35,2,12.85,16,27.18,23,2.92,4,3.01,9,3.89,3,23,280.38,3,9.77,12,28.97,24,1.45,2,5.42,17,6.58,6,24,FI,290.39,3,8.57,10,57.22,48,4.23,6,2.15,6,3.66,3,48,220.3,2,1.07,1,54.36,46,0.19,0,0.5,1,0.53,0,46,250.34,2,1.07,1,67.95,77,0.52,0,0.5,1,0.8,0,77
0,2023-10-21 01:42,NL,300.41,3,27.76,34,1.97,1,2.56,3,5.43,17,6.63,6,34,277.04,3,22.62,28,9.39,7,4.05,5,4.78,15,5.9,5,28,307.08,3,20.91,26,8.4,7,1.57,2,6.31,20,7.46,6,26,UK,233.65,2,20.56,25,8.23,6,6.38,9,4.42,14,5.02,4,25,233.65,2,2.44,3,52.93,44,0.87,1,1.69,5,1.88,1,44,280.38,3,22.96,28,1.63,1,6.02,8,5.25,17,5.81,5,28,FR,243.66,2,4.93,6,29.33,24,0.8,1,1.58,5,1.99,1,24,240.33,2,3.43,4,51.5,43,0.64,0,0.67,2,0.91,0,43,230.31,2,3.94,4,72.24,91,2.8,4,0.75,2,0.96,0,91,BE,226.97,2,4.58,5,39.7,33,0.62,0,1.85,6,2.38,2,33,247,2,10.37,12,31.11,26,2.74,4,2.52,8,3.31,3,26,280.38,3,8.82,11,31.11,26,1.43,2,6.77,21,7.79,7,26,FI,290.39,3,9,11,57.22,48,4.41,6,2.3,7,3.83,3,48,216.96,2,0.76,0,60.8,55,0.19,0,0.5,1,0.55,0,55,247,2,1.14,1,70.1,84,0.51,0,0.5,1,0.85,0,84
0,2023-10-21 02:42,NL,307.08,3,25.71,32,4.47,3,2.44,3,6.01,19,7.28,6,32,270.37,3,19.36,24,15.02,12,3.79,5,4.76,15,5.77,5,24,290.39,3,16.45,20,14.31,12,1.34,1,6.2,20,7.31,6,20,UK,233.65,2,18.17,22,12.52,10,6.91,10,3.94,12,4.53,4,22,233.65,2,2.59,3,50.07,42,0.94,1,1.62,5,1.83,1,42,283.72,3,23.65,29,0.26,0,6.44,9,6.14,19,6.82,6,29,FR,240.33,2,3.94,4,39.34,33,0.75,1,1.66,5,2.22,2,33,247,2,4.07,5,52.93,44,0.77,1,0.9,2,1.2,1,44,230.31,2,3.86,4,72.24,91,2.86,4,0.78,2,1.03,0,91,BE,226.97,2,4.88,6,36.48,30,0.62,0,1.98,6,2.47,2,30,236.99,2,9.34,11,31.11,26,2.71,3,2.38,7,3.11,2,26,283.72,3,9.08,11,29.33,24,1.37,2,7.84,25,8.82,8,25,FI,290.39,3,9.51,11,57.22,48,4.65,6,2.48,8,4.04,3,48,220.3,2,0.65,0,63.66,64,0.2,0,0.5,1,0.57,0,64,247,2,1.41,1,70.81,86,0.57,0,0.5,1,0.94,0,86
0,2023-10-21 03:42,NL,297.07,3,22.62,28,8.58,7,2.33,3,6.16,20,7.4,6,28,263.69,2,17.82,22,18.95,16,3.76,5,4.22,13,5.1,4,22,267.03,3,12.17,15,20.03,16,1.13,1,4.95,16,5.96,5,16,UK,236.99,2,15.94,19,21.46,18,7.33,10,3.45,11,4.14,3,19,236.99,2,2.96,3,46.49,39,1.07,1,1.72,5,1.98,1,39,273.71,3,20.05,25,0.32,0,4.95,7,5.98,19,6.67,6,25,FR,236.99,2,2.96,3,59.37,51,0.7,1,2.4,7,3.39,3,51,257.02,2,5.44,6,50.78,43,0.97,1,1.31,4,1.7,1,43,230.31,2,3.86,4,72.24,91,2.92,4,0.8,2,1.09,1,91,BE,230.31,2,5.48,6,33.26,28,0.72,1,2.02,6,2.42,2,28,233.65,2,9.43,11,28.97,24,2.68,3,2.51,8,3.23,2,24,307.08,3,12,15,23.25,19,1.36,2,8.9,28,9.89,9,28,FI,297.07,3,10.2,12,56.51,47,4.95,7,2.82,9,4.45,4,47,216.96,2,0.7,0,62.23,60,0.19,0,0.5,1,0.6,0,60,250.34,2,2.14,2,70.1,84,0.72,1,0.5,1,1.05,0,84
0,2023-10-21 04:43,NL,287.06,3,22.28,27,10.01,8,2.24,3,5.55,18,6.76,6,27,257.02,2,19.88,24,17.52,14,3.93,5,3.97,12,4.78,4,24,250.34,2,11.48,14,21.28,18,0.97,1,3.4,11,4.38,4,18,UK,236.99,2,14.57,18,38.98,33,7.75,11,3.26,10,4.51,4,33,236.99,2,3.98,4,42.2,35,1.4,2,1.84,5,2.16,2,35,263.69,2,16.28,20,0.33,0,3.99,5,5.59,18,6.23,5,20,FR,250.34,2,4.76,5,68.67,80,1.15,1,3.1,10,4.48,4,80,287.06,3,9.43,11,45.78,38,1.37,2,2.47,8,3.06,2,38,230.31,2,4.24,5,71.53,89,3.25,4,0.85,2,1.21,1,89,BE,240.33,2,7.45,9,28.97,24,0.93,1,2.2,7,2.51,2,24,236.99,2,10.11,12,25.39,21,2.53,3,2.67,8,3.36,3,21,340.46,3,15.25,19,17.52,14,1.37,2,7.76,25,8.63,7,25,FI,317.1,3,12,15,55.08,46,5.54,8,3.87,12,5.68,5,46,216.96,2,1.01,1,57.94,49,0.18,0,0.5,1,0.65,0,49,253.68,2,3.34,4,67.23,75,0.89,1,0.59,1,1.27,1,75
0,2023-10-21 05:43,NL,273.71,3,25.02,31,7.51,6,2.06,3,4.57,14,5.74,5,31,257.02,2,23.31,29,13.05,11,3.99,5,4.11,13,4.9,4,29,243.66,2,13.71,17,18.06,15,0.86,1,2.55,8,3.48,3,17,UK,243.66,2,17.82,22,48.64,41,8.82,12,4.27,13,6.4,5,41,240.33,2,7.45,9,34.33,29,2.09,3,2.01,6,2.4,2,29,260.35,2,15.25,19,0.12,0,4.65,6,5.85,18,6.45,5,19,FR,263.69,2,7.2,9,70.1,84,1.54,2,3.47,11,5.06,4,84,303.75,3,12.68,15,41.13,34,1.62,2,3.31,10,4.13,3,34,233.65,2,4.93,6,70.81,86,3.73,5,0.94,3,1.37,1,86,BE,300.41,3,13.37,16,20.39,17,1.13,1,4.14,13,4.43,4,17,257.02,2,13.02,16,19.31,16,2.53,3,3.36,10,4,3,16,297.07,3,12,15,19.49,16,1.48,2,4.05,13,4.83,4,16,FI,333.79,3,14.22,17,52.93,44,5.78,8,4.62,15,6.58,6,44,220.3,2,1.63,2,55.08,46,0.19,0,0.5,1,0.72,0,46,257.02,2,4.11,5,65.09,69,1.03,1,0.8,2,1.6,1,69
0,2023-10-21 06:44,NL,267.03,3,25.36,31,5.68,4,1.82,2,3.81,12,5.01,4,31,260.35,2,24.33,30,9.21,7,4.05,5,4.03,13,4.82,4,30,240.33,2,15.59,19,14.66,12,0.85,1,2.26,7,3.05,2,19,UK,253.68,2,20.56,25,51.5,43,9.06,13,4.09,13,5.64,5,43,250.34,2,15.25,19,21.1,17,2.98,4,2.44,7,3,2,19,277.04,3,17.14,21,0.01,0,6.08,8,6.9,22,7.48,6,22,FR,270.37,3,8.05,10,70.1,84,1.52,2,3.69,11,5.76,5,84,303.75,3,13.37,16,39.34,33,1.8,2,3.42,11,4.35,4,33,236.99,2,6,7,70.1,84,4.23,6,1.07,3,1.58,1,84,BE,283.72,3,10.28,12,24.32,20,1.13,1,2.78,9,3.07,2,20,307.08,3,17.48,21,13.59,11,2.62,3,4.77,15,5.36,4,21,257.02,2,8.91,11,27.9,23,1.55,2,2.36,7,3.16,2,23,FI,333.79,3,15.42,19,52.21,44,5.31,7,4.6,14,6.56,6,44,220.3,2,2.27,2,52.21,44,0.2,0,0.5,1,0.82,0,44,260.35,2,4.41,5,63.66,64,1.12,1,0.99,3,1.87,1,64
0,2023-10-21 07:44,NL,280.38,3,23.99,29,2.57,2,2.98,4,4.53,14,6.06,5,29,273.71,3,20.74,25,13.41,11,4.23,6,4.64,15,5.91,5,25,267.03,3,19.71,24,7.15,6,2.24,3,4.39,14,5.58,5,24,UK,250.34,2,17.31,21,60.08,53,8.11,11,3.41,11,4.09,3,53,257.02,2,19.19,23,16.81,14,3.58,5,3.2,10,4.34,4,23,236.99,2,16.45,20,1.45,1,4.89,7,3.06,9,3.55,3,20,FR,260.35,2,6.17,7,75.1,100,1.36,2,1.99,6,3.01,2,100,267.03,3,7.28,9,55.08,46,1.49,2,2.03,6,2.77,2,46,240.33,2,6.6,8,66.52,73,4.47,6,0.94,3,1.42,1,73,BE,247,2,7.11,8,29.68,25,1.01,1,1.06,3,1.3,1,25,247,2,9.17,11,26.82,22,2,2,1.75,5,2.35,2,22,250.34,2,6.34,7,35.05,29,0.97,1,1.6,5,2.24,2,29,FI,317.1,3,13.71,17,57.22,48,4.89,7,3.26,10,4.95,4,48,220.3,2,2.31,2,49.35,41,0.25,0,0.69,2,1.23,1,41,253.68,2,2.72,3,73.67,95,0.64,0,0.56,1,1.15,1,95
0,2023-10-21 08:44,NL,280.38,3,22.96,28,6.35,5,3.34,4,4.79,15,6.41,5,28,260.35,2,17.14,21,19.67,16,3.7,5,2.88,9,3.78,3,21,277.04,3,18.17,22,11.36,9,2.33,3,4.29,13,5.45,5,22,UK,243.66,2,14.74,18,61.51,57,7.75,11,2.87,9,3.52,3,57,260.35,2,19.54,24,13.41,11,4.23,6,3.51,11,4.88,4,24,236.99,2,17.65,22,6.26,5,5.07,7,2.77,8,3.33,3,22,FR,250.34,2,5.06,6,75.82,102,1.25,1,1.56,5,2.26,2,102,253.68,2,4.93,6,60.08,53,1.3,1,1.61,5,2.29,2,53,240.33,2,5.48,6,67.95,77,4.29,6,0.87,2,1.32,1,77,BE,243.66,2,5.83,7,45.42,38,0.97,1,0.85,2,1.11,1,38,243.66,2,6.6,8,32.54,27,1.79,2,1.07,3,1.37,1,27,243.66,2,4.46,5,48.64,41,0.86,1,0.92,2,1.33,1,41,FI,303.75,3,12.68,15,58.65,49,5.01,7,2.47,8,4.08,3,49,220.3,2,1.71,2,52.21,44,0.29,0,0.79,2,1.3,1,44,250.34,2,2.53,3,75.82,102,0.56,0,0.5,1,1.07,0,102
0,2023-10-21 09:45,NL,267.03,3,17.31,21,18.77,15,2.77,4,3.07,9,4.07,3,21,247,2,11.82,14,30.76,26,2.83,4,1.41,4,1.83,1,26,263.69,2,12.85,16,22.53,19,1.94,2,2.4,7,3.01,2,19,UK,236.99,2,11.82,14,63.66,64,7.09,10,2.28,7,2.82,2,64,263.69,2,20.22,25,10.55,8,5.01,7,3.78,12,5.35,4,25,236.99,2,16.79,20,18.06,15,5.25,7,2.8,9,3.39,3,20,FR,243.66,2,4.16,5,77.96,107,1.12,1,1.16,3,1.6,1,107,233.65,2,2.61,3,67.23,75,0.89,1,1.01,3,1.42,1,75,236.99,2,3.98,4,74.39,98,3.64,5,0.72,2,1.09,1,98,BE,243.66,2,5.57,6,62.94,62,1.12,1,1.48,4,1.94,1,62,240.33,2,5.36,6,51.5,43,1.62,2,0.9,2,1.18,1,43,240.33,2,3.94,4,65.09,69,1.07,1,1.46,4,1.98,1,69,FI,283.72,3,9.77,12,63.66,64,4.35,6,1.36,4,2.42,2,64,216.96,2,1.04,1,61.51,57,0.31,0,0.71,2,1.04,0,57,243.66,2,2.06,2,83.69,121,0.75,1,0.5,1,1.02,0,121
0,2023-10-21 10:45,NL,250.34,2,11.48,14,30.04,25,2.06,3,1.4,4,1.87,1,25,240.33,2,8.91,11,45.78,38,2.3,3,0.92,2,1.19,1,38,253.68,2,9.08,11,32.19,27,1.55,2,1.11,3,1.39,1,27,UK,233.65,2,11.14,13,64.37,66,7.03,10,1.86,6,2.26,2,66,263.69,2,19.88,24,9.66,8,5.6,8,3.93,12,5.5,5,24,236.99,2,15.94,19,29.68,25,5.48,8,3.21,10,3.86,3,25,FR,240.33,2,3.68,4,80.11,112,1.04,1,1.03,3,1.38,1,112,230.31,2,2.04,2,70.1,84,0.74,1,0.78,2,1.08,1,84,236.99,2,3.51,4,77.25,105,3.46,5,0.69,2,1.01,0,105,BE,236.99,2,4.33,5,70.81,86,0.87,1,1.32,4,1.68,1,86,247,2,5.91,7,66.52,73,1.64,2,1.63,5,2.06,1,73,250.34,2,5.1,6,72.24,91,1.37,2,1.74,5,2.16,2,91,FI,280.38,3,9.6,12,65.09,69,4.65,6,1.18,3,2.11,1,69,213.62,2,0.64,0,66.52,73,0.26,0,0.53,1,0.73,0,73,243.66,2,2.06,2,85.12,125,0.75,1,0.5,1,0.99,0,125
0,2023-10-21 11:45,NL,247,2,9.68,12,39.7,33,1.91,2,0.96,3,1.34,1,33,247,2,8.48,10,60.8,55,2.15,3,1.54,5,1.97,1,55,253.68,2,7.71,9,45.78,38,1.4,2,0.99,3,1.3,1,38,UK,236.99,2,11.65,14,63.66,64,7.15,10,1.7,5,2.02,1,64,263.69,2,19.02,23,10.19,8,5.96,8,3.85,12,5.3,4,23,236.99,2,16.28,20,35.41,30,5.36,7,3.44,11,4.09,3,30,FR,240.33,2,3.51,4,79.39,110,1.04,1,1.11,3,1.46,1,110,226.97,2,1.8,2,72.24,91,0.64,0,0.63,2,0.88,0,91,236.99,2,3.34,4,78.68,109,3.34,4,0.73,2,1.04,0,109,BE,233.65,2,3.56,4,73.67,95,0.72,1,0.81,2,1.01,0,95,236.99,2,5.23,6,71.53,89,1.34,1,1.16,3,1.44,1,89,250.34,2,5.06,6,74.39,98,1.34,1,1.2,3,1.41,1,98,FI,280.38,3,9.94,12,65.09,69,4.83,7,1.13,3,2.02,1,69,213.62,2,0.57,0,66.52,73,0.23,0,0.5,1,0.66,0,73,243.66,2,2.06,2,85.12,125,0.75,1,0.5,1,0.97,0,125
0,2023-10-21 12:46,NL,250.34,2,10.11,12,55.79,47,1.86,2,1.4,4,1.9,1,47,240.33,2,7.8,9,69.38,82,1.82,2,1.36,4,1.68,1,82,247,2,6.51,8,62.94,62,1.18,1,1.46,4,1.91,1,62,UK,243.66,2,16.28,20,49.35,41,9.42,13,2.07,6,2.37,2,41,260.35,2,17.99,22,11.36,9,5.96,8,3.68,11,4.87,4,22,236.99,2,16.79,20,38.98,33,5.25,7,3.15,10,3.71,3,33,FR,236.99,2,3.21,4,79.39,110,1.01,1,1.23,3,1.67,1,110,226.97,2,2.08,2,73.67,95,0.65,0,0.6,1,0.83,0,95,236.99,2,3,3,80.82,114,3.1,4,0.76,2,1.05,0,114,BE,230.31,2,3.3,4,75.82,102,0.64,0,0.56,1,0.65,0,102,233.65,2,4.63,5,74.39,98,1.1,1,0.68,2,0.8,0,98,243.66,2,4.37,5,73.67,95,1.16,1,0.8,2,0.9,0,95,FI,280.38,3,10.97,13,65.8,71,5.19,7,1.25,4,2.18,2,71,213.62,2,0.5,0,67.23,75,0.2,0,0.5,1,0.62,0,75,247,2,2.74,3,80.11,112,0.63,0,0.53,1,1.03,0,112
0,2023-10-21 13:46,NL,243.66,2,9.51,11,67.23,75,1.37,2,1.41,4,1.84,1,75,236.99,2,7.97,9,70.81,86,1.59,2,0.79,2,0.92,0,86,233.65,2,5.27,6,71.53,89,0.81,1,0.98,3,1.26,1,89,UK,257.02,2,22.62,28,24.32,20,11.56,17,2.87,9,3.18,2,28,263.69,2,19.36,24,9.21,7,5.6,8,3.62,11,4.59,4,24,240.33,2,16.97,21,41.49,35,5.07,7,2.77,8,3.24,3,35,FR,236.99,2,3.3,4,80.11,112,1.06,1,1.37,4,2.03,1,112,230.31,2,3,3,74.39,98,0.75,1,0.68,2,0.95,0,98,233.65,2,2.96,3,82.25,118,3.04,4,0.76,2,1.02,0,118,BE,230.31,2,3.3,4,76.53,103,0.6,0,0.5,1,0.56,0,103,233.65,2,4.76,5,73.67,95,1.06,1,0.51,1,0.59,0,95,240.33,2,4.41,5,72.24,91,1.12,1,0.71,2,0.8,0,91,FI,287.06,3,11.82,14,65.8,71,5.36,7,1.44,4,2.4,2,71,213.62,2,0.52,0,67.95,77,0.18,0,0.5,1,0.59,0,77,247,2,3.68,4,75.82,102,0.63,0,0.68,2,1.23,1,102
0,2023-10-21 14:46,NL,240.33,2,9.17,11,69.38,82,0.95,1,0.81,2,1.06,0,82,236.99,2,9.34,11,68.67,80,1.57,2,0.63,2,0.71,0,80,233.65,2,5.66,7,71.53,89,0.67,0,0.66,2,0.81,0,89,UK,263.69,2,26.39,32,12.16,10,11.8,17,3.25,10,3.56,3,32,267.03,3,22.28,27,5.81,4,5.36,7,3.61,11,4.47,4,27,240.33,2,17.31,21,42.2,35,4.83,7,2.52,8,2.94,2,35,FR,236.99,2,3.64,4,79.39,110,1.12,1,1.37,4,2.23,2,110,236.99,2,4.33,5,73.67,95,0.86,1,0.81,2,1.1,1,95,230.31,2,3.3,4,81.54,116,3.22,4,0.76,2,1.03,0,116,BE,233.65,2,3.77,4,74.39,98,0.67,0,0.5,1,0.56,0,98,233.65,2,5.27,6,70.81,86,1.12,1,0.5,1,0.58,0,86,243.66,2,4.88,6,72.96,93,1.12,1,0.79,2,0.88,0,93,FI,290.39,3,12.17,15,65.8,71,5.25,7,1.59,5,2.55,2,71,211.95,2,0.64,0,70.1,84,0.18,0,0.5,1,0.58,0,84,250.34,2,4.2,5,72.96,93,0.82,1,0.79,2,1.43,1,93
0,2023-10-21 15:47,NL,236.99,2,9.51,11,67.95,77,0.78,1,0.61,1,0.78,0,77,236.99,2,10.45,13,65.8,71,1.64,2,0.63,2,0.71,0,71,230.31,2,6,7,70.1,84,0.6,0,0.56,1,0.65,0,84,UK,300.41,3,33.24,41,1.83,1,10.49,15,5.33,17,5.81,5,41,270.37,3,26.05,32,2.12,1,5.07,7,3.7,12,4.5,4,32,240.33,2,18.68,23,39.7,33,4.59,6,2.63,8,3.07,2,33,FR,236.99,2,4.03,5,80.11,112,1.19,1,1.35,4,2.27,2,112,247,2,6.6,8,68.67,80,1.03,1,1.16,3,1.54,1,80,230.31,2,5.23,6,77.96,107,4.23,6,0.85,2,1.17,1,107,BE,233.65,2,4.2,5,72.24,91,0.77,1,0.58,1,0.68,0,91,236.99,2,5.91,7,69.38,82,1.27,1,0.64,2,0.73,0,82,240.33,2,4.84,6,74.39,98,1.1,1,0.99,3,1.11,1,98,FI,293.73,3,12.68,15,65.09,69,5.01,7,1.74,5,2.72,2,69,210.29,2,1,1,67.95,77,0.19,0,0.5,1,0.61,0,77,257.02,2,4.58,5,70.81,86,1.03,1,0.97,3,1.75,1,86
0,2023-10-21 16:47,NL,236.99,2,9.34,11,66.52,73,0.78,1,0.54,1,0.7,0,73,240.33,2,10.28,12,65.09,69,1.77,2,0.75,2,0.84,0,69,230.31,2,5.74,7,70.81,86,0.61,0,0.5,1,0.59,0,86,UK,360.49,4,31.53,39,0.07,0,11.68,17,9,29,9.77,9,39,273.71,3,27.42,34,0.23,0,4.95,7,4.11,13,4.92,4,34,243.66,2,20.05,25,32.9,27,4.47,6,3.41,11,3.96,3,27,FR,240.33,2,4.46,5,80.11,112,1.3,1,1.39,4,2.38,2,112,267.03,3,8.82,11,61.51,57,1.25,1,1.8,5,2.36,2,57,233.65,2,7.37,9,72.96,93,5.25,7,1,3,1.41,1,93,BE,236.99,2,4.33,5,70.81,86,0.89,1,0.68,2,0.87,0,86,236.99,2,6.08,7,69.38,82,1.43,2,0.77,2,0.9,0,82,236.99,2,4.37,5,77.25,105,1.12,1,0.97,3,1.15,1,105,FI,303.75,3,13.71,17,63.66,64,5.31,7,2.06,6,3.1,2,64,210.29,2,1.39,1,63.66,64,0.21,0,0.5,1,0.66,0,64,260.35,2,4.5,5,67.23,75,1.07,1,1.14,3,2.04,1,75
0,2023-10-21 17:47,NL,236.99,2,9.34,11,65.09,69,0.94,1,0.61,1,0.77,0,69,240.33,2,9.68,12,65.09,69,1.91,2,0.86,2,0.98,0,69,233.65,2,5.48,6,70.1,84,0.72,1,0.5,1,0.6,0,84,UK,403.88,4,30.16,37,0,0,15.26,22,12.14,39,13.24,12,39,270.37,3,27.42,34,0.11,0,4.59,6,4.29,13,5.12,4,34,243.66,2,20.74,25,21.99,18,4.11,6,4.16,13,4.71,4,25,FR,243.66,2,4.67,5,79.39,110,1.34,1,1.37,4,2.42,2,110,280.38,3,9.68,12,57.22,48,1.42,2,2.38,7,3.08,2,48,233.65,2,7.97,9,71.53,89,5.36,7,1.08,3,1.52,1,89,BE,236.99,2,4.16,5,70.81,86,0.95,1,0.75,2,1.03,0,86,236.99,2,5.74,7,70.1,84,1.54,2,0.84,2,1.06,0,84,236.99,2,3.98,4,78.68,109,1.18,1,0.91,2,1.17,1,109,FI,307.08,3,14.05,17,62.23,60,5.9,8,2.56,8,3.73,3,60,211.95,2,1.48,1,62.94,62,0.23,0,0.5,1,0.7,0,62,263.69,2,3.98,4,65.09,69,0.8,1,1.2,3,2.14,1,69
0,2023-10-21 18:48,NL,240.33,2,9,11,62.94,62,1.09,1,0.72,2,0.96,0,62,240.33,2,8.91,11,65.8,71,1.97,2,0.93,3,1.14,1,71,236.99,2,5.23,6,68.67,80,0.81,1,0.59,1,0.75,0,80,UK,403.88,4,27.08,33,0,0,15.5,22,13.07,42,14.38,13,42,263.69,2,25.36,31,1.77,1,3.82,5,3.61,11,4.35,4,31,250.34,2,22.96,28,7.87,6,5.36,7,4.39,14,4.77,4,28,FR,243.66,2,4.54,5,77.25,105,1.31,1,1.45,4,2.51,2,105,290.39,3,9.85,12,55.08,46,1.49,2,2.73,8,3.49,3,46,240.33,2,10.37,12,66.52,73,5.84,8,1.38,4,1.93,1,73,BE,236.99,2,3.86,4,69.38,82,0.95,1,0.79,2,1.13,1,82,236.99,2,5.44,6,70.81,86,1.59,2,0.9,2,1.25,1,86,233.65,2,3.68,4,80.11,112,1.21,1,0.92,2,1.3,1,112,FI,297.07,3,12,15,62.94,62,5.25,7,2.2,7,3.41,3,62,213.62,2,1.52,1,62.23,60,0.23,0,0.5,1,0.71,0,60,267.03,3,3.56,4,64.37,66,0.58,0,1.25,4,2.15,1,66
0,2023-10-21 19:48,NL,243.66,2,8.57,10,62.23,60,1.19,1,0.82,2,1.18,1,60,240.33,2,8.23,10,67.23,75,1.97,2,0.97,3,1.34,1,75,236.99,2,5.01,6,66.52,73,0.86,1,0.67,2,0.95,0,73,UK,357.15,4,22.28,27,0,0,9.42,13,10.24,33,11.27,10,33,253.68,2,18.85,23,10.19,8,2.86,4,2.42,7,2.95,2,23,257.02,2,18.17,22,16.45,13,4.95,7,3.59,11,3.99,3,22,FR,243.66,2,4.2,5,77.25,105,1.24,1,1.65,5,2.83,2,105,283.72,3,8.74,10,55.79,47,1.39,2,2.6,8,3.33,3,47,247,2,12.51,15,60.08,53,6.08,8,1.77,5,2.48,2,53,BE,236.99,2,3.56,4,69.38,82,0.95,1,0.63,2,0.89,0,82,236.99,2,5.1,6,70.1,84,1.58,2,0.85,2,1.25,1,84,233.65,2,3.43,4,82.25,118,1.22,1,1.02,3,1.52,1,118,FI,283.72,3,8.74,10,64.37,66,3.73,5,1.46,4,2.54,2,66,213.62,2,1.54,1,60.8,55,0.22,0,0.5,1,0.72,0,55,270.37,3,3.51,4,62.23,60,0.66,0,1.36,4,2.2,2,60
0,2023-10-21 20:48,NL,243.66,2,8.05,10,62.23,60,1.24,1,0.83,2,1.29,1,60,240.33,2,7.37,9,67.23,75,1.94,2,0.89,2,1.3,1,75,236.99,2,4.67,5,65.8,71,0.89,1,0.64,2,0.95,0,71,UK,300.41,3,22.28,27,0.06,0,6.44,9,6.74,21,7.39,6,27,250.34,2,12.68,15,18.77,15,2.18,3,1.61,5,1.98,1,15,250.34,2,8.23,10,32.19,27,2.3,3,1.66,5,1.97,1,27,FR,236.99,2,3.47,4,77.96,107,1.13,1,1.93,6,3.18,2,107,263.69,2,6.68,8,58.65,49,1.12,1,1.98,6,2.57,2,49,250.34,2,12.85,16,54.36,46,5.54,8,2.09,6,2.94,2,46,BE,236.99,2,3.3,4,70.81,86,0.92,1,0.55,1,0.74,0,86,240.33,2,4.8,6,70.1,84,1.57,2,0.72,2,1.02,0,84,233.65,2,3.09,3,84.4,123,1.18,1,1.14,3,1.58,1,123,FI,270.37,3,6.08,7,66.52,73,2.65,3,1.03,3,1.87,1,73,213.62,2,1.54,1,59.37,51,0.2,0,0.5,1,0.71,0,51,273.71,3,3.38,4,59.37,51,0.61,0,1.38,4,2.11,1,51
0,2023-10-21 21:49,NL,240.33,2,6.86,8,62.94,62,1.25,1,0.67,2,1.07,0,62,236.99,2,6.17,7,69.38,82,1.85,2,0.75,2,1.01,0,82,236.99,2,4.07,5,66.52,73,0.88,1,0.5,1,0.75,0,73,UK,243.66,2,19.54,24,15.2,12,4.41,6,3.52,11,4.06,3,24,247,2,9.34,11,23.25,19,1.8,2,1.5,4,1.87,1,19,243.66,2,5.91,7,31.83,26,1.52,2,1.14,3,1.38,1,26,FR,230.31,2,2.57,3,79.39,110,1,1,2.11,6,3.25,3,110,240.33,2,4.28,5,60.8,55,0.82,1,1.19,3,1.58,1,55,260.35,2,13.71,17,47.21,40,5.01,7,2.52,8,3.56,3,40,BE,233.65,2,3,3,72.96,93,0.89,1,0.61,1,0.79,0,93,236.99,2,4.41,5,72.24,91,1.51,2,0.68,2,0.87,0,91,230.31,2,2.46,3,86.55,128,1.03,1,1.03,3,1.28,1,128,FI,260.35,2,4.5,5,67.23,75,2.03,2,0.72,2,1.25,1,75,213.62,2,1.52,1,57.22,48,0.18,0,0.5,1,0.69,0,48,273.71,3,2.96,3,57.94,49,0.59,0,1.41,4,2,1,49
0,2023-10-21 22:49,NL,240.33,2,5.74,7,65.8,71,1.24,1,0.5,1,0.78,0,71,236.99,2,5.36,6,72.24,91,1.73,2,0.65,2,0.78,0,91,233.65,2,3.43,4,70.1,84,0.86,1,0.5,1,0.7,0,84,UK,243.66,2,19.19,23,12.88,10,4.17,6,4.16,13,4.58,4,23,247,2,7.2,9,26.82,22,1.52,2,1.52,4,1.92,1,22,243.66,2,4.84,6,31.47,26,1.21,1,0.88,2,1.12,1,26,FR,226.97,2,2.34,2,80.11,112,1,1,2.34,7,3.36,3,112,233.65,2,3.86,4,60.08,53,0.78,1,0.99,3,1.32,1,53,263.69,2,15.08,18,39.7,33,4.59,6,2.91,9,4.06,3,33,BE,233.65,2,2.91,3,73.67,95,0.95,1,0.87,2,1.09,1,95,236.99,2,4.03,5,74.39,98,1.46,2,0.84,2,1.03,0,98,226.97,2,1.91,2,84.4,123,0.83,1,1.01,3,1.18,1,123,FI,257.02,2,4.41,5,66.52,73,1.97,2,0.74,2,1.17,1,73,211.95,2,1.44,1,55.08,46,0.16,0,0.5,1,0.68,0,46,273.71,3,2.72,3,56.51,47,0.67,0,1.62,5,2.07,1,47
0,2023-10-21 23:49,NL,236.99,2,4.93,6,69.38,82,1.27,1,0.5,1,0.74,0,82,233.65,2,4.76,5,74.39,98,1.65,2,0.8,2,0.92,0,98,233.65,2,3.13,3,71.53,89,0.89,1,0.5,1,0.69,0,89,UK,250.34,2,16.62,20,11.36,9,3.7,5,4.12,13,4.39,4,20,247,2,5.48,6,30.4,25,1.34,1,1.35,4,1.7,1,25,243.66,2,4.11,5,31.47,26,1.07,1,0.66,2,0.88,0,26,FR,226.97,2,2.25,2,80.82,114,1,1,2.62,8,3.4,3,114,233.65,2,3.86,4,57.94,49,0.82,1,0.98,3,1.31,1,49,260.35,2,14.22,17,35.41,30,3.93,5,2.89,9,3.98,3,30,BE,236.99,2,2.87,3,73.67,95,0.98,1,1.16,3,1.44,1,95,233.65,2,3.51,4,75.82,102,1.37,2,1.07,3,1.29,1,102,226.97,2,1.71,2,78.68,109,0.72,1,1.05,3,1.19,1,109,FI,257.02,2,4.41,5,65.8,71,1.94,2,0.79,2,1.18,1,71,210.29,2,1.35,1,53.64,45,0.13,0,0.5,1,0.68,0,45,277.04,3,3.09,3,52.21,44,0.94,1,2.08,6,2.48,2,44
0,2023-10-22 00:50,NL,236.99,2,4.46,5,71.53,89,1.31,1,0.64,2,0.85,0,89,233.65,2,4.46,5,73.67,95,1.68,2,0.92,2,1.05,0,95,233.65,2,3.21,4,71.53,89,1.03,1,0.57,1,0.74,0,89,UK,250.34,2,9,11,22.71,19,2.33,3,2.56,8,2.9,2,19,243.66,2,4.63,5,32.19,27,1.33,1,1.19,3,1.53,1,27,240.33,2,3.77,4,30.76,26,1.03,1,0.66,2,0.95,0,26,FR,230.31,2,2.27,2,79.39,110,0.95,1,2.68,8,3.3,3,110,233.65,2,4.07,5,54.36,46,0.83,1,1.05,3,1.42,1,46,257.02,2,12.34,15,35.05,29,3.7,5,2.78,9,3.83,3,29,BE,233.65,2,2.55,3,72.24,91,0.94,1,1.24,4,1.49,1,91,233.65,2,3.04,3,73.67,95,1.25,1,1.13,3,1.37,1,95,230.31,2,1.89,2,71.53,89,0.72,1,1.14,3,1.28,1,89,FI,257.02,2,4.63,5,63.66,64,2.03,2,0.85,2,1.29,1,64,210.29,2,1.26,1,51.5,43,0.12,0,0.5,1,0.69,0,43,283.72,3,3.98,4,45.78,38,1.25,1,2.75,8,3.06,2,38
0,2023-10-22 01:50,NL,233.65,2,4.41,5,70.81,86,1.34,1,0.92,2,1.13,1,86,230.31,2,4.67,5,70.1,84,1.83,2,1.01,3,1.13,1,84,236.99,2,3.47,4,70.1,84,1.13,1,0.93,3,1.12,1,84,UK,243.66,2,6.94,8,24.32,20,2.3,3,1.72,5,2.12,1,20,240.33,2,4.58,5,31.47,26,1.61,2,1.25,4,1.64,1,26,236.99,2,3.94,4,30.04,25,1.18,1,0.91,2,1.38,1,25,FR,230.31,2,2.38,2,76.53,103,0.92,1,2.67,8,3.21,2,103,236.99,2,4.41,5,49.35,41,0.82,1,1.22,3,1.64,1,41,253.68,2,11.14,13,38.27,32,4.05,5,2.66,8,3.7,3,32,BE,226.97,2,2.01,2,73.67,95,0.86,1,1.16,3,1.32,1,95,230.31,2,2.91,3,71.53,89,1.25,1,1.22,3,1.41,1,89,236.99,2,2.31,2,58.65,49,0.87,1,0.91,2,1.05,0,49,FI,257.02,2,4.71,5,60.8,55,2.12,3,0.88,2,1.36,1,55,206.95,2,1.25,1,48.64,41,0.1,0,0.5,1,0.7,0,41,283.72,3,4.84,6,37.91,32,1.39,2,3.4,11,3.64,3,32
0,2023-10-22 02:50,NL,233.65,2,4.67,5,67.23,75,1.49,2,1.05,3,1.26,1,75,236.99,2,5.27,6,60.8,55,1.94,2,1.02,3,1.13,1,55,233.65,2,3.64,4,67.23,75,1.21,1,1.09,3,1.29,1,75,UK,243.66,2,6.43,8,25.03,21,2.59,3,1.1,3,1.43,1,21,240.33,2,4.54,5,31.11,26,1.7,2,1.23,3,1.65,1,26,240.33,2,4.33,5,29.68,25,1.37,2,1.21,3,1.87,1,25,FR,230.31,2,2.59,3,73.67,95,0.92,1,2.67,8,3.19,2,95,236.99,2,4.84,6,44.7,37,0.83,1,1.39,4,1.87,1,37,250.34,2,10.2,12,45.06,38,4.71,6,2.42,7,3.46,3,38,BE,226.97,2,1.82,2,68.67,80,0.75,1,1.04,3,1.17,1,80,233.65,2,3.38,4,62.94,62,1.42,2,1.11,3,1.26,1,62,243.66,2,2.83,3,48.64,41,0.98,1,0.79,2,0.94,0,41,FI,257.02,2,4.8,6,58.65,49,2.18,3,0.91,2,1.44,1,49,205.28,2,1.31,1,45.06,38,0.09,0,0.5,1,0.73,0,38,283.72,3,5.44,6,32.19,27,1.42,2,3.63,11,3.9,3,27
0,2023-10-22 03:51,NL,240.33,2,6,7,56.51,47,1.73,2,1,3,1.2,1,47,247,2,6.68,8,43.99,37,2,2,0.92,2,1.04,0,37,233.65,2,3.9,4,63.66,64,1.33,1,1.07,3,1.23,1,64,UK,243.66,2,6.34,7,28.25,23,3.01,4,0.86,2,1.2,1,23,236.99,2,3.86,4,32.9,27,1.46,2,1,3,1.34,1,27,240.33,2,4.33,5,30.4,25,1.42,2,1.32,4,2.03,1,25,FR,233.65,2,2.96,3,72.96,93,0.95,1,2.72,8,3.27,3,93,257.02,2,7.45,9,36.48,30,0.95,1,2.29,7,2.92,2,30,257.02,2,11.14,13,37.19,31,3.82,5,2.89,9,4.06,3,31,BE,233.65,2,2.19,2,58.65,49,0.81,1,0.95,3,1.09,1,49,240.33,2,4.33,5,50.07,42,1.79,2,0.87,2,1.02,0,42,243.66,2,3.26,4,44.35,37,1.04,1,0.86,2,1.07,0,37,FI,257.02,2,5.1,6,56.51,47,2.27,3,1.01,3,1.59,1,47,203.61,2,1.44,1,41.49,35,0.08,0,0.5,1,0.77,0,35,287.06,3,6.17,7,29.68,25,1.54,2,3.47,11,3.75,3,25
0,2023-10-22 04:51,NL,250.34,2,10.71,13,34.69,29,2.12,3,1.19,3,1.45,1,29,250.34,2,10.88,13,26.82,22,2.27,3,1.29,4,1.45,1,22,243.66,2,5.91,7,49.35,41,1.65,2,0.86,2,1.01,0,41,UK,243.66,2,7.54,9,30.76,26,3.64,5,1.09,3,1.61,1,26,233.65,2,3.9,4,34.33,29,1.51,2,0.9,2,1.17,1,29,236.99,2,4.11,5,32.9,27,1.45,2,1.15,3,1.71,1,27,FR,243.66,2,4.46,5,72.96,93,1.12,1,3.19,10,3.94,3,93,340.46,3,17.65,22,20.03,16,1.67,2,6.25,20,7.39,6,22,277.04,3,13.02,16,21.82,18,2.77,4,3.94,12,5.27,4,18,BE,240.33,2,3.17,3,51.5,43,1.01,1,1,3,1.23,1,43,247,2,5.36,6,43.99,37,2.15,3,0.84,2,1.02,0,37,247,2,3.9,4,42.56,36,1.13,1,1.02,3,1.34,1,36,FI,267.03,3,5.83,7,53.64,45,2.47,3,1.3,4,1.97,1,45,201.94,2,1.99,2,37.91,32,0.1,0,0.51,1,0.85,0,32,293.73,3,7.11,8,30.76,26,1.57,2,3.16,10,3.43,3,26
0,2023-10-22 05:51,NL,250.34,2,18.34,22,17.52,14,3.01,4,2.2,7,2.73,2,22,253.68,2,15.77,19,13.95,11,2.89,4,2.03,6,2.26,2,19,253.68,2,10.54,13,30.4,25,2.03,2,0.97,3,1.15,1,25,UK,250.34,2,11.82,14,28.25,23,4.71,6,1.51,4,2.27,2,23,236.99,2,6.34,7,33.62,28,1.91,2,1.06,3,1.35,1,28,240.33,2,5.91,7,32.54,27,1.8,2,1.08,3,1.55,1,27,FR,247,2,5.74,7,72.24,91,1.21,1,3.67,11,4.79,4,91,453.95,5,27.76,34,4.74,4,2.44,3,12.09,39,14,12,39,300.41,3,16.62,20,11.62,9,2.68,3,5.23,16,6.77,6,20,BE,243.66,2,4.5,5,47.92,40,1.19,1,1.13,3,1.5,1,40,250.34,2,6.77,8,41.13,34,2.53,3,1.03,3,1.31,1,34,247,2,4.8,6,41.84,35,1.22,1,1.18,3,1.65,1,35,FI,270.37,3,6.68,8,51.5,43,2.68,3,1.53,4,2.26,2,43,203.61,2,3.04,3,36.12,30,0.12,0,0.65,2,1.07,0,30,293.73,3,7.2,9,36.84,31,1.36,2,2.72,8,2.93,2,31
0,2023-10-22 06:52,NL,257.02,2,20.22,25,11.09,9,3.37,4,2.95,9,3.95,3,25,253.68,2,14.22,17,16.45,13,2.5,3,1.98,6,2.33,2,17,260.35,2,15.42,19,16.27,13,2.35,3,1.67,5,1.91,1,19,UK,257.02,2,17.65,22,22.53,19,5.66,8,1.85,6,2.7,2,22,243.66,2,10.03,12,31.11,26,2.27,3,1.16,3,1.48,1,26,240.33,2,9.08,11,30.04,25,2.24,3,1.19,3,1.65,1,25,FR,243.66,2,6.17,7,71.53,89,1.28,1,3.93,12,6.44,5,89,560.76,6,28.45,35,0.95,0,3.07,4,17.99,55,20.6,19,55,357.15,4,22.96,28,4.02,3,3.25,4,7.74,25,9.73,9,28,BE,247,2,5.36,6,45.78,38,1.28,1,1.31,4,1.83,1,38,253.68,2,8.14,10,39.34,33,2.86,4,1.23,3,1.71,1,33,250.34,2,5.57,6,41.84,35,1.28,1,1.33,4,1.99,1,35,FI,270.37,3,7.03,8,49.35,41,2.77,4,1.57,5,2.27,2,41,203.61,2,3.9,4,32.54,27,0.14,0,0.79,2,1.3,1,27,290.39,3,6.43,8,43.99,37,1.25,1,2.44,7,2.62,2,37
0,2023-10-22 07:52,NL,257.02,2,12.68,15,18.77,15,2.33,3,2.12,6,3.58,3,15,253.68,2,11.65,14,22.17,18,2.09,3,1.46,4,1.92,1,18,257.02,2,13.88,17,17.17,14,2.03,2,1.71,5,2.04,1,17,UK,257.02,2,18.34,22,21.64,18,6.08,8,1.85,6,2.61,2,22,243.66,2,10.8,13,31.83,26,2.35,3,1.06,3,1.37,1,26,240.33,2,9.43,11,30.04,25,2.41,3,1.18,3,1.64,1,25,FR,240.33,2,5.74,7,70.81,86,1.33,1,3.84,12,8.06,7,86,627.52,7,22.62,28,4.83,4,3.46,5,21.09,61,24.12,22,61,410.56,4,22.28,27,6.71,5,3.7,5,10.06,32,12.49,11,32,BE,247,2,5.4,6,44.7,37,1.31,1,1.41,4,2,1,37,257.02,2,8.4,10,39.34,33,3.1,4,1.42,4,2.11,1,33,253.68,2,5.66,7,42.2,35,1.33,1,1.47,4,2.34,2,35,FI,270.37,3,7.37,9,47.21,40,2.92,4,1.66,5,2.36,2,40,200.27,2,3.26,4,30.4,25,0.15,0,0.88,2,1.43,1,25,283.72,3,5.27,6,50.78,43,1.16,1,2.25,7,2.43,2,43
0,2023-10-22 08:52,NL,247,2,7.97,9,41.49,35,1.7,2,1.12,3,2.48,2,35,250.34,2,12.17,15,37.91,32,2.74,4,1,3,1.73,1,32,260.35,2,14.57,18,29.33,24,2.33,3,1.46,4,2.51,2,24,UK,320.44,3,28.79,35,5.72,4,13.23,19,6.4,20,7.61,7,35,253.68,2,16.28,20,28.97,24,4.41,6,1.53,4,2.02,1,24,247,2,14.4,18,29.68,25,3.79,5,1.7,5,2.34,2,25,FR,257.02,2,7.11,8,55.08,46,1.48,2,3.41,11,4.59,4,46,1268.39,14,18.68,23,2.17,1,4.89,7,62.99,145,69.37,57,145,330.45,3,15.94,19,19.67,16,6.02,8,6.83,22,8.81,8,22,BE,257.02,2,7.2,9,35.41,30,1.59,2,2.07,6,3.5,3,30,280.38,3,12.51,15,27.9,23,4.47,6,2.3,7,3.8,3,23,277.04,3,9.17,11,32.9,27,1.62,2,2.21,7,3.65,3,27,FI,270.37,3,7.28,9,48.64,41,2.71,3,1.56,5,2.26,2,41,203.61,2,3,3,21.1,17,0.15,0,1.24,4,2.04,1,17,313.76,3,8.65,10,47.92,40,2.38,3,3.91,12,4.14,3,40
0,2023-10-22 09:53,NL,247,2,6.26,7,45.42,38,1.59,2,1,3,2.26,2,38,243.66,2,8.05,10,47.21,40,2.35,3,0.91,2,1.67,1,40,253.68,2,10.03,12,37.91,32,2.12,3,1.15,3,2.1,1,32,UK,310.42,3,24.68,30,11.09,9,14.42,21,5.67,18,6.94,6,30,247,2,11.82,14,33.98,28,4.23,6,1.3,4,1.77,1,28,240.33,2,10.88,13,34.69,29,3.82,5,1.5,4,2.14,1,29,FR,250.34,2,5.57,6,57.22,48,1.39,2,3.31,10,4.54,4,48,403.88,4,19.71,24,38.62,32,3.87,5,9.14,29,10.64,9,32,260.35,2,11.31,14,55.79,47,7.75,11,3.45,11,4.7,4,47,BE,253.68,2,6.43,8,38.98,33,1.57,2,2.09,6,3.45,3,33,273.71,3,9.85,12,35.76,30,4.47,6,2.13,6,3.41,3,30,270.37,3,6.94,8,38.62,32,1.59,2,2.02,6,3.01,2,32,FI,270.37,3,7.71,9,43.99,37,2.77,4,1.59,5,2.37,2,37,195.27,2,0.83,1,69.38,82,0.17,0,0.5,1,0.75,0,82,293.73,3,6.77,8,58.65,49,1.85,2,2.9,9,3.11,2,49
0,2023-10-22 10:53,NL,243.66,2,5.74,7,49.35,41,1.55,2,0.92,2,2.16,2,41,243.66,2,7.2,9,52.21,44,2.18,3,0.9,2,1.64,1,44,247,2,7.8,9,45.06,38,1.88,2,0.99,3,1.89,1,38,UK,293.73,3,21.94,27,15.74,13,14.19,20,4.99,16,6.33,5,27,247,2,9.43,11,36.84,31,3.76,5,1.14,3,1.55,1,31,233.65,2,8.65,10,38.62,32,3.37,4,1.23,3,1.85,1,32,FR,240.33,2,4.37,5,62.94,62,1.31,1,3.45,11,5.21,4,62,363.83,4,14.74,18,49.35,41,4.11,6,6.31,20,7.49,6,41,250.34,2,10.37,12,63.66,64,8.94,13,2.95,9,4.02,3,64,BE,250.34,2,6.17,7,41.13,34,1.57,2,2.06,6,3.12,2,34,270.37,3,9.43,11,37.55,31,4.23,6,2,6,2.84,2,31,263.69,2,6.43,8,38.62,32,1.51,2,1.91,6,2.5,2,32,FI,273.71,3,8.57,10,40.41,34,2.98,4,1.71,5,2.56,2,34,191.93,2,0.89,1,69.38,82,0.17,0,0.5,1,0.77,0,82,287.06,3,6.51,8,62.23,60,1.71,2,2.59,8,2.79,2,60
0,2023-10-22 11:53,NL,243.66,2,5.74,7,54.36,46,1.59,2,0.93,3,2.17,2,46,243.66,2,6.77,8,57.22,48,2.06,3,0.89,2,1.62,1,48,243.66,2,7.03,8,50.78,43,1.74,2,0.94,3,1.83,1,43,UK,280.38,3,19.71,24,18.95,16,13.71,20,4.48,14,5.85,5,24,243.66,2,8.14,10,38.62,32,3.1,4,1.03,3,1.41,1,32,230.31,2,6.86,8,43.99,37,2.68,3,0.96,3,1.51,1,37,FR,230.31,2,3.56,4,67.23,75,1.27,1,3.28,10,5.68,5,75,337.12,3,13.2,16,59.37,51,3.93,5,5.46,17,6.54,6,51,240.33,2,10.11,12,67.23,75,9.66,14,2.64,8,3.57,3,75,BE,250.34,2,6.26,7,42.92,36,1.68,2,2.19,7,3.07,2,36,270.37,3,10.28,12,35.41,30,4.29,6,1.93,6,2.49,2,30,257.02,2,6.17,7,38.98,33,1.45,2,1.87,6,2.32,2,33,FI,277.04,3,9.68,12,37.55,31,3.31,4,1.92,6,2.87,2,31,191.93,2,1.61,2,65.09,69,0.21,0,0.62,2,1.01,0,69,283.72,3,6.6,8,65.09,69,1.55,2,2.35,7,2.57,2,69
0,2023-10-22 12:54,NL,243.66,2,6.08,7,59.37,51,1.7,2,1.08,3,2.43,2,51,243.66,2,8.05,10,57.22,48,2.24,3,0.95,3,1.67,1,48,240.33,2,6.86,8,56.51,47,1.65,2,0.93,3,1.79,1,47,UK,250.34,2,12.34,15,42.56,36,7.21,10,2.35,7,3.42,3,36,243.66,2,6.94,8,40.77,34,2.56,3,0.97,3,1.33,1,34,226.97,2,4.41,5,57.22,48,1.67,2,0.62,2,0.97,0,48,FR,216.96,2,2.87,3,72.96,93,1.1,1,2.63,8,5.25,4,93,273.71,3,10.8,13,72.96,93,3.16,4,3.87,12,4.68,4,93,220.3,2,9,11,76.53,103,8.7,12,1.92,6,2.61,2,103,BE,250.34,2,6.43,8,43.99,37,1.77,2,2.29,7,2.96,2,37,267.03,3,10.11,12,35.05,29,4.41,6,1.92,6,2.37,2,29,247,2,5.57,6,41.13,34,1.37,2,1.92,6,2.36,2,34,FI,283.72,3,12.51,15,33.98,28,4.17,6,2.45,7,3.68,3,28,196.93,2,2.44,3,62.23,60,0.27,0,0.85,2,1.36,1,60,283.72,3,7.28,9,63.66,64,1.43,2,2.4,7,2.64,2,64
0,2023-10-22 13:54,NL,240.33,2,7.45,9,61.51,57,1.74,2,1.29,4,2.73,2,57,250.34,2,11.14,13,51.5,43,2.65,3,1.11,3,1.79,1,43,240.33,2,7.8,9,57.94,49,1.64,2,0.97,3,1.86,1,49,UK,243.66,2,9.77,12,51.5,43,5.36,7,1.68,5,2.56,2,43,243.66,2,6.43,8,43.27,36,2.44,3,0.96,3,1.3,1,36,226.97,2,4.88,6,60.08,53,1.94,2,0.61,1,0.91,0,53,FR,216.96,2,3.34,4,72.24,91,1.16,1,2.52,8,5.33,4,91,260.35,2,10.37,12,75.82,102,3.01,4,3.4,11,4.16,3,102,216.96,2,9.85,12,80.11,112,8.82,12,1.83,5,2.5,2,112,BE,253.68,2,6.86,8,43.27,36,1.86,2,2.52,8,3.07,2,36,260.35,2,9.43,11,36.12,30,4.47,6,2.04,6,2.5,2,30,240.33,2,4.93,6,48.64,41,1.36,2,2.06,6,2.54,2,41,FI,297.07,3,16.62,20,29.33,24,5.31,7,3.38,10,4.96,4,24,200.27,2,3.26,4,62.23,60,0.34,0,1.1,3,1.68,1,60,293.73,3,9.68,12,54.36,46,1.97,2,3.19,10,3.51,3,46
0,2023-10-22 14:54,NL,243.66,2,9.94,12,59.37,51,1.7,2,1.31,4,2.66,2,51,257.02,2,15.77,19,42.56,36,3.16,4,1.43,4,2.04,1,36,243.66,2,9.85,12,54.36,46,1.67,2,1.01,3,1.89,1,46,UK,243.66,2,10.63,13,53.64,45,5.19,7,1.54,5,2.3,2,45,240.33,2,7.11,8,44.7,37,2.44,3,0.93,3,1.25,1,37,226.97,2,6.08,7,60.8,55,2.21,3,0.64,2,0.93,0,55,FR,220.3,2,4.5,5,69.38,82,1.33,1,2.6,8,5.44,5,82,260.35,2,11.14,13,73.67,95,2.95,4,3.31,10,4.1,3,95,213.62,2,10.8,13,80.82,114,8.58,12,1.92,6,2.67,2,114,BE,250.34,2,7.54,9,43.99,37,1.91,2,2.79,9,3.31,3,37,257.02,2,9.94,12,37.91,32,4.47,6,2.23,7,2.74,2,32,233.65,2,5.06,6,57.22,48,1.39,2,2.27,7,2.91,2,48,FI,307.08,3,20.05,25,25.39,21,6.08,8,4.3,13,6.1,5,25,208.62,2,4.88,6,64.37,66,0.52,0,1.6,5,2.23,2,66,303.75,3,12,15,46.49,39,2.41,3,4.01,13,4.39,4,39
0,2023-10-22 15:55,NL,250.34,2,13.88,17,52.21,44,1.7,2,1.24,4,2.46,2,44,263.69,2,20.91,26,33.26,28,3.82,5,1.78,5,2.24,2,28,253.68,2,15.59,19,43.63,36,1.85,2,1.2,3,2.05,1,36,UK,277.04,3,35.3,44,18.95,16,7.51,11,3.36,10,4.21,3,44,250.34,2,20.22,25,26.46,22,2.65,3,1.49,4,1.89,1,25,253.68,2,29.47,36,22.71,19,3.73,5,2,6,2.42,2,36,FR,323.77,3,20.91,26,42.2,35,2.5,3,6.62,21,10.51,9,35,447.27,5,40.1,50,31.83,26,4.23,6,11.8,38,13.51,12,50,236.99,2,16.45,20,70.1,84,7.75,11,2.78,9,3.89,3,84,BE,247,2,8.74,10,44.7,37,1.94,2,2.92,9,3.51,3,37,253.68,2,12,15,41.49,35,4.53,6,2.43,7,3.05,2,35,226.97,2,5.91,7,57.22,48,1.43,2,2.45,7,3.24,3,48,FI,340.46,3,24.33,30,20.39,17,6.38,9,6.1,19,8.32,7,30,216.96,2,7.45,9,57.22,48,0.57,0,2.27,7,2.99,2,48,317.1,3,13.71,17,41.49,35,2.77,4,4.79,15,5.25,4,35
0,2023-10-22 16:55,NL,253.68,2,17.99,22,43.27,36,1.91,2,1.23,3,2.24,2,36,267.03,3,23.65,29,27.54,23,4.23,6,2.14,6,2.48,2,29,263.69,2,23.65,29,28.61,24,2.18,3,1.61,5,2.43,2,29,UK,337.12,3,46.61,58,0.44,0,10.37,15,6.97,22,8.07,7,58,270.37,3,38.04,47,3.67,3,3.52,5,2.64,8,3.19,2,47,293.73,3,39.07,48,0.87,0,5.66,8,4.55,14,5.18,4,48,FR,554.09,6,46.61,58,6.62,5,4.17,6,17.32,53,23.64,21,58,781.06,8,61.69,77,1.1,0,6.08,8,30.06,79,33.26,30,79,293.73,3,28.79,35,51.5,43,7.03,10,5.11,16,6.82,6,43,BE,247,2,10.28,12,42.92,36,1.94,2,3.04,9,3.74,3,36,250.34,2,14.57,18,42.2,35,4.65,6,2.81,9,3.59,3,35,226.97,2,7.28,9,51.5,43,1.46,2,2.68,8,3.66,3,43,FI,400.54,4,28.1,35,15.2,12,6.38,9,9.16,29,12.05,11,35,226.97,2,10.8,13,41.84,35,0.51,0,3.21,10,4.12,3,35,330.45,3,14.05,17,37.91,32,3.04,4,5.53,17,6.05,5,32
0,2023-10-22 17:55,NL,263.69,2,22.96,28,34.33,29,2.35,3,1.43,4,2.26,2,29,263.69,2,24.33,30,30.04,25,4.23,6,2.42,7,2.77,2,30,273.71,3,28.79,35,17.52,14,2.38,3,2.05,6,2.81,2,35,UK,390.53,4,46.61,58,0,0,13.71,20,10.84,35,12.26,11,58,290.39,3,42.5,53,0.1,0,5.42,7,3.97,12,4.71,4,53,340.46,3,41.81,52,0,0,8.46,12,7.73,25,8.62,7,52,FR,854.49,9,52.09,65,0.02,0,5.6,8,33.89,86,43.17,39,86,1081.47,12,58.26,72,0,0,7.33,10,48.6,116,53.29,49,116,393.87,4,46.61,58,32.54,27,7.63,11,9.59,31,11.85,10,58,BE,243.66,2,10.97,13,40.41,34,1.88,2,3.19,10,4.13,3,34,247,2,15.25,19,41.49,35,4.23,6,3.19,10,4.13,3,35,226.97,2,7.8,9,47.92,40,1.4,2,2.82,9,4.03,3,40,FI,447.27,5,28.1,35,13.05,11,6.02,8,11.44,37,14.83,13,37,240.33,2,12.68,15,32.19,27,0.49,0,4.24,13,5.34,4,27,340.46,3,13.37,16,35.76,30,3.1,4,6.08,19,6.62,6,30
0,2023-10-22 18:56,NL,277.04,3,30.85,38,21.1,17,2.74,4,1.95,6,2.7,2,38,260.35,2,30.16,37,25.39,21,4.17,6,2.83,9,3.25,3,37,277.04,3,29.82,37,11.18,9,2.47,3,2.4,7,3.1,2,37,UK,447.27,5,46.61,58,0,0,17.41,25,15.17,49,16.93,15,58,313.76,3,45.93,57,0.01,0,8.7,12,5.77,18,6.74,6,57,387.19,4,47.98,59,0,0,11.56,17,11.45,37,12.59,11,59,FR,1268.39,14,54.15,67,0,0,6.8,10,59.49,138,71.93,58,138,1201.63,13,52.78,65,0,0,7.87,11,57.74,134,63.46,54,134,527.38,5,62.38,77,18.95,16,10.49,15,16.2,51,18.79,17,77,BE,243.66,2,11.31,14,38.98,33,1.82,2,3.31,10,4.54,4,33,247,2,15.94,19,37.55,31,3.93,5,3.47,11,4.66,4,31,230.31,2,8.05,10,46.49,39,1.31,1,2.95,9,4.52,4,39,FI,460.63,5,25.02,31,13.59,11,5.54,8,12.25,39,15.79,14,39,253.68,2,13.88,17,26.82,22,0.49,0,5.21,16,6.47,5,22,350.48,3,12.68,15,33.62,28,3.28,4,6.71,21,7.28,6,28
0,2023-10-22 19:56,NL,290.39,3,39.07,48,8.58,7,2.8,4,2.58,8,3.32,3,48,270.37,3,39.76,49,12.16,10,4.23,6,3.33,10,3.85,3,49,273.71,3,28.45,35,9.74,8,2.53,3,2.65,8,3.34,3,35,UK,480.65,5,43.53,54,0,0,17.64,25,18.55,56,20.5,18,56,343.8,3,46.61,58,0,0,11.56,17,8.33,27,9.51,8,58,410.56,4,47.98,59,0,0,9.18,13,14.01,45,15.27,14,59,FR,1655.58,18,50.72,63,0,0,7.33,10,85.1,161,99.96,72,161,1228.33,13,45.93,57,0,0,7.75,11,61.23,141,67.46,56,141,534.06,6,56.89,71,20.21,17,10.37,15,17.43,54,19.7,18,71,BE,247,2,12.34,15,36.48,30,1.77,2,3.55,11,5.04,4,30,250.34,2,16.45,20,34.33,29,3.61,5,3.67,11,5.19,4,29,236.99,2,8.91,11,42.92,36,1.27,1,3.15,10,5.08,4,36,FI,440.6,5,20.56,25,15.74,13,4.95,7,11.15,36,14.51,13,36,257.02,2,13.37,16,25.39,21,0.43,0,5.65,18,6.96,6,21,367.17,4,13.02,16,30.04,25,3.37,4,7.67,24,8.28,7,25
0,2023-10-22 20:57,NL,297.07,3,41.13,51,3.35,2,2.59,3,3.09,10,3.89,3,51,277.04,3,42.84,53,5.5,4,4.35,6,3.73,12,4.38,4,53,267.03,3,26.39,32,12.16,10,2.5,3,2.97,9,3.77,3,32,UK,487.33,5,39.41,49,0,0,16.69,24,20.32,59,22.32,20,59,377.18,4,46.61,58,0,0,12.64,18,11.46,37,12.81,11,58,400.54,4,44.55,55,0,0,6.32,9,13.85,44,15.09,13,55,FR,1869.2,21,45.24,56,0,0,6.68,9,100.26,170,115.77,80,170,1228.33,13,40.1,50,0,0,7.21,10,63.26,145,69.71,57,145,440.6,5,41.13,51,31.83,26,8.23,12,13.11,42,14.83,13,51,BE,250.34,2,13.02,16,33.62,28,1.68,2,3.88,12,5.61,5,28,250.34,2,16.45,20,32.19,27,3.34,4,3.8,12,5.63,5,27,243.66,2,9.77,12,38.98,33,1.19,1,3.4,11,5.6,5,33,FI,400.54,4,17.99,22,16.99,14,4.35,6,9.22,29,12.3,11,29,250.34,2,10.97,13,27.9,23,0.34,0,5.32,17,6.53,6,23,377.18,4,13.2,16,26.46,22,3.13,4,8.29,26,8.91,8,26
0,2023-10-22 21:57,NL,293.73,3,37.7,47,1.2,1,1.91,2,3.46,11,4.39,4,47,277.04,3,40.1,50,4.16,3,4.11,6,3.83,12,4.68,4,50,260.35,2,23.99,29,10.28,8,1.82,2,3.34,10,4.28,3,29,UK,480.65,5,35.99,44,0,0,14.9,21,20.79,60,22.74,21,60,390.53,4,48.67,60,0,0,10.49,15,13.46,43,14.85,13,60,313.76,3,45.93,57,0.11,0,4.71,6,7.27,23,8.22,7,57,FR,1762.39,20,42.84,53,0,0,5.13,7,96.3,168,110.08,78,168,1094.82,12,35.64,44,0,0,5.31,7,56.94,133,62.97,54,133,307.08,3,20.56,25,57.22,48,5.72,8,6.2,20,7.24,6,48,BE,253.68,2,13.88,17,26.82,22,1.3,1,4.19,13,6.03,5,22,253.68,2,17.31,21,27.54,23,3.01,4,4,12,6.02,5,23,250.34,2,11.14,13,31.47,26,0.97,1,3.87,12,6.27,5,26,FI,357.15,4,18.51,23,16.27,13,3.82,5,7.36,23,10.22,9,23,236.99,2,8.31,10,32.54,27,0.26,0,4.52,14,5.52,5,27,380.52,4,13.2,16,23.25,19,2.89,4,8.59,27,9.21,8,27
0,2023-10-22 22:57,NL,290.39,3,33.24,41,0.27,0,1.42,2,3.78,12,4.9,4,41,277.04,3,37.01,46,2.48,2,3.82,5,3.79,12,4.77,4,46,253.68,2,21.59,26,5.99,5,1.19,1,3.54,11,4.55,4,26,UK,467.3,5,33.59,41,0,0,11.33,16,20.76,60,22.59,20,60,360.49,4,49.35,61,0,0,5.78,8,12.19,39,13.47,12,61,290.39,3,41.81,52,1.24,1,3.61,5,5.53,17,6.42,5,52,FR,1482.01,16,43.87,54,0,0,4.11,6,77.76,157,88.22,67,157,894.55,10,31.19,38,0,0,3.43,5,44.38,107,49.35,45,107,260.35,2,13.71,17,63.66,64,4.41,6,4.12,13,4.96,4,64,BE,257.02,2,14.74,18,18.6,15,0.97,1,4.39,14,6.24,5,18,257.02,2,18.85,23,19.67,16,2.95,4,4.34,14,6.55,6,23,267.03,3,13.37,16,21.99,18,0.82,1,4.67,15,7.28,6,18,FI,347.14,3,21.42,26,13.59,11,3.79,5,6.99,22,10.07,9,26,230.31,2,7.03,8,33.62,28,0.24,0,4.07,13,5.01,4,28,383.85,4,13.02,16,21.28,18,3.01,4,8.82,28,9.45,8,28
0,2023-10-22 23:58,NL,287.06,3,30.85,38,0.12,0,1.33,1,4.02,13,5.33,4,38,277.04,3,33.93,42,1.42,1,3.64,5,3.65,11,4.67,4,42,243.66,2,19.02,23,4.34,3,0.97,1,3.81,12,4.89,4,23,UK,460.63,5,32.22,40,0,0,10.37,15,20.94,61,22.71,21,61,317.1,3,45.93,57,0.04,0,3.7,5,9.44,30,10.59,9,57,270.37,3,33.59,41,5.54,4,3.16,4,4.44,14,5.3,4,41,FR,1054.76,11,43.87,54,0,0,3.52,5,50.23,119,56.8,51,119,700.95,7,27.76,34,0.02,0,2.44,3,31.94,83,35.74,33,83,236.99,2,10.11,12,69.38,82,3.58,5,3.34,10,4.11,3,82,BE,257.02,2,14.91,18,13.05,11,0.86,1,4.51,14,6.37,5,18,263.69,2,20.39,25,13.41,11,3.31,4,4.82,15,7.25,6,25,293.73,3,15.77,19,14.84,12,0.82,1,5.92,19,8.72,8,19,FI,353.81,4,23.65,29,11,9,3.93,5,7.29,23,10.58,9,29,226.97,2,7.03,8,33.26,28,0.28,0,3.89,12,4.86,4,28,367.17,4,11.65,14,21.1,17,2.92,4,8.17,26,8.76,8,26
0,2023-10-23 00:58,NL,283.72,3,28.1,35,0.09,0,1.34,1,4.21,13,5.71,5,35,270.37,3,30.5,38,1.26,1,3.46,5,3.5,11,4.53,4,38,236.99,2,16.97,21,3.67,3,0.92,1,4.05,13,5.17,4,21,UK,447.27,5,29.82,37,0,0,9.78,14,20.62,60,22.33,20,60,277.04,3,40.78,50,4.65,3,3.37,4,6.48,21,7.49,6,50,253.68,2,24.33,30,12.34,10,3.07,4,3.61,11,4.45,4,30,FR,674.25,7,40.78,50,0.16,0,3.1,4,26.96,73,30.94,28,73,540.73,6,26.39,32,0.64,0,1.91,2,21.26,61,23.95,22,61,223.64,2,7.54,9,73.67,95,2.92,4,2.82,9,3.63,3,95,BE,253.68,2,14.74,18,9.21,7,0.82,1,4.55,14,6.42,5,18,270.37,3,21.76,27,7.87,6,3.67,5,5.45,17,8.1,7,27,320.44,3,17.82,22,9.3,7,0.85,1,7.41,24,10.27,9,24,FI,350.48,3,22.96,28,10.46,8,3.79,5,7.1,23,10.4,9,28,236.99,2,8.05,10,35.05,29,0.38,0,4.17,13,5.16,4,29,333.79,3,8.48,10,23.96,20,2.35,3,6.32,20,6.77,6,20
0,2023-10-23 01:58,NL,280.38,3,25.71,32,0.06,0,1.3,1,4.44,14,6.08,5,32,263.69,2,26.39,32,1.39,1,3.37,4,3.5,11,4.54,4,32,233.65,2,15.77,19,3.62,3,0.94,1,4.3,13,5.48,5,19,UK,407.22,4,26.73,33,0,0,7.33,10,18.02,55,19.57,18,55,253.68,2,26.39,32,20.03,16,3.01,4,4.44,14,5.34,4,32,243.66,2,18.17,22,17.52,14,2.98,4,3.23,10,4.04,3,22,FR,507.36,5,34.62,43,2.44,2,2.86,4,16.76,52,19.72,18,52,433.92,4,23.65,29,6.62,5,1.62,2,13.96,45,15.86,14,45,220.3,2,5.83,7,75.1,100,2.47,3,2.44,7,3.32,3,100,BE,257.02,2,15.08,18,5.68,4,0.83,1,4.67,15,6.54,6,18,273.71,3,22.28,27,3.04,2,4.05,5,6.09,19,8.89,8,27,337.12,3,19.19,23,4.78,4,0.83,1,8.39,27,11,10,27,FI,350.48,3,22.28,27,10.37,8,3.93,5,7.32,23,10.56,9,27,253.68,2,9.94,12,36.84,31,0.48,0,5.29,17,6.31,5,31,303.75,3,5.74,7,28.25,23,1.83,2,4.51,14,4.85,4,23
0,2023-10-23 02:59,NL,277.04,3,23.99,29,0.02,0,1.3,1,4.74,15,6.48,6,29,253.68,2,22.96,28,1.19,1,3.52,5,3.87,12,4.91,4,28,230.31,2,14.91,18,3.26,2,0.9,1,4.52,14,5.72,5,18,UK,343.8,3,26.05,32,0,0,6.38,9,13.27,43,14.74,13,43,240.33,2,16.97,21,30.4,25,3.1,4,3.47,11,4.3,3,25,240.33,2,14.57,18,21.46,18,3.01,4,3.16,10,3.94,3,18,FR,420.57,4,26.73,33,11.09,9,2.65,3,11.25,36,13.5,12,36,353.81,4,16.28,20,22.17,18,1.43,2,9.06,29,10.37,9,29,216.96,2,4.24,5,80.82,114,2,2,1.95,6,2.98,2,114,BE,273.71,3,17.31,21,2.37,2,1.06,1,5.29,17,7.29,6,21,273.71,3,20.91,26,0.49,0,4.83,7,6.6,21,9.47,8,26,337.12,3,19.02,23,1.65,1,0.81,1,8.49,27,10.78,9,27,FI,347.14,3,22.62,28,10.19,8,4.23,6,7.99,25,11.14,10,28,267.03,3,10.54,13,39.34,33,0.54,0,6.05,19,7.06,6,33,287.06,3,4.46,5,33.26,28,1.62,2,3.48,11,3.75,3,28
0,2023-10-23 03:59,NL,283.72,3,22.28,27,0,0,1.3,1,5.15,16,6.93,6,27,257.02,2,21.42,26,0.37,0,3.87,5,4.87,15,5.91,5,26,230.31,2,14.57,18,1.61,1,0.81,1,4.65,15,5.85,5,18,UK,267.03,3,34.27,42,6.62,5,7.99,11,7.18,23,8.86,8,42,236.99,2,13.2,16,36.48,30,3.46,5,3.43,11,4.27,3,30,236.99,2,12.85,16,24.68,20,3.28,4,3.3,10,4.09,3,20,FR,337.12,3,18.34,22,27.54,23,2.56,3,6.75,21,8.43,7,23,313.76,3,13.2,16,35.05,29,1.45,2,6.68,21,7.69,7,29,216.96,2,3.26,4,85.83,127,1.51,2,1.67,5,2.87,2,127,BE,310.42,3,21.42,26,0.27,0,1.52,2,6.6,21,8.89,8,26,277.04,3,18.85,23,0.02,0,6.2,9,7.08,22,9.89,9,23,320.44,3,17.99,22,0.27,0,0.86,1,7.98,25,9.88,9,25,FI,343.8,3,21.94,27,10.73,9,4.53,6,8.62,27,11.63,10,27,253.68,2,7.88,9,43.99,37,0.46,0,4.9,15,5.76,5,37,280.38,3,4.07,5,37.91,32,1.48,2,3.09,10,3.33,3,32
0,2023-10-23 04:59,NL,320.44,3,20.56,25,0,0,1.48,2,5.96,19,7.57,7,25,287.06,3,21.94,27,0.01,0,4.35,6,6.32,20,7.36,6,27,247,2,14.57,18,0.09,0,0.89,1,5,16,6.2,5,18,UK,260.35,2,28.79,35,12.34,10,8.94,13,6.82,22,8.29,7,35,236.99,2,13.02,16,38.98,33,3.52,5,3.57,11,4.44,4,33,236.99,2,13.71,17,25.39,21,3.7,5,3.7,12,4.57,4,21,FR,367.17,4,22.96,28,26.11,22,3.13,4,8.19,26,10.14,9,28,397.21,4,23.65,29,26.46,22,2.44,3,10.74,34,12.1,11,34,223.64,2,3.56,4,84.4,123,1.49,2,1.61,5,2.93,2,123,BE,360.49,4,25.71,32,0.01,0,2.41,3,8.45,27,11.17,10,32,300.41,3,19.02,23,0,0,8.11,11,8.05,26,10.7,9,26,307.08,3,17.48,21,0.03,0,1.18,1,7.45,24,9.21,8,24,FI,353.81,4,20.22,25,11.8,10,4.53,6,9.31,30,12.53,11,30,233.65,2,5.74,7,49.35,41,0.43,0,3.49,11,4.21,3,41,283.72,3,4.28,5,37.55,31,1.28,1,3.17,10,3.44,3,31
0,2023-10-23 06:00,NL,380.52,4,21.59,26,0,0,1.71,2,7.14,23,8.54,7,26,343.8,3,25.71,32,0,0,4.65,6,8.19,26,9.31,8,32,290.39,3,15.08,18,0,0,1.1,1,5.99,19,7.18,6,19,UK,270.37,3,34.96,43,9.03,7,11.44,16,7.21,23,8.63,7,43,243.66,2,17.65,22,37.19,31,4.05,5,3.75,12,4.65,4,31,243.66,2,18.68,23,21.64,18,4.71,6,5.13,16,6.1,5,23,FR,410.56,4,29.47,36,22.71,19,3.73,5,10.09,32,12.28,11,36,500.68,5,35.64,44,12.88,10,3.43,5,16.45,52,18.28,16,52,230.31,2,3.9,4,82.25,118,1.48,2,1.5,4,2.73,2,118,BE,417.23,4,28.45,35,0,0,3.43,5,10.48,34,13.63,12,35,347.14,3,23.31,29,0,0,9.54,14,9.63,31,12.13,11,31,303.75,3,18.68,23,0.01,0,1.58,2,7.31,23,9.16,8,23,FI,357.15,4,18.85,23,13.59,11,4.47,6,9.3,30,12.84,11,30,226.97,2,5.4,6,55.08,46,0.59,0,2.93,9,3.6,3,46,283.72,3,4.11,5,38.27,32,1.04,1,3.02,9,3.34,3,32
0,2023-10-23 07:00,NL,410.56,4,21.76,27,0,0,1.88,2,7.91,25,9.21,8,27,390.53,4,27.76,34,0,0,4.59,6,9.61,31,10.93,10,34,350.48,3,15.42,19,0,0,1.24,1,7.45,24,8.67,8,24,UK,277.04,3,40.1,50,10.64,9,13.83,20,6.63,21,8.51,7,50,253.68,2,26.05,32,31.11,26,4.83,7,4.26,13,5.23,4,32,253.68,2,26.73,33,15.74,13,5.84,8,7.33,23,8.43,7,33,FR,363.83,4,24.33,30,32.9,27,3.43,5,7.27,23,8.95,8,30,534.06,6,38.04,47,8.49,7,3.82,5,18.06,55,20.01,18,55,230.31,2,4.11,5,83.69,121,1.49,2,1.66,5,3.1,2,121,BE,440.6,5,29.47,36,0.01,0,3.87,5,11.16,36,14.62,13,36,380.52,4,28.79,35,0.01,0,9.18,13,10.43,33,12.97,12,35,303.75,3,25.71,32,0.13,0,2.06,3,7.6,24,10.46,9,32,FI,357.15,4,18.17,22,15.56,13,4.77,7,9.05,29,12.82,11,29,233.65,2,6.6,8,58.65,49,0.86,1,3.19,10,3.9,3,49,273.71,3,3.09,3,41.84,35,0.69,1,2.3,7,2.66,2,35
0,2023-10-23 08:00,NL,417.23,4,19.71,24,0.07,0,2,2,8.7,28,10.2,9,28,400.54,4,26.05,32,0.15,0,4.59,6,10.27,33,11.88,11,33,380.52,4,13.88,17,0.08,0,1.28,1,8.63,28,9.97,9,28,UK,277.04,3,42.5,53,8.67,7,14.42,21,6.54,21,9.1,8,53,260.35,2,30.85,38,27.9,23,5.72,8,4.96,16,6.01,5,38,263.69,2,32.56,40,11.27,9,7.27,10,10.37,33,11.61,10,40,FR,460.63,5,34.96,43,12.16,10,4.29,6,11.97,38,14.82,13,43,961.3,10,37.36,46,0.56,0,5.66,8,43.08,105,46.08,42,105,223.64,2,3.68,4,89.41,136,1.34,1,1.52,4,3.68,3,136,BE,413.9,4,29.47,36,0.7,0,3.58,5,10.07,32,13.61,12,36,377.18,4,22.62,28,0.63,0,8.35,12,9.5,30,11.94,11,30,327.11,3,21.42,26,0.53,0,2.15,3,7.3,23,10.06,9,26,FI,350.48,3,16.62,20,19.49,16,5.25,7,8.38,27,12.23,11,27,243.66,2,9.68,12,31.47,26,0.49,0,5.12,16,5.65,5,26,257.02,2,1.76,2,42.92,36,0.26,0,1.43,4,1.8,1,36
0,2023-10-23 09:01,NL,390.53,4,22.62,28,0.3,0,2.92,4,16.08,51,18.1,16,51,397.21,4,24.68,30,0.64,0,5.07,7,12.29,39,14.57,13,39,363.83,4,19.19,23,0.5,0,1.97,2,12.76,41,14.8,13,41,UK,273.71,3,37.01,46,6.26,5,15.74,23,6.6,21,9.5,8,46,236.99,2,29.47,36,28.61,24,5.66,8,5.13,16,8.04,7,36,247,2,30.5,38,16.09,13,8.7,12,9.15,29,12.58,11,38,FR,393.87,4,26.39,32,23.96,20,3.82,5,8.81,28,11.27,10,32,734.33,8,39.76,49,5.81,4,5.01,7,29.74,78,32.01,29,78,220.3,2,3.3,4,90.84,139,1.3,1,1.7,5,4.92,4,139,BE,420.57,4,27.08,33,1.17,0,3.73,5,9.55,31,12.44,11,33,350.48,3,19.71,24,2.68,2,8.7,12,8.57,27,11.38,10,27,347.14,3,22.62,28,1.81,1,2.53,3,7.92,25,11.06,10,28,FI,500.68,5,26.39,32,2.62,2,8.23,12,18.93,57,25.32,23,57,240.33,2,8.48,10,29.68,25,0.46,0,4.99,16,5.49,5,25,253.68,2,1.31,1,47.92,40,0.21,0,1.5,4,1.84,1,40
0,2023-10-23 10:01,NL,397.21,4,19.88,24,0.51,0,2.68,3,15.86,50,17.97,16,50,330.45,3,29.82,37,4.16,3,4.89,7,13.11,42,16.17,14,42,333.79,3,20.39,25,2.01,1,2.21,3,13.77,44,16.2,15,44,UK,257.02,2,30.16,37,16.63,14,15.74,23,5.34,17,8.09,7,37,223.64,2,19.54,24,42.2,35,6.56,9,5.48,17,8.83,8,35,240.33,2,23.65,29,27.54,23,8.94,13,8.61,27,12.22,11,29,FR,313.76,3,16.79,20,41.84,35,3.19,4,5.11,16,6.54,6,35,467.3,5,30.5,38,27.18,23,4.59,6,14.29,46,15.57,14,46,216.96,2,2.83,3,91.55,141,1.19,1,2.07,6,6.86,6,141,BE,353.81,4,25.36,31,5.99,5,3.1,4,6.88,22,9.79,9,31,313.76,3,22.62,28,5.1,4,8.94,13,7.27,23,10.98,10,28,353.81,4,27.42,34,6.88,5,3.28,4,8.14,26,11.68,10,34,FI,400.54,4,24.33,30,7.51,6,7.75,11,14.18,46,20.11,18,46,233.65,2,7.37,9,33.62,28,0.44,0,4.38,14,4.82,4,28,250.34,2,0.72,0,70.81,86,0.3,0,1.1,3,1.35,1,86
0,2023-10-23 11:01,NL,383.85,4,19.88,24,0.74,0,2.41,3,14.17,46,16.47,15,46,300.41,3,27.76,34,8.05,6,4.17,6,11.91,38,15.37,14,38,307.08,3,21.76,27,4.29,3,2.09,3,13.7,44,16.6,15,44,UK,250.34,2,27.42,34,22.17,18,15.97,23,4.9,15,7.83,7,34,223.64,2,18.34,22,41.84,35,6.86,10,5.94,19,9.24,8,35,236.99,2,19.71,24,29.68,25,8.35,12,7.55,24,11.2,10,25,FR,293.73,3,14.4,18,46.49,39,2.8,4,4.24,13,5.26,4,39,420.57,4,25.02,31,32.54,27,4.53,6,11.78,38,13.12,12,38,216.96,2,2.72,3,90.84,139,1.22,1,2.33,7,7.57,7,139,BE,300.41,3,22.62,28,12.88,10,2.59,3,5.13,16,8.2,7,28,283.72,3,23.31,29,10.82,9,7.99,11,5.74,18,10.61,9,29,340.46,3,29.82,37,11.8,10,3.87,5,7.5,24,11.2,10,37,FI,370.5,4,21.94,27,12.7,10,6.62,9,12.14,39,18.12,16,39,230.31,2,7.45,9,39.7,33,0.49,0,3.78,12,4.18,3,33,250.34,2,0.68,0,77.96,107,0.34,0,0.66,2,0.88,0,107
0,2023-10-23 12:02,NL,360.49,4,21.59,26,1.3,1,2.3,3,12.15,39,14.68,13,39,280.38,3,27.08,33,13.59,11,3.67,5,10.29,33,14.08,13,33,293.73,3,23.31,29,6.35,5,1.94,2,12.7,41,16.2,15,41,UK,243.66,2,26.39,32,25.03,21,16.21,23,4.79,15,7.96,7,32,223.64,2,18.68,23,39.34,33,6.56,9,6.04,19,9.27,8,33,230.31,2,16.62,20,31.47,26,7.57,11,6.51,21,9.97,9,26,FR,287.06,3,13.88,17,47.21,40,2.65,3,4.16,13,5.06,4,40,340.46,3,18.17,22,39.7,33,3.37,4,7.97,25,9.74,9,33,216.96,2,2.68,3,89.41,136,1.24,1,2.79,9,9.61,8,136,BE,277.04,3,19.88,24,15.74,13,2.27,3,4.35,14,7.88,7,24,273.71,3,22.62,28,17.7,14,6.86,10,5.11,16,10.44,9,28,313.76,3,29.13,36,14.66,12,4.71,6,6.47,21,10.36,9,36,FI,357.15,4,19.88,24,16.81,14,5.84,8,10.36,33,16.63,15,33,223.64,2,7.11,8,48.64,41,0.54,0,3.27,10,3.95,3,41,250.34,2,0.69,0,74.39,98,0.32,0,0.5,1,0.72,0,98
0,2023-10-23 13:02,NL,267.03,3,23.31,29,33.26,28,2.03,2,8.12,26,10.08,9,29,250.34,2,19.36,24,36.48,30,2.62,3,7.71,25,11.57,10,30,257.02,2,19.02,23,32.19,27,1.57,2,8.83,28,12.21,11,28,UK,233.65,2,23.99,29,33.98,28,13.23,19,4.24,13,7.11,6,29,226.97,2,17.31,21,38.98,33,5.66,8,5.78,18,8.69,8,33,223.64,2,14.91,18,36.48,30,6.14,9,5.12,16,7.87,7,30,FR,287.06,3,14.91,18,47.21,40,2.62,3,4.16,13,5.01,4,40,253.68,2,9.08,11,64.37,66,1.86,2,4.7,15,13.74,12,66,216.96,2,2.72,3,88.69,134,1.18,1,3.51,11,13.08,12,134,BE,260.35,2,21.25,26,32.9,27,2.03,2,3.35,10,6.68,6,27,243.66,2,15.77,19,45.78,38,4.35,6,3.94,12,7.81,7,38,273.71,3,29.47,36,29.68,25,6.08,8,4.55,14,8.18,7,36,FI,327.11,3,15.08,18,30.76,26,4.29,6,7.58,24,12.68,11,26,233.65,2,6,7,69.38,82,0.79,1,3.57,11,9.38,8,82,250.34,2,0.59,0,72.24,91,0.23,0,0.5,1,0.66,0,91
0,2023-10-23 14:02,NL,253.68,2,19.19,23,39.7,33,1.57,2,7.37,23,9.35,8,33,240.33,2,17.99,22,39.7,33,2.18,3,6.49,21,10.47,9,33,250.34,2,16.45,20,38.98,33,1.62,2,7.76,25,11.1,10,33,UK,240.33,2,25.36,31,35.76,30,13.11,19,4.44,14,7.2,6,31,226.97,2,18.17,22,35.41,30,5.36,7,5.68,18,8.36,7,30,216.96,2,15.08,18,39.7,33,5.6,8,4.09,13,6.19,5,33,FR,290.39,3,16.11,20,47.92,40,2.71,3,4.4,14,5.24,4,40,220.3,2,5.01,6,85.12,125,1.24,1,4.97,16,25.42,23,125,220.3,2,2.96,3,87.98,132,1.21,1,3.43,11,12.84,11,132,BE,250.34,2,19.54,24,44.35,37,2.03,2,2.81,9,5.47,5,37,233.65,2,14.22,17,52.21,44,4.47,6,4.26,13,7.43,6,44,267.03,3,26.05,32,36.12,30,6.97,10,3.91,12,6.95,6,32,FI,313.76,3,13.2,16,37.91,32,3.7,5,6.26,20,10.48,9,32,240.33,2,7.45,9,70.81,86,1.07,1,4.78,15,16.11,14,86,250.34,2,0.58,0,70.1,84,0.14,0,0.5,1,0.62,0,84
0,2023-10-23 15:03,NL,253.68,2,19.54,24,38.62,32,2.33,3,7.54,24,9.81,9,32,243.66,2,21.94,27,35.05,29,3.58,5,7.84,25,11.89,11,29,267.03,3,20.91,26,33.98,28,3.99,5,9.8,31,13.42,12,31,UK,247,2,28.45,35,35.05,29,13.23,19,5.15,16,7.77,7,35,230.31,2,19.02,23,32.19,27,5.07,7,5.75,18,8.35,7,27,216.96,2,15.59,19,40.41,34,5.19,7,3.43,11,5.24,4,34,FR,297.07,3,18.17,22,45.78,38,2.86,4,4.94,16,5.81,5,38,213.62,2,4.24,5,88.69,134,1.01,1,5.46,17,26.99,24,134,223.64,2,3.3,4,87.98,132,1.24,1,3.69,11,13.21,12,132,BE,250.34,2,21.59,26,44.7,37,2.8,4,3.17,10,5.75,5,37,233.65,2,19.88,24,45.78,38,7.45,10,6.35,20,9.25,8,38,257.02,2,24.68,30,41.13,34,7.03,10,3.64,11,6.33,5,34,FI,317.1,3,13.54,16,37.19,31,3.67,5,6.07,19,9.88,9,31,216.96,2,3.94,4,84.4,123,0.7,1,4.96,16,24.01,22,123,250.34,2,0.6,0,68.67,80,0.1,0,0.5,1,0.61,0,80
0,2023-10-23 16:03,NL,267.03,3,23.99,29,33.62,28,4.23,6,8.51,27,11.01,10,29,267.03,3,31.19,38,26.11,22,6.02,8,10.73,34,14.92,13,38,283.72,3,28.79,35,27.54,23,6.32,9,11.51,37,15.31,14,37,UK,253.68,2,31.87,39,33.98,28,12.99,19,5.39,17,7.59,7,39,230.31,2,20.22,25,30.04,25,4.71,6,6.01,19,9.02,8,25,213.62,2,16.79,20,40.05,33,4.83,7,2.97,9,4.65,4,33,FR,423.91,4,37.01,46,20.03,16,3.22,4,11.28,36,13.33,12,46,220.3,2,4.67,5,87.98,132,1.03,1,6.44,20,25.05,23,132,226.97,2,3.81,4,87.98,132,1.33,1,4.35,14,15.06,13,132,BE,253.68,2,23.65,29,38.62,32,4.53,6,3.74,12,5.89,5,32,250.34,2,28.1,35,37.19,31,9.18,13,7.02,22,9.31,8,35,247,2,25.02,31,41.13,34,8.46,12,5,16,7.21,6,34,FI,330.45,3,14.05,17,34.33,29,3.82,5,6.61,21,10.2,9,29,205.28,2,2.31,2,87.98,132,0.49,0,4.45,14,16.64,15,132,253.68,2,0.73,0,67.95,77,0.11,0,0.5,1,0.64,0,77
0,2023-10-23 17:03,NL,277.04,3,26.05,32,28.97,24,5.42,7,9.94,32,12.37,11,32,293.73,3,40.44,50,19.67,16,7.27,10,13.77,44,18.43,17,50,280.38,3,28.1,35,26.82,22,7.33,10,11.38,36,15.19,14,36,UK,247,2,33.59,41,32.54,27,11.56,17,4.43,14,6.14,5,41,230.31,2,20.56,25,31.11,26,4.47,6,5.94,19,9.36,8,26,213.62,2,17.14,21,40.77,34,4.53,6,2.85,9,4.63,4,34,FR,700.95,7,49.35,61,0.65,0,4.35,6,26.5,72,30.98,28,72,230.31,2,5.27,6,85.83,127,1.09,1,6.2,20,20.45,18,127,233.65,2,4.33,5,87.26,130,1.43,2,4.18,13,13.74,12,130,BE,263.69,2,29.47,36,31.83,26,6.68,9,4.62,15,6.13,5,36,280.38,3,30.5,38,35.41,30,7.57,11,5.87,19,7.49,6,38,253.68,2,28.79,35,33.62,28,10.01,14,6.02,19,7.57,7,35,FI,350.48,3,14.22,17,31.11,26,4.05,5,7.78,25,11.43,10,26,203.61,2,1.65,2,82.97,119,0.4,0,3.39,11,7.75,7,119,253.68,2,0.81,1,68.67,80,0.13,0,0.5,1,0.71,0,80
0,2023-10-23 18:04,NL,273.71,3,23.65,29,30.4,25,4.17,6,10.49,34,12.61,11,34,290.39,3,39.41,49,19.13,16,8.46,12,14.88,48,20.01,18,49,277.04,3,25.71,32,27.54,23,5.54,8,10.98,35,14.37,13,35,UK,250.34,2,33.59,41,32.9,27,11.09,16,4.2,13,5.57,5,41,230.31,2,19.36,24,32.9,27,4.41,6,5.54,17,9.03,8,27,216.96,2,16.11,20,42.56,36,4.47,6,3.13,10,5.13,4,36,FR,947.95,10,43.18,53,0,0,5.54,8,41.63,102,48.5,44,102,233.65,2,5.14,6,82.97,119,1.01,1,4.99,16,12.73,11,119,240.33,2,4.58,5,87.98,132,1.51,2,4.31,13,12.43,11,132,BE,267.03,3,31.19,38,32.19,27,7.57,11,4.72,15,5.65,5,38,293.73,3,28.45,35,36.48,30,6.38,9,4.73,15,5.96,5,35,277.04,3,34.96,43,27.54,23,10.61,15,6.02,19,7.12,6,43,FI,367.17,4,13.54,16,29.33,24,4.17,6,8.54,27,12.16,11,27,206.95,2,1.67,2,77.96,107,0.44,0,2.21,7,3.48,3,107,253.68,2,0.79,0,70.1,84,0.14,0,0.5,1,0.77,0,84
0,2023-10-23 19:04,NL,270.37,3,20.91,26,33.26,28,3.13,4,11.34,36,13,12,36,273.71,3,32.56,40,22.53,19,6.68,9,12.52,40,16.43,15,40,267.03,3,21.08,26,30.76,26,4.17,6,11.38,36,13.89,12,36,UK,257.02,2,33.93,42,33.26,28,11.09,16,4.34,14,5.27,4,42,230.31,2,18.17,22,33.62,28,4.47,6,5.36,17,8.54,7,28,223.64,2,15.08,18,43.63,36,4.59,6,3.89,12,6.1,5,36,FR,1121.52,12,39.41,49,0,0,6.08,8,52.83,124,61.57,53,124,400.54,4,23.99,29,41.49,35,2.24,3,9.9,32,14.21,13,35,247,2,4.67,5,88.69,134,1.59,2,4.8,15,12.47,11,134,BE,260.35,2,27.08,33,35.41,30,6.91,10,4.25,13,4.86,4,33,287.06,3,25.71,32,37.55,31,6.2,9,4.61,14,5.62,5,32,287.06,3,34.62,43,27.9,23,10.01,14,5.32,17,6.07,5,43,FI,387.19,4,12.68,15,28.25,23,4.23,6,9.15,29,12.75,11,29,210.29,2,2.36,2,56.51,47,0.38,0,1.75,5,2.27,2,47,253.68,2,0.77,0,70.1,84,0.15,0,0.5,1,0.83,0,84
0,2023-10-23 20:04,NL,273.71,3,19.02,23,32.9,27,2.62,3,11.87,38,13.36,12,38,257.02,2,25.36,31,27.18,23,4.71,6,9.9,32,12.18,11,32,263.69,2,17.31,21,32.54,27,2.89,4,10.43,33,12.15,11,33,UK,253.68,2,33.24,41,31.83,26,10.25,15,4.24,13,4.9,4,41,233.65,2,17.14,21,32.54,27,4.47,6,5.48,17,8.24,7,27,223.64,2,14.57,18,42.2,35,4.59,6,4.36,14,6.65,6,35,FR,1281.74,14,46.61,58,0,0,6.38,9,65.02,149,76.2,61,149,580.79,6,34.27,42,5.59,4,3.13,4,17.23,53,20.78,19,53,253.68,2,4.76,5,87.98,132,1.7,2,6.03,19,15.47,14,132,BE,257.02,2,23.65,29,36.84,31,5.66,8,4.01,13,4.48,4,31,277.04,3,23.31,29,37.91,32,6.02,8,4.98,16,5.76,5,32,280.38,3,29.13,36,31.47,26,8.7,12,4.51,14,5.06,4,36,FI,407.22,4,11.82,14,27.18,23,3.82,5,9.64,31,13.34,12,31,211.95,2,2.87,3,41.84,35,0.38,0,1.72,5,2.22,2,35,253.68,2,0.78,0,69.38,82,0.14,0,0.5,1,0.86,0,82
0,2023-10-23 21:05,NL,267.03,3,16.28,20,34.69,29,2.06,3,10.6,34,11.82,10,34,247,2,18.68,23,33.62,28,3.13,4,7.63,24,9.03,8,28,257.02,2,15.08,18,34.69,29,2.24,3,8.75,28,9.99,9,29,UK,250.34,2,30.85,38,30.04,25,9.18,13,4.18,13,4.74,4,38,236.99,2,16.11,20,31.83,26,4.29,6,5.56,18,8.12,7,26,226.97,2,14.74,18,39.34,33,4.47,6,4.35,14,6.45,5,33,FR,1001.36,11,53.47,66,0.38,0,4.47,6,46.32,111,56.47,51,111,761.03,8,28.1,35,0.06,0,3.93,5,26.24,71,29.92,27,71,257.02,2,4.63,5,87.98,132,1.74,2,7.84,25,21.14,19,132,BE,257.02,2,21.59,26,36.48,30,4.77,7,4.28,13,4.69,4,30,270.37,3,21.76,27,39.34,33,5.72,8,5.24,17,5.82,5,33,273.71,3,25.36,31,33.98,28,7.63,11,4.18,13,4.64,4,31,FI,403.88,4,10.8,13,26.46,22,3.13,4,8.98,29,12.54,11,29,211.95,2,3.38,4,37.55,31,0.43,0,1.71,5,2.29,2,31,253.68,2,0.73,0,67.95,77,0.12,0,0.5,1,0.85,0,77
0,2023-10-23 22:05,NL,257.02,2,13.2,16,37.91,32,1.8,2,8.77,28,9.67,8,32,240.33,2,14.74,18,37.91,32,2.5,3,5.23,16,6.01,5,32,253.68,2,13.2,16,35.76,30,1.86,2,6.85,22,7.67,7,30,UK,243.66,2,27.08,33,30.76,26,7.99,11,3.96,12,4.49,4,33,236.99,2,15.08,18,32.54,27,4.05,5,5.31,17,7.89,7,27,230.31,2,15.77,19,35.05,29,4.47,6,4.6,14,6.44,5,29,FR,333.79,3,20.22,25,33.26,28,1.65,2,7.4,24,9.75,9,28,934.6,10,28.45,35,0,0,5.66,8,35.22,89,38.77,35,89,257.02,2,4.37,5,88.69,134,1.71,2,10.69,34,30.11,27,134,BE,260.35,2,19.36,24,36.84,31,3.64,5,4.33,14,4.7,4,31,267.03,3,20.56,25,39.7,33,5.72,8,5.06,16,5.49,5,33,270.37,3,23.99,29,33.98,28,6.86,10,4.38,14,4.77,4,29,FI,370.5,4,9.77,12,26.11,22,2.53,3,7.2,23,10.37,9,23,210.29,2,4.2,5,36.84,31,0.47,0,1.75,5,2.38,2,31,250.34,2,0.64,0,66.52,73,0.11,0,0.5,1,0.82,0,73
0,2023-10-23 23:05,NL,253.68,2,11.14,13,38.98,33,1.57,2,7.32,23,7.89,7,33,236.99,2,13.2,16,38.27,32,2.68,3,3.78,12,4.21,3,32,250.34,2,11.65,14,36.12,30,1.57,2,4.98,16,5.47,5,30,UK,230.31,2,20.22,25,34.69,29,6.08,8,3.38,10,3.85,3,29,233.65,2,14.05,17,32.9,27,3.82,5,5.61,18,8.33,7,27,230.31,2,15.77,19,31.47,26,4.05,5,5.04,16,6.71,6,26,FR,260.35,2,10.63,13,35.05,29,1.3,1,3.93,12,5.3,4,29,1028.06,11,32.22,40,0,0,7.63,11,40.18,99,43.44,40,99,253.68,2,4.33,5,87.98,132,1.71,2,15.06,48,41.26,38,132,BE,263.69,2,16.97,21,37.55,31,2.56,3,4.12,13,4.49,4,31,270.37,3,20.56,25,37.19,31,6.5,9,4.55,14,4.9,4,31,267.03,3,23.31,29,32.54,27,5.48,8,4.64,15,4.99,4,29,FI,350.48,3,9.85,12,25.75,21,2.68,3,6.34,20,9.25,8,21,206.95,2,4.58,5,32.54,27,0.45,0,1.84,5,2.49,2,27,250.34,2,0.56,0,65.09,69,0.11,0,0.5,1,0.8,0,69
0,2023-10-24 00:06,NL,250.34,2,9.94,12,38.98,33,1.36,2,5.78,18,6.2,5,33,236.99,2,13.2,16,36.84,31,3.49,5,3.4,11,3.7,3,31,240.33,2,9.17,11,39.34,33,1.4,2,3.27,10,3.56,3,33,UK,223.64,2,15.42,19,36.84,31,5.01,7,3.04,9,3.5,3,31,233.65,2,12.85,16,33.26,28,3.79,5,6.35,20,8.98,8,28,226.97,2,14.4,18,29.68,25,3.67,5,5.44,17,6.97,6,25,FR,260.35,2,10.2,12,30.76,26,1.37,2,3.85,12,5.25,4,26,1134.87,12,35.99,44,0,0,9.3,13,45.55,110,48.71,45,110,247,2,3.98,4,87.26,130,1.67,2,20.32,59,52.57,48,130,BE,260.35,2,13.71,17,42.2,35,1.74,2,3.59,11,3.96,3,35,267.03,3,21.08,26,33.62,28,6.97,10,4.01,13,4.34,4,28,270.37,3,21.08,26,30.76,26,3.43,5,4.99,16,5.33,4,26,FI,343.8,3,10.37,12,26.82,22,3.13,4,6.17,20,8.93,8,22,203.61,2,4.16,5,28.25,23,0.38,0,1.96,6,2.58,2,23,253.68,2,0.5,0,63.66,64,0.11,0,0.5,1,0.78,0,64
0,2023-10-24 01:06,NL,243.66,2,8.82,11,39.7,33,1.27,1,3.7,12,4.01,3,33,243.66,2,14.74,18,35.41,30,4.11,6,3.4,11,3.66,3,30,233.65,2,7.8,9,42.92,36,1.82,2,2.48,8,2.69,2,36,UK,220.3,2,14.57,18,33.26,28,4.59,6,3.27,10,3.81,3,28,233.65,2,12,15,33.26,28,3.73,5,6.41,20,8.66,8,28,226.97,2,13.71,17,27.54,23,3.34,4,5.77,18,7.15,6,23,FR,263.69,2,10.63,13,29.33,24,1.52,2,4.04,13,5.47,5,24,1188.28,13,38.39,47,0,0,10.25,15,48.24,115,51.3,47,115,236.99,2,3.64,4,86.55,128,1.59,2,22.67,64,53.56,49,128,BE,243.66,2,7.37,9,45.06,38,0.81,1,2.68,8,3.04,2,38,263.69,2,21.76,27,29.68,25,6.56,9,4.34,14,4.76,4,27,270.37,3,14.74,18,34.33,29,1.71,2,5.74,18,6.14,5,29,FI,337.12,3,10.63,13,30.4,25,3.52,5,5.99,19,8.64,8,25,203.61,2,3.17,3,24.32,20,0.26,0,2.04,6,2.61,2,20,253.68,2,0.49,0,62.23,60,0.11,0,0.5,1,0.76,0,60
0,2023-10-24 02:06,NL,236.99,2,8.23,10,40.05,33,1.42,2,2.45,7,2.7,2,33,257.02,2,17.31,21,34.33,29,4.17,6,4.27,13,4.52,4,29,233.65,2,9,11,41.84,35,2.71,3,2.47,8,2.67,2,35,UK,220.3,2,15.59,19,26.46,22,4.47,6,3.8,12,4.51,4,22,236.99,2,12.17,15,30.04,25,3.73,5,6.4,20,8.19,7,25,223.64,2,13.37,16,24.32,20,2.95,4,5.82,18,7.07,6,20,FR,267.03,3,10.88,13,29.33,24,1.64,2,4.12,13,5.5,5,24,1228.33,13,40.44,50,0,0,11.21,16,50.42,120,53.33,49,120,233.65,2,3.34,4,87.26,130,1.54,2,20.78,60,45.25,41,130,BE,236.99,2,5.23,6,42.92,36,0.95,1,3.37,10,3.81,3,36,263.69,2,18.34,22,32.19,27,4.95,7,4.05,13,4.56,4,27,257.02,2,8.65,10,40.41,34,1.21,1,5.39,17,6.01,5,34,FI,333.79,3,11.48,14,33.62,28,3.99,5,6.12,19,8.72,8,28,203.61,2,2.49,3,21.82,18,0.18,0,2.13,6,2.66,2,18,253.68,2,0.53,0,59.37,51,0.11,0,0.5,1,0.76,0,51
0,2023-10-24 03:07,NL,233.65,2,9.51,11,38.98,33,2.18,3,2.28,7,2.55,2,33,260.35,2,18.34,22,32.19,27,3.64,5,5.18,16,5.45,5,27,247,2,10.97,13,39.34,33,2.86,4,3.48,11,3.72,3,33,UK,223.64,2,16.62,20,20.21,17,4.47,6,4.36,14,5.26,4,20,243.66,2,12.68,15,26.46,22,3.79,5,6.48,21,7.93,7,22,223.64,2,12.85,16,21.46,18,2.68,3,6.17,20,7.35,6,20,FR,270.37,3,12,15,26.46,22,1.83,2,4.44,14,5.84,5,22,1228.33,13,42.5,53,0,0,11.68,17,51.02,121,53.35,49,121,230.31,2,3.17,3,87.26,130,1.48,2,17.95,55,37.3,34,130,BE,240.33,2,5.83,7,40.41,34,1.33,1,6.87,22,7.5,6,34,240.33,2,9.68,12,37.19,31,2.27,3,3.59,11,4.13,3,31,250.34,2,6.86,8,39.7,33,1.12,1,5.71,18,6.39,5,33,FI,330.45,3,13.02,16,33.62,28,4.65,6,6.51,21,9.26,8,28,203.61,2,2.16,2,21.64,18,0.16,0,2.23,7,2.74,2,18,253.68,2,0.66,0,57.22,48,0.13,0,0.5,1,0.76,0,48
0,2023-10-24 04:07,NL,247,2,13.2,16,34.33,29,2.44,3,3.31,10,3.7,3,29,260.35,2,20.74,25,26.82,22,3.99,5,5.35,17,5.75,5,25,250.34,2,10.11,12,38.98,33,1.67,2,5.27,17,5.63,5,33,UK,226.97,2,17.48,21,15.2,12,4.53,6,4.93,16,5.93,5,21,247,2,13.2,16,23.96,20,3.73,5,6.74,21,7.92,7,21,223.64,2,13.37,16,16.81,14,2.38,3,6.98,22,8.11,7,22,FR,280.38,3,13.37,16,21.46,18,2,2,4.86,15,6.31,5,18,1108.17,12,41.81,52,0,0,10.25,15,47.07,113,49.03,45,113,230.31,2,3.21,4,86.55,128,1.43,2,14.19,46,26.99,24,128,BE,250.34,2,7.11,8,37.91,32,1.28,1,8.83,28,9.6,8,32,240.33,2,8.57,10,35.76,30,2.27,3,5.56,18,6.23,5,30,253.68,2,7.2,9,35.41,30,1.28,1,7.89,25,8.63,7,30,FI,333.79,3,14.57,18,33.62,28,5.31,7,6.96,22,10,9,28,206.95,2,1.97,2,25.03,21,0.17,0,2.21,7,2.66,2,21,260.35,2,1.24,1,54.36,46,0.2,0,0.67,2,0.99,0,46
0,2023-10-24 05:08,NL,260.35,2,17.99,22,27.18,23,1.86,2,5.48,17,6.12,5,23,260.35,2,20.39,25,25.75,21,4.11,6,5.81,18,6.49,6,25,250.34,2,12.17,15,33.26,28,1.48,2,5.03,16,5.63,5,28,UK,233.65,2,19.71,24,9.66,8,5.19,7,5.59,18,6.63,6,24,253.68,2,15.08,18,21.46,18,3.87,5,6.61,21,7.66,7,21,230.31,2,16.45,20,9.57,8,2.62,3,7.72,25,8.8,8,25,FR,303.75,3,16.45,20,16.27,13,2.09,3,5.77,18,7.36,6,20,1201.63,13,33.59,41,0,0,9.06,13,55.25,129,57.68,51,129,233.65,2,3.47,4,86.55,128,1.42,2,10.91,35,18.31,16,128,BE,270.37,3,9.34,11,37.55,31,1.21,1,8.94,29,9.8,9,31,250.34,2,10.54,13,31.83,26,2.59,3,7.92,25,8.76,8,26,263.69,2,8.31,10,33.98,28,1.52,2,8.99,29,9.81,9,29,FI,370.5,4,17.14,21,33.62,28,7.27,10,8.91,28,12.47,11,28,208.62,2,2.55,3,22.53,19,0.18,0,2.27,7,2.79,2,19,267.03,3,2.31,2,51.5,43,0.27,0,0.9,2,1.3,1,43
0,2023-10-24 06:08,NL,263.69,2,24.68,30,18.06,15,2.56,3,5.54,17,6.41,5,30,263.69,2,20.56,25,22.53,19,3.82,5,7.42,24,8.28,7,25,250.34,2,15.25,19,26.82,22,2.33,3,5.5,17,6.32,5,22,UK,257.02,2,25.71,32,1.9,1,7.57,11,6.98,22,8.13,7,32,263.69,2,20.91,26,16.63,14,4.65,6,6.66,21,7.66,7,26,253.68,2,22.62,28,1.45,1,4.41,6,9.05,29,10.15,9,29,FR,310.42,3,18.17,22,14.13,11,2.09,3,5.85,18,7.42,6,22,1255.04,14,25.02,31,0,0,7.45,10,61.65,142,64.72,55,142,230.31,2,3.77,4,85.83,127,1.42,2,8.76,28,13.94,12,127,BE,277.04,3,11.31,14,37.91,32,1.3,1,8.02,26,8.89,8,32,260.35,2,12.51,15,31.83,26,2.62,3,8.41,27,9.31,8,27,273.71,3,10.28,12,33.98,28,1.71,2,8.7,28,9.56,8,28,FI,417.23,4,20.91,26,33.26,28,8.7,12,11.14,36,15.12,14,36,208.62,2,3.9,4,17.52,14,0.2,0,2.41,7,3.04,2,14,270.37,3,3.09,3,48.64,41,0.32,0,1.07,3,1.54,1,41
0,2023-10-24 07:08,NL,267.03,3,25.71,32,15.2,12,3.1,4,6.61,21,7.73,7,32,270.37,3,21.59,26,20.03,16,4.17,6,9,29,9.96,9,29,253.68,2,16.62,20,23.25,19,2.59,3,7.78,25,8.74,8,25,UK,287.06,3,28.1,35,0.03,0,10.13,14,8.74,28,9.99,9,35,270.37,3,29.13,36,11.36,9,5.48,8,6.86,22,7.88,7,36,287.06,3,24.68,30,0.01,0,6.26,9,10.41,33,11.56,10,33,FR,293.73,3,16.45,20,13.59,11,2.03,2,5.08,16,6.43,5,20,1308.44,14,20.39,25,0,0,6.5,9,65.11,149,68.6,57,149,233.65,2,4.58,5,85.12,125,1.49,2,7.86,25,11.83,10,125,BE,267.03,3,11.82,14,38.27,32,1.42,2,5.79,18,6.59,6,32,263.69,2,14.22,17,32.9,27,2.68,3,7.17,23,8.05,7,27,280.38,3,12,15,33.98,28,1.85,2,7.09,23,7.95,7,28,FI,440.6,5,22.96,28,33.98,28,9.66,14,11.94,38,16.09,14,38,208.62,2,4.84,6,13.23,11,0.2,0,2.56,8,3.26,3,11,273.71,3,3.09,3,47.21,40,0.33,0,1.15,3,1.68,1,40
0,2023-10-24 08:09,NL,270.37,3,25.71,32,11.98,10,2.92,4,7.82,25,8.82,8,32,263.69,2,19.88,24,21.28,18,3.34,4,8.67,28,9.46,8,28,260.35,2,18.85,23,16.27,13,3.04,4,7.04,22,7.98,7,23,UK,467.3,5,25.02,31,0.02,0,17.41,25,20.79,60,21.87,20,60,257.02,2,31.19,38,20.03,16,5.42,7,5.16,16,5.83,5,38,310.42,3,23.31,29,0.03,0,8.58,12,11.95,38,12.88,11,38,FR,270.37,3,11.14,13,30.76,26,1.89,2,3.29,10,4.5,4,26,1321.79,15,23.99,29,0.05,0,7.75,11,60.29,139,64.78,55,139,250.34,2,7.11,8,85.12,125,1.7,2,7.51,24,9.51,8,125,BE,226.97,2,8.65,10,36.84,31,1.46,2,1.31,4,1.59,1,31,260.35,2,16.28,20,21.99,18,4.05,5,6.4,20,6.94,6,20,287.06,3,16.11,20,18.6,15,2.12,3,7.07,22,7.71,7,22,FI,383.85,4,21.94,27,51.5,43,9.3,13,8.29,26,11.48,10,43,243.66,2,5.66,7,9.57,8,0.17,0,4.35,14,5.24,4,14,277.04,3,3.26,4,45.42,38,0.39,0,1.33,4,1.93,1,38
0,2023-10-24 09:09,NL,270.37,3,24.33,30,16.81,14,3.31,4,6.86,22,7.91,7,30,267.03,3,20.39,25,21.28,18,3.67,5,8.34,27,9.14,8,27,263.69,2,19.19,23,16.99,14,3.46,5,7.4,24,8.36,7,24,UK,460.63,5,25.71,32,0.15,0,16.93,24,20.58,60,21.63,20,60,253.68,2,29.82,37,20.92,17,5.42,7,4.74,15,5.39,4,37,313.76,3,22.96,28,0.3,0,8.94,13,12.16,39,13.08,12,39,FR,250.34,2,7.88,9,37.55,31,1.85,2,2.76,8,3.93,3,31,1308.44,14,21.59,26,0.21,0,6.26,9,59.37,137,64.09,55,137,230.31,2,5.57,6,83.69,121,1.45,2,6.66,21,8.33,7,121,BE,226.97,2,8.4,10,36.84,31,1.46,2,1.06,3,1.31,1,31,253.68,2,14.74,18,25.75,21,4.11,6,3.97,12,4.43,4,21,280.38,3,14.74,18,21.46,18,2.09,3,4.86,15,5.44,5,18,FI,357.15,4,21.76,27,53.64,45,8.82,12,7.01,22,10.18,9,45,223.64,2,4.03,5,13.95,11,0.14,0,2.92,9,3.65,3,11,273.71,3,2.72,3,45.78,38,0.32,0,1.19,3,1.77,1,38
0,2023-10-24 10:09,NL,263.69,2,22.96,28,21.28,18,3.46,5,5.74,18,6.68,6,28,270.37,3,20.22,25,21.46,18,3.76,5,7.17,23,7.79,7,25,263.69,2,19.02,23,19.31,16,3.61,5,7.05,22,7.83,7,23,UK,340.46,3,34.27,42,1.95,1,19.07,28,13.67,44,14.45,13,44,253.68,2,25.36,31,25.03,21,5.36,7,4.24,13,4.86,4,31,300.41,3,26.39,32,0.92,0,11.09,16,11.33,36,12.24,11,36,FR,240.33,2,5.91,7,45.78,38,1.8,2,2.36,7,3.68,3,38,907.9,10,25.71,32,1.74,1,4.95,7,36,91,39.16,36,91,220.3,2,4.03,5,84.4,123,1.51,2,4.89,15,6.07,5,123,BE,226.97,2,8.14,10,34.69,29,1.49,2,0.94,3,1.19,1,29,247,2,14.4,18,27.9,23,4.05,5,2.63,8,3.02,2,23,270.37,3,11.82,14,24.32,20,2,2,3.8,12,4.29,3,20,FI,320.44,3,19.19,23,59.37,51,7.75,11,4.89,15,7.54,6,51,208.62,2,2.83,3,19.49,16,0.13,0,1.96,6,2.55,2,16,260.35,2,1.33,1,57.22,48,0.19,0,0.62,2,1.01,0,48
0,2023-10-24 11:10,NL,260.35,2,22.28,27,23.96,20,3.43,5,4.58,14,5.35,4,27,270.37,3,20.05,25,21.46,18,3.87,5,4.76,15,5.14,4,25,260.35,2,18.51,23,22.71,19,3.46,5,5.31,17,5.89,5,23,UK,310.42,3,29.13,36,5.36,4,16.69,24,11.62,37,12.3,11,37,247,2,21.08,26,30.76,26,5.42,7,3.56,11,4.13,3,26,310.42,3,28.79,35,1.42,1,14.31,21,11.56,37,12.55,11,37,FR,233.65,2,5.1,6,52.21,44,1.71,2,2.22,7,3.71,3,44,794.41,9,25.02,31,4.16,3,4.77,7,30.26,79,33.13,30,79,220.3,2,3.77,4,83.69,121,2.09,3,4.23,13,5.68,5,121,BE,226.97,2,8.05,10,29.33,24,1.51,2,0.98,3,1.23,1,24,247,2,14.22,17,27.18,23,4.05,5,2.44,7,2.81,2,23,253.68,2,8.14,10,24.68,20,1.82,2,3.32,10,3.73,3,20,FI,320.44,3,20.22,25,59.37,51,8.11,11,4.93,16,7.54,6,51,200.27,2,2.27,2,23.25,19,0.13,0,1.58,5,2.09,1,19,257.02,2,1.2,1,59.37,51,0.18,0,0.53,1,0.9,0,51
0,2023-10-24 12:10,NL,260.35,2,21.94,27,25.75,21,3.31,4,4.07,13,4.67,4,27,263.69,2,19.88,24,21.46,18,3.87,5,3.79,12,4.07,3,24,257.02,2,17.65,22,25.03,21,3.28,4,3.58,11,4,3,22,UK,283.72,3,22.28,27,10.1,8,13.59,19,10.54,34,11.1,10,34,243.66,2,18.34,22,35.76,30,5.48,8,2.98,9,3.49,3,30,317.1,3,30.5,38,1.32,1,16.45,24,12.46,40,13.47,12,40,FR,233.65,2,4.67,5,58.65,49,1.65,2,2.16,7,3.72,3,49,720.98,8,24.68,30,7.24,6,4.65,6,26.36,71,29.17,27,71,233.65,2,4.67,5,71.53,89,3.79,5,3.65,11,5.7,5,89,BE,230.31,2,8.74,10,23.25,19,1.58,2,1.32,4,1.58,1,19,257.02,2,14.22,17,21.82,18,4.41,6,2.89,9,3.27,3,18,233.65,2,5.57,6,27.18,23,1.51,2,3.06,9,3.44,3,23,FI,327.11,3,22.96,28,55.79,47,8.94,13,5.41,17,8.2,7,47,196.93,2,2.1,2,26.46,22,0.14,0,1.57,5,2.06,1,22,257.02,2,1.19,1,57.94,49,0.17,0,0.51,1,0.88,0,49
0,2023-10-24 13:10,NL,253.68,2,21.42,26,26.46,22,3.22,4,3.42,11,3.93,3,26,253.68,2,19.19,23,20.03,16,3.64,5,3.34,10,3.55,3,23,253.68,2,17.99,22,24.32,20,3.22,4,2.98,9,3.32,3,22,UK,243.66,2,15.25,19,29.68,25,7.63,11,6.26,20,6.61,6,25,236.99,2,17.65,22,37.19,31,5.25,7,2.74,8,3.2,2,31,257.02,2,27.76,34,17.35,14,10.25,15,7.45,24,8.08,7,34,FR,226.97,2,4.24,5,70.1,84,1.4,2,1.76,5,3.07,2,84,413.9,4,22.62,28,33.26,28,3.19,4,10.54,34,11.94,11,34,236.99,2,5.57,6,74.39,98,5.66,8,4.45,14,6.96,6,98,BE,230.31,2,8.31,10,29.68,25,1.86,2,1.9,6,2.16,2,25,253.68,2,12.34,15,21.82,18,4.77,7,3.39,11,3.78,3,18,216.96,2,4.5,5,42.2,35,1.46,2,2.54,8,2.96,2,35,FI,357.15,4,27.76,34,49.35,41,10.01,14,7.26,23,10.65,9,41,193.6,2,1.99,2,34.33,29,0.15,0,1.5,4,1.87,1,29,257.02,2,1.14,1,56.51,47,0.17,0,0.5,1,0.86,0,47
0,2023-10-24 14:11,NL,250.34,2,22.28,27,24.68,20,3.07,4,3.05,9,3.51,3,27,243.66,2,18.51,23,19.13,16,3.4,5,3.22,10,3.42,3,23,250.34,2,19.71,24,20.39,17,3.1,4,2.95,9,3.26,3,24,UK,233.65,2,13.2,16,42.92,36,6.56,9,3.7,12,4.09,3,36,240.33,2,20.22,25,32.54,27,5.19,7,2.81,9,3.25,3,27,233.65,2,17.14,21,32.54,27,6.38,9,4.73,15,5.18,4,27,FR,230.31,2,5.4,6,73.67,95,1.37,2,1.71,5,2.95,2,95,333.79,3,19.71,24,44.35,37,2.62,3,6.77,21,7.73,7,37,233.65,2,5.83,7,82.97,119,5.42,7,4.71,15,7.1,6,119,BE,226.97,2,7.71,9,42.56,36,2.12,3,2.21,7,2.56,2,36,233.65,2,10.45,13,32.19,27,4.59,6,3.08,10,3.52,3,27,211.95,2,4.93,6,55.08,46,1.82,2,1.78,5,2.3,2,46,FI,400.54,4,33.24,41,41.13,34,10.61,15,9.86,32,14.07,13,41,193.6,2,2.83,3,36.12,30,0.2,0,1.64,5,2.06,1,30,257.02,2,1.16,1,55.79,47,0.17,0,0.5,1,0.84,0,47
0,2023-10-24 15:11,NL,247,2,24.33,30,22.53,19,2.98,4,2.99,9,3.43,3,30,236.99,2,18.85,23,25.75,21,3.67,5,3.42,11,3.62,3,23,253.68,2,21.42,26,14.48,12,3.1,4,3.28,10,3.61,3,26,UK,233.65,2,15.25,19,46.49,39,6.91,10,2.83,9,3.43,3,39,243.66,2,24.33,30,26.11,22,5.66,8,3,9,3.46,3,30,230.31,2,15.08,18,36.12,30,5.6,8,3.77,12,4.19,3,30,FR,236.99,2,7.71,9,71.53,89,1.49,2,1.82,5,3.04,2,89,317.1,3,20.05,25,47.21,40,2.68,3,5.93,19,6.74,6,40,230.31,2,6.68,8,84.4,123,5.66,8,4.61,14,6.71,6,123,BE,223.64,2,7.54,9,54.36,46,2.06,3,2.09,6,2.55,2,46,223.64,2,10.71,13,44.35,37,4.65,6,2.29,7,2.83,2,37,213.62,2,5.74,7,60.08,53,1.94,2,1.59,5,2.23,2,53,FI,420.57,4,33.93,42,36.48,30,9.66,14,10.72,34,15.34,14,42,195.27,2,4.76,5,36.48,30,0.29,0,1.94,6,2.44,2,30,257.02,2,1.22,1,53.64,45,0.18,0,0.5,1,0.84,0,45
0,2023-10-24 16:11,NL,243.66,2,25.36,31,26.46,22,3.04,4,3.25,10,3.76,3,31,236.99,2,20.39,25,32.9,27,3.99,5,3.94,12,4.17,3,27,250.34,2,22.28,27,13.05,11,3.04,4,3.67,11,4.07,3,27,UK,277.04,3,39.76,49,15.38,13,9.18,13,4.62,15,5.57,5,49,253.68,2,32.9,41,13.95,11,5.84,8,3.41,11,3.94,3,41,270.37,3,33.24,41,9.12,7,6.8,10,5.49,17,6.09,5,41,FR,300.41,3,19.19,23,55.08,46,2.5,3,4.1,13,6.15,5,46,373.84,4,30.16,37,31.47,26,2.98,4,8.33,27,9.38,8,37,230.31,2,10.28,12,79.39,110,6.86,10,4.36,14,6.21,5,110,BE,230.31,2,9,11,57.22,48,1.97,2,1.92,6,2.45,2,48,220.3,2,12.68,15,48.64,41,4.77,7,1.94,6,2.63,2,41,223.64,2,7.2,9,60.8,55,1.91,2,1.64,5,2.44,2,55,FI,427.25,4,30.85,38,36.48,30,8.23,12,10.48,34,15.09,13,38,200.27,2,7.11,8,35.76,30,0.4,0,2.33,7,2.93,2,30,260.35,2,1.13,1,52.21,44,0.19,0,0.5,1,0.87,0,44
